﻿rank,uri,artist_names,track_name,source,peak_rank,previous_rank,weeks_on_chart,streams
1,"spotify:track:60SdxE8apGAxMiRrpbmLY0","Eminem, Joyner Lucas","Lucky You (feat. Joyner Lucas)","Eminem Catalog PS",1,-1,1,"34874403"
2,"spotify:track:2G7V7zsVDxg1yRsu7Ew9RJ","Drake","In My Feelings","Cash Money/Drake LP6",1,1,10,"31315010"
3,"spotify:track:2jt2WxXMCD4zjACthkJQVE","Eminem","The Ringer","Eminem Catalog PS",3,-1,1,"30918553"
4,"spotify:track:0d2iYfpKoM0QCKvcLCkBao","benny blanco, Halsey, Khalid","Eastside (with Halsey & Khalid)","Benny Blanco Solo Album PS",4,4,8,"23720522"
5,"spotify:track:7fa9MBXhVfQ8P8Df9OEbD8","Maroon 5, Cardi B","Girls Like You (feat. Cardi B) - Cardi B Version","Interscope Records*",2,2,14,"22660264"
6,"spotify:track:2E124GmJRnBJuXbTb4cPUB","6ix9ine, Nicki Minaj, Murda Beatz","FEFE (feat. Nicki Minaj & Murda Beatz)","ScumGang Records / TenThousand Projects, LLC",2,3,7,"22369274"
7,"spotify:track:2XTquzYQAdT1Hk78bOUwsv","Eminem","Greatest","Eminem Catalog PS",7,-1,1,"21689170"
8,"spotify:track:2xLMifQCjDGFmkHkpNLD9h","Travis Scott","SICKO MODE","Cactus Jack / Epic",2,5,5,"21243668"
9,"spotify:track:0E9ZjEAyAwOXZ7wJC0PD33","Dynoro, Gigi D'Agostino","In My Mind","Columbia/B1 Recordings",9,9,9,"21100634"
10,"spotify:track:5N5k9nd479b1xpDZ4usjrg","Calvin Harris, Sam Smith, Jessie Reyez","Promises (with Sam Smith)","Columbia",10,13,3,"20475124"
11,"spotify:track:0s3nnoMeVWz3989MkNQiRf","Juice WRLD","Lucid Dreams","Juice WRLD Mixtape / ISR P&D",3,6,17,"20454104"
12,"spotify:track:28FGV3ORH14MYORd7s5dlU","Eminem, Royce Da 5'9""","Not Alike (feat. Royce Da 5'9)","Eminem Catalog PS",12,-1,1,"19832972"
13,"spotify:track:5WvAo7DNuPRmk4APhdPzi8","DJ Khaled, Justin Bieber, Quavo, Chance the Rapper","No Brainer","Epic/We The Best",2,7,6,"19555907"
14,"spotify:track:58QhkbaAkLFnn7JwAnAato","Eminem","Fall","Eminem Catalog PS",14,-1,1,"19527974"
15,"spotify:track:2dpaYNEQHiRxtZbfNsse99","Marshmello, Bastille","Happier","Joytime Collective",15,16,3,"19103844"
16,"spotify:track:2gsNpSn7VvvJuSrIDfRoYy","Eminem","Kamikaze","Eminem Catalog PS",16,-1,1,"18412370"
17,"spotify:track:5OCJzvD7sykQEKHH7qAC3C","Ariana Grande","God is a woman","Republic Records",2,8,8,"18194682"
18,"spotify:track:5IaHrVsrferBYDm0bDyABy","Tyga, Offset","Taste (feat. Offset)","Last Kings Music / EMPIRE",6,12,16,"18044520"
19,"spotify:track:58q2HKrzhC3ozto2nDdN4z","Cardi B, Bad Bunny, J Balvin","I Like It","Atlantic/KSR",2,11,22,"17088632"
20,"spotify:track:4OafepJy2teCjYJbvFE60J","Ariana Grande","breathin","Republic Records",2,10,3,"16717020"
21,"spotify:track:3ee8Jmje8o58CHK66QrVC2","XXXTENTACION","SAD!","Bad Vibes Forever, LLC",1,14,27,"16346438"
22,"spotify:track:48zFZh27QU5qsrBjn4C2FA","Ozuna, Manuel Turizo","Vaina Loca","VP Records Corp/Dimelo Vi",20,20,10,"16029740"
23,"spotify:track:0evt4UZbdhnHtcAnxkm6A1","Eminem","Normal","Eminem Catalog PS",23,-1,1,"15954601"
24,"spotify:track:3EPXxR3ImUwfayaurPi3cm","Dean Lewis","Be Alright","Universal Music Australia Pty. Ltd.",23,23,7,"15626352"
25,"spotify:track:7K7MUBCnzgBAvMVW2RTWNs","Loud Luxury, Brando","Body","Armada Music",19,19,14,"15474765"
26,"spotify:track:3u1S1OmAUhx5DRlLrXqyp3","Jonas Blue, Jack & Jack","Rise","Positiva",12,17,14,"15387279"
27,"spotify:track:7dt6x5M1jzdTEt8oCbisTK","Post Malone","Better Now","Republic Records",1,18,19,"15086833"
28,"spotify:track:60Z57Wdrn0pEVpHI7d7GAX","Eminem","Stepping Stone","Eminem Catalog PS",28,-1,1,"15085613"
29,"spotify:track:6kPJZM97LwdG9QIsT7khp6","Clean Bandit, Demi Lovato","Solo (feat. Demi Lovato)","Atlantic Records UK",8,15,16,"14942519"
30,"spotify:track:7ATATJztoWLcqDAcVVof0C","6ix9ine, Anuel AA","BEBE (feat. Anuel AA)","ScumGang Records / TenThousand Projects, LLC",30,-1,1,"14678790"
31,"spotify:track:4kWO6O1BUXcZmaxitpVUwp","Tiësto, Dzeko, Preme, Post Malone","Jackie Chan","Universal Music, a division of Universal International Music BV",11,21,16,"14460718"
32,"spotify:track:2iUXsYOEPhVqEBwsqP70rE","5 Seconds of Summer","Youngblood","Capitol",8,22,21,"14198872"
33,"spotify:track:3V8UKqhEK5zBkBb6d6ub8i","Nio Garcia, Casper Magico, Bad Bunny, Darell, Ozuna, Nicky Jam","Te Boté - Remix","Flow La Movie, Inc.",8,25,21,"13767436"
34,"spotify:track:2SL6oP2YAEQbqsrkOzRGO4","Eminem","Venom - Music From The Motion Picture","Eminem Catalog PS",34,-1,1,"13202544"
35,"spotify:track:0JP9xo3adEtGSdUEISiszL","XXXTENTACION","Moonlight","Bad Vibes Forever, LLC",2,26,25,"13072084"
36,"spotify:track:7ef4DlsgrMEH11cDZd32M6","Calvin Harris, Dua Lipa","One Kiss (with Dua Lipa)","Sony Music UK",2,24,22,"13069779"
37,"spotify:track:0Uv5Kp8sEnriJjkX4oLfNI","Paul Rosenberg","Paul - Skit","Eminem Catalog PS",37,-1,1,"12829836"
38,"spotify:track:0TlLq3lA83rQOYtrqBqSct","Drake","Nonstop","Cash Money/Drake LP6",1,27,10,"12814447"
39,"spotify:track:4g32MdRoqwGKQd3NXIRhpU","Eminem, Jessie Reyez","Good Guy (feat. Jessie Reyez)","Eminem Catalog PS",39,-1,1,"12257816"
40,"spotify:track:4zIO3ilp5HvTeK3HJHxhMP","Imagine Dragons","Natural","Kid Ina Korner / Interscope",40,47,7,"11525754"
41,"spotify:track:4VUwkH455At9kENOfzTqmF","Bazzi, Camila Cabello","Beautiful (feat. Camila Cabello)","iamcosmic",30,30,5,"11464950"
42,"spotify:track:2ijef6ni2amuunRoKTlgww","Becky G, NATTI NATASHA","Sin Pijama","Sony Music Latin",22,31,19,"11458738"
43,"spotify:track:4keoy2fqgwGnbWlm3ZVZFa","Zedd, Elley Duhé","Happy Now","UMGRI Interscope",27,29,7,"11456211"
44,"spotify:track:09FfQO3PqHO4HIJL511Ksi","Eminem, Jessie Reyez","Nice Guy (with Jessie Reyez)","Eminem Catalog PS",44,-1,1,"11342755"
45,"spotify:track:6B3zy3LOKHndqsviCr2z15","Eminem","Em Calls Paul - Skit","Eminem Catalog PS",45,-1,1,"11199609"
46,"spotify:track:5qFeMRz4TvetPmzjre9Dq7","J Balvin, Zion & Lennox","No Es Justo","UMLE - Latino",30,34,11,"11157818"
47,"spotify:track:6DCZcSspjsKoFjzjrWoCdn","Drake","God's Plan","Cash Money/Drake LP6",1,32,33,"10945525"
48,"spotify:track:2qT1uLXPVPzGgFOx4jtEuo","Ariana Grande","no tears left to cry","Republic Records",2,28,20,"10888640"
49,"spotify:track:4ofwffwvvnbSkrMSCKQDaC","George Ezra","Shotgun","Columbia",35,35,11,"10677564"
50,"spotify:track:7wBJfHzpfI3032CSD7CE2m","Travis Scott","STARGAZING","Cactus Jack / Epic",3,33,5,"10093519"
51,"spotify:track:7m9OqQk4RVRkw9JJdeAw96","XXXTENTACION","Jocelyn Flores","Bad Vibes Forever / EMPIRE",7,38,54,"10066103"
52,"spotify:track:3DGar7krWlmrXRFHBcQF6z","Kris Kross Amsterdam, The Boy Next Door, Conor Maynard","Whenever (feat. Conor Maynard)","Spinnin' Records",51,51,6,"9839791"
53,"spotify:track:0e7ipj03S05BNilyu5bRzt","Post Malone, 21 Savage","rockstar (feat. 21 Savage)","Republic Records",1,37,51,"9621200"
54,"spotify:track:5a8RPWgKSmcGBGcffmIrUi","Sia, Diplo, Labrinth, LSD","Thunderclouds (feat. Sia, Diplo, and Labrinth)","Records/Columbia",54,78,4,"9170174"
55,"spotify:track:7AFASza1mXqntmGtbxXprO","XXXTENTACION","changes","Bad Vibes Forever, LLC",9,41,27,"9124885"
56,"spotify:track:1rqqCSm0Qe4I9rUvWncaom","Panic! At The Disco","High Hopes","DCD2 / Fueled By Ramen",49,49,11,"9086387"
57,"spotify:track:3swc6WTsr7rl9DqQKQA55C","Post Malone, Ty Dolla $ign","Psycho (feat. Ty Dolla $ign)","Republic Records",2,40,28,"8993514"
58,"spotify:track:2BgEsaKNfHUdlh97KmvFyo","Anne-Marie","2002","Atlantic Records UK",27,36,20,"8862448"
59,"spotify:track:63SevszngYpZOwf63o61K4","Dennis Lloyd","Nevermind","WM Italy",18,39,25,"8759231"
60,"spotify:track:7DrluKkTviBwCc8AV3VGmf","Shakira, Maluma","Clandestino","Sony Music Latin",39,42,13,"8545493"
61,"spotify:track:2lYTJK94hb0fd1LQtb6Dhk","David Guetta, Anne-Marie","Don't Leave Me Alone (feat. Anne-Marie)","Parlophone (France)",54,56,6,"8493695"
62,"spotify:track:7ycWLEP1GsNjVvcjawXz3z","A$AP Rocky, Skepta","Praise The Lord (Da Shine) (feat. Skepta)","A$AP Worldwide/Polo Grounds Music/RCA Records",25,43,15,"8455393"
63,"spotify:track:0kHyKhJMukHEPfeh8s7rdM","Kygo, Imagine Dragons","Born To Be Yours","Kygo",25,45,12,"8420407"
64,"spotify:track:3nc420PXjTdBV5TN0gCFkS","Martin Garrix, Khalid","Ocean (feat. Khalid)","Epic Amsterdam",15,48,12,"8359855"
65,"spotify:track:3CA9pLiwRIGtUBiMjbZmRw","Drake","Nice For What","Cash Money/Drake LP6",1,44,22,"8227565"
66,"spotify:track:2XXMDz7SPZ4mSFN1PXfHUy","Becky G, Paulo Londra","Cuando Te Besé","Sony Music Latin",60,60,5,"8110456"
67,"spotify:track:4hQ6UGyWQIGJmHSo0J88JW","Selena Gomez","Back To You - From 13 Reasons Why – Season 2 Soundtrack","UMGRI Interscope",4,46,17,"8104503"
68,"spotify:track:7qiZfU4dY1lWllzX7mPBI3","Ed Sheeran","Shape of You","Atlantic Records UK",1,54,87,"8077050"
69,"spotify:track:04ZTP5KsCypmtCmQg5tH9R","Bebe Rexha","I'm a Mess","Warner Records",52,53,11,"7858519"
70,"spotify:track:6vN77lE9LK6HP2DewaN6HZ","Lil Baby, Drake","Yes Indeed","Quality Control Music, LLC",12,55,17,"7807951"
71,"spotify:track:7AQim7LbvFVZJE3O8TYgf2","XXXTENTACION, Trippie Redd","Fuck Love","Bad Vibes Forever / EMPIRE",19,57,51,"7742187"
72,"spotify:track:62o8KoI44JfN7aYxgTnPvh","Maluma","Mala Mía","Sony Music Latin",69,69,4,"7659786"
73,"spotify:track:00EPIEnX1JFjff8sC6bccd","Thalia, NATTI NATASHA","No Me Acuerdo","Sony Music Latin",66,66,7,"7302304"
74,"spotify:track:55GiOwtxNajXVbpjjIzMnD","Tyga","SWISH","Last Kings Music / EMPIRE",51,58,6,"7158314"
75,"spotify:track:0pqnGHJpmpxLKifKRmU6WP","Imagine Dragons","Believer","Kid Ina Korner / Interscope",16,68,83,"7061811"
76,"spotify:track:6rbhaJsE4uLzpPf8WYSHDK","Brytiago, Darell","Asesina","Business Music",73,73,10,"7048089"
77,"spotify:track:1rfofaqEpACxVEHIZBJe6W","Camila Cabello, Young Thug","Havana (feat. Young Thug)","Syco Music/Epic",1,65,57,"7005352"
78,"spotify:track:76cy1WJvNGJTj78UqeA5zr","Dua Lipa","IDGAF","Warner Records",4,64,36,"6959277"
79,"spotify:track:6jA8JUuPCGYjFcgw0AoM5T","Reik, Ozuna, Wisin","Me Niego (feat. Ozuna & Wisin)","Columbia",22,71,29,"6858845"
80,"spotify:track:0u2P5u6lvoDfwTYjAADbn4","Billie Eilish, Khalid","lovely (with Khalid)","Darkroom",24,74,20,"6746386"
81,"spotify:track:6G8kHiVZ1jW7vHMPVRNZU0","Drake, Michael Jackson","Don’t Matter To Me (with Michael Jackson)","Cash Money/Drake LP6",2,61,10,"6662858"
82,"spotify:track:08bNPGLD8AhKpnnERrAc6G","Marshmello, Anne-Marie","FRIENDS","Joytime Collective",4,72,30,"6658179"
83,"spotify:track:3QybPutx0Tjk472bBKjNWn","Sheck Wes","Mo Bamba","Cactus Jack Records/ G.O.O.D. Music/ Interscope Records",83,102,3,"6650144"
84,"spotify:track:1snWlbcbgQpJfknoI30DWG","Alan Walker, Au/Ra, Tomine Harket","Darkside","Kreatell Music",67,67,6,"6640860"
85,"spotify:track:09IStsImFySgyp0pIQdqAc","Zedd, Maren Morris, Grey","The Middle","UMGRI Interscope",6,63,32,"6624760"
86,"spotify:track:5Xn4IyTtW6FUGIUyWjbUHG","Jason Derulo, David Guetta, Nicki Minaj, Willy William","Goodbye (feat. Nicki Minaj & Willy William)","Beluga Heights/Warner Records",86,110,2,"6621419"
87,"spotify:track:6JjPBQfI2Y8nIjnm65X6Pw","Nicky Jam, J Balvin, Maluma, Ozuna","X (feat. Maluma & Ozuna) - Remix","Sony Music Latin",37,76,10,"6532223"
88,"spotify:track:0XySogm94T51XF5F2jumXm","Juice WRLD","All Girls Are The Same","Juice WRLD Mixtape / ISR P&D",48,80,17,"6515364"
89,"spotify:track:0VKkyBKCXyR99navhVRqcP","Zion & Lennox","La player (Bandolera)","WEA Latina",56,79,25,"6462394"
90,"spotify:track:1zB4vmk8tFRmM9UULNzbLB","Imagine Dragons","Thunder","Kid Ina Korner / Interscope",8,83,71,"6457098"
91,"spotify:track:2ekn2ttSfGqwhhate0LSR0","Dua Lipa","New Rules","Warner Records",2,82,61,"6427882"
92,"spotify:track:39N9RPD9MRb5WmoLzNzPeA","Nicky Jam, J Balvin","X","Sony Music Latin",4,75,27,"6419129"
93,"spotify:track:4qKcDkK6siZ7Jp1Jb4m0aL","BlocBoy JB, Drake","Look Alive (feat. Drake)","Bloc Nation",6,77,30,"6412294"
94,"spotify:track:29tc0GbW0pTSBZSCZF3NWk","Juice WRLD","Lean Wit Me","Juice WRLD Mixtape / ISR P&D",84,84,5,"6340885"
95,"spotify:track:3rPAD722s5FFNnwjC91t7Z","Anuel AA","Quiere Beber","2018 Real Hasta La Muerte, Inc.",95,113,3,"6253204"
96,"spotify:track:0tgVpDi06FyKpA1z0VMD4v","Ed Sheeran","Perfect","Atlantic Records UK",4,87,79,"6207365"
97,"spotify:track:4ut5G4rgB1ClpMTMfjoIuy","Martin Garrix, Bonn","High On Life (feat. Bonn)","Epic Amsterdam",95,95,5,"6121643"
98,"spotify:track:7lAK3oHbfEnvUQWosrMMpR","Travis Scott","YOSEMITE","Cactus Jack / Epic",24,85,5,"6065067"
99,"spotify:track:2P91MQbaiQOfbiz9VqhqKQ","Lauv","I Like Me Better","Lauv",29,86,66,"6052373"
100,"spotify:track:3GVkPk8mqxz0itaAriG1L7","XXXTENTACION","Everybody Dies In Their Nightmares","Bad Vibes Forever / EMPIRE",24,91,38,"5985207"
101,"spotify:track:4QtiVmuA88tPQiCOHZuQ5b","Sofía Reyes, Jason Derulo, De La Ghetto","1, 2, 3 (feat. Jason Derulo & De La Ghetto)","WEA Latina",31,89,29,"5954923"
102,"spotify:track:33b2wX9d0kxqxhi7lcsC1A","Ozuna","Unica","VP Records Corp/Dimelo Vi",63,70,15,"5941109"
103,"spotify:track:0ZNrc4kNeQYD9koZ3KvCsy","YG, 2 Chainz, Big Sean, Nicki Minaj","BIG BANK (feat. 2 Chainz, Big Sean, Nicki Minaj)","Def Jam Recordings",81,94,10,"5917021"
104,"spotify:track:45Egmo7icyopuzJN0oMEdk","Khalid, Normani","Love Lies","RCA Records Label",11,97,29,"5885428"
105,"spotify:track:75ZvA4QfFiZvzhj2xkaWAh","Post Malone","I Fall Apart","Universal Records",10,90,50,"5832078"
106,"spotify:track:3OtQmFLS5b3pTgIf44GQFJ","The Chainsmokers, Emily Warren","Side Effects","Disruptor Records/Columbia",88,88,6,"5741999"
107,"spotify:track:3obgSF06ki98lYNLNq5vCB","Juice WRLD, Lil Uzi Vert","Wasted (feat. Lil Uzi Vert)","Juice WRLD Mixtape / ISR P&D",80,81,8,"5666124"
108,"spotify:track:6eYxmK9fdL4hwLnXG2zY3s","XXXTENTACION","Look At Me!","Bad Vibes Forever / EMPIRE",39,99,55,"5632669"
109,"spotify:track:5CLGzJsGqhCEECcpnFQA8x","Rudimental, Jess Glynne, Macklemore, Dan Caplen","These Days (feat. Jess Glynne, Macklemore & Dan Caplen)","Atlantic Records UK",9,93,33,"5612595"
110,"spotify:track:4mHgYpuGHu99Mw69E83CP2","Trippie Redd","Taking A Walk","TenThousand Projects, LLC",42,92,4,"5590817"
111,"spotify:track:33tNYw9oMtSkGe27NpgS64","Quavo","WORKIN ME","Quality Control Music/Motown Records/Capitol Records",109,109,4,"5550603"
112,"spotify:track:7GX5flRQZVHRAGd6B4TmDO","Lil Uzi Vert","XO Tour Llif3","Generation Now/Atlantic",10,100,76,"5538307"
113,"spotify:track:7nD2JPaxIKUdxd2UWgnaGL","Alex Rose, Rauw Alejandro, Lenny Tavárez, Cazzu, Lyanno","Toda - Remix","WK Records LLC",113,115,7,"5523074"
114,"spotify:track:03iCbZaM4OkRR4We6wIzvx","BTS, Nicki Minaj","IDOL","BIGHIT MUSIC",59,59,2,"5444207"
115,"spotify:track:6XBjCetHKdO5L9cwMDVffw","Anuel AA, Zion","Hipócrita","2018 Real Hasta La Muerte, Inc.",112,112,6,"5406598"
116,"spotify:track:33IOhptvC2Qoy2UhjiHXLV","David Guetta, Sia","Flames","Parlophone (France)",20,98,24,"5388272"
117,"spotify:track:38QmUDpkoYlNbMKvpvAsrE","KAROL G, J Balvin, Nicky Jam","Mi Cama - Remix","UMLE - Latino",76,108,6,"5387687"
118,"spotify:track:2alIsNw1mqEShbWyO1HXZZ","Sebastian Yatra, Luis Figueroa, Lary Over","Por Perro","UMLE - Latino",84,96,18,"5377111"
119,"spotify:track:4e4fqjx0Izh4svvTef1z7e","Bebe Rexha, Florida Georgia Line","Meant to Be (feat. Florida Georgia Line)","Warner Records",18,103,51,"5367434"
120,"spotify:track:4zRZAmBQP8vhNPf9i9opXt","Why Don't We","8 Letters","Atlantic Records",120,-1,1,"5330989"
121,"spotify:track:70khXICDeTTxgYtw3EysKH","Ariana Grande","sweetener","Republic Records",29,62,3,"5319789"
122,"spotify:track:0r9d60ZYPAlFHq8qnUtkXN","Cosculluela, Bad Bunny","Madura","Rottweilas, Inc.",70,105,21,"5234975"
123,"spotify:track:7uzmGiiJyRfuViKKK3lVmR","Bazzi","Mine","iamcosmic",3,107,33,"5222552"
124,"spotify:track:4QVS8YCpK71R4FsxSMCjhP","Gryffin, Elley Duhé","Tie Me Down (with Elley Duhé)","Darkroom",101,101,4,"5195065"
125,"spotify:track:7glCSQqV5o6NU88Cn4zPZn","Bad Bunny","Estamos Bien","Rimas Entertainment LLC",88,106,10,"5175278"
126,"spotify:track:6U2NuJILEOEpW2tVCuqKHb","Daddy Yankee, NATTI NATASHA, Becky G, Bad Bunny","Dura - Remix","Craft Latino",52,104,19,"5121034"
127,"spotify:track:7BKLCZ1jbUBVqRi2FVlTVw","The Chainsmokers, Halsey","Closer","Disruptor Records/Columbia",2,125,89,"5063366"
128,"spotify:track:3S0OXQeoh0w6AY8WQVckRW","Jason Mraz","I'm Yours","Atlantic Records/ATG",124,124,23,"5036646"
129,"spotify:track:0OgGn1ofaj55l2PcihQQGV","Bryce Vine","Drew Barrymore","Sire",129,189,2,"4929809"
130,"spotify:track:1mXVgsBdtIVeCLJnSnmtdV","Sam Smith","Too Good At Goodbyes","PLG - Capitol",1,117,52,"4904484"
131,"spotify:track:2RttW7RAu5nOAfq6YFvApB","Ed Sheeran","Happier","Atlantic Records UK",10,116,69,"4871889"
132,"spotify:track:4UKCKdYiLN6IMA5ZESUTL7","XXXTENTACION","the remedy for a broken heart (why am I so in love)","Bad Vibes Forever, LLC",27,120,17,"4871731"
133,"spotify:track:2zDj4WjbNDmrRL6Z4YjjCA","Reik, Maluma","Amigos Con Derechos","Columbia",133,-1,1,"4852695"
134,"spotify:track:0WdR2AyLW1Drd3OUdwezM0","Ariana Grande","everytime","Republic Records",28,52,3,"4830452"
135,"spotify:track:5uCax9HTNlzGybIStD3vDh","James Arthur","Say You Won't Let Go","Columbia",7,130,89,"4826193"
136,"spotify:track:6Hgh47WXVKtXN5zGOu0hjI","Khalid, 6LACK, Ty Dolla $ign","OTW","Right Hand Music Group, LLC/RCA Records",24,123,20,"4763265"
137,"spotify:track:2QZ7WLBE8h2y1Y5Fb8RYbH","Shawn Mendes","In My Blood","Island Records",7,121,24,"4727061"
138,"spotify:track:2AIWoHr9DF6y4KALCBKWQS","BTS","IDOL","BIGHIT MUSIC",50,50,2,"4726015"
139,"spotify:track:0tp6mwUt99QnfY95T30Lqj","Armin van Buuren","Blah Blah Blah","Armada Music Albums",139,149,3,"4683510"
140,"spotify:track:7IBSffWIu7P2MC7kMwy2FM","Wiz Khalifa, Swae Lee","Hopeless Romantic (feat. Swae Lee)","Taylor Gang/Atlantic",87,152,8,"4651395"
141,"spotify:track:6xcJyGpfZbuuiequtnlKt4","Travis Scott","BUTTERFLY EFFECT","Cactus Jack / Epic",38,114,57,"4640820"
142,"spotify:track:1gm616Plq4ScqNi7TVkZ5N","The Weeknd","Call Out My Name","Universal Republic Records",1,131,23,"4625718"
143,"spotify:track:17UUYZ290omPaJY4wKeyHh","Ozuna","Me Dijeron","VP Records Corp/Dimelo Vi",111,111,2,"4587632"
144,"spotify:track:4xkOaSrkexMciUUogZKVTS","Eminem, Nate Dogg","Till I Collapse","Eminem Catalog PS",144,-1,27,"4582126"
145,"spotify:track:3a1lNhkSLSkpJE4MSHpDu9","Post Malone, Quavo","Congratulations","Universal Records",20,128,85,"4581029"
146,"spotify:track:2374M0fQpWi3dLnB54qaLX","TOTO","Africa","Columbia",137,143,25,"4580665"
147,"spotify:track:3qN5qMTKyEEmiTZD38BNTT","Drake","I'm Upset","Cash Money/Drake LP6",7,118,15,"4550034"
148,"spotify:track:7KXjTSCq5nL1LoYtL7XAwS","Kendrick Lamar","HUMBLE.","Aftermath",1,138,75,"4523951"
149,"spotify:track:6jreFSOTUAViWjKyzOC4Kg","Alesso","REMEDY","10:22 pm",149,-1,1,"4523939"
150,"spotify:track:7rC5Pl8rQSX4myONQHYPBK","Drake","Mob Ties","Cash Money/Drake LP6",11,129,10,"4520266"
151,"spotify:track:17JYzDCW1UTndfURuTydF2","Troye Sivan, Ariana Grande","Dance To This (feat. Ariana Grande)","EMI Recorded Music Australia Pty Ltd",75,-1,6,"4495851"
152,"spotify:track:7sO5G9EABYOXQKNPNiE9NR","Offset, Metro Boomin","Ric Flair Drip (with Metro Boomin)","Slaughter Gang, LLC/Epic/Quality Control Music/Motown/Capitol/Boominati Worldwide/Republic",32,140,45,"4481415"
153,"spotify:track:7d6XJZjnm7iWcKwYL9z5kC","Lil Mosey","Noticed","Mogul Vision/Interscope Records",153,-1,1,"4471816"
154,"spotify:track:6xTU6B6nFwKKTSZ9ySXS80","Kygo, Miguel","Remind Me to Forget","Kygo",29,135,25,"4450356"
155,"spotify:track:7uQmJ1jgNzBpATSoWKSPFu","Sebastian Yatra, Mau y Ricky","Ya No Tiene Novio","UMLE - Latino",155,-1,1,"4436755"
156,"spotify:track:2ZRo7axmMPeSVUvDbGkJah","XXXTENTACION","Hope","Bad Vibes Forever, LLC",42,145,14,"4431644"
157,"spotify:track:19MBk3PbNFE36wqIqkMq9H","Alvaro Soler","La Cintura","Airforce1",42,126,17,"4392222"
158,"spotify:track:2r77vqSZkOktTSgmAOoHsV","Paulo Londra","Chica Paranormal","WEA Latina",158,162,5,"4372341"
159,"spotify:track:6RUKPb4LETWmmr3iAEQktW","The Chainsmokers, Coldplay","Something Just Like This","Disruptor Records/Columbia",2,148,81,"4349781"
160,"spotify:track:2nqwxzn7svkN30dVGbXdWf","Twenty One Pilots","My Blood","Fueled By Ramen",160,-1,1,"4309737"
161,"spotify:track:1ZAyjvIk9YiD76yYy0TEG6","Rich The Kid","Plug Walk","Rich The Kid / (TDE/ISR PS)",19,151,27,"4272851"
162,"spotify:track:6IaieqiCVvsNvEt6Y7yOFa","Post Malone, Nicki Minaj","Ball For Me (feat. Nicki Minaj)","Republic Records",15,134,19,"4272646"
163,"spotify:track:0SaYeGhSXN0dDWstyNTQ56","Wolfine, Maluma","Bella - Remix","LOMIORECORDS",81,146,18,"4270582"
164,"spotify:track:5qqabIl2vWzo9ApSC317sa","Oasis","Wonderwall - Remastered","Big Brother",152,157,47,"4218597"
165,"spotify:track:3RD0PGolM0mETGHaprwgMn","Manuel Turizo","Culpables","Sony Music Latin/La Industria",165,173,2,"4181976"
166,"spotify:track:1cS0TgbR263ey9jn0MwD2s","Eminem, Ed Sheeran","River (feat. Ed Sheeran)","Eminem Catalog PS",2,-1,28,"4175431"
167,"spotify:track:0GxQ1A5L9xnMOytbP6eKBG","Maroon 5, SZA","What Lovers Do (feat. SZA)","Interscope Records*",5,166,53,"4167152"
168,"spotify:track:1Slwb6dOYkBlWal1PGtnNg","Ed Sheeran","Thinking out Loud","Atlantic Records UK",58,174,89,"4163372"
169,"spotify:track:6n4U3TlzUGhdSFbUUhTvLP","Migos, Drake","Walk It Talk It","Quality Control Music, LLC",22,156,32,"4153179"
170,"spotify:track:6gBFPUFcJLzWGx4lenP6h2","Travis Scott","goosebumps","Cactus Jack / Epic",60,159,88,"4152960"
171,"spotify:track:10Igtw8bSDyyFs7KIsKngZ","Lil Dicky, Chris Brown","Freaky Friday (feat. Chris Brown)","Commission/BMG",7,176,25,"4150916"
172,"spotify:track:1zi7xx7UVEFkmKfv06H8x0","Drake, Wizkid, Kyla","One Dance","Cash Money Records/Young Money Ent./Universal Rec.",12,168,89,"4148209"
173,"spotify:track:33zcmmElV1YbRZe57biUjg","Lele Pons","Celoso","10:22 PM / UMLE",139,139,3,"4138539"
174,"spotify:track:3GCdLUSnKSMJhs4Tj6CV3s","Kendrick Lamar, SZA","All The Stars (with SZA) - From ""Black Panther: The Album""","Black Panther (TDE/DMG) PS",2,164,35,"4138044"
175,"spotify:track:7w9bgPAmPTtrkt2v16QWvQ","Eminem","Lose Yourself","Eminem Catalog PS",143,-1,54,"4131991"
176,"spotify:track:6QgjcU0zLnzq5OrUoSZ3OK","Portugal. The Man","Feel It Still","Atlantic Records",18,170,60,"4127221"
177,"spotify:track:4h8VwCb1MTGoLKueQ1WgbD","Avicii","Wake Me Up","Pophouse Entertainment Group",13,171,20,"4119403"
178,"spotify:track:5bITfqKGaPakO1l99hOMsI","Justin Quiles, Zion & Lennox","No Quiero Amarte (feat. Zion & Lennox)","WEA Latina",153,165,9,"4100628"
179,"spotify:track:2RVrdr062uLFxXwIxwdXPH","Piso 21, Paulo Londra","Te Amo","WM Mexico",76,150,24,"4058871"
180,"spotify:track:3L4GsGLgxpHieVQH86H8bv","Nicki Minaj, Ariana Grande","Bed (feat. Ariana Grande)","Young Money/Cash Money Records",22,136,12,"4054875"
181,"spotify:track:5Y9fnynLlIvqtM710MHzfz","Ozuna","Síguelo Bailando","VP Records Corp/Dimelo Vi",43,155,36,"4036632"
182,"spotify:track:6Qn5zhYkTa37e91HC1D7lb","Imagine Dragons","Whatever It Takes","Kid Ina Korner / Interscope",51,188,56,"4022184"
183,"spotify:track:1bhUWB0zJMIKr9yVPrkEuI","Ed Sheeran, Beyoncé","Perfect Duet (Ed Sheeran & Beyoncé)","Atlantic Records UK",3,177,40,"4020315"
184,"spotify:track:2CvOqDpQIMw69cCzWqr5yr","Beyoncé","Halo","Music World Music/Columbia",149,192,16,"4020016"
185,"spotify:track:54l9GJGQ1UCFKe2tzt1Vxt","Cheat Codes, Little Mix","Only You (with Little Mix)","Syco Music",77,163,9,"4008761"
186,"spotify:track:6vsV4D8BM6PioRr1UOx0n2","Billie Eilish","you should see me in a crown","Darkroom/Interscope Records",63,153,7,"3999911"
187,"spotify:track:0ibOcbkp2XG46Do8jcy0bL","Smokepurpp, Lil Pump","Nephew (feat. Lil Pump)","Alamo",179,179,3,"3986432"
188,"spotify:track:3B54sVLJ402zGa6Xm4YGNe","French Montana, Swae Lee","Unforgettable","Bad Boy Entertainment/Epic Records",3,190,74,"3977759"
189,"spotify:track:32lItqlMi4LBhb4k0BaSaC","Post Malone","Candy Paint","Republic Records",17,167,51,"3960583"
190,"spotify:track:7vGuf3Y35N4wmASOKLUVVU","Marshmello, Khalid","Silence","Joytime Collective/RCA Records",8,183,56,"3949272"
191,"spotify:track:2Yer0p7uB2lVBUAtANuuQp","Social House, Lil Yachty","Magic In The Hamptons (feat. Lil Yachty)","Silent Records / Social House",191,-1,1,"3948528"
192,"spotify:track:6fxVffaTuwjgEk5h9QyRjy","Ed Sheeran","Photograph","Atlantic Records UK",41,193,82,"3941309"
193,"spotify:track:20MuVazoNMv6xjKPnRFOxG","Travis Scott","WAKE UP","Cactus Jack / Epic",22,142,5,"3928000"
194,"spotify:track:5mTJcvxRxq3uF5wUjjciDw","Troye Sivan","Lucky Strike","EMI Recorded Music Australia Pty Ltd",194,-1,1,"3926159"
195,"spotify:track:3uhBIQ7tv8j1FME8cFGEfG","John Legend","All of Me","G.O.O.D. Music/Columbia",147,197,19,"3901687"
196,"spotify:track:7tFiyTwD0nx5a1eklYtX2J","Queen","Bohemian Rhapsody - Remastered 2011","EMI",183,-1,4,"3887047"
197,"spotify:track:4R5xvs5X0phd0EYWyGigju","Anitta","Medicina","WM Brazil",95,187,7,"3883531"
198,"spotify:track:7p4vHnYXkxlzvfePJVpcTr","Childish Gambino","Feels Like Summer","Wolf+Rothstein/RCA Records",169,-1,2,"3861165"
199,"spotify:track:0tBbt8CrmxbjRP0pueQkyU","Selena Gomez, Marshmello","Wolves","Selena Gomez PS",3,184,46,"3846120"
200,"spotify:track:0kCBorRrKZkSztd9m0QI3r","Young Thug, Young Stoner Life, Gunna, Lil Baby","Chanel (Go Get It) [feat. Gunna & Lil Baby]","300 Entertainment/Atl",155,161,3,"3835618"
