﻿rank,uri,artist_names,track_name,source,peak_rank,previous_rank,weeks_on_chart,streams
1,"spotify:track:5CtI0qwDJkDQGwXD1H1cLb","Luis Fonsi, Daddy Yankee, Justin Bieber","Despacito - Remix","UMLE - Latino",1,17,2,"43222758"
2,"spotify:track:7qiZfU4dY1lWllzX7mPBI3","Ed Sheeran","Shape of You","Atlantic Records UK",1,2,16,"37276333"
3,"spotify:track:7KXjTSCq5nL1LoYtL7XAwS","Kendrick Lamar","HUMBLE.","Aftermath",1,1,4,"36075217"
4,"spotify:track:6RUKPb4LETWmmr3iAEQktW","The Chainsmokers, Coldplay","Something Just Like This","Disruptor Records/Columbia",2,4,10,"25605588"
5,"spotify:track:3rOSwuTsUlJp0Pu0MkN8r8","Future","Mask Off","Epic/Freebandz/A1",5,6,10,"24145617"
6,"spotify:track:6HZILIRieu8S0iqY8kIKhj","Kendrick Lamar","DNA.","Aftermath",3,3,2,"23979164"
7,"spotify:track:3eR23VReFzcdmS7TYCrhCe","Kygo, Selena Gomez","It Ain't Me (with Selena Gomez)","Kygo",2,5,10,"23969795"
8,"spotify:track:7hDc8b7IXETo14hHIHdnhd","Drake","Passionfruit","Cash Money Records/Young Money Ent./Universal Rec.",2,7,6,"22316827"
9,"spotify:track:0dA2Mk56wEzDgegdC6R17g","Zedd, Alessia Cara","Stay","UMGRI Interscope",7,11,9,"22152198"
10,"spotify:track:0KKkJNfGyhkQ5aFogxQAPU","Bruno Mars","That's What I Like","Atlantic Records",6,9,18,"21645304"
11,"spotify:track:1x5sYLZiu9r5E43kMlt9f8","Clean Bandit, Zara Larsson","Symphony (feat. Zara Larsson)","Atlantic Records UK",11,12,6,"21247743"
12,"spotify:track:4aWmUDTfIPGksMNLV2rQP2","Luis Fonsi, Daddy Yankee","Despacito","UMLE - Latino",4,13,15,"20745747"
13,"spotify:track:6kex4EBAj0WHXDKZMEJaaF","Jason Derulo, Nicki Minaj, Ty Dolla $ign","Swalla (feat. Nicki Minaj & Ty Dolla $ign)","Beluga Heights/Warner Records",13,19,9,"18244613"
14,"spotify:track:0afhq8XCExXpqazXczTSve","Ed Sheeran","Galway Girl","Atlantic Records UK",2,16,8,"16811485"
15,"spotify:track:7tr2za8SQg2CI8EDgrdtNl","Calvin Harris, Frank Ocean, Migos, Funk Wav","Slide (feat. Frank Ocean & Migos)","Columbia",13,23,9,"16332334"
16,"spotify:track:3ebXMykcMXOcLeJ9xZ17XH","Martin Garrix, Dua Lipa","Scared to Be Lonely","Epic Amsterdam",5,25,13,"15830468"
17,"spotify:track:6D0b04NJIKfEMg040WioJQ","Julia Michaels","Issues","J/Republic",9,22,15,"15724313"
18,"spotify:track:6SwRhMLwNqEi6alNPVG00n","Kendrick Lamar, Rihanna","LOYALTY. FEAT. RIHANNA.","Aftermath",8,8,2,"15485165"
19,"spotify:track:72jbDTw1piOOj770jWNeaG","The Chainsmokers","Paris","Disruptor Records/Columbia",2,15,15,"14853907"
20,"spotify:track:2eMwDehkIC1j68U6FA3Eiq","Lil Uzi Vert","XO Tour Llif3","Generation Now/Atlantic",20,28,5,"14777357"
21,"spotify:track:79cuOz3SPQTuFrp8WgftAu","Shawn Mendes","There's Nothing Holdin' Me Back","Island Records",21,-1,1,"14752372"
22,"spotify:track:1EaKU4dMbesXXd3BrLCtYG","Kendrick Lamar","ELEMENT.","Aftermath",10,10,2,"14405202"
23,"spotify:track:5Ohxk2dO5COHF1krpoPigN","Harry Styles","Sign of the Times","Columbia",14,26,3,"14294931"
24,"spotify:track:6PGoSes0D9eUDeeAafB2As","Kendrick Lamar, Zacari","LOVE. FEAT. ZACARI.","Aftermath",14,14,2,"13761753"
25,"spotify:track:2EEeOnHehOozLq4aS0n6SL","KYLE, Lil Yachty","iSpy (feat. Lil Yachty)","independently popular.",22,29,18,"13528740"
26,"spotify:track:00lNx0OcTJrS3MKHcB80HY","Jax Jones, RAYE","You Don't Know Me (feat. RAYE)","Polydor Records",17,31,16,"13344991"
27,"spotify:track:0CcQNd8CINkwQfe1RDtGV6","Imagine Dragons","Believer","Kid Ina Korner / Interscope",19,32,12,"12694592"
28,"spotify:track:5NNlUMcOEOdoOIwwaWXv0k","Maroon 5, Future","Cold (feat. Future)","Interscope Records*",19,33,10,"12688827"
29,"spotify:track:3NdDpSvN911VPGivFlV5d0","ZAYN, Taylor Swift","I Don’t Wanna Live Forever (Fifty Shades Darker)","Taylor Swift",2,34,18,"12278919"
30,"spotify:track:5knuzwU65gJK7IF5yJsuaW","Clean Bandit, Anne-Marie, Sean Paul","Rockabye (feat. Sean Paul & Anne-Marie)","Atlantic Records UK",3,35,18,"12040003"
31,"spotify:track:1Eck97uRMlprKOOJN9oO1E","G-Eazy, Kehlani","Good Life (with G-Eazy & Kehlani)","Artist Partner",31,54,5,"11772737"
32,"spotify:track:6HUnnBwYZqcED1eQztxMBN","Martin Jensen","Solo Dance","Intercord",25,37,18,"11342903"
33,"spotify:track:6De0lHrwBfPfrhorm9q1Xl","Danny Ocean","Me Rehúso","Atlantic Records",33,50,10,"11324410"
34,"spotify:track:78rIJddV4X0HkNAInEcYde","Starley, Ryan Riback","Call on Me - Ryan Riback Remix","Central Station Records",13,40,18,"11109533"
35,"spotify:track:7nKBxz47S9SD79N086fuhn","Enrique Iglesias, Descemer Bueno, Zion & Lennox","SUBEME LA RADIO","RCA Records/Sony Music International/Sony Music Latin",33,43,9,"11102827"
36,"spotify:track:152lZdxL1OR0ZMW6KquMif","Khalid","Location","Right Hand Music Group, LLC/RCA Records",34,45,12,"11085355"
37,"spotify:track:5GXAXm5YOmYT0kL5jHvYBt","The Weeknd, Daft Punk","I Feel It Coming","Universal Republic Records",9,41,18,"11037318"
38,"spotify:track:3a1lNhkSLSkpJE4MSHpDu9","Post Malone, Quavo","Congratulations","Universal Records",38,46,14,"10779414"
39,"spotify:track:51PIvodunv6NmX5250zxAh","Lady Gaga","The Cure","Interscope",39,74,2,"10176057"
40,"spotify:track:7BKLCZ1jbUBVqRi2FVlTVw","The Chainsmokers, Halsey","Closer","Disruptor Records/Columbia",2,47,18,"10023298"
41,"spotify:track:6520aj0B4FSKGVuKNsOCOi","Katy Perry, Skip Marley","Chained To The Rhythm","Capitol Records (CAP)",7,48,11,"9996449"
42,"spotify:track:4iYRa2btalAzPZoSYfROqF","Kendrick Lamar, U2","XXX. FEAT. U2.","Aftermath",20,20,2,"9953029"
43,"spotify:track:6PCUP3dWmTjcTtXY02oFdT","Ed Sheeran","Castle on the Hill","Atlantic Records UK",2,44,16,"9926624"
44,"spotify:track:2bjwRfXMk4uRgOD9IBYl9h","Drake, Quavo, Travis Scott","Portland","Cash Money Records/Young Money Ent./Universal Rec.",13,49,6,"9899740"
45,"spotify:track:0wfbD5rAksdXUzRvMfM3x5","The Chainsmokers","The One","Disruptor Records/Columbia",18,38,4,"9784455"
46,"spotify:track:5uCax9HTNlzGybIStD3vDh","James Arthur","Say You Won't Let Go","Columbia",7,51,18,"9724686"
47,"spotify:track:7i2DJ88J7jQ8K7zqFX2fW8","Halsey","Now Or Never","Astralwerks (ASW)",47,55,3,"9516146"
48,"spotify:track:4BHSjbYylfOH5WAGusDyni","Kendrick Lamar","YAH.","Aftermath",18,18,2,"9511615"
49,"spotify:track:0gbBzIqrECJOEPvQJIBFs5","Lorde","Green Light","Universal Music New Zealand Limited",24,52,8,"9402797"
50,"spotify:track:4L7Y2OAPiY2I2GndZjAs5K","Lana Del Rey, The Weeknd","Lust For Life (with The Weeknd)","Polydor Records",50,-1,1,"9273187"
51,"spotify:track:3umS4y3uQDkqekNjVpiRUs","Nicky Jam","El Amante","Sony Music Latin",32,56,14,"9105271"
52,"spotify:track:6IZvVAP7VPPnsGX6bvgkqg","Kendrick Lamar","PRIDE.","Aftermath",24,24,2,"8715306"
53,"spotify:track:6mICuAdrwEjh6Y6lroV2Kg","Shakira, Maluma","Chantaje (feat. Maluma)","Sony Music Latin",13,59,18,"8536004"
54,"spotify:track:4Q3N4Ct4zCuIHuZ65E3BD4","Kodak Black","Tunnel Vision","Atlantic Records",39,61,10,"8524411"
55,"spotify:track:5aAx2yezTd8zXrkmtKl66Z","The Weeknd, Daft Punk","Starboy","Universal Republic Records",1,53,18,"8509562"
56,"spotify:track:1louJpMmzEicAn7lzDalPW","Cheat Codes, Demi Lovato","No Promises (feat. Demi Lovato)","Parlophone UK",56,72,4,"8394696"
57,"spotify:track:000xQL6tZNLJzIrtIgxqSl","ZAYN, PARTYNEXTDOOR","Still Got Time (feat. PARTYNEXTDOOR)","RCA Records Label",46,63,5,"8368114"
58,"spotify:track:0fg8CqpjdojMyXLNzM2PaJ","Major Lazer, PARTYNEXTDOOR, Nicki Minaj","Run Up (feat. PARTYNEXTDOOR & Nicki Minaj)","Third Pardee Records",17,58,13,"8325304"
59,"spotify:track:2LTlO3NuNVN70lp2ZbVswF","Kendrick Lamar","FEEL.","Aftermath",21,21,2,"8314783"
60,"spotify:track:3B54sVLJ402zGa6Xm4YGNe","French Montana, Swae Lee","Unforgettable","Bad Boy Entertainment/Epic Records",60,87,3,"8170373"
61,"spotify:track:06FCvd7rrRcF3DdvWH5Isp","Kendrick Lamar","LUST.","Aftermath",27,27,2,"7986416"
62,"spotify:track:1NDxZ7cFAo481dtYWdrUnR","Maggie Lindemann, Cheat Codes, CADE","Pretty Girl - Cheat Codes X CADE Remix","300 Entertainment",62,76,4,"7934829"
63,"spotify:track:2Vdub5mY4lad7w64bFPUez","Pitbull, J Balvin, Camila Cabello","Hey Ma (with Pitbull & J Balvin feat. Camila Cabello)","Artist Partner",63,73,7,"7852041"
64,"spotify:track:3E2Zh20GDCR9B1EYjfXWyv","AJR","Weak","Black Butter",25,62,18,"7773567"
65,"spotify:track:2Ce5IyMlVRVvN997ZJjJJA","Future, Rihanna","Selfish (feat. Rihanna)","Epic/Freebandz/A1",45,60,9,"7744555"
66,"spotify:track:0tgVpDi06FyKpA1z0VMD4v","Ed Sheeran","Perfect","Atlantic Records UK",7,57,8,"7666447"
67,"spotify:track:5Ua3GXyHwiSfpNTMjq6m2z","Little Mix","Touch","Syco Music",59,67,17,"7665099"
68,"spotify:track:0qYTZCo5Bwh1nsUFGZP3zn","Maluma","Felices los 4","Sony Music Latin",68,-1,1,"7635424"
69,"spotify:track:0FuTx2s3YH1ppmtiM6l0zI","JP Cooper","September Song","Universal-Island Records Ltd.",53,66,17,"7243931"
70,"spotify:track:343YBumqHu19cGoGARUTsd","Drake","Fake Love","Cash Money Records/Young Money Ent./Universal Rec.",7,64,18,"7196662"
71,"spotify:track:6mORGLOz79w6VsCRLWYYuK","Lord Huron","The Night We Met","Play It Again Sam",71,105,3,"7159337"
72,"spotify:track:4Km5HrUvYTaSUfiSGPJeQR","Migos, Lil Uzi Vert","Bad and Boujee (feat. Lil Uzi Vert)","Quality Control Music",9,68,18,"6880550"
73,"spotify:track:0SGkqnVQo9KPytSri1H6cF","Big Sean","Bounce Back","Getting Out Our Dreams Inc. (G.O.O.D.) Music / IDJ",21,70,18,"6871017"
74,"spotify:track:4pdPtRcBmOSQDlJ3Fk945m","DJ Snake, Justin Bieber","Let Me Love You","DJ Snake Def Jam",4,71,18,"6826612"
75,"spotify:track:2RttW7RAu5nOAfq6YFvApB","Ed Sheeran","Happier","Atlantic Records UK",10,65,8,"6806845"
76,"spotify:track:1xznGGDReH1oQq0xzbwXa3","Drake, Wizkid, Kyla","One Dance","Cash Money Records/Young Money Ent./Universal Rec.",12,75,18,"6806670"
77,"spotify:track:7abpmGpF7PGep2rDU68GBR","Burak Yeter, Danelle Sandoval","Tuesday","SBA Production",62,78,11,"6799386"
78,"spotify:track:4iLqG9SeJSnt0cSPICSjxv","Charlie Puth","Attention","Artist Partner",78,-1,1,"6769441"
79,"spotify:track:5hYTyyh2odQKphUbMqc5gN","Alessia Cara, Disney","How Far I'll Go - From ""Vaiana""","Walt Disney Records",19,69,18,"6594278"
80,"spotify:track:6qDF4wWL49CAVbgT7yuHl8","J Balvin","Sigo Extrañándote","UMLE - Latino",72,84,8,"6572640"
81,"spotify:track:3Q3myFA7q4Op95DOpHplaY","blackbear","do re mi","Alamo",81,126,3,"6526162"
82,"spotify:track:2cnKEkpVUSV4wnjQiTWfH6","Wisin, Ozuna","Escápate Conmigo (feat. Ozuna)","Sony Music Latin",82,99,3,"6448661"
83,"spotify:track:6gBFPUFcJLzWGx4lenP6h2","Travis Scott","goosebumps","Cactus Jack / Epic",83,90,17,"6448630"
84,"spotify:track:23luOrEVHMfoX0AhfbQuS6","Kendrick Lamar","FEAR.","Aftermath",36,36,2,"6430471"
85,"spotify:track:7mldq42yDuxiUNn08nvzHO","Sam Hunt","Body Like A Back Road","MCA Nashville",63,79,12,"6272302"
86,"spotify:track:3QwBODjSEzelZyVjxPOHdq","Zion & Lennox, J Balvin","Otra Vez (feat. J Balvin)","WEA Latina",50,85,18,"6238500"
87,"spotify:track:0w5Bdu51Ka25Pf3hojsKHh","Paramore","Hard Times","Fueled By Ramen",87,-1,1,"6236075"
88,"spotify:track:6b8Be6ljOzmkOmFslEb23P","Bruno Mars","24K Magic","Atlantic Records",9,80,18,"6127970"
89,"spotify:track:5p3NP9mQblDsVJLdfNZJ3I","Kendrick Lamar","GOD.","Aftermath",39,39,2,"6069031"
90,"spotify:track:1a5Yu5L18qNxVhXx38njON","Alok, Zeeba, Bruno Martini","Hear Me Now","Spinnin' Records",27,91,18,"6011389"
91,"spotify:track:7KOlJ92bu51cltsD9KU5I7","Migos","T-Shirt","Quality Control Music",38,82,15,"5982301"
92,"spotify:track:3AEZUABDXNtecAOSC1qTfo","CNCO","Reggaetón Lento (Bailemos)","Sony Music Latin",32,88,18,"5975848"
93,"spotify:track:4okba5wu9mMLXx79DXLKi3","Daddy Yankee, Ozuna","La Rompe Corazones","Craft Latino",73,93,12,"5969185"
94,"spotify:track:4ARPvK8DHLwt4oX65ZAFMw","XXXTENTACION","Look At Me!","Bad Vibes Forever / EMPIRE",70,83,8,"5936867"
95,"spotify:track:6UjfByV1lDLW0SOVQA4NAi","Drake","Gyalchester","Cash Money Records/Young Money Ent./Universal Rec.",23,81,6,"5819439"
96,"spotify:track:22eADXu8DfOAUEDw4vU8qy","Chris Jedi, J Balvin, Ozuna, Arcángel","Ahora Dice","UMLE - Latino",96,123,3,"5803385"
97,"spotify:track:1qOLh0tI7trd1zdDKxYZTe","Hailee Steinfeld, Grey, Zedd","Starving","UME - Global Clearing House",20,89,18,"5793936"
98,"spotify:track:0y9uTzK9cNKSAEHnpeRG8C","Kendrick Lamar","DUCKWORTH.","Aftermath",42,42,2,"5765140"
99,"spotify:track:5MFzQMkrl1FOOng9tq6R9r","Maroon 5, Kendrick Lamar","Don't Wanna Know (feat. Kendrick Lamar)","Interscope Records*",5,86,18,"5690167"
100,"spotify:track:6mapJIPnQ23RTAevUoE0DL","Rae Sremmurd","Swang","Mike WiLL Made-It",71,95,18,"5685533"
101,"spotify:track:1n4jwRVXdkK2U34nBDUKKT","Kendrick Lamar","BLOOD.","Aftermath",30,30,2,"5629475"
102,"spotify:track:5q2JbCNi4FcnglgPfxcV65","Anuel AA, Daddy Yankee, Zion & Lennox, Farruko, Wisin","Sola (Remix)","Spiff TV, LLC / Real Hasta La Muerte, Inc.",91,103,13,"5427014"
103,"spotify:track:1CnPYaKxTVb4LWOtiGOm0m","Jon Bellion","All Time Low","Capitol Records (CAP)",30,94,18,"5348563"
104,"spotify:track:3kxfsdsCpFgN412fpnW85Y","Childish Gambino","Redbone","Glassnote - VMG",72,98,18,"5230214"
105,"spotify:track:0QsvXIfqM0zZoerQfsI9lm","The Chainsmokers, Daya","Don't Let Me Down","Disruptor Records/Columbia",25,96,18,"5178844"
106,"spotify:track:6Q2FftbUG530lCtBI74bMH","A Boogie Wit da Hoodie, Kodak Black","Drowning (feat. Kodak Black)","Highbridge The Label",106,144,2,"5139073"
107,"spotify:track:51ChrwmUPDJvedPQnIU8Ls","Ed Sheeran","Dive","Atlantic Records UK",11,92,8,"5137953"
108,"spotify:track:5hEM0JchdVzQ5PwvSfITeX","Piso 21, Maluma","Me Llamas (feat. Maluma) - Remix","WM Mexico",87,114,18,"5029207"
109,"spotify:track:0WCEaydwN65cvwaW8aqptF","Olivia Holt","History","Hollywood Records",67,108,15,"5024116"
110,"spotify:track:2XlHu0HcujBCkWMdIAvrqt","Drake","Blem","Cash Money Records/Young Money Ent./Universal Rec.",19,77,6,"4957059"
111,"spotify:track:6JV2JOEocMgcZxYSZelKcc","Justin Timberlake","CAN'T STOP THE FEELING! (from DreamWorks Animation's ""TROLLS"")","Villa 40/RCA Records",28,102,18,"4920537"
112,"spotify:track:60APt5N2NRaKWf5xzJdzyC","Calvin Harris, Young Thug, Pharrell Williams, Ariana Grande, Funk Wav","Heatstroke (feat. Young Thug, Pharrell Williams & Ariana Grande)","Columbia",64,97,4,"4840593"
113,"spotify:track:3FiE2d325mIOc4YjkSLVJR","Ariana Grande, Future","Everyday","Universal Records",87,100,8,"4822369"
114,"spotify:track:04DwTuZ2VBdJCCC5TROn7L","Martin Garrix, Bebe Rexha","In the Name of Love","Epic Amsterdam",16,106,18,"4796368"
115,"spotify:track:3EfugazgSddQvzZpkof5I4","Anne-Marie","Ciao Adios","Atlantic Records UK",113,113,5,"4785703"
116,"spotify:track:6cPyTS0Kk2sc4xQwC93kOg","The Chainsmokers","Break Up Every Night","Disruptor Records/Columbia",55,125,3,"4777443"
117,"spotify:track:6DNtNfH8hXkqOX1sjqmI7p","Major Lazer, Justin Bieber, MØ","Cold Water (feat. Justin Bieber & MØ)","Third Pardee Records",14,107,18,"4750266"
118,"spotify:track:6stYbAJgTszHAHZMPxWWCY","IAmChino, Pitbull, Yandel, El Chacal","Ay Mi Dios","Mr. 305 Records",74,116,18,"4717360"
119,"spotify:track:4pLwZjInHj3SimIyN9SnOz","Ariana Grande, Nicki Minaj","Side To Side","Universal Records",18,111,18,"4694637"
120,"spotify:track:4Hf7WnR761jpxPr5D46Bcd","Shawn Mendes","Treat You Better","Island Records",26,112,18,"4680388"
121,"spotify:track:4b4KcovePX8Ke2cLIQTLM0","The Vamps, Matoma","All Night","EMI",22,101,18,"4680089"
122,"spotify:track:0pSBuHjILhNEo55xK1zrRt","Ayo & Teo","Rolex","Columbia",99,109,8,"4674204"
123,"spotify:track:5pvVAwQbuFoR7LkcicrKnk","Vice, Jon Bellion","Obsession (feat. Jon Bellion)","Atlantic Records",121,121,3,"4662178"
124,"spotify:track:4qknM1pQz53QOyfDVTjcM9","Shakira","Me Enamoré","Sony Music Latin",124,146,2,"4643563"
125,"spotify:track:17Fd6Yb7mSbinKG8LoWfFl","Mike Posner, Seeb","I Took A Pill In Ibiza - Seeb Remix","Monster Mountain, LLC / Island",40,118,18,"4547556"
126,"spotify:track:3EmmCZoqpWOTY1g2GBwJoR","Steve Aoki, Louis Tomlinson","Just Hold On","Ultra Records, LLC",16,110,18,"4462731"
127,"spotify:track:2aksifNn5ph8igDOkPBA02","Rihanna","Love On The Brain","Roc Nation / Rihanna",68,120,18,"4445314"
128,"spotify:track:7DM4BPaS7uofFul3ywMe46","Ricky Martin, Maluma","Vente Pa' Ca (feat. Maluma)","Sony Music Latin",49,127,18,"4444014"
129,"spotify:track:2pJZ1v8HezrAoZ0Fhzby92","Ed Sheeran","What Do I Know?","Atlantic Records UK",14,104,8,"4422535"
130,"spotify:track:4TZy1wLyHec06pwgFYDh1a","Shawn Mendes","Mercy","Island Records",22,117,18,"4410078"
131,"spotify:track:6i0V12jOa3mr6uu4WYhUBr","Twenty One Pilots","Heathens","Atlantic Records",27,119,18,"4308154"
132,"spotify:track:6fxVffaTuwjgEk5h9QyRjy","Ed Sheeran","Photograph","Atlantic Records UK",41,124,18,"4270050"
133,"spotify:track:68EMU2RD1ECNeOeJ5qAXCV","Charlie Puth, Selena Gomez","We Don't Talk Anymore (feat. Selena Gomez)","Artist Partner",39,130,18,"4227610"
134,"spotify:track:4ZJPwET9Jrgpkqi4Vo3Yg8","Bebe Rexha, Ty Dolla $ign","Bad Bitch (feat. Ty Dolla $ign)","Warner Records",134,153,2,"4220373"
135,"spotify:track:6y2Kaz9QI01XBKJ8mTb7Pf","Rag'n'Bone Man","Skin","Best Laid Plans/Columbia",95,132,11,"4206548"
136,"spotify:track:4uoumbAMEMaKdtiv763jKz","Zara Larsson","TG4M","Epic/Record Company TEN",128,128,4,"4188050"
137,"spotify:track:77lGafvlU68CeHgB2pkHC9","mgk, Hailee Steinfeld","At My Best (feat. Hailee Steinfeld)","Bad Boy / Interscope",128,152,6,"4182919"
138,"spotify:track:6rQSrBHf7HlZjtcMZ4S4bO","J Balvin, Pharrell Williams, BIA, Sky Rompiendo","Safari","UMLE - Latino",43,134,18,"4175376"
139,"spotify:track:1cG0umU5TKStygKsPFZ9pY","Robin Schulz, David Guetta, Cheat Codes","Shed a Light","Tonspiel",30,122,18,"4095548"
140,"spotify:track:5HDPtsnyb3maFmPL8LLUTG","Ed Sheeran","New Man","Atlantic Records UK",12,115,8,"4042684"
141,"spotify:track:1vvNmPOiUuyCbgWmtc6yfm","Calvin Harris","My Way","Columbia",23,129,18,"4017665"
142,"spotify:track:5i50gKdLAjjIr7UxRT5IVy","Sebastian Yatra, Nacho, Wisin","Alguien Robo","UMLE - Latino",142,160,7,"4004405"
143,"spotify:track:27SdWb2rFzO6GWiYDBTD9j","Sia","Cheap Thrills","Monkey Puzzle Records/RCA Records",31,141,18,"3983034"
144,"spotify:track:6fujklziTHa8uoM5OQSfIo","Rae Sremmurd, Gucci Mane","Black Beatles","Mike WiLL Made-It",6,135,18,"3981067"
145,"spotify:track:58zsLZPvfflaiIbNWoA22O","Rag'n'Bone Man","Human","Best Laid Plans/Columbia",53,131,18,"3941700"
146,"spotify:track:3CRDbSIZ4r5MsZ0YwxuEkn","Twenty One Pilots","Stressed Out","Fueled By Ramen",63,140,18,"3938213"
147,"spotify:track:3dQDid3IUNhZy1OehIfYfE","Wisin","Vacaciones","Sony Music Latin",79,155,18,"3937829"
148,"spotify:track:3hB5DgAiMAQ4DzYbsMq1IT","Justin Bieber","Love Yourself","RBMG/Def Jam",62,147,18,"3926952"
149,"spotify:track:7gHs73wELdeycvS48JfIos","Alan Walker","Faded","Kreatell Music",64,142,18,"3886842"
150,"spotify:track:0Fv5N0cHBsl4bzCbollCAS","Big Sean","Moves","Getting Out Our Dreams Inc. (G.O.O.D.) Music / IDJ",48,157,16,"3858155"
151,"spotify:track:1Slwb6dOYkBlWal1PGtnNg","Ed Sheeran","Thinking out Loud","Atlantic Records UK",58,145,18,"3854361"
152,"spotify:track:3BY2mafsbsoKGqS380Xnuz","Don Omar, Zion & Lennox","Te Quiero Pa´Mi","UMLE - Machete",141,164,15,"3804654"
153,"spotify:track:7yyRTcZmCiyzzJlNzGC9Ol","DRAM, Lil Yachty","Broccoli (feat. Lil Yachty)","W.A.V.E. Recordings/EMPIRE/Atlantic",44,148,18,"3762057"
154,"spotify:track:0prNGof3XqfTvNDxHonvdK","Alessia Cara","Scars To Your Beautiful","EP Entertainment, LLC / Def Jam",29,159,18,"3738693"
155,"spotify:track:4tCtwWceOPWzenK2HAIJSb","Fifth Harmony, Ty Dolla $ign","Work from Home (feat. Ty Dolla $ign)","Syco Music/Epic",48,158,18,"3728099"
156,"spotify:track:2Z8WuEywRWYTKe1NybPQEW","Twenty One Pilots","Ride","Fueled By Ramen",54,151,18,"3720963"
157,"spotify:track:69bp2EbF7Q2rqc5N3ylezZ","Justin Bieber","Sorry","RBMG/Def Jam",65,163,18,"3697598"
158,"spotify:track:3Lfiu5sZ4M4B6JaKMBc0FU","Ed Sheeran","Barcelona","Atlantic Records UK",22,137,8,"3629544"
159,"spotify:track:1PSBzsahR2AKwLJgx8ehBj","mgk, Camila Cabello","Bad Things (with Camila Cabello)","Bad Boy / Interscope",16,150,18,"3623468"
160,"spotify:track:5J1c3M4EldCfNxXwrwt8mT","Sebastian Yatra","Traicionera","UMLE - Latino",84,172,18,"3622609"
161,"spotify:track:6n3HGiq4v35D6eFOSwqYuo","Drake","Teenage Fever","Cash Money Records/Young Money Ent./Universal Rec.",36,138,6,"3620252"
162,"spotify:track:0azC730Exh71aQlOt9Zj3y","Calvin Harris, Rihanna","This Is What You Came For","Columbia",45,162,18,"3615448"
163,"spotify:track:4VuS959DSpr82t3qBqCrWG","Ed Sheeran","Supermarket Flowers","Atlantic Records UK",21,139,8,"3607198"
164,"spotify:track:5bZtRlMBU76vHuDOb1GM5u","Jonas Blue, JP Cooper","Perfect Strangers","UMOD (Universal Music On Demand)",53,161,18,"3588866"
165,"spotify:track:0Zx8khUcEfCFK2AEoIhC92","Snakehips, MØ","Don't Leave","Hoffman West/Columbia",40,154,16,"3585581"
166,"spotify:track:1sYSP7gKa5kdKIfhANfori","MAX","Lights Down Low","DCD2 / Crush Music",166,170,8,"3571667"
167,"spotify:track:05KOgYg8PGeJyyWBPi5ja8","Drake","Free Smoke","Cash Money Records/Young Money Ent./Universal Rec.",16,136,6,"3557269"
168,"spotify:track:7y6c07pgjZvtHI9kuMVqk1","Drake, Black Coffee, Jorja Smith","Get It Together","Cash Money Records/Young Money Ent./Universal Rec.",28,143,6,"3547921"
169,"spotify:track:0tICYNayWWhH9GPeFrfjfD","Kungs, Cookin' On 3 Burners","This Girl (Kungs Vs. Cookin' On 3 Burners)","Universal Music Division Island Def Jam",97,176,18,"3452878"
170,"spotify:track:5hTpBe8h35rJ67eAWHQsJx","Aminé","Caroline","Universal Records",42,166,18,"3429296"
171,"spotify:track:2rizacJSyD9S1IQUxUxnsK","The Chainsmokers, Phoebe Ryan","All We Know","Disruptor Records/Columbia",24,165,18,"3363449"
172,"spotify:track:0kN8xEmgMW9mh7UmDYHlJP","Bruno Mars","Versace on the Floor","Atlantic Records",82,173,18,"3354176"
173,"spotify:track:6PJ8FF6UR8FZXfEvpHkIVN","Ed Sheeran","How Would You Feel (Paean)","Atlantic Records UK",17,156,10,"3349095"
174,"spotify:track:6VHdcVbiKLYYOcMbIqBcuK","Cali Y El Dandee, Shaggy","Lumbra","Cali y El Dandee Catalog",174,199,3,"3346617"
175,"spotify:track:1FUViuNSldssMIawrOXF2i","Bebe Rexha","I Got You","Warner Records",55,168,18,"3345476"
176,"spotify:track:5OOkp4U9P9oL23maHFHL1h","Desiigner","Panda","Getting Out Our Dreams Inc. (G.O.O.D.) Music / IDJ",66,178,18,"3332858"
177,"spotify:track:3cFsmM51N5zMAuu1nNY4Tw","Sean Paul, Dua Lipa","No Lie","Universal-Island Records Ltd.",80,185,17,"3330844"
178,"spotify:track:5q5gzmbBS5yQzos2BvVr1t","MØ","Nights With You","Chess Club/RCA Victor",178,-1,1,"3327751"
179,"spotify:track:0hNduWmlWmEmuwEFcYvRu1","Petit Biscuit","Sunset Lover","Petit Biscuit",53,180,18,"3325684"
180,"spotify:track:4WjH9Bzt3kx7z8kl0awxh4","Major Lazer, MØ, DJ Snake","Lean On (feat. MØ & DJ Snake)","Third Pardee Records",113,182,18,"3309350"
181,"spotify:track:4vb4mFvYsr2h6enhjJsq9Y","Adele","Water Under the Bridge","XL Recordings",51,169,18,"3309014"
182,"spotify:track:50PWlIBU7PlGGwzgN8TiFJ","Lady Gaga","Million Reasons","Interscope",79,177,17,"3265490"
183,"spotify:track:1D3ODoXHBLpdxolZRHWV1j","Jonas Blue, RAYE","By Your Side","Positiva",34,183,18,"3251004"
184,"spotify:track:4dASQiO1Eoo3RJvt74FtXB","Lil Wayne, Wiz Khalifa, Imagine Dragons, X Ambassadors, Logic, Ty Dolla $ign","Sucker for Pain (with Wiz Khalifa, Imagine Dragons, Logic & Ty Dolla $ign feat. X Ambassadors)","Atlantic Records",75,184,18,"3236107"
185,"spotify:track:76Y0gxtTxN0FyDCYh5qYQj","Migos","Get Right Witcha","Quality Control Music",118,-1,3,"3234023"
186,"spotify:track:7129iqBafaphfc3WPCGC0L","Lukas Graham","7 Years","Universal Music A/S",89,181,18,"3226531"
187,"spotify:track:209gZgcfLq2aUuu51vOWBl","CNCO, Yandel","Hey DJ","Sony Music Latin",187,-1,1,"3221430"
188,"spotify:track:0sXvAOmXgjR2QUqLK1MltU","Carlos Vives, Shakira","La Bicicleta","Sony Music Latin",80,189,18,"3211873"
189,"spotify:track:0JiVRyTJcJnmlwCZ854K4p","Alan Walker","Alone","Kreatell Music",36,175,18,"3197183"
190,"spotify:track:5qbcsZMwL0x46sX7VO37Ye","NAV","Up","XO Records",190,-1,1,"3191345"
191,"spotify:track:5Z01UMMf7V1o0MzF86s6WJ","Eminem","Lose Yourself","Eminem Catalog PS",150,200,13,"3188023"
192,"spotify:track:2aFiaMXmWsM3Vj72F9ksBl","DNCE","Cake By The Ocean","Joseph Jonas/Republic Records",70,186,18,"3182376"
193,"spotify:track:7vRriwrloYVaoAe3a9wJHe","gnash, Olivia O'Brien","i hate u, i love u (feat. olivia o'brien)",":):",67,193,18,"3159428"
194,"spotify:track:0v9Wz8o0BT8DU38R4ddjeH","Chance the Rapper, Lil Wayne, 2 Chainz","No Problem (feat. Lil Wayne & 2 Chainz)","Chance the Rapper",89,179,18,"3129505"
195,"spotify:track:46HdsiK0uR26B2dY9QPzda","Prince Royce, Shakira","Deja vu","Sony Music Latin",171,-1,3,"3114258"
196,"spotify:track:20ZAJdsKB5IGbGj4ilRt2o","Ozuna","Dile Que Tu Me Quieres","VP Records Corp/Dimelo Vi",94,197,18,"3102786"
197,"spotify:track:2KvHC9z14GSl4YpkNMX384","Drake","Do Not Disturb","Cash Money Records/Young Money Ent./Universal Rec.",62,-1,5,"3091045"
198,"spotify:track:7FCfMXYTIiQ9b4hDYs4Iol","Dua Lipa","Be the One","Warner Records",114,133,11,"3085801"
199,"spotify:track:4F7A0DXBrmUAkp32uenhZt","The Weeknd","Party Monster","Universal Republic Records",43,191,18,"3082668"
200,"spotify:track:6eT7xZZlB2mwyzJ2sUKG6w","Post Malone","White Iverson","Universal Records",176,-1,12,"3063298"
