﻿rank,uri,artist_names,track_name,source,peak_rank,previous_rank,weeks_on_chart,streams
1,"spotify:track:7qiZfU4dY1lWllzX7mPBI3","Ed Sheeran","Shape of You","Atlantic Records UK",1,1,11,"51372566"
2,"spotify:track:3eR23VReFzcdmS7TYCrhCe","Kygo, Selena Gomez","It Ain't Me (with Selena Gomez)","Kygo",2,2,5,"28734199"
3,"spotify:track:6RUKPb4LETWmmr3iAEQktW","The Chainsmokers, Coldplay","Something Just Like This","Disruptor Records/Columbia",2,4,5,"27444916"
4,"spotify:track:7hDc8b7IXETo14hHIHdnhd","Drake","Passionfruit","Cash Money Records/Young Money Ent./Universal Rec.",4,-1,1,"26728771"
5,"spotify:track:0afhq8XCExXpqazXczTSve","Ed Sheeran","Galway Girl","Atlantic Records UK",2,3,3,"26546030"
6,"spotify:track:4aWmUDTfIPGksMNLV2rQP2","Luis Fonsi, Daddy Yankee","Despacito","UMLE - Latino",4,6,10,"23605894"
7,"spotify:track:0dA2Mk56wEzDgegdC6R17g","Zedd, Alessia Cara","Stay","UMGRI Interscope",7,10,4,"21693164"
8,"spotify:track:0KKkJNfGyhkQ5aFogxQAPU","Bruno Mars","That's What I Like","Atlantic Records",8,9,13,"21530284"
9,"spotify:track:3NdDpSvN911VPGivFlV5d0","ZAYN, Taylor Swift","I Don’t Wanna Live Forever (Fifty Shades Darker)","Taylor Swift",2,7,13,"21451672"
10,"spotify:track:72jbDTw1piOOj770jWNeaG","The Chainsmokers","Paris","Disruptor Records/Columbia",2,8,10,"20745667"
11,"spotify:track:6PCUP3dWmTjcTtXY02oFdT","Ed Sheeran","Castle on the Hill","Atlantic Records UK",2,5,11,"19717930"
12,"spotify:track:3ebXMykcMXOcLeJ9xZ17XH","Martin Garrix, Dua Lipa","Scared to Be Lonely","Epic Amsterdam",5,11,8,"18500490"
13,"spotify:track:2bjwRfXMk4uRgOD9IBYl9h","Drake, Quavo, Travis Scott","Portland","Cash Money Records/Young Money Ent./Universal Rec.",13,-1,1,"18483188"
14,"spotify:track:6D0b04NJIKfEMg040WioJQ","Julia Michaels","Issues","J/Republic",9,14,10,"18057959"
15,"spotify:track:3rOSwuTsUlJp0Pu0MkN8r8","Future","Mask Off","Epic/Freebandz/A1",15,17,5,"17391331"
16,"spotify:track:05KOgYg8PGeJyyWBPi5ja8","Drake","Free Smoke","Cash Money Records/Young Money Ent./Universal Rec.",16,-1,1,"17122268"
17,"spotify:track:7tr2za8SQg2CI8EDgrdtNl","Calvin Harris, Frank Ocean, Migos, Funk Wav","Slide (feat. Frank Ocean & Migos)","Columbia",16,16,4,"16838001"
18,"spotify:track:6520aj0B4FSKGVuKNsOCOi","Katy Perry, Skip Marley","Chained To The Rhythm","Capitol Records (CAP)",7,13,6,"16687455"
19,"spotify:track:2XlHu0HcujBCkWMdIAvrqt","Drake","Blem","Cash Money Records/Young Money Ent./Universal Rec.",19,-1,1,"15863243"
20,"spotify:track:5GXAXm5YOmYT0kL5jHvYBt","The Weeknd, Daft Punk","I Feel It Coming","Universal Republic Records",9,19,13,"15337987"
21,"spotify:track:5knuzwU65gJK7IF5yJsuaW","Clean Bandit, Anne-Marie, Sean Paul","Rockabye (feat. Sean Paul & Anne-Marie)","Atlantic Records UK",3,20,13,"15210163"
22,"spotify:track:5NNlUMcOEOdoOIwwaWXv0k","Maroon 5, Future","Cold (feat. Future)","Interscope Records*",20,21,5,"15052369"
23,"spotify:track:6UjfByV1lDLW0SOVQA4NAi","Drake","Gyalchester","Cash Money Records/Young Money Ent./Universal Rec.",23,-1,1,"15030117"
24,"spotify:track:0tgVpDi06FyKpA1z0VMD4v","Ed Sheeran","Perfect","Atlantic Records UK",7,12,3,"14969127"
25,"spotify:track:0CcQNd8CINkwQfe1RDtGV6","Imagine Dragons","Believer","Kid Ina Korner / Interscope",19,22,7,"14914376"
26,"spotify:track:343YBumqHu19cGoGARUTsd","Drake","Fake Love","Cash Money Records/Young Money Ent./Universal Rec.",7,54,13,"14769259"
27,"spotify:track:6CfrYuD3YRDYdYvH9jNtXY","Drake, Giggs","No Long Talk","Cash Money Records/Young Money Ent./Universal Rec.",27,-1,1,"14713218"
28,"spotify:track:7y6c07pgjZvtHI9kuMVqk1","Drake, Black Coffee, Jorja Smith","Get It Together","Cash Money Records/Young Money Ent./Universal Rec.",28,-1,1,"14469397"
29,"spotify:track:2RttW7RAu5nOAfq6YFvApB","Ed Sheeran","Happier","Atlantic Records UK",10,15,3,"13928959"
30,"spotify:track:5uCax9HTNlzGybIStD3vDh","James Arthur","Say You Won't Let Go","Columbia",7,25,13,"13741599"
31,"spotify:track:00lNx0OcTJrS3MKHcB80HY","Jax Jones, RAYE","You Don't Know Me (feat. RAYE)","Polydor Records",31,39,11,"13526995"
32,"spotify:track:78rIJddV4X0HkNAInEcYde","Starley, Ryan Riback","Call on Me - Ryan Riback Remix","Central Station Records",13,26,13,"13219071"
33,"spotify:track:2EEeOnHehOozLq4aS0n6SL","KYLE, Lil Yachty","iSpy (feat. Lil Yachty)","independently popular.",25,28,13,"13201752"
34,"spotify:track:76gUmNLXGQVOsGhfcshkFP","Drake","Madiba Riddim","Cash Money Records/Young Money Ent./Universal Rec.",34,-1,1,"13138405"
35,"spotify:track:0xl1w2q4VLojeXp4JfazPL","Drake, 2 Chainz, Young Thug","Sacrifices","Cash Money Records/Young Money Ent./Universal Rec.",35,-1,1,"12831961"
36,"spotify:track:6n3HGiq4v35D6eFOSwqYuo","Drake","Teenage Fever","Cash Money Records/Young Money Ent./Universal Rec.",36,-1,1,"12809756"
37,"spotify:track:2jTujnt0y344ai1rNOywgr","Drake, Giggs","KMT","Cash Money Records/Young Money Ent./Universal Rec.",37,-1,1,"12768627"
38,"spotify:track:13e6f8t7RKXuxZ0JdaaJRG","Drake","Jorja Interlude","Cash Money Records/Young Money Ent./Universal Rec.",38,-1,1,"12685902"
39,"spotify:track:0gbBzIqrECJOEPvQJIBFs5","Lorde","Green Light","Universal Music New Zealand Limited",24,24,3,"12608630"
40,"spotify:track:7BKLCZ1jbUBVqRi2FVlTVw","The Chainsmokers, Halsey","Closer","Disruptor Records/Columbia",2,29,13,"12542691"
41,"spotify:track:2fkeWbM6iqTw7oGHTYm2lw","Drake, Sampha","4422","Cash Money Records/Young Money Ent./Universal Rec.",41,-1,1,"12436045"
42,"spotify:track:51ChrwmUPDJvedPQnIU8Ls","Ed Sheeran","Dive","Atlantic Records UK",11,18,3,"12240733"
43,"spotify:track:5aAx2yezTd8zXrkmtKl66Z","The Weeknd, Daft Punk","Starboy","Universal Republic Records",1,30,13,"11759643"
44,"spotify:track:5hYTyyh2odQKphUbMqc5gN","Alessia Cara, Disney","How Far I'll Go - From ""Vaiana""","Walt Disney Records",19,32,13,"11593343"
45,"spotify:track:0fg8CqpjdojMyXLNzM2PaJ","Major Lazer, PARTYNEXTDOOR, Nicki Minaj","Run Up (feat. PARTYNEXTDOOR & Nicki Minaj)","Third Pardee Records",17,31,8,"11071533"
46,"spotify:track:6HUnnBwYZqcED1eQztxMBN","Martin Jensen","Solo Dance","Intercord",25,37,13,"10869423"
47,"spotify:track:1x5sYLZiu9r5E43kMlt9f8","Clean Bandit, Zara Larsson","Symphony (feat. Zara Larsson)","Atlantic Records UK",47,-1,1,"10852755"
48,"spotify:track:5HDPtsnyb3maFmPL8LLUTG","Ed Sheeran","New Man","Atlantic Records UK",12,23,3,"10843386"
49,"spotify:track:7nKBxz47S9SD79N086fuhn","Enrique Iglesias, Descemer Bueno, Zion & Lennox","SUBEME LA RADIO","RCA Records/Sony Music International/Sony Music Latin",48,48,4,"10504047"
50,"spotify:track:6mICuAdrwEjh6Y6lroV2Kg","Shakira, Maluma","Chantaje (feat. Maluma)","Sony Music Latin",13,38,13,"10500249"
51,"spotify:track:2dfqS3MRtbLZSZA1IL8xY5","Drake","Skepta Interlude","Cash Money Records/Young Money Ent./Universal Rec.",51,-1,1,"10296945"
52,"spotify:track:2pJZ1v8HezrAoZ0Fhzby92","Ed Sheeran","What Do I Know?","Atlantic Records UK",14,27,3,"10177469"
53,"spotify:track:28irpKCCK9nn9DZSik2zEx","Drake, Kanye West","Glow","Cash Money Records/Young Money Ent./Universal Rec.",53,-1,1,"10145265"
54,"spotify:track:4Km5HrUvYTaSUfiSGPJeQR","Migos, Lil Uzi Vert","Bad and Boujee (feat. Lil Uzi Vert)","Quality Control Music",9,36,13,"10124937"
55,"spotify:track:3a1lNhkSLSkpJE4MSHpDu9","Post Malone, Quavo","Congratulations","Universal Records",39,44,9,"9901027"
56,"spotify:track:3E2Zh20GDCR9B1EYjfXWyv","AJR","Weak","Black Butter",25,42,13,"9845782"
57,"spotify:track:3umS4y3uQDkqekNjVpiRUs","Nicky Jam","El Amante","Sony Music Latin",32,46,9,"9712097"
58,"spotify:track:5f5r2N4Lp9WoULWPH9zp2W","Drake","Can't Have Everything","Cash Money Records/Young Money Ent./Universal Rec.",58,-1,1,"9681885"
59,"spotify:track:6MbH1QiphMCPTqVEVC7UYi","Drake","Nothings Into Somethings","Cash Money Records/Young Money Ent./Universal Rec.",59,-1,1,"9673382"
60,"spotify:track:1CnPYaKxTVb4LWOtiGOm0m","Jon Bellion","All Time Low","Capitol Records (CAP)",30,41,13,"9617102"
61,"spotify:track:2Na0z2gfN67Rzf0vp74Wi3","Drake","Lose You","Cash Money Records/Young Money Ent./Universal Rec.",61,-1,1,"9612795"
62,"spotify:track:2KvHC9z14GSl4YpkNMX384","Drake","Do Not Disturb","Cash Money Records/Young Money Ent./Universal Rec.",62,-1,1,"9604297"
63,"spotify:track:4b4KcovePX8Ke2cLIQTLM0","The Vamps, Matoma","All Night","EMI",22,43,13,"9549116"
64,"spotify:track:4Q3N4Ct4zCuIHuZ65E3BD4","Kodak Black","Tunnel Vision","Atlantic Records",49,51,5,"9329317"
65,"spotify:track:0SGkqnVQo9KPytSri1H6cF","Big Sean","Bounce Back","Getting Out Our Dreams Inc. (G.O.O.D.) Music / IDJ",21,50,13,"8959574"
66,"spotify:track:7bJ4mu7MHa3rHiNyKjOoSl","Drake, Young Thug","Ice Melts","Cash Money Records/Young Money Ent./Universal Rec.",66,-1,1,"8863164"
67,"spotify:track:4pdPtRcBmOSQDlJ3Fk945m","DJ Snake, Justin Bieber","Let Me Love You","DJ Snake Def Jam",4,52,13,"8773002"
68,"spotify:track:4VuS959DSpr82t3qBqCrWG","Ed Sheeran","Supermarket Flowers","Atlantic Records UK",21,34,3,"8691906"
69,"spotify:track:3Lfiu5sZ4M4B6JaKMBc0FU","Ed Sheeran","Barcelona","Atlantic Records UK",22,33,3,"8657205"
70,"spotify:track:6kex4EBAj0WHXDKZMEJaaF","Jason Derulo, Nicki Minaj, Ty Dolla $ign","Swalla (feat. Nicki Minaj & Ty Dolla $ign)","Beluga Heights/Warner Records",67,67,4,"8644988"
71,"spotify:track:5JUu0unA8VwhTZ9LkMWUVI","Drake, PARTYNEXTDOOR","Since Way Back","Cash Money Records/Young Money Ent./Universal Rec.",71,-1,1,"8496526"
72,"spotify:track:1xznGGDReH1oQq0xzbwXa3","Drake, Wizkid, Kyla","One Dance","Cash Money Records/Young Money Ent./Universal Rec.",12,58,13,"8484794"
73,"spotify:track:6PJ8FF6UR8FZXfEvpHkIVN","Ed Sheeran","How Would You Feel (Paean)","Atlantic Records UK",17,35,5,"8314260"
74,"spotify:track:3EmmCZoqpWOTY1g2GBwJoR","Steve Aoki, Louis Tomlinson","Just Hold On","Ultra Records, LLC",16,49,13,"8224369"
75,"spotify:track:2Ce5IyMlVRVvN997ZJjJJA","Future, Rihanna","Selfish (feat. Rihanna)","Epic/Freebandz/A1",61,61,4,"8184464"
76,"spotify:track:6b8Be6ljOzmkOmFslEb23P","Bruno Mars","24K Magic","Atlantic Records",9,56,13,"8182234"
77,"spotify:track:6De0lHrwBfPfrhorm9q1Xl","Danny Ocean","Me Rehúso","Atlantic Records",66,66,5,"8132765"
78,"spotify:track:152lZdxL1OR0ZMW6KquMif","Khalid","Location","Right Hand Music Group, LLC/RCA Records",65,65,7,"8029777"
79,"spotify:track:0FuTx2s3YH1ppmtiM6l0zI","JP Cooper","September Song","Universal-Island Records Ltd.",57,57,12,"8013542"
80,"spotify:track:35QZaWQRkmnAVqBF1TLCxQ","Ed Sheeran","Nancy Mulligan","Atlantic Records UK",26,40,3,"7676073"
81,"spotify:track:3AEZUABDXNtecAOSC1qTfo","CNCO","Reggaetón Lento (Bailemos)","Sony Music Latin",32,59,13,"7647108"
82,"spotify:track:5MFzQMkrl1FOOng9tq6R9r","Maroon 5, Kendrick Lamar","Don't Wanna Know (feat. Kendrick Lamar)","Interscope Records*",5,60,13,"7377928"
83,"spotify:track:7KOlJ92bu51cltsD9KU5I7","Migos","T-Shirt","Quality Control Music",38,63,10,"7152850"
84,"spotify:track:2dfHh7ECGxfNqZTQno09Vk","Ed Sheeran","Hearts Don't Break Around Here","Atlantic Records UK",23,45,3,"7057694"
85,"spotify:track:0Zx8khUcEfCFK2AEoIhC92","Snakehips, MØ","Don't Leave","Hoffman West/Columbia",40,64,11,"6976700"
86,"spotify:track:1qOLh0tI7trd1zdDKxYZTe","Hailee Steinfeld, Grey, Zedd","Starving","UME - Global Clearing House",20,70,13,"6893505"
87,"spotify:track:2aksifNn5ph8igDOkPBA02","Rihanna","Love On The Brain","Roc Nation / Rihanna",68,68,13,"6840156"
88,"spotify:track:7oolFzHipTMg2nL7shhdz2","Ed Sheeran","Eraser","Atlantic Records UK",20,47,3,"6656213"
89,"spotify:track:3QwBODjSEzelZyVjxPOHdq","Zion & Lennox, J Balvin","Otra Vez (feat. J Balvin)","WEA Latina",50,72,13,"6621604"
90,"spotify:track:1FUViuNSldssMIawrOXF2i","Bebe Rexha","I Got You","Warner Records",55,69,13,"6322954"
91,"spotify:track:1a5Yu5L18qNxVhXx38njON","Alok, Zeeba, Bruno Martini","Hear Me Now","Spinnin' Records",27,73,13,"6110388"
92,"spotify:track:6SznMYPQJHzr3IwsAHLId2","Ed Sheeran","Bibia Be Ye Ye","Atlantic Records UK",32,53,3,"6090672"
93,"spotify:track:7mldq42yDuxiUNn08nvzHO","Sam Hunt","Body Like A Back Road","MCA Nashville",63,80,7,"6086409"
94,"spotify:track:04DwTuZ2VBdJCCC5TROn7L","Martin Garrix, Bebe Rexha","In the Name of Love","Epic Amsterdam",16,74,13,"6026485"
95,"spotify:track:6mapJIPnQ23RTAevUoE0DL","Rae Sremmurd","Swang","Mike WiLL Made-It",71,78,13,"5993758"
96,"spotify:track:0hNduWmlWmEmuwEFcYvRu1","Petit Biscuit","Sunset Lover","Petit Biscuit",53,79,13,"5920308"
97,"spotify:track:6DNtNfH8hXkqOX1sjqmI7p","Major Lazer, Justin Bieber, MØ","Cold Water (feat. Justin Bieber & MØ)","Third Pardee Records",14,77,13,"5906168"
98,"spotify:track:1PSBzsahR2AKwLJgx8ehBj","mgk, Camila Cabello","Bad Things (with Camila Cabello)","Bad Boy / Interscope",16,71,13,"5905711"
99,"spotify:track:6TIU9Ehmi6dMzZK73Ym4yj","Ed Sheeran","Save Myself","Atlantic Records UK",37,55,3,"5797200"
100,"spotify:track:4okba5wu9mMLXx79DXLKi3","Daddy Yankee, Ozuna","La Rompe Corazones","Craft Latino",84,84,7,"5791512"
101,"spotify:track:5Ua3GXyHwiSfpNTMjq6m2z","Little Mix","Touch","Syco Music",68,76,12,"5729587"
102,"spotify:track:4pLwZjInHj3SimIyN9SnOz","Ariana Grande, Nicki Minaj","Side To Side","Universal Records",18,81,13,"5720155"
103,"spotify:track:1cG0umU5TKStygKsPFZ9pY","Robin Schulz, David Guetta, Cheat Codes","Shed a Light","Tonspiel",30,75,13,"5709130"
104,"spotify:track:6JV2JOEocMgcZxYSZelKcc","Justin Timberlake","CAN'T STOP THE FEELING! (from DreamWorks Animation's ""TROLLS"")","Villa 40/RCA Records",28,83,13,"5666892"
105,"spotify:track:7abpmGpF7PGep2rDU68GBR","Burak Yeter, Danelle Sandoval","Tuesday","SBA Production",95,95,6,"5502496"
106,"spotify:track:0QsvXIfqM0zZoerQfsI9lm","The Chainsmokers, Daya","Don't Let Me Down","Disruptor Records/Columbia",25,88,13,"5451947"
107,"spotify:track:6fujklziTHa8uoM5OQSfIo","Rae Sremmurd, Gucci Mane","Black Beatles","Mike WiLL Made-It",6,85,13,"5370478"
108,"spotify:track:1vvNmPOiUuyCbgWmtc6yfm","Calvin Harris","My Way","Columbia",23,86,13,"5295230"
109,"spotify:track:4Hf7WnR761jpxPr5D46Bcd","Shawn Mendes","Treat You Better","Island Records",26,90,13,"5275208"
110,"spotify:track:1KT0xdIjm7t053xByACrrg","Ariana Grande, John Legend","Beauty and the Beast","Walt Disney Records",110,171,2,"5214692"
111,"spotify:track:5q2JbCNi4FcnglgPfxcV65","Anuel AA, Daddy Yankee, Zion & Lennox, Farruko, Wisin","Sola (Remix)","Spiff TV, LLC / Real Hasta La Muerte, Inc.",92,98,8,"5187117"
112,"spotify:track:6rQSrBHf7HlZjtcMZ4S4bO","J Balvin, Pharrell Williams, BIA, Sky Rompiendo","Safari","UMLE - Latino",43,87,13,"5169090"
113,"spotify:track:4TZy1wLyHec06pwgFYDh1a","Shawn Mendes","Mercy","Island Records",22,89,13,"5141848"
114,"spotify:track:6i0V12jOa3mr6uu4WYhUBr","Twenty One Pilots","Heathens","Atlantic Records",27,93,13,"5139882"
115,"spotify:track:0WCEaydwN65cvwaW8aqptF","Olivia Holt","History","Hollywood Records",67,96,10,"5090222"
116,"spotify:track:6qDF4wWL49CAVbgT7yuHl8","J Balvin","Sigo Extrañándote","UMLE - Latino",116,119,3,"5054822"
117,"spotify:track:4ARPvK8DHLwt4oX65ZAFMw","XXXTENTACION","Look At Me!","Bad Vibes Forever / EMPIRE",103,103,3,"4954784"
118,"spotify:track:5hEM0JchdVzQ5PwvSfITeX","Piso 21, Maluma","Me Llamas (feat. Maluma) - Remix","WM Mexico",87,106,13,"4952794"
119,"spotify:track:7KcGEssn7BnJdTgildK5y0","Nicki Minaj, Drake, Lil Wayne","No Frauds","Nicki Minaj/Cash Money",62,62,2,"4948050"
120,"spotify:track:7DM4BPaS7uofFul3ywMe46","Ricky Martin, Maluma","Vente Pa' Ca (feat. Maluma)","Sony Music Latin",49,102,13,"4908644"
121,"spotify:track:17Fd6Yb7mSbinKG8LoWfFl","Mike Posner, Seeb","I Took A Pill In Ibiza - Seeb Remix","Monster Mountain, LLC / Island",40,110,13,"4903923"
122,"spotify:track:0pSBuHjILhNEo55xK1zrRt","Ayo & Teo","Rolex","Columbia",99,99,3,"4881166"
123,"spotify:track:6stYbAJgTszHAHZMPxWWCY","IAmChino, Pitbull, Yandel, El Chacal","Ay Mi Dios","Mr. 305 Records",74,125,13,"4855038"
124,"spotify:track:58zsLZPvfflaiIbNWoA22O","Rag'n'Bone Man","Human","Best Laid Plans/Columbia",53,97,13,"4835213"
125,"spotify:track:6fxVffaTuwjgEk5h9QyRjy","Ed Sheeran","Photograph","Atlantic Records UK",41,91,13,"4750606"
126,"spotify:track:6Nle9hKrkL1wQpwNfEkxjh","Frank Ocean","Chanel","Blonded",92,92,2,"4744960"
127,"spotify:track:4Q4jmPHwu0wrJvqrld0FQ6","Zara Larsson","I Would Like","Epic/Record Company TEN",29,132,13,"4736689"
128,"spotify:track:68EMU2RD1ECNeOeJ5qAXCV","Charlie Puth, Selena Gomez","We Don't Talk Anymore (feat. Selena Gomez)","Artist Partner",39,108,13,"4735367"
129,"spotify:track:3kxfsdsCpFgN412fpnW85Y","Childish Gambino","Redbone","Glassnote - VMG",72,100,13,"4678654"
130,"spotify:track:7yyRTcZmCiyzzJlNzGC9Ol","DRAM, Lil Yachty","Broccoli (feat. Lil Yachty)","W.A.V.E. Recordings/EMPIRE/Atlantic",44,112,13,"4667025"
131,"spotify:track:0Fv5N0cHBsl4bzCbollCAS","Big Sean","Moves","Getting Out Our Dreams Inc. (G.O.O.D.) Music / IDJ",48,115,11,"4664745"
132,"spotify:track:5hTpBe8h35rJ67eAWHQsJx","Aminé","Caroline","Universal Records",42,101,13,"4621485"
133,"spotify:track:6gBFPUFcJLzWGx4lenP6h2","Travis Scott","goosebumps","Cactus Jack / Epic",111,114,12,"4593215"
134,"spotify:track:0prNGof3XqfTvNDxHonvdK","Alessia Cara","Scars To Your Beautiful","EP Entertainment, LLC / Def Jam",29,113,13,"4550525"
135,"spotify:track:2Vdub5mY4lad7w64bFPUez","Pitbull, J Balvin, Camila Cabello","Hey Ma (with Pitbull & J Balvin feat. Camila Cabello)","Artist Partner",135,155,2,"4543917"
136,"spotify:track:2dqLk7ezV15LEJEwUmEbXB","Marian Hill","Down","Photo Finish / Republic Records",117,117,6,"4513397"
137,"spotify:track:1Slwb6dOYkBlWal1PGtnNg","Ed Sheeran","Thinking out Loud","Atlantic Records UK",58,104,13,"4510603"
138,"spotify:track:2rizacJSyD9S1IQUxUxnsK","The Chainsmokers, Phoebe Ryan","All We Know","Disruptor Records/Columbia",24,116,13,"4432483"
139,"spotify:track:4F7A0DXBrmUAkp32uenhZt","The Weeknd","Party Monster","Universal Republic Records",43,107,13,"4428235"
140,"spotify:track:3FiE2d325mIOc4YjkSLVJR","Ariana Grande, Future","Everyday","Universal Records",140,156,3,"4408423"
141,"spotify:track:1lntL1cI2UIWlxjL5QiN8g","Lauv","The Other","Lauv",103,123,10,"4401639"
142,"spotify:track:0JiVRyTJcJnmlwCZ854K4p","Alan Walker","Alone","Kreatell Music",36,111,13,"4400824"
143,"spotify:track:3CRDbSIZ4r5MsZ0YwxuEkn","Twenty One Pilots","Stressed Out","Fueled By Ramen",63,126,13,"4372241"
144,"spotify:track:27SdWb2rFzO6GWiYDBTD9j","Sia","Cheap Thrills","Monkey Puzzle Records/RCA Records",31,130,13,"4332880"
145,"spotify:track:6wV12xIUb8oFY7lBy4KuQe","Aaron Carter","Sooner Or Later","Z Entertainment/Sony Music",105,124,7,"4320318"
146,"spotify:track:6F609ICg9Spjrw1epsAnpa","Drake","Controlla","Cash Money Records/Young Money Ent./Universal Rec.",78,174,13,"4297110"
147,"spotify:track:4vb4mFvYsr2h6enhjJsq9Y","Adele","Water Under the Bridge","XL Recordings",51,82,13,"4289802"
148,"spotify:track:0kN8xEmgMW9mh7UmDYHlJP","Bruno Mars","Versace on the Floor","Atlantic Records",82,122,13,"4287370"
149,"spotify:track:6y2Kaz9QI01XBKJ8mTb7Pf","Rag'n'Bone Man","Skin","Best Laid Plans/Columbia",95,118,6,"4269747"
150,"spotify:track:7FCfMXYTIiQ9b4hDYs4Iol","Dua Lipa","Be the One","Warner Records",114,127,6,"4262357"
151,"spotify:track:60xaS8mYBKUW4VQQ666N0T","Chance the Rapper, Knox Fortune","All Night (feat. Knox Fortune)","Chance the Rapper",151,199,2,"4251394"
152,"spotify:track:6t2ubAB4iSYOuIpRAOGd4t","Flo Rida, 99 Percent","Cake - Challenge Version","Atlantic Records",90,129,11,"4238413"
153,"spotify:track:1rIKgCH4H52lrvDcz50hS8","Zara Larsson","Lush Life","Epic/Record Company TEN",124,185,10,"4226528"
154,"spotify:track:5bZtRlMBU76vHuDOb1GM5u","Jonas Blue, JP Cooper","Perfect Strangers","UMOD (Universal Music On Demand)",53,131,13,"4218418"
155,"spotify:track:7gHs73wELdeycvS48JfIos","Alan Walker","Faded","Kreatell Music",64,137,13,"4203154"
156,"spotify:track:08WPvDEsHvTFuB9w8tC2OS","Sage The Gemini","Now and Later","Global Gemini",29,109,13,"4196354"
157,"spotify:track:11KJSRSgaDxqydKYiD2Jew","Drake, Rihanna","Too Good","Cash Money Records/Young Money Ent./Universal Rec.",60,150,13,"4188837"
158,"spotify:track:3dQDid3IUNhZy1OehIfYfE","Wisin","Vacaciones","Sony Music Latin",79,128,13,"4183792"
159,"spotify:track:2Z8WuEywRWYTKe1NybPQEW","Twenty One Pilots","Ride","Fueled By Ramen",54,133,13,"4180651"
160,"spotify:track:3hB5DgAiMAQ4DzYbsMq1IT","Justin Bieber","Love Yourself","RBMG/Def Jam",62,136,13,"4119729"
161,"spotify:track:3cFsmM51N5zMAuu1nNY4Tw","Sean Paul, Dua Lipa","No Lie","Universal-Island Records Ltd.",80,121,12,"4099566"
162,"spotify:track:0azC730Exh71aQlOt9Zj3y","Calvin Harris, Rihanna","This Is What You Came For","Columbia",45,135,13,"4053805"
163,"spotify:track:4tCtwWceOPWzenK2HAIJSb","Fifth Harmony, Ty Dolla $ign","Work from Home (feat. Ty Dolla $ign)","Syco Music/Epic",48,140,13,"4053767"
164,"spotify:track:1D3ODoXHBLpdxolZRHWV1j","Jonas Blue, RAYE","By Your Side","Positiva",34,141,13,"3986364"
165,"spotify:track:6A8dnC0xkiuWN4BshmTB2I","A R I Z O N A","Oceans Away","Atlantic Records",108,120,10,"3933249"
166,"spotify:track:4ckuS4Nj4FZ7i3Def3Br8W","Drake, 21 Savage","Sneakin’","Cash Money Records/Young Money Ent./Universal Rec.",91,173,13,"3910440"
167,"spotify:track:3BY2mafsbsoKGqS380Xnuz","Don Omar, Zion & Lennox","Te Quiero Pa´Mi","UMLE - Machete",141,145,10,"3898867"
168,"spotify:track:69bp2EbF7Q2rqc5N3ylezZ","Justin Bieber","Sorry","RBMG/Def Jam",65,142,13,"3896155"
169,"spotify:track:3UjJP4ludb74a29P5EHEIo","Sabrina Carpenter","Thumbs","Hollywood Records",169,169,6,"3860694"
170,"spotify:track:5i50gKdLAjjIr7UxRT5IVy","Sebastian Yatra, Nacho, Wisin","Alguien Robo","UMLE - Latino",164,164,2,"3815999"
171,"spotify:track:5J1c3M4EldCfNxXwrwt8mT","Sebastian Yatra","Traicionera","UMLE - Latino",84,149,13,"3784897"
172,"spotify:track:1AkTW13ysu0AJrwuM6UY0I","Charly Black, Daddy Yankee","Gyal You a Party Animal - Remix","Allezgo Productions",130,146,13,"3769274"
173,"spotify:track:5OOkp4U9P9oL23maHFHL1h","Desiigner","Panda","Getting Out Our Dreams Inc. (G.O.O.D.) Music / IDJ",66,147,13,"3762324"
174,"spotify:track:4dASQiO1Eoo3RJvt74FtXB","Lil Wayne, Wiz Khalifa, Imagine Dragons, X Ambassadors, Logic, Ty Dolla $ign","Sucker for Pain (with Wiz Khalifa, Imagine Dragons, Logic & Ty Dolla $ign feat. X Ambassadors)","Atlantic Records",75,153,13,"3742675"
175,"spotify:track:77lGafvlU68CeHgB2pkHC9","mgk, Hailee Steinfeld","At My Best (feat. Hailee Steinfeld)","Bad Boy / Interscope",175,-1,1,"3619523"
176,"spotify:track:4gZOWIMzQnn8H2ENrs7UsW","Axwell /\ Ingrosso, Axwell, Sebastian Ingrosso, Kid Ink","I Love You","Pophouse Entertainment Group",160,160,6,"3591984"
177,"spotify:track:0v9Wz8o0BT8DU38R4ddjeH","Chance the Rapper, Lil Wayne, 2 Chainz","No Problem (feat. Lil Wayne & 2 Chainz)","Chance the Rapper",89,151,13,"3590875"
178,"spotify:track:4xyNG8vZR3g8FnphVkbjRo","Lana Del Rey","Love","Polydor Records",52,143,5,"3573105"
179,"spotify:track:6fwdbPMwP1zVStm8FybmkO","21 Savage, Metro Boomin, Future","X (feat. Future)","Slaughter Gang, LLC",79,158,13,"3549925"
180,"spotify:track:6nxQdXa1uAL0rY72wPZu89","John Legend","Love Me Now","Columbia",33,152,13,"3517436"
181,"spotify:track:7vRriwrloYVaoAe3a9wJHe","gnash, Olivia O'Brien","i hate u, i love u (feat. olivia o'brien)",":):",67,163,13,"3513820"
182,"spotify:track:0or0gNaKAXYYCsOrpvRzAu","Lorde","Liability","Universal Music New Zealand Limited",94,94,2,"3510179"
183,"spotify:track:50PWlIBU7PlGGwzgN8TiFJ","Lady Gaga","Million Reasons","Interscope",79,154,12,"3506000"
184,"spotify:track:0tICYNayWWhH9GPeFrfjfD","Kungs, Cookin' On 3 Burners","This Girl (Kungs Vs. Cookin' On 3 Burners)","Universal Music Division Island Def Jam",97,167,13,"3466593"
185,"spotify:track:0sXvAOmXgjR2QUqLK1MltU","Carlos Vives, Shakira","La Bicicleta","Sony Music Latin",80,157,13,"3465819"
186,"spotify:track:7129iqBafaphfc3WPCGC0L","Lukas Graham","7 Years","Universal Music A/S",89,172,13,"3458231"
187,"spotify:track:0UeYCHOETPfai02uskjJ3x","Bag Raiders","Shooting Stars","Modular",122,144,5,"3440899"
188,"spotify:track:2aFiaMXmWsM3Vj72F9ksBl","DNCE","Cake By The Ocean","Joseph Jonas/Republic Records",70,176,13,"3433813"
189,"spotify:track:6cAKeFFYW2aClZSUyvqAEW","Isaiah Firebrace","It's Gotta Be You","Sony Music Entertainment",65,105,11,"3422541"
190,"spotify:track:7xHWNBFm6ObGEQPaUxHuKO","Sia, Kendrick Lamar","The Greatest (feat. Kendrick Lamar)","Monkey Puzzle Records/RCA Records",49,170,12,"3402551"
191,"spotify:track:5tFep7dXGd7vEJ668wTPux","Gucci Mane, Drake","Both (feat. Drake)","Guwop Enterprises/Atlantic",142,178,9,"3399683"
192,"spotify:track:3mRcWCyteY2133a7xVMrYw","Future, The Weeknd","Comin Out Strong (feat. The Weeknd)","Epic/Freebandz/A1",66,134,4,"3399649"
193,"spotify:track:6G41AeVgQkpvEbTxN5fNkW","Boef","Habiba","BOEFMUSIC",193,-1,1,"3376698"
194,"spotify:track:20ZAJdsKB5IGbGj4ilRt2o","Ozuna","Dile Que Tu Me Quieres","VP Records Corp/Dimelo Vi",94,161,13,"3365670"
195,"spotify:track:1sYSP7gKa5kdKIfhANfori","MAX","Lights Down Low","DCD2 / Crush Music",191,191,3,"3357210"
196,"spotify:track:4WjH9Bzt3kx7z8kl0awxh4","Major Lazer, MØ, DJ Snake","Lean On (feat. MØ & DJ Snake)","Third Pardee Records",113,183,13,"3315476"
197,"spotify:track:2HzfRSfCogBSsgW2CckVA2","Luke Christopher","Lot to Learn","ByStorm Entertainment/RCA Records",60,166,13,"3308105"
198,"spotify:track:14WWzenpaEgQZlqPq2nk4v","Rihanna, Drake","Work","Roc Nation / Rihanna",59,180,13,"3286481"
199,"spotify:track:27GmP9AWRs744SzKcpJsTZ","Drake, Future","Jumpman","Cash Money Records Inc.",150,-1,7,"3273457"
200,"spotify:track:5SleX0NFeODNY7Xenal3gr","Zara Larsson","Only You","Epic/Record Company TEN",200,-1,1,"3260019"
