﻿rank,uri,artist_names,track_name,source,peak_rank,previous_rank,weeks_on_chart,streams
1,"spotify:track:2rPE9A1vEgShuZxxzR2tZH","Ariana Grande","thank u, next","Republic Records",1,-1,1,"47098337"
2,"spotify:track:4w8niZpiMy6qz1mntFA5uM","DJ Snake, Selena Gomez, Ozuna, Cardi B","Taki Taki (with Selena Gomez, Ozuna & Cardi B)","DJ Snake Music Productions Limited, under exclusive license to Geffen Records",1,1,6,"38165586"
3,"spotify:track:116H0KvKr2Zl4RPuVBruDO","Bad Bunny, Drake","MIA","Rimas Entertainment LLC",1,2,4,"27575660"
4,"spotify:track:2dpaYNEQHiRxtZbfNsse99","Marshmello, Bastille","Happier","Joytime Collective",2,4,12,"24162286"
5,"spotify:track:1A6OTy97kk0mMdm78rHsm8","Post Malone, Swae Lee","Sunflower - Spider-Man: Into the Spider-Verse","Republic Records",5,5,3,"24060626"
6,"spotify:track:2VxeLyX666F8uXCJ0dZF8B","Lady Gaga, Bradley Cooper","Shallow","A Star is Born OST",5,6,6,"22847251"
7,"spotify:track:5p7ujcrUXASCNwRaWNHR1C","Halsey","Without Me","Capitol Records",7,8,5,"22018237"
8,"spotify:track:2LskIZrCeLxRvCiGP8gxlh","XXXTENTACION, Lil Pump, Swae Lee, Maluma","Arms Around You (feat. Maluma & Swae Lee)","Warner Records",3,3,2,"21937752"
9,"spotify:track:7l3E7lcozEodtVsSTCkcaA","Kodak Black, Offset, Travis Scott","ZEZE (feat. Travis Scott & Offset)","Atlantic Records",3,7,4,"20473163"
10,"spotify:track:2xLMifQCjDGFmkHkpNLD9h","Travis Scott","SICKO MODE","Cactus Jack / Epic",2,9,14,"18828317"
11,"spotify:track:1xzBco0xcoJEDXktl7Jxrr","Sheck Wes","Mo Bamba","Cactus Jack Records/ G.O.O.D. Music/ Interscope Records",11,12,12,"16977242"
12,"spotify:track:14JzyD6FlBD5z0wV5P07YI","Billie Eilish","when the party's over","Darkroom/Interscope Records",12,13,3,"16548472"
13,"spotify:track:6zeeWid2sgw4lap2jV61PZ","Khalid","Better","Right Hand Music Group, LLC/RCA Records",7,10,8,"16296806"
14,"spotify:track:0d2iYfpKoM0QCKvcLCkBao","benny blanco, Halsey, Khalid","Eastside (with Halsey & Khalid)","Benny Blanco Solo Album PS",4,14,17,"15042249"
15,"spotify:track:25sgk305KZfyuqVBQIahim","Ava Max","Sweet but Psycho","Atlantic Records",15,29,6,"14941231"
16,"spotify:track:7tFiyTwD0nx5a1eklYtX2J","Queen","Bohemian Rhapsody - Remastered 2011","EMI",16,87,10,"14790370"
17,"spotify:track:0E9ZjEAyAwOXZ7wJC0PD33","Dynoro, Gigi D'Agostino","In My Mind","Columbia/B1 Recordings",6,15,18,"14782969"
18,"spotify:track:7fa9MBXhVfQ8P8Df9OEbD8","Maroon 5, Cardi B","Girls Like You (feat. Cardi B) - Cardi B Version","Interscope Records*",2,16,23,"14754787"
19,"spotify:track:5N5k9nd479b1xpDZ4usjrg","Calvin Harris, Sam Smith, Jessie Reyez","Promises (with Sam Smith)","Columbia",5,11,12,"14341669"
20,"spotify:track:0s3nnoMeVWz3989MkNQiRf","Juice WRLD","Lucid Dreams","Juice WRLD Mixtape / ISR P&D",3,18,26,"14259821"
21,"spotify:track:3EPXxR3ImUwfayaurPi3cm","Dean Lewis","Be Alright","Universal Music Australia Pty. Ltd.",12,21,16,"14226805"
22,"spotify:track:3ee8Jmje8o58CHK66QrVC2","XXXTENTACION","SAD!","Bad Vibes Forever, LLC",1,23,36,"13310938"
23,"spotify:track:13hvHEstJ4sNbzdroPrPI3","Dua Lipa, BLACKPINK","Kiss and Make Up","Warner Records",16,17,3,"13300319"
24,"spotify:track:78QR3Wp35dqAhFEc2qAGjE","Lil Baby, Gunna","Drip Too Hard (Lil Baby & Gunna)","Quality Control Music/Young Stoner Life Records, a 300 Entertainment Label/Motown Records/Capitol Records",13,22,8,"13182915"
25,"spotify:track:6rrTr2HEAzlpC4KWZxF3S1","Little Mix, Nicki Minaj","Woman Like Me (feat. Nicki Minaj)","Syco Music",25,26,4,"12951751"
26,"spotify:track:0Dn40gxVCMo5TkgS8Ik18Q","Lil Peep, XXXTENTACION","Falling Down - Bonus Track","Columbia",2,20,8,"12895085"
27,"spotify:track:7dt6x5M1jzdTEt8oCbisTK","Post Malone","Better Now","Republic Records",1,27,28,"12782076"
28,"spotify:track:4S8d14HvHb70ImctNgVzQQ","Kanye West, Lil Pump","I Love It (& Lil Pump)","Getting Out Our Dreams, Inc./Def Jam Recordings",1,19,9,"12749355"
29,"spotify:track:0JP9xo3adEtGSdUEISiszL","XXXTENTACION","Moonlight","Bad Vibes Forever, LLC",2,24,34,"12206688"
30,"spotify:track:6xtcFXSo8H9BZN637BMVKS","Rita Ora","Let You Love Me","Atlantic Records UK",30,30,7,"11987796"
31,"spotify:track:48zFZh27QU5qsrBjn4C2FA","Ozuna, Manuel Turizo","Vaina Loca","VP Records Corp/Dimelo Vi",18,28,19,"11892952"
32,"spotify:track:2G7V7zsVDxg1yRsu7Ew9RJ","Drake","In My Feelings","Cash Money/Drake LP6",1,25,19,"11500055"
33,"spotify:track:7ATATJztoWLcqDAcVVof0C","6ix9ine, Anuel AA","BEBE (feat. Anuel AA)","ScumGang Records / TenThousand Projects, LLC",17,31,10,"11180275"
34,"spotify:track:5tAa8Uaqr4VvA3693mbIhU","Zara Larsson","Ruin My Life","Epic/Record Company TEN",34,54,3,"10791733"
35,"spotify:track:2rbDhOo9Fh61Bbu23T2qCk","Lady Gaga","Always Remember Us This Way","A Star is Born OST",35,50,4,"10609476"
36,"spotify:track:5IaHrVsrferBYDm0bDyABy","Tyga, Offset","Taste (feat. Offset)","Last Kings Music / EMPIRE",6,33,25,"10567734"
37,"spotify:track:2iUXsYOEPhVqEBwsqP70rE","5 Seconds of Summer","Youngblood","Capitol",8,36,30,"10506042"
38,"spotify:track:4zIO3ilp5HvTeK3HJHxhMP","Imagine Dragons","Natural","Kid Ina Korner / Interscope",20,35,16,"10502745"
39,"spotify:track:58q2HKrzhC3ozto2nDdN4z","Cardi B, Bad Bunny, J Balvin","I Like It","Atlantic/KSR",2,32,31,"10467959"
40,"spotify:track:43lYaovU2FoeuBMNusVVVW","Metro Boomin, 21 Savage","10 Freaky Girls (with 21 Savage)","Republic Records",40,-1,1,"10438741"
41,"spotify:track:1rqqCSm0Qe4I9rUvWncaom","Panic! At The Disco","High Hopes","DCD2 / Fueled By Ramen",41,44,20,"10120602"
42,"spotify:track:0QIjsbm2fh1cJ45XO9eGqq","Gucci Mane, Bruno Mars, Kodak Black","Wake Up in the Sky","Guwop Enterprises/Atlantic",26,57,8,"9982768"
43,"spotify:track:3V8UKqhEK5zBkBb6d6ub8i","Nio Garcia, Casper Magico, Bad Bunny, Darell, Ozuna, Nicky Jam","Te Boté - Remix","Flow La Movie, Inc.",8,38,30,"9722496"
44,"spotify:track:0e7ipj03S05BNilyu5bRzt","Post Malone, 21 Savage","rockstar (feat. 21 Savage)","Republic Records",1,42,60,"9374034"
45,"spotify:track:2E124GmJRnBJuXbTb4cPUB","6ix9ine, Nicki Minaj, Murda Beatz","FEFE (feat. Nicki Minaj & Murda Beatz)","ScumGang Records / TenThousand Projects, LLC",2,40,16,"9336670"
46,"spotify:track:4OafepJy2teCjYJbvFE60J","Ariana Grande","breathin","Republic Records",2,83,12,"9257754"
47,"spotify:track:2XXMDz7SPZ4mSFN1PXfHUy","Becky G, Paulo Londra","Cuando Te Besé","Sony Music Latin",45,47,14,"9257671"
48,"spotify:track:04MLEeAMuV9IlHEsD8vF6A","French Montana, Drake","No Stylist (feat. Drake)","Epic",27,34,7,"9238902"
49,"spotify:track:7m9OqQk4RVRkw9JJdeAw96","XXXTENTACION","Jocelyn Flores","Bad Vibes Forever / EMPIRE",7,51,63,"9074458"
50,"spotify:track:5vdp5UmvTsnMEMESIF2Ym7","Queen","Another One Bites The Dust - Remastered 2011","EMI",50,177,2,"9067370"
51,"spotify:track:4AhSkRYioEIfGvCV19peYN","Khalid, Empress Of","Suncity (feat. Empress Of)","Right Hand Music Group, LLC/RCA Records",26,37,3,"8824541"
52,"spotify:track:0TlLq3lA83rQOYtrqBqSct","Drake","Nonstop","Cash Money/Drake LP6",1,48,19,"8821009"
53,"spotify:track:5OCJzvD7sykQEKHH7qAC3C","Ariana Grande","God is a woman","Republic Records",2,78,17,"8818305"
54,"spotify:track:1m6lqaLvUTxPjOo98fJH8U","Metro Boomin, 21 Savage","Don't Come Out The House (with 21 Savage)","Republic Records",54,-1,1,"8804984"
55,"spotify:track:3id2EVGKc3eFAMn9nFnB0r","Lukas Graham","Love Someone","Universal Music A/S",53,53,9,"8652968"
56,"spotify:track:5N4erncE7kuUccm7zEmwzk","Silk City, Dua Lipa, Mark Ronson, Diplo","Electricity","Columbia",14,39,9,"8621072"
57,"spotify:track:2GGMabyHXnJmjY6CXhhB2e","Cardi B","Money","Atlantic/KSR",46,46,2,"8532908"
58,"spotify:track:2qT1uLXPVPzGgFOx4jtEuo","Ariana Grande","no tears left to cry","Republic Records",2,79,29,"8316713"
59,"spotify:track:4VUwkH455At9kENOfzTqmF","Bazzi, Camila Cabello","Beautiful (feat. Camila Cabello)","iamcosmic",30,43,14,"8198791"
60,"spotify:track:3u1S1OmAUhx5DRlLrXqyp3","Jonas Blue, Jack & Jack","Rise","Positiva",12,55,23,"8197980"
61,"spotify:track:4edS9dC0JPBlSS4p4gMOT0","The Chainsmokers, Kelsea Ballerini","This Feeling","Disruptor Records/Columbia",23,49,7,"8110578"
62,"spotify:track:5274I4mUMnYczyeXkGDWZN","Future, Juice WRLD","Fine China","Epic/Freebandz/Grade A/Interscope",21,41,3,"8070582"
63,"spotify:track:5gub2bpJRgJP4m4MliqtdV","Metro Boomin, Gunna","Space Cadet (feat. Gunna)","Republic Records",63,-1,1,"8046707"
64,"spotify:track:0u2P5u6lvoDfwTYjAADbn4","Billie Eilish, Khalid","lovely (with Khalid)","Darkroom",24,71,29,"7902090"
65,"spotify:track:6DCZcSspjsKoFjzjrWoCdn","Drake","God's Plan","Cash Money/Drake LP6",1,63,42,"7894708"
66,"spotify:track:7K7MUBCnzgBAvMVW2RTWNs","Loud Luxury, Brando","Body","Armada Music",19,61,23,"7891396"
67,"spotify:track:7AFASza1mXqntmGtbxXprO","XXXTENTACION","changes","Bad Vibes Forever, LLC",9,59,36,"7877632"
68,"spotify:track:5qFeMRz4TvetPmzjre9Dq7","J Balvin, Zion & Lennox","No Es Justo","UMLE - Latino",30,58,20,"7847926"
69,"spotify:track:2BgEsaKNfHUdlh97KmvFyo","Anne-Marie","2002","Atlantic Records UK",27,70,29,"7714436"
70,"spotify:track:14sOS5L36385FJ3OL8hew4","Kygo, Sandro Cavazza","Happy Now","Kygo",70,73,2,"7684113"
71,"spotify:track:3rPAD722s5FFNnwjC91t7Z","Anuel AA","Quiere Beber","2018 Real Hasta La Muerte, Inc.",45,45,12,"7680427"
72,"spotify:track:6kPJZM97LwdG9QIsT7khp6","Clean Bandit, Demi Lovato","Solo (feat. Demi Lovato)","Atlantic Records UK",8,64,25,"7648328"
73,"spotify:track:5JEx7HbmvHQQswJCsoo9rA","Ellie Goulding, Diplo, Swae Lee","Close To Me (with Diplo) (feat. Swae Lee)","Polydor Records",60,60,2,"7631470"
74,"spotify:track:4ofwffwvvnbSkrMSCKQDaC","George Ezra","Shotgun","Columbia",35,66,20,"7530886"
75,"spotify:track:5T8EDUDqKcs6OSOwEsfqG7","Queen","Don't Stop Me Now - Remastered 2011","EMI",75,186,2,"7496929"
76,"spotify:track:6cFZ4PLC19taNlpl9pbGMf","Queen","Somebody To Love - Remastered 2011","EMI",76,-1,1,"7465199"
77,"spotify:track:60SdxE8apGAxMiRrpbmLY0","Eminem, Joyner Lucas","Lucky You (feat. Joyner Lucas)","Eminem Catalog PS",1,56,10,"7451778"
78,"spotify:track:2zDj4WjbNDmrRL6Z4YjjCA","Reik, Maluma","Amigos Con Derechos","Columbia",69,69,10,"7450382"
79,"spotify:track:7ef4DlsgrMEH11cDZd32M6","Calvin Harris, Dua Lipa","One Kiss (with Dua Lipa)","Sony Music UK",2,62,31,"7430270"
80,"spotify:track:2fuCquhmrzHpu5xcA1ci9x","Queen, David Bowie","Under Pressure - Remastered 2011","EMI",80,-1,1,"7408958"
81,"spotify:track:6wWaVoUOzLQJHd3bWAUpdZ","Lil Baby, Gunna, Drake","Never Recover (Lil Baby & Gunna, Drake)","Quality Control Music/Young Stoner Life Records, a 300 Entertainment Label/Motown Records/Capitol Records",27,67,5,"7384075"
82,"spotify:track:7qiZfU4dY1lWllzX7mPBI3","Ed Sheeran","Shape of You","Atlantic Records UK",1,75,96,"7317040"
83,"spotify:track:2r1T6xGTVaNAqBoPH4lZEE","Steve Aoki, BTS","Waste It On Me (feat. BTS)","Ultra Records, LLC",52,52,2,"7289047"
84,"spotify:track:2mYDDUkBcgFNBqkWctyyuc","Metro Boomin, Travis Scott","Overdue (with Travis Scott)","Republic Records",84,-1,1,"7248863"
85,"spotify:track:14mHfNsSHN0FbLftyjrV9g","Flipp Dinero","Leave Me Alone","Cinematic/Epic/We The Best",85,88,9,"7222913"
86,"spotify:track:3ao3OVxHlb3C08vAaApUlm","Luis Fonsi, Ozuna","Imposible","UMLE - Latino",77,77,3,"7161646"
87,"spotify:track:0pqnGHJpmpxLKifKRmU6WP","Imagine Dragons","Believer","Kid Ina Korner / Interscope",16,81,92,"7125821"
88,"spotify:track:62o8KoI44JfN7aYxgTnPvh","Maluma","Mala Mía","Sony Music Latin",56,72,13,"7101787"
89,"spotify:track:5sdb5pMhcK44SSLsj1moUh","benny blanco, Calvin Harris","I Found You (with Calvin Harris)","Benny Blanco Solo Album PS",89,-1,1,"7056559"
90,"spotify:track:6JQvHMSaR8flFsN53ypOfP","Lil Mosey","Noticed","Mogul Vision/Interscope Records",41,65,10,"6993657"
91,"spotify:track:2ijef6ni2amuunRoKTlgww","Becky G, NATTI NATASHA","Sin Pijama","Sony Music Latin",22,74,28,"6962950"
92,"spotify:track:3swc6WTsr7rl9DqQKQA55C","Post Malone, Ty Dolla $ign","Psycho (feat. Ty Dolla $ign)","Republic Records",2,76,37,"6945240"
93,"spotify:track:2c7GlMNmF7pbohjykutmLP","Sia, Diplo, Labrinth, LSD","Thunderclouds (feat. Sia, Diplo, and Labrinth)","Records/Columbia",34,84,13,"6825887"
94,"spotify:track:7AQim7LbvFVZJE3O8TYgf2","XXXTENTACION, Trippie Redd","Fuck Love","Bad Vibes Forever / EMPIRE",19,82,60,"6817520"
95,"spotify:track:6q8Lb50EtqNeeJXXe8mMAH","KAROL G, Anuel AA","Culpables","UMLE - Latino",89,89,8,"6778114"
96,"spotify:track:7uQmJ1jgNzBpATSoWKSPFu","Sebastian Yatra, Mau y Ricky","Ya No Tiene Novio","UMLE - Latino",68,80,10,"6720194"
97,"spotify:track:1HLL8X0LH20F6Z9SLXLIjr","Metro Boomin, Travis Scott, Kodak Black, 21 Savage","No More (feat. Travis Scott, Kodak Black & 21 Savage)","Republic Records",97,-1,1,"6624824"
98,"spotify:track:76cy1WJvNGJTj78UqeA5zr","Dua Lipa","IDGAF","Warner Records",4,93,45,"6624313"
99,"spotify:track:4pbJqGIASGPr0ZpGpnWkDn","Queen","We Will Rock You - Remastered 2011","EMI",99,-1,1,"6595345"
100,"spotify:track:0tgVpDi06FyKpA1z0VMD4v","Ed Sheeran","Perfect","Atlantic Records UK",4,91,88,"6568609"
101,"spotify:track:05mAIVLkIWc2d1UBYZBCp8","Charli xcx, Troye Sivan","1999","Atlantic Records UK",101,131,4,"6557677"
102,"spotify:track:2SL6oP2YAEQbqsrkOzRGO4","Eminem","Venom - Music From The Motion Picture","Eminem Catalog PS",34,68,10,"6467499"
103,"spotify:track:5sbooPcNgIE22DwO0VNGUJ","K/DA, Madison Beer, i-dle, Jaira Burns, League of Legends","POP/STARS","Riot Games",103,-1,1,"6384445"
104,"spotify:track:2hnxrRNzF74mdDzpQZQukQ","Lauv, Julia Michaels","There's No Way (feat. Julia Michaels)","Lauv",78,86,6,"6343483"
105,"spotify:track:6osMzmRHCVETbZMHceLRmh","Metro Boomin, Swae Lee, Travis Scott","Dreamcatcher (feat. Swae Lee & Travis Scott)","Republic Records",105,-1,1,"6331627"
106,"spotify:track:1rfofaqEpACxVEHIZBJe6W","Camila Cabello, Young Thug","Havana (feat. Young Thug)","Syco Music/Epic",1,92,66,"6267752"
107,"spotify:track:4kWO6O1BUXcZmaxitpVUwp","Tiësto, Dzeko, Preme, Post Malone","Jackie Chan","Universal Music, a division of Universal International Music BV",11,85,25,"6261693"
108,"spotify:track:4hQ6UGyWQIGJmHSo0J88JW","Selena Gomez","Back To You - From 13 Reasons Why – Season 2 Soundtrack","UMGRI Interscope",4,102,26,"6163550"
109,"spotify:track:1zB4vmk8tFRmM9UULNzbLB","Imagine Dragons","Thunder","Kid Ina Korner / Interscope",8,96,80,"6136652"
110,"spotify:track:1h9P5WJwyvK8OB7O2YiXgp","Ozuna, Romeo Santos","Ibiza","VP Records Corp/Dimelo Vi",98,98,8,"6084715"
111,"spotify:track:2xJCMIJfcNYDc5iR0sAm2O","Dua Lipa","New Rules","Warner Records",2,99,70,"6075003"
112,"spotify:track:75ZvA4QfFiZvzhj2xkaWAh","Post Malone","I Fall Apart","Universal Records",10,105,59,"6016052"
113,"spotify:track:5Xn4IyTtW6FUGIUyWjbUHG","Jason Derulo, David Guetta, Nicki Minaj, Willy William","Goodbye (feat. Nicki Minaj & Willy William)","Beluga Heights/Warner Records",45,94,11,"6009098"
114,"spotify:track:09IStsImFySgyp0pIQdqAc","Zedd, Maren Morris, Grey","The Middle","UMGRI Interscope",6,100,41,"5975044"
115,"spotify:track:5qHirGR7M9tdm6C17DlzSY","Aminé","REEL IT IN","Republic Records",115,144,8,"5973369"
116,"spotify:track:2cYnZNzFRFK0H7vSNxPsUq","Anuel AA, Romeo Santos","Ella Quiere Beber - Remix","Real Hasta La Muerte, LLC",116,-1,1,"5968170"
117,"spotify:track:08bNPGLD8AhKpnnERrAc6G","Marshmello, Anne-Marie","FRIENDS","Joytime Collective",4,103,39,"5915345"
118,"spotify:track:4keoy2fqgwGnbWlm3ZVZFa","Zedd, Elley Duhé","Happy Now","UMGRI Interscope",27,104,16,"5669975"
119,"spotify:track:7GqWnsKhMtEW0nzki5o0d8","Queen","Killer Queen - Remastered 2011","EMI",119,-1,1,"5643415"
120,"spotify:track:6vN77lE9LK6HP2DewaN6HZ","Lil Baby, Drake","Yes Indeed","Quality Control Music, LLC",12,97,26,"5610063"
121,"spotify:track:2P91MQbaiQOfbiz9VqhqKQ","Lauv","I Like Me Better","Lauv",29,114,75,"5605455"
122,"spotify:track:7nD2JPaxIKUdxd2UWgnaGL","Alex Rose, Rauw Alejandro, Lenny Tavárez, Cazzu, Lyanno","Toda - Remix","WK Records LLC",103,110,16,"5556726"
123,"spotify:track:6CTWathupIiDs7U4InHnDA","Ella Mai","Trip","10 Summers / Interscope PS",84,107,9,"5520989"
124,"spotify:track:33zcmmElV1YbRZe57biUjg","Lele Pons","Celoso","10:22 PM / UMLE",108,108,12,"5504727"
125,"spotify:track:04ZTP5KsCypmtCmQg5tH9R","Bebe Rexha","I'm a Mess","Warner Records",52,122,20,"5452610"
126,"spotify:track:0YammaEkYSeo9vQYZ1OwS6","David Guetta, Bebe Rexha, J Balvin","Say My Name","Parlophone (France)",68,111,8,"5423034"
127,"spotify:track:3GVkPk8mqxz0itaAriG1L7","XXXTENTACION","Everybody Dies In Their Nightmares","Bad Vibes Forever / EMPIRE",24,112,47,"5421745"
128,"spotify:track:1mXVgsBdtIVeCLJnSnmtdV","Sam Smith","Too Good At Goodbyes","PLG - Capitol",1,129,61,"5400100"
129,"spotify:track:1fvCggAYrW0VtCljtqv4h2","Takeoff","Last Memory","Quality Control Music/Motown Records/Capitol Records",129,140,2,"5313114"
130,"spotify:track:5uCax9HTNlzGybIStD3vDh","James Arthur","Say You Won't Let Go","Columbia",7,139,98,"5291713"
131,"spotify:track:0XySogm94T51XF5F2jumXm","Juice WRLD","All Girls Are The Same","Juice WRLD Mixtape / ISR P&D",48,119,26,"5282970"
132,"spotify:track:45Egmo7icyopuzJN0oMEdk","Khalid, Normani","Love Lies","RCA Records Label",11,123,38,"5271906"
133,"spotify:track:1fLhGF1JfGQYj6EZLndD86","Clean Bandit, MARINA, Luis Fonsi","Baby (feat. MARINA & Luis Fonsi)","Atlantic Records UK",133,-1,1,"5252329"
134,"spotify:track:5WvAo7DNuPRmk4APhdPzi8","DJ Khaled, Justin Bieber, Quavo, Chance the Rapper","No Brainer","Epic/We The Best",2,106,15,"5165321"
135,"spotify:track:1jQvUmf16VE9WQCPuK2e8K","6ix9ine, Bobby Shmurda","STOOPID (feat. Bobby Shmurda)","ScumGang Records / TenThousand Projects, LLC",18,90,5,"5159802"
136,"spotify:track:7ycWLEP1GsNjVvcjawXz3z","A$AP Rocky, Skepta","Praise The Lord (Da Shine) (feat. Skepta)","A$AP Worldwide/Polo Grounds Music/RCA Records",25,117,24,"5152516"
137,"spotify:track:4J4zx8xGJpuGndrVc06KaT","Alan Walker, Sophia Somajo","Diamond Heart","Kreatell Music",124,124,6,"5116385"
138,"spotify:track:7GX5flRQZVHRAGd6B4TmDO","Lil Uzi Vert","XO Tour Llif3","Generation Now/Atlantic",10,126,85,"5114209"
139,"spotify:track:4e4fqjx0Izh4svvTef1z7e","Bebe Rexha, Florida Georgia Line","Meant to Be (feat. Florida Georgia Line)","Warner Records",18,141,60,"5068793"
140,"spotify:track:59PYgzOiOjGDzjDT5N5oOX","Brytiago, Daddy Yankee, Ozuna, Anuel AA, Darell","Asesina - Remix","Business Music",140,-1,1,"5052899"
141,"spotify:track:0rKtyWc8bvkriBthvHKY8d","Joji","SLOW DANCING IN THE DARK","88rising Music",75,95,8,"5045860"
142,"spotify:track:4M3FO0ji6Lc8vwD1sgf1nc","Kygo, Imagine Dragons","Born To Be Yours","Kygo",25,134,21,"5002574"
143,"spotify:track:1DcxnVNFAyVl2sDQ646pXS","KEVIN ROLDAN","PPP","UMLE - Latino",121,135,4,"4988550"
144,"spotify:track:3CA9pLiwRIGtUBiMjbZmRw","Drake","Nice For What","Cash Money/Drake LP6",1,130,31,"4986680"
145,"spotify:track:5ftQSVAHs7iqULWKQn0fjK","Imagine Dragons","Machine","Kid Ina Korner / Interscope",145,-1,1,"4980768"
146,"spotify:track:7DrluKkTviBwCc8AV3VGmf","Shakira, Maluma","Clandestino","Sony Music Latin",39,120,22,"4972991"
147,"spotify:track:29tc0GbW0pTSBZSCZF3NWk","Juice WRLD","Lean Wit Me","Juice WRLD Mixtape / ISR P&D",84,133,14,"4970290"
148,"spotify:track:4qKcDkK6siZ7Jp1Jb4m0aL","BlocBoy JB, Drake","Look Alive (feat. Drake)","Bloc Nation",6,136,39,"4965289"
149,"spotify:track:3tcnWNjEXyXCbFR9zonrX2","Trippie Redd","Topanga","TenThousand Projects, LLC",116,116,2,"4964745"
150,"spotify:track:1ArLnG0bHaHPXqf08sEKM0","Camila Cabello","Consequences - orchestra","Syco Music/Epic",150,182,4,"4963987"
151,"spotify:track:7BKLCZ1jbUBVqRi2FVlTVw","The Chainsmokers, Halsey","Closer","Disruptor Records/Columbia",2,137,98,"4962813"
152,"spotify:track:3a1lNhkSLSkpJE4MSHpDu9","Post Malone, Quavo","Congratulations","Universal Records",20,143,94,"4949581"
153,"spotify:track:1jo3TwNGCXfNdB5uba3ZVv","Eminem","Killshot","Eminem Catalog PS",23,118,7,"4944118"
154,"spotify:track:0Fpen1PTuEnCmOJtUU9Iud","Lil Uzi Vert","New Patek","Generation Now/Atlantic",25,121,8,"4936569"
155,"spotify:track:7wBJfHzpfI3032CSD7CE2m","Travis Scott","STARGAZING","Cactus Jack / Epic",3,127,14,"4919846"
156,"spotify:track:00EPIEnX1JFjff8sC6bccd","Thalia, NATTI NATASHA","No Me Acuerdo","Sony Music Latin",66,125,16,"4846156"
157,"spotify:track:6eYxmK9fdL4hwLnXG2zY3s","XXXTENTACION","Look At Me!","Bad Vibes Forever / EMPIRE",39,132,64,"4843053"
158,"spotify:track:4hXDobvUaXyDFLnmecoY0z","Tyga, Nicki Minaj","Dip (feat. Nicki Minaj)","Last Kings Music / EMPIRE",158,-1,1,"4815465"
159,"spotify:track:3nc420PXjTdBV5TN0gCFkS","Martin Garrix, Khalid","Ocean (feat. Khalid)","Epic Amsterdam",15,138,21,"4809056"
160,"spotify:track:1B4gJRq61xTs6r1O0Uq2iY","Takeoff","Casper","Quality Control Music/Motown Records/Capitol Records",160,-1,1,"4806375"
161,"spotify:track:41zXlQxzTi6cGAjpOXyLYH","Billie Eilish","idontwannabeyouanymore","Darkroom",161,166,3,"4779004"
162,"spotify:track:6rbhaJsE4uLzpPf8WYSHDK","Brytiago, Darell","Asesina","Business Music",73,109,19,"4738579"
163,"spotify:track:2RttW7RAu5nOAfq6YFvApB","Ed Sheeran","Happier","Atlantic Records UK",10,153,78,"4674842"
164,"spotify:track:575NJxNUVDqwJGdzBrlLbv","Shawn Mendes, Zedd","Lost In Japan - Remix","Island Records",23,142,14,"4633602"
165,"spotify:track:0dbTQYW3Ad1FTzIA9t90E8","Lil Wayne, Kendrick Lamar","Mona Lisa (feat. Kendrick Lamar)","Young Money Records, Inc.",4,115,6,"4632071"
166,"spotify:track:1Slwb6dOYkBlWal1PGtnNg","Ed Sheeran","Thinking out Loud","Atlantic Records UK",58,163,98,"4607948"
167,"spotify:track:2QZ7WLBE8h2y1Y5Fb8RYbH","Shawn Mendes","In My Blood","Island Records",7,162,33,"4583506"
168,"spotify:track:6XBjCetHKdO5L9cwMDVffw","Anuel AA, Zion","Hipócrita","2018 Real Hasta La Muerte, Inc.",112,151,15,"4566723"
169,"spotify:track:6fxVffaTuwjgEk5h9QyRjy","Ed Sheeran","Photograph","Atlantic Records UK",41,174,91,"4560586"
170,"spotify:track:63SevszngYpZOwf63o61K4","Dennis Lloyd","Nevermind","WM Italy",18,146,34,"4548716"
171,"spotify:track:3DKpA54hrFIdPN6AtL9HXa","Lady Gaga, Bradley Cooper","I'll Never Love Again - Film Version - Radio Edit","A Star is Born OST",156,156,3,"4529399"
172,"spotify:track:5EKHbW7mXcAR4hCyS3YXjb","Felipe Araújo, Ferrugem","Atrasadinha - Live","Universal Music Ltda.",169,169,2,"4522990"
173,"spotify:track:0WdGQhoAP2LBsqr5Jhit2g","Maroon 5, SZA","What Lovers Do (feat. SZA)","Interscope Records*",5,148,62,"4522307"
174,"spotify:track:5CLGzJsGqhCEECcpnFQA8x","Rudimental, Jess Glynne, Macklemore, Dan Caplen","These Days (feat. Jess Glynne, Macklemore & Dan Caplen)","Atlantic Records UK",9,155,42,"4492120"
175,"spotify:track:5Z3GHaZ6ec9bsiI5BenrbY","Khalid","Young Dumb & Broke","Right Hand Music Group, LLC/RCA Records",12,161,70,"4485166"
176,"spotify:track:2wRkBumdItthjYP9XknImg","Marc Anthony, Will Smith, Bad Bunny","Está Rico","Sony Music Latin",150,150,4,"4478483"
177,"spotify:track:0ZNrc4kNeQYD9koZ3KvCsy","YG, 2 Chainz, Big Sean, Nicki Minaj","BIG BANK (feat. 2 Chainz, Big Sean, Nicki Minaj)","Def Jam Recordings",81,145,19,"4415352"
178,"spotify:track:7KXjTSCq5nL1LoYtL7XAwS","Kendrick Lamar","HUMBLE.","Aftermath",1,164,84,"4412769"
179,"spotify:track:27P4XoNXXEV4lTc3sB61RK","Metro Boomin, Travis Scott, Young Thug","Up To Something (feat. Travis Scott & Young Thug)","Republic Records",179,-1,1,"4375954"
180,"spotify:track:7sO5G9EABYOXQKNPNiE9NR","Offset, Metro Boomin","Ric Flair Drip (with Metro Boomin)","Slaughter Gang, LLC/Epic/Quality Control Music/Motown/Capitol/Boominati Worldwide/Republic",32,184,54,"4374561"
181,"spotify:track:3S0OXQeoh0w6AY8WQVckRW","Jason Mraz","I'm Yours","Atlantic Records/ATG",124,158,32,"4371174"
182,"spotify:track:2zy9TMoZlYGuCNY4TLqG24","David Guetta, Anne-Marie","Don't Leave Me Alone (feat. Anne-Marie)","Parlophone (France)",42,149,15,"4353558"
183,"spotify:track:5kfNriitmkNE8mUbZ7gbq8","Khalid","Saturday Nights","Right Hand Music Group, LLC/RCA Records",66,101,3,"4343952"
184,"spotify:track:4UKCKdYiLN6IMA5ZESUTL7","XXXTENTACION","the remedy for a broken heart (why am I so in love)","Bad Vibes Forever, LLC",27,160,26,"4343257"
185,"spotify:track:5qqabIl2vWzo9ApSC317sa","Oasis","Wonderwall - Remastered","Big Brother",152,173,56,"4329321"
186,"spotify:track:6jreFSOTUAViWjKyzOC4Kg","Alesso","REMEDY","10:22 pm",53,165,10,"4324948"
187,"spotify:track:7vGuf3Y35N4wmASOKLUVVU","Marshmello, Khalid","Silence","Joytime Collective/RCA Records",8,176,65,"4302026"
188,"spotify:track:6gBFPUFcJLzWGx4lenP6h2","Travis Scott","goosebumps","Cactus Jack / Epic",60,172,95,"4300207"
189,"spotify:track:1mT47pKLXUwPYGwB91GcNz","KAROL G, Maluma","Créeme","UMLE - Latino",189,-1,1,"4297177"
190,"spotify:track:3DGar7krWlmrXRFHBcQF6z","Kris Kross Amsterdam, The Boy Next Door, Conor Maynard","Whenever (feat. Conor Maynard)","Spinnin' Records",47,154,15,"4295858"
191,"spotify:track:0McI9sOmkpfd4E72njtU0G","Metro Boomin, Swae Lee, Wizkid","Borrowed Love (feat. Swae Lee & WizKid)","Republic Records",191,-1,1,"4285014"
192,"spotify:track:6xdLJrVj4vIXwhuG8TMopk","Queen","Crazy Little Thing Called Love - Remastered 2011","EMI",192,-1,1,"4264310"
193,"spotify:track:6RUKPb4LETWmmr3iAEQktW","The Chainsmokers, Coldplay","Something Just Like This","Disruptor Records/Columbia",2,181,90,"4257485"
194,"spotify:track:2374M0fQpWi3dLnB54qaLX","TOTO","Africa","Columbia",137,171,34,"4257217"
195,"spotify:track:1wsLHgXJ4SKIfd5ePSX1hD","Jonas Blue, Liam Payne, Lennon Stella","Polaroid","Positiva",175,175,4,"4254132"
196,"spotify:track:4MAsYGSgxsaj73dC2lvFC4","Quavo","WORKIN ME","Quality Control Music/Motown Records/Capitol Records",96,159,11,"4247069"
197,"spotify:track:4EjUFjzi4ErWjklOA3Aslu","EXO","Tempo","SM Entertainment",197,-1,1,"4241042"
198,"spotify:track:7uzmGiiJyRfuViKKK3lVmR","Bazzi","Mine","iamcosmic",3,168,42,"4201847"
199,"spotify:track:6JjPBQfI2Y8nIjnm65X6Pw","Nicky Jam, J Balvin, Maluma, Ozuna","X (feat. Maluma & Ozuna) - Remix","Sony Music Latin",37,157,19,"4175321"
200,"spotify:track:2ZRo7axmMPeSVUvDbGkJah","XXXTENTACION","Hope","Bad Vibes Forever, LLC",42,178,23,"4157935"
