﻿rank,uri,artist_names,track_name,source,peak_rank,previous_rank,weeks_on_chart,streams
1,"spotify:track:6v3KW9xbzN5yKLt9YKDYA2","Shawn Mendes, Camila Cabello","Señorita","Island Records",1,1,8,"50496007"
2,"spotify:track:2ksOAxtIxY8yElEWw8RhgK","Anuel AA, Daddy Yankee, KAROL G, J Balvin, Ozuna","China","2019 Real Hasta La Muerte, LLC.",2,2,4,"32258902"
3,"spotify:track:1kBbgxAUc4HQv7cgIayIDH","Lil Tecca","Ransom","Republic Records",3,7,11,"27574962"
4,"spotify:track:6vBdBCoOhKHiYDDOcorfNo","Post Malone, Young Thug","Goodbyes (feat. Young Thug)","Republic Records",2,5,6,"25050552"
5,"spotify:track:70eFcWOvlMObDhURTqT4Fv","Ed Sheeran, Khalid","Beautiful People (feat. Khalid)","Atlantic Records UK",3,4,7,"24612956"
6,"spotify:track:0hVXuCcriWRGvwMV1r5Yn9","Ed Sheeran & Justin Bieber, Justin Bieber","I Don't Care (with Justin Bieber)","Atlantic Records UK",1,6,14,"24205692"
7,"spotify:track:0Ryd8975WihbObpp5cPW1t","Ariana Grande, Social House","boyfriend (with Social House)","Republic Records",3,3,2,"23701243"
8,"spotify:track:6b2RcmUt1g9N9mQ3CbjX2Y","Sam Smith","How Do You Sleep?","PLG - Capitol",8,9,4,"21364648"
9,"spotify:track:2YpeDb67231RjR0MgVLzsG","Lil Nas X, Billy Ray Cyrus","Old Town Road (feat. Billy Ray Cyrus) - Remix","Columbia",2,8,19,"20997428"
10,"spotify:track:2Fxmhks0bxGSBdJ92vM42m","Billie Eilish","bad guy","Darkroom/Interscope Records",1,10,20,"20422755"
11,"spotify:track:6osaMSJh9NguagEDQcZaKx","DJ Snake, J Balvin, Tyga","Loco Contigo (feat. J. Balvin & Tyga)","DJ Snake Music Productions Limited",10,12,9,"20067945"
12,"spotify:track:2TH65lNHgvLxCKXM3apjxI","Bad Bunny, Tainy","Callaita","Rimas Entertainment LLC",7,11,11,"19679848"
13,"spotify:track:7qEHsqek33rTcFNT9PFqLf","Lewis Capaldi","Someone You Loved","Vertigo Berlin",7,13,32,"19115160"
14,"spotify:track:6XHVuErjQ4XNm6nDPVCxVX","Chris Brown, Drake","No Guidance (feat. Drake)","Chris Brown Entertainment/RCA Records",11,16,10,"16410645"
15,"spotify:track:4bTZeO72FwMa6wKOiqoynL","Sech, Ozuna, Anuel AA, Darell, Nicky Jam","Otro Trago - Remix","Rich Music",11,14,3,"16098241"
16,"spotify:track:5ry2OE6R2zPQFDO85XkgRb","Drake, Rick Ross","Money In The Grave (Drake ft. Rick Ross)","Republic Records",5,15,9,"15867675"
17,"spotify:track:0fea68AdmYNygeTGI4RC18","J Balvin, Bad Bunny","LA CANCIÓN","Universal Music Latino / Rimas",17,17,7,"15692371"
18,"spotify:track:51Fjme0JiitpyXKuyQiCDo","Y2K, bbno$","Lalala","Columbia",18,18,8,"15663960"
19,"spotify:track:3KkXRkHbMCARz0aVfEt68P","Post Malone, Swae Lee","Sunflower - Spider-Man: Into the Spider-Verse","Universal Records",1,19,43,"15254844"
20,"spotify:track:1DFD5Fotzgn6yYXkYsKiGs","MEDUZA, Goodboys","Piece Of Your Heart","Intercord",14,20,18,"14678142"
21,"spotify:track:5qmq61DAAOUaW8AUo8xKhh","Lizzo","Truth Hurts","Nice Life/Atlantic",16,21,16,"14622261"
22,"spotify:track:1rgnBhdG2JDFTbYkYRZAku","Tones And I","Dance Monkey","Elektra (NEK)",22,29,4,"14516870"
23,"spotify:track:4R8BJggjosTswLxtkw8V7P","JHAYCO, J Balvin, Bad Bunny","No Me Conoce - Remix","N&E Entertainment LLC",23,24,12,"14325899"
24,"spotify:track:1c0hsvHLELX6y8qymnpLKL","Lunay, Daddy Yankee, Bad Bunny","Soltera (Remix)","round2media - LaFamilia",8,23,14,"14159027"
25,"spotify:track:6fTt0CH2t0mdeB2N9XFG5r","Lil Nas X","Panini","Columbia",7,22,8,"13713323"
26,"spotify:track:3yNZ5r3LKfdmjoS3gkhUCT","Billie Eilish, Justin Bieber","bad guy (with Justin Bieber)","Darkroom/Interscope Records",9,25,5,"12805685"
27,"spotify:track:6moU77g9RQyMzHNuKEaQKq","Ali Gatie","It's You","Warner Records",27,28,9,"12407603"
28,"spotify:track:2bT1PH7Cw3J9p3t7nlXCdh","Shawn Mendes","If I Can't Have You","Island Records",4,26,15,"12272947"
29,"spotify:track:25ZAibhr3bdlMCLmubZDVt","J Balvin, Bad Bunny","QUE PRETENDES","Universal Music Latino / Rimas",15,30,7,"11368543"
30,"spotify:track:6wo37KVqFJhtuxPTpLCcfe","The Chainsmokers, ILLENIUM, Lennon Stella","Takeaway","Disruptor Records/Columbia",30,31,3,"11350881"
31,"spotify:track:7KbF6AdprOXEEHlsq11Z6d","Maluma","11 PM","Sony Music Latin",31,32,13,"11276839"
32,"spotify:track:5N1o6d8zGcSZSeMFkOUQOk","Megan Thee Stallion, Ty Dolla $ign, Nicki Minaj","Hot Girl Summer (feat. Nicki Minaj & Ty Dolla $ign)","300 Entertainment",32,-1,1,"11079662"
33,"spotify:track:5w9c2J52mkdntKOmRLeM2m","Daddy Yankee, Snow","Con Calma","Craft Latino",2,27,29,"11068401"
34,"spotify:track:6ocbgoVGwYJhOv1GgI9NsF","Ariana Grande","7 rings","Republic Records",1,33,30,"10931026"
35,"spotify:track:6oJ6le65B3SEqPwMRNXWjY","Kygo, Whitney Houston","Higher Love","Kygo/RCA Records",31,40,7,"10561316"
36,"spotify:track:7DcvwMAiqKJQD1rrdfxSDx","Young Thug, J. Cole, Travis Scott","The London (feat. J. Cole & Travis Scott)","300 Entertainment/Atl",6,38,12,"10438300"
37,"spotify:track:1Ej96GIBCTvgH7tNX1r3qr","Sech, Darell","Otro Trago","Rich Music/Ingrooves Records",4,34,16,"10331366"
38,"spotify:track:4NmE2ytXI8S2svTRSmEdpO","Katy Perry","Small Talk","Capitol Records",38,-1,1,"10226283"
39,"spotify:track:2VxeLyX666F8uXCJ0dZF8B","Lady Gaga, Bradley Cooper","Shallow","A Star is Born OST",3,43,46,"10188138"
40,"spotify:track:22vgEDb5hykfaTwLuskFGD","Jonas Brothers","Sucker","Jonas Brothers Recording",2,41,24,"10164051"
41,"spotify:track:5PYQUBXc7NYeI1obMKSJK0","Katy Perry","Never Really Over","Capitol Records",10,37,11,"10094899"
42,"spotify:track:322tcqPhma7F6hfCeLisx0","Lauv, Anne-Marie","fuck, i'm lonely","Lauv",39,39,2,"10007460"
43,"spotify:track:40OMBMYRk5IQL6xCzGM0JA","Martin Garrix, Macklemore, Fall Out Boy","Summer Days (feat. Macklemore & Patrick Stump of Fall Out Boy)","Epic Amsterdam",19,36,16,"9914934"
44,"spotify:track:2qG5sZ7Si6sdK74qLxedYM","ROSALÍA, J Balvin, El Guincho","Con Altura","Columbia",30,44,20,"9757554"
45,"spotify:track:6TqXcAFInzjp0bODyvrWEq","Khalid, Disclosure","Talk (feat. Disclosure)","Right Hand Music Group, LLC/RCA Records",10,45,27,"9683181"
46,"spotify:track:29fRTIKsJhLUJoldM89GZS","Taylor Swift","You Need To Calm Down","Taylor Swift",4,42,9,"9644632"
47,"spotify:track:4a6q8CR2hzLk2plDkSxkfD","Bazzi","I.F.L.Y.","iamcosmic",47,60,4,"9546812"
48,"spotify:track:2dpaYNEQHiRxtZbfNsse99","Marshmello, Bastille","Happier","Joytime Collective",2,49,52,"9266559"
49,"spotify:track:1nocRtwyNPVtGcIJqfgdzZ","Camilo, Pedro Capó","Tutu","Sony Music Latin",49,-1,1,"9010372"
50,"spotify:track:4hPpVbbakQNv8YTHYaOJP4","Marshmello, Kane Brown","One Thing Right","Joytime Collective",30,46,8,"8973656"
51,"spotify:track:5iwz1NiezX7WWjnCgY5TH4","Pedro Capó, Farruko","Calma - Remix","Sony Music Latin",5,50,40,"8476408"
52,"spotify:track:6v0lAdFF4haL8xjBIUjtOw","Nicky Jam, Ozuna","Te Robaré","Sony Music Latin",28,47,21,"8436961"
53,"spotify:track:0F7FA14euOIX8KcbEturGH","Lil Nas X","Old Town Road","Columbia",3,55,23,"8372800"
54,"spotify:track:4vUmTMuQqjdnvlZmAH61Qk","Ed Sheeran, Camila Cabello, Cardi B","South of the Border (feat. Camila Cabello & Cardi B)","Atlantic Records UK",10,52,5,"8300698"
55,"spotify:track:0mjAU3yKR1QnXnHtjGJqTM","OneRepublic","Rescue Me","Mosley Music/Interscope Records",32,54,13,"8214248"
56,"spotify:track:6MWtB6iiXyIwun0YzU6DFP","Post Malone","Wow.","Republic Records",2,56,34,"8092037"
57,"spotify:track:4wuCQX7JvAZLlrcmH4AeZF","Ed Sheeran, Chance the Rapper, PnB Rock","Cross Me (feat. Chance the Rapper & PnB Rock)","Atlantic Records UK",9,51,12,"8087519"
58,"spotify:track:2x0RZdkZcD8QRI53XT4GI5","Avicii, Aloe Blacc","SOS (feat. Aloe Blacc)","Pophouse Entertainment Group",4,53,19,"8013214"
59,"spotify:track:0u2P5u6lvoDfwTYjAADbn4","Billie Eilish, Khalid","lovely (with Khalid)","Darkroom",24,58,69,"7988332"
60,"spotify:track:4lzxJ4jCuFDXXGkE1LmpKR","DJ Luian, Mambo Kingz, Anuel AA, Nicky Jam, Darell, Brytiago","Verte Ir","Hear This Music",25,57,20,"7938952"
61,"spotify:track:2gwkD6igEhQbDQegRCcdoB","DaBaby","Suge","South Coast Music Group/Interscope Records",26,59,16,"7900993"
62,"spotify:track:1DhRbox3xkceP64k3JeYfW","Ed Sheeran, Travis Scott","Antisocial (with Travis Scott)","Atlantic Records UK",7,35,5,"7790806"
63,"spotify:track:43zdsphuZLzwA9k4DJhU0I","Billie Eilish","when the party's over","Darkroom/Interscope Records",9,61,43,"7641231"
64,"spotify:track:6Qs4SXO9dwPj5GKvVOv8Ki","Sam Smith, Normani","Dancing With A Stranger (with Normani)","PLG - Capitol",7,63,31,"7510347"
65,"spotify:track:1tNJrcVe6gwLEiZCtprs1u","Dominic Fike","3 Nights","Columbia",51,69,20,"7472890"
66,"spotify:track:5p7ujcrUXASCNwRaWNHR1C","Halsey","Without Me","Capitol Records",4,67,45,"7437300"
67,"spotify:track:4u7EnebtmKWzUH433cf5Qv","Queen","Bohemian Rhapsody - Remastered 2011","EMI",11,68,50,"7416135"
68,"spotify:track:6uAm7pG66O1XesXS9bpHSF","Lizzo, Ariana Grande","Good as Hell (feat. Ariana Grande)","Warner Music Group - X5 Music Group",67,71,6,"7406782"
69,"spotify:track:5WHTFyqSii0lmT9R21abT8","Mabel","Don't Call Me Up","Polydor Records",11,62,28,"7361834"
70,"spotify:track:5jW3rF4URMdK7tO2xjS5EI","Paulo Londra","Tal Vez","WEA Latina",24,64,19,"7260222"
71,"spotify:track:6K5BsR04ijf3FHNzjbaagD","Myke Towers, Farruko, Arcángel, Sech, Zion","Si Se Da - Remix","2019 Casablanca Records & One World Music | Distributed by GLAD Empire",71,119,2,"7136903"
72,"spotify:track:25sgk305KZfyuqVBQIahim","Ava Max","Sweet but Psycho","Atlantic Records",6,73,46,"7073830"
73,"spotify:track:05CwHjIk71RXVU40boRMnR","The Chainsmokers, Bebe Rexha","Call You Mine","Disruptor Records/Columbia",22,48,11,"7007977"
74,"spotify:track:3e9HZxeyfWwjeyPAMmWSSQ","Ariana Grande","thank u, next","Republic Records",1,72,41,"6992238"
75,"spotify:track:6uFn47ACjqYkc0jADwEdj1","Polo G, Lil Tjay","Pop Out (feat. Lil Tjay)","Columbia",40,75,17,"6981965"
76,"spotify:track:0e7ipj03S05BNilyu5bRzt","Post Malone, 21 Savage","rockstar (feat. 21 Savage)","Republic Records",1,80,100,"6970640"
77,"spotify:track:7BuSE9uTIw931wtZYzvZcQ","Sebastian Yatra, Daddy Yankee, NATTI NATASHA, Jonas Brothers","Runaway","UMLE - Latino",57,70,8,"6962710"
78,"spotify:track:0Zp10WiPeEi6EUJZvWcNT9","Mabel","Mad Love","Polydor Records",54,74,10,"6955022"
79,"spotify:track:7g8YaUQABMal0zWe7a2ijz","Dalex, Rafa Pabön, KHEA, Sech, Feid, Cazzu, Lenny Tavárez","Pa Mí (Remix)","Rich Music/Ingrooves Records",17,65,24,"6918627"
80,"spotify:track:6kls8cSlUyHW2BUOkDJIZE","Ellie Goulding, Juice WRLD","Hate Me (with Juice WRLD)","Polydor Records",66,77,7,"6915929"
81,"spotify:track:7FGq80cy8juXBCD2nrqdWU","benny blanco, Halsey, Khalid","Eastside (with Halsey & Khalid)","Friends Keep Secrets/Interscope Records",4,79,57,"6835488"
82,"spotify:track:1gZFRYcPz3wKevEaNYRwfW","NF","Time - Edit","NF Real Music",82,87,5,"6818054"
83,"spotify:track:7qiZfU4dY1lWllzX7mPBI3","Ed Sheeran","Shape of You","Atlantic Records UK",1,85,136,"6717734"
84,"spotify:track:0pqnGHJpmpxLKifKRmU6WP","Imagine Dragons","Believer","Kid Ina Korner / Interscope",16,88,132,"6639078"
85,"spotify:track:1kMUGCt7XLDc5Q64Vl0H8S","Residente, Bad Bunny","Bellacoso","5020 Records",83,83,3,"6585673"
86,"spotify:track:7anSoGdgtmJTAPZBzcPhO6","Dalex, Nicky Jam, Justin Quiles, Sech, Lenny Tavárez, Feid, Rafa Pabön","Cuaderno","Rich Music/Ingrooves Records",66,81,12,"6580679"
87,"spotify:track:02itaCXOdC54J0ISjqqFAp","R3HAB, A Touch Of Class","All Around The World (La La La)","Intercord",59,78,10,"6570200"
88,"spotify:track:4MsUsFfWseB9M2plGJyuIw","Taylor Swift, Brendon Urie, Panic! At The Disco","ME! (feat. Brendon Urie of Panic! At The Disco)","Taylor Swift",2,82,16,"6569394"
89,"spotify:track:7dt6x5M1jzdTEt8oCbisTK","Post Malone","Better Now","Republic Records",1,92,68,"6559787"
90,"spotify:track:0qc4QlcCxVTGyShurEv1UU","Sam Feldt, RANI","Post Malone (feat. RANI)","Spinnin' Records",59,91,8,"6522592"
91,"spotify:track:4SSnFejRGlZikf02HLewEF","Billie Eilish","bury a friend","Darkroom/Interscope Records",2,84,29,"6514979"
92,"spotify:track:0U6bQIAh6MCGo1xjbIIx2S","Dimitri Vegas & Like Mike, David Guetta, Daddy Yankee, Afro Bros, NATTI NATASHA, Dimitri Vegas, Like Mike","Instagram","Epic Amsterdam",92,96,6,"6461057"
93,"spotify:track:5dW1VZPcFqB4n0P08rGDgm","Blanco Brown","The Git Up","Broken Bow Records",64,66,9,"6448650"
94,"spotify:track:1rqqCSm0Qe4I9rUvWncaom","Panic! At The Disco","High Hopes","DCD2 / Fueled By Ramen",9,90,60,"6431308"
95,"spotify:track:7Aem1fAapTdGcHwAYyQYU4","Lil Tecca","Love Me","Republic Records",95,170,2,"6421454"
96,"spotify:track:1kK6DwzyXJSp58u5HYWwuD","YG, Tyga, Jon Z","Go Loko (feat. Tyga, Jon Z)","Def Jam Recordings",38,86,15,"6354466"
97,"spotify:track:1LIqNVhaIgxXUt2eVoIQJ3","Maluma","HP","Sony Music Latin",18,89,24,"6247533"
98,"spotify:track:5KawlOMHjWeUjQtnuRs22c","BTS, Halsey","Boy With Luv (feat. Halsey)","BIGHIT MUSIC",3,93,18,"6227530"
99,"spotify:track:7fa9MBXhVfQ8P8Df9OEbD8","Maroon 5, Cardi B","Girls Like You (feat. Cardi B) - Cardi B Version","Interscope Records*",2,100,63,"6199352"
100,"spotify:track:67XyC1GdSkKb9sbRRkUDXS","NLE Choppa, Blueface","Shotta Flow (feat. Blueface) - Remix","Warner Records",97,97,5,"6188757"
101,"spotify:track:2qxmye6gAegTMjLKEBoR3d","Alec Benjamin","Let Me Down Slowly","2018",27,99,36,"6181921"
102,"spotify:track:4tNXntkAzQ5A2dfYRYGIIQ","5 Seconds of Summer","Easier","5 Seconds Of Summer/Interscope",23,94,12,"6094587"
103,"spotify:track:7MRU4vOkywuhZ9kbFiPuiu","Daddy Yankee, Wisin & Yandel","Si Supieras","El Cartel Records (EC3)",98,98,7,"6079502"
104,"spotify:track:4Clmg1g8n2yBYG13Z1oSdG","Dayvi, Victor Cardenas, Kelly Ruíz","Baila Conmigo (feat. Kelly Ruiz)","Sony Music México",104,115,3,"5970577"
105,"spotify:track:3M9Apu4OZfylLTFKvgEtKa","Tiësto, Jonas Blue, Rita Ora","Ritual","Universal Music, a division of Universal International Music BV",72,95,11,"5933962"
106,"spotify:track:2xLMifQCjDGFmkHkpNLD9h","Travis Scott","SICKO MODE","Cactus Jack / Epic",2,106,54,"5873655"
107,"spotify:track:0KoiMHhqKLoL4xM54rcWYY","DJ Snake, Selena Gomez, Ozuna, Cardi B","Taki Taki (feat. Selena Gomez, Ozuna & Cardi B)","DJ Snake Music Productions Limited",1,104,46,"5872169"
108,"spotify:track:10hMM5nsZQf66ldBlgWBfG","Labrinth, Zendaya","All For Us - from the HBO Original Series Euphoria","Republic Records",108,-1,1,"5867659"
109,"spotify:track:6zeeWid2sgw4lap2jV61PZ","Khalid","Better","Right Hand Music Group, LLC/RCA Records",7,109,48,"5841936"
110,"spotify:track:6CcJMwBtXByIz4zQLzFkKc","Billie Eilish","i love you","Darkroom/Interscope Records",21,101,20,"5833352"
111,"spotify:track:18uwL0vNUanqZH0ro2QcOP","Jeremy Zucker","comethru","Republic Records",111,112,6,"5816255"
112,"spotify:track:5hVghJ4KaYES3BFUATCYn0","Tyler, The Creator","EARFQUAKE","Columbia",6,102,13,"5816195"
113,"spotify:track:2iUXsYOEPhVqEBwsqP70rE","5 Seconds of Summer","Youngblood","Capitol",8,111,70,"5739284"
114,"spotify:track:2JvzF1RMd7lE3KmFlsyZD8","J. Cole","MIDDLE CHILD","Dreamville, Inc., Under exclusive license to Roc Nation Records",2,108,30,"5727683"
115,"spotify:track:6PYnUsNEpYC7A4BS2sjw3L","Khalid, A Boogie Wit da Hoodie","Right Back (feat. A Boogie Wit Da Hoodie)","Right Hand Music Group, LLC/RCA Records",115,-1,1,"5713938"
116,"spotify:track:285pBltuF7vW8TeWk8hdRR","Juice WRLD","Lucid Dreams","Juice WRLD Mixtape / ISR P&D",3,116,66,"5699480"
117,"spotify:track:7COXchtUOMd6uIT6HvmRaI","Lauv, Troye Sivan","i'm so tired...","Lauv",18,103,29,"5687984"
118,"spotify:track:0yYwS7CXKIPC4kWPvZQfsT","Bazzi","No Way!","iamcosmic",118,-1,1,"5677700"
119,"spotify:track:2nKYHpmwjLaEOXS3o7QMiz","Quality Control, Lil Baby, DaBaby","Baby","Quality Control Music/Motown Records",119,133,4,"5660242"
120,"spotify:track:0Rx0DJI556Ix5gBny6EWmn","Bazzi","Paradise","iamcosmic",33,137,19,"5651168"
121,"spotify:track:0tgVpDi06FyKpA1z0VMD4v","Ed Sheeran","Perfect","Atlantic Records UK",4,118,128,"5602415"
122,"spotify:track:5icOoE6VgqFKohjWWNp0Ac","Marshmello, CHVRCHES","Here With Me","Joytime Collective",16,110,23,"5596034"
123,"spotify:track:3KekO5WUfJsh7kYU9o2w50","Nicky Jam, Sech","Atrévete","Sony Music Latin",123,146,2,"5576201"
124,"spotify:track:3dWpRjCmaHbroNahuSeX11","Guaynaa, Nicky Jam, Farruko, Becky G, Sech","Rebota - Remix","Rebota Remix",101,107,4,"5575932"
125,"spotify:track:0E9ZjEAyAwOXZ7wJC0PD33","Dynoro, Gigi D'Agostino","In My Mind","Columbia/B1 Recordings",6,124,58,"5557174"
126,"spotify:track:1wJRveJZLSb1rjhnUHQiv6","A Boogie Wit da Hoodie, 6ix9ine","Swervin (feat. 6ix9ine)","Highbridge the Label / Atlantic Records",25,121,33,"5544697"
127,"spotify:track:5qrSlOut2rNAWv3ubArkNy","Dean Lewis","Be Alright","Universal Music Australia Pty. Ltd.",12,126,56,"5516996"
128,"spotify:track:7fODjB7BrQTGqh0hogW6XD","Sech, Justin Quiles, Maluma, Nicky Jam, Farruko, Dalex, Lenny Tavárez","Que Mas Pues - Remix","Rich Music/Ingrooves Records",70,113,18,"5468892"
129,"spotify:track:5T8EDUDqKcs6OSOwEsfqG7","Queen","Don't Stop Me Now - Remastered 2011","EMI",51,129,42,"5462715"
130,"spotify:track:4kV4N9D1iKVxx1KLvtTpjS","Ariana Grande","break up with your girlfriend, i'm bored","Republic Records",2,105,27,"5438799"
131,"spotify:track:116H0KvKr2Zl4RPuVBruDO","Bad Bunny, Drake","MIA","Rimas Entertainment LLC",1,123,44,"5431181"
132,"spotify:track:3ee8Jmje8o58CHK66QrVC2","XXXTENTACION","SAD!","Bad Vibes Forever, LLC",1,128,76,"5371063"
133,"spotify:track:2IRZnDFmlqMuOrYOLnZZyc","Meek Mill, Drake","Going Bad (feat. Drake)","MMG/Atlantic",11,127,37,"5362213"
134,"spotify:track:5uCax9HTNlzGybIStD3vDh","James Arthur","Say You Won't Let Go","Columbia",7,134,137,"5332558"
135,"spotify:track:3Y7MHz19qCg1Pkxridtu1k","Taylor Swift","The Archer","Taylor Swift",33,76,4,"5320326"
136,"spotify:track:2BgEsaKNfHUdlh97KmvFyo","Anne-Marie","2002","Atlantic Records UK",27,130,69,"5266076"
137,"spotify:track:0DiDStADDVh3SvAsoJAFMk","Jonas Brothers","Only Human","Jonas Brothers Recording",31,136,10,"5230646"
138,"spotify:track:5vdp5UmvTsnMEMESIF2Ym7","Queen","Another One Bites The Dust - Remastered 2011","EMI",36,140,42,"5192854"
139,"spotify:track:2P91MQbaiQOfbiz9VqhqKQ","Lauv","I Like Me Better","Lauv",29,131,115,"5191130"
140,"spotify:track:2EEmzqzM70CybVspgM7YRT","Mau y Ricky, Camilo, Lunay","La Boca - Remix","Sony Music Latin",140,149,3,"5189787"
141,"spotify:track:0uUNN1nSoUx1A4fkDCWDQ7","Ava Max","So Am I","Atlantic Records",41,132,23,"5182011"
142,"spotify:track:1zB4vmk8tFRmM9UULNzbLB","Imagine Dragons","Thunder","Kid Ina Korner / Interscope",8,141,120,"5176402"
143,"spotify:track:4ak7xjvBeBOcJGWFDX9w5n","Lil Nas X, Cardi B","Rodeo","Columbia",27,120,8,"5123475"
144,"spotify:track:7KhHA3mzt7A3LFlOJEAKpI","Alan Walker, Sabrina Carpenter, Farruko","On My Way","Kreatell Music",39,142,21,"4998144"
145,"spotify:track:0JP9xo3adEtGSdUEISiszL","XXXTENTACION","Moonlight","Bad Vibes Forever, LLC",2,150,74,"4913336"
146,"spotify:track:1EoEU4HY57qaITp06TkC6B","Duki","Goteo","SSJ Records / DALE PLAY Records",146,-1,1,"4873742"
147,"spotify:track:0AtP8EkGPn6SwxKDaUuXec","Ed Sheeran, Eminem, 50 Cent","Remember The Name (feat. Eminem & 50 Cent)","Atlantic Records UK",15,122,5,"4870297"
148,"spotify:track:58q2HKrzhC3ozto2nDdN4z","Cardi B, Bad Bunny, J Balvin","I Like It","Atlantic/KSR",2,147,71,"4863545"
149,"spotify:track:1rfofaqEpACxVEHIZBJe6W","Camila Cabello, Young Thug","Havana (feat. Young Thug)","Syco Music/Epic",1,152,106,"4856438"
150,"spotify:track:3Fj47GNK2kUF0uaEDgXLaD","Billie Eilish","wish you were gay","Darkroom/Interscope Records",3,145,24,"4845555"
151,"spotify:track:37eGbhE1xVFSvcKkqGb6i1","Sean Paul, J Balvin","Contra La Pared","Universal-Island Records Ltd.",60,117,22,"4836779"
152,"spotify:track:1mXVgsBdtIVeCLJnSnmtdV","Sam Smith","Too Good At Goodbyes","PLG - Capitol",1,156,100,"4819533"
153,"spotify:track:5W83ErFkO3aKAIS1WMi6u0","Anuel AA, KAROL G","Secreto","Anuel AA & Karol G - Secreto",11,153,30,"4769815"
154,"spotify:track:6DCZcSspjsKoFjzjrWoCdn","Drake","God's Plan","Cash Money/Drake LP6",1,154,82,"4746622"
155,"spotify:track:2374M0fQpWi3dLnB54qaLX","TOTO","Africa","Columbia",137,159,60,"4742219"
156,"spotify:track:56f5qnyAlZdlz8wrUDA50h","Mau y Ricky, Manuel Turizo, Camilo","Desconocidos","Sony Music Latin",34,167,40,"4730027"
157,"spotify:track:3j84U36KvLeXNDPv4t5pI8","Mustard, Migos","Pure Water (with Migos)","10 Summers Records/Interscope Records",38,148,30,"4728157"
158,"spotify:track:6RUKPb4LETWmmr3iAEQktW","The Chainsmokers, Coldplay","Something Just Like This","Disruptor Records/Columbia",2,163,112,"4714188"
159,"spotify:track:3XiNC94b4Tq1xwv70sQJGN","Lil Uzi Vert","Sanguine Paradise","Generation Now/Atlantic",38,162,18,"4689623"
160,"spotify:track:2zjGJ0dChMR0KxBZS15aqo","Mustard, NAV, Playboi Carti, A Boogie Wit da Hoodie","Baguettes in the Face (feat. NAV, Playboi Carti & A Boogie Wit da Hoodie)","10 Summers Records/Interscope Records",132,143,7,"4685917"
161,"spotify:track:6fxVffaTuwjgEk5h9QyRjy","Ed Sheeran","Photograph","Atlantic Records UK",41,171,128,"4605599"
162,"spotify:track:132ALUzVLmqYB4UsBj5qD6","Paulo Londra","Adan y Eva","WEA Latina",11,157,40,"4604662"
163,"spotify:track:5QiNbIilmMiMBXvaAlf7lN","The Chainsmokers, 5 Seconds of Summer","Who Do You Love","Disruptor Records/Columbia",33,160,27,"4596945"
164,"spotify:track:4pUCKHjJ4Ijewc37rRrvHn","BLACKPINK","Kill This Love","YG Entertainment, distributed through Interscope Records",5,158,19,"4594212"
165,"spotify:track:0vrmHPfoBadXVr2n0m1aqZ","Avicii","Heaven","Pophouse Entertainment Group",13,139,10,"4591775"
166,"spotify:track:7BKLCZ1jbUBVqRi2FVlTVw","The Chainsmokers, Halsey","Closer","Disruptor Records/Columbia",2,169,137,"4587614"
167,"spotify:track:7m9OqQk4RVRkw9JJdeAw96","XXXTENTACION","Jocelyn Flores","Bad Vibes Forever / EMPIRE",7,172,103,"4573414"
168,"spotify:track:1usK5eLBzpQTMwDt8SR2dr","Trippie Redd","Snake Skin","TenThousand Projects, LLC",168,-1,1,"4564747"
169,"spotify:track:52UVKsw31NTOCTNPTpwbFJ","Loredana, Mozzik","Eiskalt","Loredana",138,138,2,"4555082"
170,"spotify:track:2WyRfGeHo97VC5mP1BBSzr","Miley Cyrus","Mother's Daughter","RCA/Legacy",18,151,11,"4554568"
171,"spotify:track:2fuCquhmrzHpu5xcA1ci9x","Queen, David Bowie","Under Pressure - Remastered 2011","EMI",55,175,40,"4550091"
172,"spotify:track:5qqabIl2vWzo9ApSC317sa","Oasis","Wonderwall - Remastered","Big Brother",152,178,84,"4548663"
173,"spotify:track:7K7MUBCnzgBAvMVW2RTWNs","Loud Luxury, Brando","Body","Armada Music",19,166,63,"4541116"
174,"spotify:track:2toVe5hfuIi97ytDPDbQFt","Tyga, Offset","Taste (feat. Offset)","Last Kings Music / EMPIRE",6,164,65,"4533128"
175,"spotify:track:5s8LepdwU0THzpd0M7nLsa","Ozuna","Te Soñé de Nuevo","Aura Music Corp.",119,155,10,"4478019"
176,"spotify:track:2uIX8YMNjGMD7441kqyyNU","Billie Eilish","ocean eyes","Darkroom",108,188,46,"4475378"
177,"spotify:track:3U4isOIWM3VvDubwSI3y7a","John Legend","All of Me","G.O.O.D. Music/Columbia",147,184,33,"4462623"
178,"spotify:track:78QR3Wp35dqAhFEc2qAGjE","Lil Baby, Gunna","Drip Too Hard (Lil Baby & Gunna)","Quality Control Music/Young Stoner Life Records, a 300 Entertainment Label/Motown Records/Capitol Records",13,168,48,"4461930"
179,"spotify:track:79esEXlqqmq0GPz0xQSZTV","Shawn Mendes","Lost In Japan","Island Records",23,177,42,"4419135"
180,"spotify:track:09IStsImFySgyp0pIQdqAc","Zedd, Maren Morris, Grey","The Middle","UMGRI Interscope",6,182,81,"4418682"
181,"spotify:track:7eBqSVxrzQZtK2mmgRG6lC","YNW Melly","Murder on My Mind","P2018",19,181,26,"4409482"
182,"spotify:track:1qtHdSxiavDgUPZgpGqehx","Trippie Redd","!","TenThousand Projects, LLC",182,-1,1,"4401357"
183,"spotify:track:4ZLzoOkj0MPWrTLvooIuaa","Kina, Snøw","Get You The Moon (feat. Snøw)","Columbia",95,187,13,"4398291"
184,"spotify:track:3swc6WTsr7rl9DqQKQA55C","Post Malone, Ty Dolla $ign","Psycho (feat. Ty Dolla $ign)","Republic Records",2,190,77,"4390218"
185,"spotify:track:5KBARWIxeMGkvUax9VtVC9","Saweetie","My Type","ICY/Artistry Records/Warner Records",185,-1,1,"4359123"
186,"spotify:track:3S0OXQeoh0w6AY8WQVckRW","Jason Mraz","I'm Yours","Atlantic Records/ATG",124,191,53,"4357143"
187,"spotify:track:40T5GIqQ1CegGm2PTEl8Bu","Billie Eilish","idontwannabeyouanymore","Darkroom",67,183,43,"4356798"
188,"spotify:track:4Of7rzpRpV1mWRbhp5rAqG","Lewis Capaldi","Bruises","Vertigo Berlin",126,-1,5,"4330893"
189,"spotify:track:7mWFF4gPADjTQjC97CgFVt","Ozuna, Daddy Yankee, J Balvin, Farruko, Anuel AA","Baila Baila Baila - Remix","VP Records Corp/Dimelo Vi",71,176,16,"4329753"
190,"spotify:track:4bHsxqR3GMrXTxEPLuK5ue","Journey","Don't Stop Believin' (2022 Remaster)","Columbia/Legacy",188,192,6,"4321061"
191,"spotify:track:3XF5xLJHOQQRbWya6hBp7d","Billie Eilish","you should see me in a crown","Darkroom/Interscope Records",15,186,29,"4312302"
192,"spotify:track:1JSTJqkT5qHq8MDJnJbRE1","The Police","Every Breath You Take","Polydor Records",192,194,5,"4309993"
193,"spotify:track:2KEux6D75xjj6fdabXpeAu","Trippie Redd, Lil Baby, Lil Duke","Mac 10 (feat. Lil Baby & Lil Duke)","TenThousand Projects, LLC",193,-1,1,"4302449"
194,"spotify:track:1rX5L6pyl3rVWb55D8Cprr","Rick Ross, Drake","Gold Roses (feat. Drake)","Epic",58,185,3,"4297831"
195,"spotify:track:4wyNKAZe82BNlp2lHiR1FX","WOS","CANGURO","DOGUITO Records / DALE PLAY Records",195,-1,1,"4294888"
196,"spotify:track:5N5k9nd479b1xpDZ4usjrg","Calvin Harris, Sam Smith, Jessie Reyez","Promises (with Sam Smith)","Columbia",5,180,51,"4289749"
197,"spotify:track:1AI7UPw3fgwAFkvAlZWhE0","Ed Sheeran, Stormzy","Take Me Back to London (feat. Stormzy)","Atlantic Records UK",32,161,5,"4258430"
198,"spotify:track:5KbBGUpIZd6gVFUU8tqYiQ","Myke Towers, Farruko","Si Se Da","2019 Casablanca Records & One World Music | Distributed by GLAD Empire",97,135,22,"4242584"
199,"spotify:track:5JEx7HbmvHQQswJCsoo9rA","Ellie Goulding, Diplo, Swae Lee","Close To Me (with Diplo) (feat. Swae Lee)","Polydor Records",19,193,42,"4239397"
200,"spotify:track:3a1lNhkSLSkpJE4MSHpDu9","Post Malone, Quavo","Congratulations","Universal Records",20,-1,125,"4237345"
