﻿rank,uri,artist_names,track_name,source,peak_rank,previous_rank,weeks_on_chart,streams
1,"spotify:track:7wGoVu4Dady5GV0Sv4UIsx","Post Malone, 21 Savage","rockstar (feat. 21 Savage)","Republic Records",1,1,12,"35751279"
2,"spotify:track:0ofbQMrRDsUaVKq2mGLEAb","Camila Cabello, Young Thug","Havana (feat. Young Thug)","Syco Music/Epic",2,2,18,"28710729"
3,"spotify:track:1bhUWB0zJMIKr9yVPrkEuI","Ed Sheeran, Beyoncé","Perfect Duet (Ed Sheeran & Beyoncé)","Atlantic Records UK",3,-1,1,"26494583"
4,"spotify:track:7EmGUiUaOSGDnUUQUDrOXC","Selena Gomez, Marshmello","Wolves","Selena Gomez PS",3,3,7,"23749600"
5,"spotify:track:2ekn2ttSfGqwhhate0LSR0","Dua Lipa","New Rules","Warner Records",2,5,22,"23441236"
6,"spotify:track:0tgVpDi06FyKpA1z0VMD4v","Ed Sheeran","Perfect","Atlantic Records UK",4,4,40,"21769985"
7,"spotify:track:43ZyHQITOjhciSUUNPVRHc","Lil Pump","Gucci Gang","Warner Records",6,6,13,"21170947"
8,"spotify:track:1mXVgsBdtIVeCLJnSnmtdV","Sam Smith","Too Good At Goodbyes","PLG - Capitol",1,7,13,"20232108"
9,"spotify:track:6mrKP2jyIQmM0rw6fQryjr","NF","Let You Down","NF Real Music",9,9,9,"19989871"
10,"spotify:track:0bYg9bo50gSsH3LtXe2SQn","Mariah Carey","All I Want for Christmas Is You","Columbia",10,25,5,"19808428"
11,"spotify:track:3hBBKuWJfxlIlnd9QFoC8k","Maroon 5, SZA","What Lovers Do (feat. SZA)","Interscope Records*",5,8,14,"19787867"
12,"spotify:track:1zsG4eaZmkA1dvjDDsAGLK","Luis Fonsi, Demi Lovato","Échame La Culpa","UMLE - Latino",10,10,3,"18807868"
13,"spotify:track:7vGuf3Y35N4wmASOKLUVVU","Marshmello, Khalid","Silence","Joytime Collective/RCA Records",8,11,17,"17813213"
14,"spotify:track:1j4kHkkpqZRBwE0A4CN4Yv","ZAYN, Sia","Dusk Till Dawn (feat. Sia) - Radio Edit","RCA Records Label",4,12,13,"17171033"
15,"spotify:track:75ZvA4QfFiZvzhj2xkaWAh","Post Malone","I Fall Apart","Universal Records",10,13,11,"16365139"
16,"spotify:track:7qiZfU4dY1lWllzX7mPBI3","Ed Sheeran","Shape of You","Atlantic Records UK",1,18,48,"14433120"
17,"spotify:track:42CeaId2XNlxugDvyqHfDf","Post Malone","Candy Paint","Republic Records",17,20,12,"14377877"
18,"spotify:track:5AEtlRudpgdT5FtNiuly6Y","Hailee Steinfeld, Alesso, Florida Georgia Line, WATT","Let Me Go (with Alesso, Florida Georgia Line & watt)","Universal Records",16,16,13,"14175611"
19,"spotify:track:5Z3GHaZ6ec9bsiI5BenrbY","Khalid","Young Dumb & Broke","Right Hand Music Group, LLC/RCA Records",12,14,24,"13722318"
20,"spotify:track:2FRnf9qhLbvw8fu4IBXx78","Wham!","Last Christmas","Epic",20,60,4,"13594807"
21,"spotify:track:32DGGj6KlNuBr6WaqRxpxi","Charlie Puth","How Long","Artist Partner",15,15,9,"13396344"
22,"spotify:track:3YU6vJbjYUG0tiJyXf9x5V","G-Eazy, Halsey","Him & I (with Halsey)","BPG/RVG/RCA Records",22,-1,1,"12997274"
23,"spotify:track:2xmrfQpmS2iJExTlklLoAL","Clean Bandit, Julia Michaels","I Miss You (feat. Julia Michaels)","Atlantic Records UK",23,29,6,"12899185"
24,"spotify:track:5tz69p7tJuGPeMGwNTxYuV","Logic, Alessia Cara, Khalid","1-800-273-8255","Def Jam Recordings",5,17,32,"12569056"
25,"spotify:track:5hcisvFMidkMJlElTO9Qmw","Bad Bunny, Prince Royce, J Balvin, Mambo Kingz, DJ Luian","Sensualidad","Hear This Music",23,23,5,"12338839"
26,"spotify:track:0Zbbxnx4SGGHoIow4PpISP","Kygo, Justin Jesso","Stargazing","Kygo",15,19,11,"11909654"
27,"spotify:track:6Za3190Sbw39BBC77WSS1C","NATTI NATASHA, Ozuna","Criminal","Pina Records",21,21,12,"11858083"
28,"spotify:track:7iDa6hUg2VgEL1o1HjmfBn","Bebe Rexha, Florida Georgia Line","Meant to Be (feat. Florida Georgia Line)","Warner Records",28,32,12,"11824609"
29,"spotify:track:0tKcYR2II1VCQWT79i5NrW","Imagine Dragons","Thunder","Kid Ina Korner / Interscope",8,22,32,"11791181"
30,"spotify:track:7GX5flRQZVHRAGd6B4TmDO","Lil Uzi Vert","XO Tour Llif3","Generation Now/Atlantic",10,24,37,"11668581"
31,"spotify:track:3Ga6eKrUFf12ouh9Yw3v2D","Anitta, J Balvin","Downtown","WM Brazil",31,33,3,"11129371"
32,"spotify:track:7sO5G9EABYOXQKNPNiE9NR","Offset, Metro Boomin","Ric Flair Drip (with Metro Boomin)","Slaughter Gang, LLC/Epic/Quality Control Music/Motown/Capitol/Boominati Worldwide/Republic",32,37,6,"10965630"
33,"spotify:track:3a1lNhkSLSkpJE4MSHpDu9","Post Malone, Quavo","Congratulations","Universal Records",20,31,46,"10939950"
34,"spotify:track:2fQrGHiQOvpL9UgPvtYy6G","21 Savage","Bank Account","Slaughter Gang, LLC/Epic Records",22,27,22,"10908954"
35,"spotify:track:3B54sVLJ402zGa6Xm4YGNe","French Montana, Swae Lee","Unforgettable","Bad Boy Entertainment/Epic Records",3,28,35,"10888908"
36,"spotify:track:2OALaHcDdKkjYEpAr0Qzab","Avicii, Rita Ora","Lonely Together","Universal Music AB",19,26,17,"10747524"
37,"spotify:track:2Xqd0wUttjueBfdcltADOv","G-Eazy, A$AP Rocky, Cardi B","No Limit","BPG/RVG/RCA Records",34,39,10,"10487594"
38,"spotify:track:2rb5MvYT7ZIxbKW5hfcHx8","J Balvin, Willy William","Mi Gente","Scorpio Music (FR)",1,34,23,"10479290"
39,"spotify:track:1m69ELEgE6k5ZWsap40ozt","Ozuna","Se Preparó","VP Records Corp/Dimelo Vi",30,35,15,"10373678"
40,"spotify:track:6De0lHrwBfPfrhorm9q1Xl","Danny Ocean","Me Rehúso","Atlantic Records",20,41,42,"10131735"
41,"spotify:track:2nUJvBO87SkxCViQsLc9Zr","Big Shaq","Man's Not Hot","Universal-Island Records Ltd.",41,42,9,"10094588"
42,"spotify:track:6QgjcU0zLnzq5OrUoSZ3OK","Portugal. The Man","Feel It Still","Atlantic Records",18,30,21,"10086241"
43,"spotify:track:3m660poUr1chesgkkjQM7P","Demi Lovato","Sorry Not Sorry","Island Records",7,36,22,"9832068"
44,"spotify:track:7JNh1cfm0eXjqFVOzKLyau","Becky G, Bad Bunny","Mayores","Kemosabe Records/RCA Records/Sony Music Latin",33,40,19,"9712552"
45,"spotify:track:7EI6Iki24tBHAMxtb4xQN2","Rita Ora","Anywhere","Atlantic Records UK",45,51,7,"9563280"
46,"spotify:track:4dVpf9jZjcORqGTLUaeYj9","A$AP Ferg","Plain Jane","RCA Records Label",37,38,12,"9489353"
47,"spotify:track:4iLqG9SeJSnt0cSPICSjxv","Charlie Puth","Attention","Artist Partner",5,44,33,"9004369"
48,"spotify:track:70lnL3QaSOIIyMa2X9aVRL","Shakira, Nicky Jam","Perro Fiel (feat. Nicky Jam)","Sony Music Latin",46,46,9,"8688222"
49,"spotify:track:1wjzFQodRWrPcQ0AnYnvQ9","Lauv","I Like Me Better","Lauv",29,48,27,"8580568"
50,"spotify:track:3whrwq4DtvucphBPUogRuJ","Camila Cabello, Daddy Yankee","Havana - Remix","Syco Music/Epic",50,53,3,"8348340"
51,"spotify:track:0lLdorYw7lVrJydTINhWdI","Michael Bublé","It's Beginning to Look a Lot like Christmas","Reprise",41,126,3,"8172327"
52,"spotify:track:7KXjTSCq5nL1LoYtL7XAwS","Kendrick Lamar","HUMBLE.","Aftermath",1,55,36,"8163988"
53,"spotify:track:4lESS6vuruP6a79KWRaQou","Maluma, Nego do Borel","Corazón (feat. Nego do Borel)","Sony Music Latin",53,63,5,"7906423"
54,"spotify:track:7nZmah2llfvLDiUjm0kiyz","Justin Bieber, BloodPop®","Friends (with BloodPop®)","BloodPop/DJ/RMBG/Republic",2,47,16,"7804067"
55,"spotify:track:6NWl2m8asvH83xjuXVNsuG","Lil Xan","Betrayed","Columbia",55,70,5,"7758555"
56,"spotify:track:5yFSF6qQA1rcLsQRnBsZgb","Alan Walker, Noah Cyrus, Digital Farm Animals, Juliander","All Falls Down (feat. Juliander)","Kreatell Music",52,52,6,"7745029"
57,"spotify:track:1YZfcVLbbJwfizR5cDOp3q","Migos, Nicki Minaj, Cardi B","MotorSport","Quality Control Music, LLC",34,45,6,"7650564"
58,"spotify:track:1ADjWm8QNhgNV8yCNNgQ1T","Ariana Grande","Santa Tell Me","Universal Records",58,144,3,"7521462"
59,"spotify:track:1P17dC1amhFzptugyAO7Il","Taylor Swift","Look What You Made Me Do","Taylor Swift",1,95,15,"7498599"
60,"spotify:track:2z4pcBLQXF2BXKFvd0BuB6","Jason Derulo, French Montana","Tip Toe (feat. French Montana)","Beluga Heights/Warner Records",60,67,4,"7487540"
61,"spotify:track:3ncgNpxLoBQ65ABk4djDyd","Famous Dex, A$AP Rocky","PICK IT UP (feat. A$AP Rocky)","300 Entertainment",61,91,4,"7465132"
62,"spotify:track:0OlnLZY4cmQzT6ZGttvWBM","Martin Garrix, David Guetta, Jamie Scott, Romy Dya","So Far Away (feat. Jamie Scott & Romy Dya)","Epic Amsterdam",62,-1,1,"7389963"
63,"spotify:track:7m9OqQk4RVRkw9JJdeAw96","XXXTENTACION","Jocelyn Flores","Bad Vibes Forever / EMPIRE",15,54,15,"7389022"
64,"spotify:track:6RUKPb4LETWmmr3iAEQktW","The Chainsmokers, Coldplay","Something Just Like This","Disruptor Records/Columbia",2,64,42,"7329437"
65,"spotify:track:7ofxPmTNMj2GP07g1VZa0O","Alex Sensation, Ozuna","Que Va","JP Entertainment (Jorge Pino)",54,59,15,"7199837"
66,"spotify:track:3PEgB3fkiojxms35ntsTgs","Axwell /\ Ingrosso, Axwell, Sebastian Ingrosso","More Than You Know","Pophouse Entertainment Group",15,57,28,"7191442"
67,"spotify:track:0CcQNd8CINkwQfe1RDtGV6","Imagine Dragons","Believer","Kid Ina Korner / Interscope",16,65,44,"7151470"
68,"spotify:track:1hvpDAxZPKjKztOc72sv06","Band Aid","Do They Know It's Christmas? - 1984 Version","EMI",68,169,3,"7058670"
69,"spotify:track:2771LMNxwf62FTAdpJMQfM","Cardi B","Bodak Yellow","KSR/Atlantic",21,56,19,"7054233"
70,"spotify:track:0OI7AFifLSoGzpb8bdBLLV","mgk, X Ambassadors, Bebe Rexha","Home (with Machine Gun Kelly, X Ambassadors & Bebe Rexha)","Atlantic Records",70,113,2,"7002280"
71,"spotify:track:1XRgIKC5TPwo7nWGyKqgG0","Gucci Mane, Migos","I Get the Bag (feat. Migos)","Guwop Enterprises/Atlantic",45,61,16,"6993979"
72,"spotify:track:0CokSRCu5hZgPxcZBaEzVE","Macklemore, Skylar Grey","Glorious (feat. Skylar Grey)","Bendo LLC",14,49,22,"6989219"
73,"spotify:track:32OWobmyAz8J2qA8iWekyS","Justin Bieber","Mistletoe","RBMG/Def Jam",73,138,3,"6944413"
74,"spotify:track:3T7dNA7O8c3Axj5WyDNcH3","Brenda Lee","Rockin' Around The Christmas Tree","MCA Nashville",66,135,3,"6903809"
75,"spotify:track:3VClLWqNn80Llv0PJOsKgr","Nacho, Yandel, Bad Bunny, Mambo Kingz, DJ Luian","Báilame - Remix","UMLE - Latino",58,62,16,"6851184"
76,"spotify:track:5CtI0qwDJkDQGwXD1H1cLb","Luis Fonsi, Daddy Yankee, Justin Bieber","Despacito - Remix","UMLE - Latino",1,73,34,"6808557"
77,"spotify:track:33bnxcjePIkcmNjEFTJX0l","Piso 21, Manuel Turizo","Déjala Que Vuelva (feat. Manuel Turizo)","WM Mexico",77,81,5,"6670303"
78,"spotify:track:7y9iMe8SOB6z3NoHE2OfXl","Halsey","Bad At Love","Astralwerks (ASW)",68,76,15,"6643969"
79,"spotify:track:0qYTZCo5Bwh1nsUFGZP3zn","Maluma","Felices los 4","Sony Music Latin",17,69,33,"6599411"
80,"spotify:track:5b2QnYcT9rQIkhRWt4HztQ","Eminem, Beyoncé","Walk On Water (feat. Beyoncé)","Eminem Catalog PS",13,43,4,"6577789"
81,"spotify:track:5TysCiZtv1HnSWcTcUFusI","Joey Montana, Sebastian Yatra","Suena El Dembow","UMLE - Latino",66,68,12,"6571492"
82,"spotify:track:693iqPOQvhI7PobtR8CC8v","J Balvin, Jowell & Randy","Bonita","Rimas (J Balvin - Jowell & Randy)",42,66,26,"6570509"
83,"spotify:track:1yxgsra98r3qAtxqiGZPiX","Travis Scott","BUTTERFLY EFFECT","Cactus Jack / Epic",40,77,29,"6526972"
84,"spotify:track:79cuOz3SPQTuFrp8WgftAu","Shawn Mendes","There's Nothing Holdin' Me Back","Island Records",5,72,33,"6476484"
85,"spotify:track:7Ed6BkggCS2KaKY5YlINaF","BTS, Desiigner, Steve Aoki","MIC Drop (feat. Desiigner) [Steve Aoki Remix]","BIGHIT MUSIC",71,71,2,"6463627"
86,"spotify:track:5hslUAKq9I9CG2bAulFkHN","Andy Williams","It's the Most Wonderful Time of the Year","Columbia/Legacy",45,142,3,"6379466"
87,"spotify:track:1KSqYYJFyfTecXFk9M0prc","Wisin, Ozuna","Escápate Conmigo (feat. Ozuna)","Sony Music Latin",38,75,35,"6329467"
88,"spotify:track:1Qg9jWGDkKAGZXj5v2OG59","Maroon 5","Wait","Interscope Records*",74,86,5,"6319899"
89,"spotify:track:6gBFPUFcJLzWGx4lenP6h2","Travis Scott","goosebumps","Cactus Jack / Epic",60,80,49,"6260483"
90,"spotify:track:5u6vkDnOyaf8LsteDAj2ub","21 Savage, Offset, Metro Boomin, Travis Scott","Ghostface Killers (feat. Travis Scott)","Slaughter Gang, LLC/Epic/Quality Control Music/Motown/Capitol/Boominati Worldwide/Republic",36,74,6,"6257565"
91,"spotify:track:152lZdxL1OR0ZMW6KquMif","Khalid","Location","Right Hand Music Group, LLC/RCA Records",34,85,44,"6235566"
92,"spotify:track:5uCax9HTNlzGybIStD3vDh","James Arthur","Say You Won't Let Go","Columbia",7,83,50,"6188580"
93,"spotify:track:0JcNysfWVWaMS7R6vzGB2k","Carlos Vives, Sebastian Yatra","Robarte un Beso","Sony Music Latin",61,78,18,"6171181"
94,"spotify:track:0Qh38w01QRXK6KHIv0e3hb","P!nk","What About Us","RCA Records Label",18,58,17,"6127948"
95,"spotify:track:7fwXWKdDNI5IutOMc5OKYw","J Balvin, Willy William, Beyoncé","Mi Gente Feat. Beyoncé","Scorpio Music",15,50,10,"6056340"
96,"spotify:track:0lJCqIx5BhZtf6QtYI2fbv","Daddy Yankee, Bad Bunny","Vuelve","Craft Latino",71,79,9,"6012678"
97,"spotify:track:2yLa0QULdQr0qAIvVwN6B5","Taylor Swift","...Ready For It?","Taylor Swift",13,154,14,"5948940"
98,"spotify:track:0Wv5wuenRLI3BcwgT3HPIP","DJ Snake, Lauv","A Different Way (with Lauv)","Geffen",66,88,11,"5897377"
99,"spotify:track:5bcTCxgc7xVfSaMV3RuVke","Calvin Harris, Pharrell Williams, Katy Perry, Big Sean, Funk Wav","Feels (feat. Pharrell Williams, Katy Perry & Big Sean)","Columbia",5,82,25,"5831657"
100,"spotify:track:6EpRaXYhGOB3fj4V2uDkMJ","Liam Payne, Quavo","Strip That Down (feat. Quavo)","Capitol Records UK / EMI",9,92,29,"5759281"
101,"spotify:track:3zJw3rugfpVrmBeDDnUYzy","John Lennon, Yoko Ono","Happy Xmas (War Is Over) - Remastered 2010","EMI Catalogue",87,-1,2,"5692159"
102,"spotify:track:7krbSH3rd8lhIZvuzTV3Bl","James Arthur","Naked","Columbia Local",89,89,2,"5650491"
103,"spotify:track:3DXncPQOG4VBw3QHh3S817","DJ Khaled, Justin Bieber, Quavo, Chance the Rapper, Lil Wayne","I'm the One (feat. Justin Bieber, Quavo, Chance the Rapper & Lil Wayne)","Epic/We The Best",2,100,32,"5643038"
104,"spotify:track:2Za1AlJNvksouPPWbXpR2X","Macklemore, Kesha","Good Old Days (feat. Kesha)","Bendo LLC",56,90,11,"5559995"
105,"spotify:track:5yuShbu70mtHXY0yLzCQLQ","Post Malone","Go Flex","Universal Records",52,93,22,"5548383"
106,"spotify:track:790MhTXPFrYkrqCKvpg4t1","NAV, Lil Uzi Vert","Wanted You (feat. Lil Uzi Vert)","XO Records",99,99,4,"5495061"
107,"spotify:track:0NiXXAI876aGImAd6rTj8w","Jonas Blue, William Singe","Mama","UMOD (Universal Music On Demand)",11,97,31,"5470844"
108,"spotify:track:4IdXngKo4g5exqZ0fQTecu","Bobby Helms","Jingle Bell Rock","Geffen",51,179,3,"5464411"
109,"spotify:track:7AQim7LbvFVZJE3O8TYgf2","XXXTENTACION, Trippie Redd","Fuck Love","Bad Vibes Forever / EMPIRE",41,96,15,"5460388"
110,"spotify:track:1OAh8uOEOvTDqkKFsKksCi","DJ Khaled, Rihanna, Bryson Tiller","Wild Thoughts (feat. Rihanna & Bryson Tiller)","Epic/We The Best",2,94,25,"5434911"
111,"spotify:track:0afhq8XCExXpqazXczTSve","Ed Sheeran","Galway Girl","Atlantic Records UK",2,110,40,"5386643"
112,"spotify:track:40oKW22ZNNkEdZLJTScaQI","Kodak Black, XXXTENTACION","Roll in Peace (feat. XXXTENTACION)","Atlantic Records",79,98,16,"5382682"
113,"spotify:track:6WbADFqMvR8N5u0BvtsWQE","Avicii, Sandro Cavazza","Without You","Universal Music AB",21,87,17,"5344790"
114,"spotify:track:1x5sYLZiu9r5E43kMlt9f8","Clean Bandit, Zara Larsson","Symphony (feat. Zara Larsson)","Atlantic Records UK",11,103,38,"5302619"
115,"spotify:track:4so0Wek9Ig1p6CRCHuINwW","Bing Crosby, Ken Darby Singers, John Scott Trotter & His Orchestra","White Christmas - 1947 Version","Geffen",60,-1,2,"5249850"
116,"spotify:track:0KKkJNfGyhkQ5aFogxQAPU","Bruno Mars","That's What I Like","Atlantic Records",6,111,50,"5249730"
117,"spotify:track:4v094LQ9eF10k2O2Te2ngK","Niall Horan","Too Much To Ask","Capitol Records (US1A)",37,84,12,"5194191"
118,"spotify:track:5TmZYdHW6HJ9gt7Aokuql5","Sebastian Yatra, Dalmata","SUTRA","UMLE - Latino",105,105,6,"5181369"
119,"spotify:track:7inXu0Eaeg02VsM8kHNvzM","Frank Sinatra, B. Swanson Quartet","Let It Snow! Let It Snow! Let It Snow! (with The B. Swanson Quartet)","Columbia/Legacy",59,192,3,"5174506"
120,"spotify:track:4aWmUDTfIPGksMNLV2rQP2","Luis Fonsi, Daddy Yankee","Despacito","UMLE - Latino",4,112,47,"5158498"
121,"spotify:track:1ZY1PqizIl78geGM4xWlEA","Taylor Swift","Gorgeous","Taylor Swift",11,199,7,"5144172"
122,"spotify:track:6PGoSes0D9eUDeeAafB2As","Kendrick Lamar, Zacari","LOVE. FEAT. ZACARI.","Aftermath",14,118,34,"5121695"
123,"spotify:track:0VgkVdmE4gld66l8iyGjgx","Future","Mask Off","Epic/Freebandz/A1",5,122,42,"5105477"
124,"spotify:track:0ERbK7qVqveCaBWIiYCrl3","Romeo Santos, Daddy Yankee, Nicky Jam","Bella y Sensual","Sony Music Latin",106,107,19,"5076012"
125,"spotify:track:7MHN1aCFtLXjownGhvEQlF","Manuel Turizo","Una Lady Como Tú","Sony Music Latin/La Industria",38,104,27,"5076004"
126,"spotify:track:4DTpngLjoHj5gFxEZFeD3J","Kodak Black, Lil Wayne","Codeine Dreaming (feat. Lil Wayne)","Atlantic Records",126,170,2,"5018541"
127,"spotify:track:6fxVffaTuwjgEk5h9QyRjy","Ed Sheeran","Photograph","Atlantic Records UK",41,119,50,"5013658"
128,"spotify:track:5WoaF1B5XIEnWfmb5NZikf","Miguel, Travis Scott","Sky Walker (feat. Travis Scott)","ByStorm Entertainment/RCA Records",128,174,3,"5006863"
129,"spotify:track:2x0WlnmfG39ZuDmstl9xfX","Taylor Swift, Ed Sheeran, Future","End Game","Taylor Swift",129,-1,1,"4974045"
130,"spotify:track:2rE9TX3VQ0WNt7kziFhKep","Lorde, Khalid, Post Malone, SZA","Homemade Dynamite (Feat. Khalid, Post Malone & SZA) - REMIX","Universal Music New Zealand Limited",54,106,12,"4939876"
131,"spotify:track:0tPQPaOKM32WgMSbPCYyRH","David Guetta, AFROJACK, Charli xcx, French Montana","Dirty Sexy Money (feat. Charli XCX & French Montana)","Parlophone (France)",100,102,5,"4932241"
132,"spotify:track:6p8NuHm8uCGnn2Dtbtf7zE","Migos, Gucci Mane","Slippery (feat. Gucci Mane)","Quality Control Music",71,116,36,"4871437"
133,"spotify:track:38yBBH2jacvDxrznF7h08J","Niall Horan","Slow Hands","Capitol Records (US1A)",29,115,31,"4859071"
134,"spotify:track:3eR23VReFzcdmS7TYCrhCe","Kygo, Selena Gomez","It Ain't Me (with Selena Gomez)","Kygo",2,133,42,"4848920"
135,"spotify:track:7F9vK8hNFMml4GtHsaXui6","Louis Tomlinson, Bebe Rexha, Digital Farm Animals","Back to You (feat. Bebe Rexha & Digital Farm Animals)","Syco Music",15,108,20,"4815149"
136,"spotify:track:7BKLCZ1jbUBVqRi2FVlTVw","The Chainsmokers, Halsey","Closer","Disruptor Records/Columbia",2,125,50,"4806596"
137,"spotify:track:3VTNVsTTu05dmTsVFrmGpK","The Pogues, Kirsty MacColl","Fairytale of New York (feat. Kirsty MacColl)","WM UK",110,-1,2,"4802761"
138,"spotify:track:6kex4EBAj0WHXDKZMEJaaF","Jason Derulo, Nicki Minaj, Ty Dolla $ign","Swalla (feat. Nicki Minaj & Ty Dolla $ign)","Beluga Heights/Warner Records",6,121,41,"4796704"
139,"spotify:track:22eADXu8DfOAUEDw4vU8qy","Chris Jedi, J Balvin, Ozuna, Arcángel","Ahora Dice","UMLE - Latino",46,114,35,"4792800"
140,"spotify:track:7taXf5odg9xCAZERYfyOkS","José Feliciano","Feliz Navidad","RCA Records Label",68,-1,2,"4780300"
141,"spotify:track:0ZoHHROTzwIYeNAHRPedTY","Chris Rea","Driving Home for Christmas","Rhino",141,-1,1,"4750671"
142,"spotify:track:3kxfsdsCpFgN412fpnW85Y","Childish Gambino","Redbone","Glassnote - VMG",35,140,50,"4709198"
143,"spotify:track:6eT7xZZlB2mwyzJ2sUKG6w","Post Malone","White Iverson","Universal Records",100,123,42,"4689782"
144,"spotify:track:1Slwb6dOYkBlWal1PGtnNg","Ed Sheeran","Thinking out Loud","Atlantic Records UK",58,134,50,"4674871"
145,"spotify:track:3NdDpSvN911VPGivFlV5d0","ZAYN, Taylor Swift","I Don’t Wanna Live Forever (Fifty Shades Darker)","Taylor Swift",2,136,50,"4667174"
146,"spotify:track:0yyZN5ASdrYu0XYWFzfxUu","Jesse & Joy, Gente De Zona","3 A.M.","WM Mexico",112,117,12,"4666386"
147,"spotify:track:4IWAyPf1KMq7JCyGeCjTeH","Imagine Dragons","Whatever It Takes","Kid Ina Korner / Interscope",51,132,17,"4570475"
148,"spotify:track:5aAx2yezTd8zXrkmtKl66Z","The Weeknd, Daft Punk","Starboy","Universal Republic Records",1,141,50,"4564212"
149,"spotify:track:2eAZfqOm4EnOF9VvN50Tyc","Lil Uzi Vert, Oh Wonder","The Way Life Goes (feat. Oh Wonder)","Generation Now/Atlantic",44,127,15,"4558974"
150,"spotify:track:0dA2Mk56wEzDgegdC6R17g","Zedd, Alessia Cara","Stay","UMGRI Interscope",7,149,41,"4481874"
151,"spotify:track:5PB8zB1MOZASboLquvinMF","CNCO, Little Mix","Reggaetón Lento (Remix)","Sony Music Latin",56,109,16,"4477925"
152,"spotify:track:5zSOVwaY3sVjnmLhuEfsuf","Ozuna","Tú Foto","VP Records Corp/Dimelo Vi",72,131,32,"4424553"
153,"spotify:track:1pZdegOXTZ2ftINo3oUuRZ","Liam Payne","Bedroom Floor","Capitol Records UK / EMI",71,120,7,"4415713"
154,"spotify:track:4gavOCQdZ2g86gkvi17FM7","Paul McCartney","Wonderful Christmastime - Edited Version / Remastered 2011","Paul McCartney Catalog",136,-1,2,"4402758"
155,"spotify:track:3A7qX2QjDlPnazUsRk5y0M","David Guetta, Justin Bieber","2U (feat. Justin Bieber)","Parlophone (France)",3,137,26,"4378366"
156,"spotify:track:5uu28fUesZMl89lf9CLrgN","Cheat Codes, Fetty Wap, Sean Jacobs","Feels Great (feat. Fetty Wap & Sean Jacobs)","Parlophone UK",110,139,8,"4355396"
157,"spotify:track:4svZDCRz4cJoneBpjpx8DJ","Taylor Swift","I Did Something Bad","Taylor Swift",157,-1,1,"4352536"
158,"spotify:track:6D0b04NJIKfEMg040WioJQ","Julia Michaels","Issues","J/Republic",9,157,47,"4351681"
159,"spotify:track:1LszjjoVwDDZcWUQbzeDLG","Yandel, Bad Bunny","Explícale (feat. Bad Bunny)","Sony Music Latin",101,128,14,"4350189"
160,"spotify:track:6ElmxV9B2mSNscEjP27M7i","Bad Bunny","Chambea","Rimas Entertainment LLC",160,-1,1,"4347649"
161,"spotify:track:4c2W3VKsOFoIg2SFaO6DY5","Rita Ora","Your Song","Atlantic Records UK",29,130,28,"4335074"
162,"spotify:track:2vjmyyAnDUzilFYxOlTdO1","6ix9ine","GUMMO","Scumgang/TenThousand Projects",162,175,3,"4323019"
163,"spotify:track:68m6iwhKElLTBaGRG1LLwE","Diplo, MØ","Get It Right","Mad Decent",143,143,3,"4310692"
164,"spotify:track:2RttW7RAu5nOAfq6YFvApB","Ed Sheeran","Happier","Atlantic Records UK",10,161,40,"4283074"
165,"spotify:track:3zxrecYFao03IrrcyFiaMU","Louis Tomlinson","Miss You","Syco Music",165,-1,1,"4280976"
166,"spotify:track:1NDxZ7cFAo481dtYWdrUnR","Maggie Lindemann, Cheat Codes, CADE","Pretty Girl - Cheat Codes X CADE Remix","300 Entertainment",23,153,36,"4280177"
167,"spotify:track:6HZILIRieu8S0iqY8kIKhj","Kendrick Lamar","DNA.","Aftermath",3,162,34,"4253397"
168,"spotify:track:1louJpMmzEicAn7lzDalPW","Cheat Codes, Demi Lovato","No Promises (feat. Demi Lovato)","Parlophone UK",24,147,36,"4253346"
169,"spotify:track:1xznGGDReH1oQq0xzbwXa3","Drake, Wizkid, Kyla","One Dance","Cash Money Records/Young Money Ent./Universal Rec.",12,150,50,"4240510"
170,"spotify:track:5EId1m4DNwTf3at31w8bPJ","Ozuna","El Farsante","VP Records Corp/Dimelo Vi",105,146,17,"4223052"
171,"spotify:track:7hDc8b7IXETo14hHIHdnhd","Drake","Passionfruit","Cash Money Records/Young Money Ent./Universal Rec.",2,168,38,"4153832"
172,"spotify:track:5Htb1uFQ1KrkFXlefS8oGj","Demi Lovato","Tell Me You Love Me","Island Records",146,-1,2,"4151253"
173,"spotify:track:7y4JznkAv2W3IKw9T1o2VK","Daya","New","UMGRI Interscope",126,151,7,"4142191"
174,"spotify:track:7DsX5K72fewVGb47qj7Tbg","Sam Smith","Pray","PLG - Capitol",28,101,9,"4115212"
175,"spotify:track:1R0a2iXumgCiFb7HEZ7gUE","Taylor Swift","Don’t Blame Me","Taylor Swift",175,-1,1,"4109768"
176,"spotify:track:6PCUP3dWmTjcTtXY02oFdT","Ed Sheeran","Castle on the Hill","Atlantic Records UK",2,182,48,"4105508"
177,"spotify:track:4hKWUzhQWsOkgT6LnDEASe","Bausa","Was du Liebe nennst","WM Germany",96,129,8,"4105394"
178,"spotify:track:3ojTJaonfkL96iIWa47SU3","Chris Brown","Questions","RCA Records Label",56,124,16,"4092714"
179,"spotify:track:3ebXMykcMXOcLeJ9xZ17XH","Martin Garrix, Dua Lipa","Scared to Be Lonely","Epic Amsterdam",5,164,45,"4080503"
180,"spotify:track:5GXAXm5YOmYT0kL5jHvYBt","The Weeknd, Daft Punk","I Feel It Coming","Universal Republic Records",9,166,50,"4075809"
181,"spotify:track:5gIRPQWULwrvIt0F6pY7ph","Kygo, OneRepublic","Stranger Things (feat. OneRepublic)","Kygo",145,152,5,"4068265"
182,"spotify:track:1f5cbQtDrykjarZVrShaDI","A Boogie Wit da Hoodie, Kodak Black","Drowning (feat. Kodak Black)","Highbridge The Label",90,148,34,"4023662"
183,"spotify:track:6NFyWDv5CjfwuzoCkw47Xf","Taylor Swift","Delicate","Taylor Swift",183,-1,1,"4023142"
184,"spotify:track:5humEOJehpAwMJEJmb0JJ2","Nat King Cole","The Christmas Song (Merry Christmas To You)","Capitol Records",99,-1,2,"4007177"
185,"spotify:track:1GwMQaZz6Au3QLDbjbMdme","Taylor Swift","Call It What You Want","Taylor Swift",47,-1,3,"3986295"
186,"spotify:track:0taOCiup4HNG9LmbduVlJj","YBN Nahmir","Rubbin off the Paint","2018",173,173,3,"3983619"
187,"spotify:track:209gZgcfLq2aUuu51vOWBl","CNCO, Yandel","Hey DJ","Sony Music Latin",52,156,33,"3948787"
188,"spotify:track:3GVkPk8mqxz0itaAriG1L7","XXXTENTACION","Everybody Dies In Their Nightmares","Bad Vibes Forever / EMPIRE",52,155,15,"3941640"
189,"spotify:track:7Hz6LLOVxrojLPIHJJ1S0E","Sam Smith","Have Yourself A Merry Little Christmas","PLG - Capitol",169,-1,2,"3920340"
190,"spotify:track:6sn8WaooLLVhQvU96wtEAm","Lil Peep","Save That Shit","Lil Peep",97,180,3,"3919650"
191,"spotify:track:6tjituizSxwSmBB5vtgHZE","Michael Bublé","Holly Jolly Christmas","Reprise",156,-1,2,"3913945"
192,"spotify:track:65Q2mv3UlVi9eO70OpsmSe","Burl Ives","A Holly Jolly Christmas","Geffen",140,-1,2,"3899030"
193,"spotify:track:6eYxmK9fdL4hwLnXG2zY3s","XXXTENTACION","Look At Me!","Bad Vibes Forever / EMPIRE",70,159,40,"3886812"
194,"spotify:track:2ISl1zekPsc26sUQpVt8UB","Shakin' Stevens","Merry Christmas Everyone","Sony Music CG",82,-1,2,"3862143"
195,"spotify:track:5knuzwU65gJK7IF5yJsuaW","Clean Bandit, Anne-Marie, Sean Paul","Rockabye (feat. Sean Paul & Anne-Marie)","Atlantic Records UK",3,172,50,"3837253"
196,"spotify:track:4pYZLpX23Vx8rwDpJCpPTA","Rich The Kid, Kendrick Lamar","New Freezer (feat. Kendrick Lamar)","Rich The Kid / (TDE/ISR PS)",170,181,6,"3826255"
197,"spotify:track:5YzA563GXTuwQaRq24z1k5","Yandel, Wisin","Como Antes (feat. Wisin)","Sony Music Latin",129,145,12,"3826032"
198,"spotify:track:7w9bgPAmPTtrkt2v16QWvQ","Eminem","Lose Yourself","Eminem Catalog PS",143,167,38,"3813060"
199,"spotify:track:6jA8HL9i4QGzsj6fjoxp8Y","Martin Garrix, Troye Sivan","There for You","Epic Amsterdam",18,158,28,"3810951"
200,"spotify:track:3QiAAp20rPC3dcAtKtMaqQ","Elvis Presley","Blue Christmas","RCA Victor",77,-1,2,"3803870"
