﻿rank,uri,artist_names,track_name,source,peak_rank,previous_rank,weeks_on_chart,streams
1,"spotify:track:47EiUVwUp4C9fGccaPuUCS","Bad Bunny, JHAYCO","DÁKITI","Rimas Entertainment LLC",1,1,4,"47686643"
2,"spotify:track:4saklk6nie3yiGePpBwUoc","BTS","Dynamite","BIGHIT MUSIC",2,7,14,"33452450"
3,"spotify:track:35mvY5S1H3J2QZyna3TFe0","Ariana Grande","positions","Republic Records",1,3,5,"32475331"
4,"spotify:track:249gnXrbfmV8NG6jTEMSwD","BTS","Life Goes On","BIGHIT MUSIC",4,-1,1,"32174731"
5,"spotify:track:54bFM56PmE4YLRnqpW6Tha","Billie Eilish","Therefore I Am","Darkroom/Interscope Records",2,2,2,"30419033"
6,"spotify:track:3tjFYV6RSFtuktYl3ZtYcq","24kGoldn, iann dior","Mood (feat. iann dior)","Records/Columbia",1,4,16,"29814124"
7,"spotify:track:2Z8yfpFX0ZMavHkcIeHiO1","Shawn Mendes, Justin Bieber","Monster (Shawn Mendes & Justin Bieber)","Shawn Mendes LP4-5 PS/ Island",7,-1,1,"28903220"
8,"spotify:track:7hxHWCCAIIxFLCzvDgnQHX","Internet Money, Gunna, Don Toliver, NAV","Lemonade (feat. NAV)","Internet Money Records / TenThousand Projects",2,5,15,"24816100"
9,"spotify:track:7vrJn5hDSXRmdXoR30KgF1","KAROL G","BICHOTA","UMLE - Latino",9,18,5,"21577655"
10,"spotify:track:4y4spB9m0Q6026KfkAvy9Q","Justin Bieber, benny blanco","Lonely (with benny blanco)","Friends Keep Secrets/Def Jam Recordings/Interscope Records",5,6,6,"21386423"
11,"spotify:track:5JqZ3oqF00jkT81foAFvqg","Miley Cyrus, Dua Lipa","Prisoner (feat. Dua Lipa)","RCA Records Label",11,-1,1,"21119184"
12,"spotify:track:1tkg4EHVoqnhR6iFEXb60y","Pop Smoke","What You Know Bout Love","Victor Victor Worldwide",6,8,12,"20258027"
13,"spotify:track:0VjIjW4GlUZAMYd2vXMi3b","The Weeknd","Blinding Lights","Republic Records",1,9,52,"19925715"
14,"spotify:track:4Oun2ylbjFKMPTiaSbbCih","Cardi B, Megan Thee Stallion","WAP (feat. Megan Thee Stallion)","Atlantic/KSR",1,10,16,"18188668"
15,"spotify:track:6Im9k8u9iIzKMrmV7BWtlF","Ariana Grande","34+35","Republic Records",5,17,4,"17305506"
16,"spotify:track:3QH8rQGNFX8VLbCgZ7uPTS","BTS","Fly To My Room","BIGHIT MUSIC",16,-1,1,"17295541"
17,"spotify:track:1yoMvmasuxZfqHEipJhRbp","Maluma","Hawái","Sony Music Latin",2,11,17,"17283946"
18,"spotify:track:0n2moJpAEWHwaPYYjkzMDl","BTS","Blue & Grey","BIGHIT MUSIC",18,-1,1,"17243416"
19,"spotify:track:0bYg9bo50gSsH3LtXe2SQn","Mariah Carey","All I Want for Christmas Is You","Columbia",1,46,28,"17049383"
20,"spotify:track:6UelLqGlWMcVH1E5c4H7lY","Harry Styles","Watermelon Sugar","Columbia",4,12,54,"16779782"
21,"spotify:track:5u1n1kITHCxxp8twBcZxWy","Justin Bieber, Chance the Rapper","Holy (feat. Chance The Rapper)","RBMG/Def Jam",4,14,10,"16614212"
22,"spotify:track:45bE4HXI0AwGZXfZtMp8JR","Tate McRae","you broke me first","RCA Records Label",13,15,20,"16258949"
23,"spotify:track:0PvFJmanyNQMseIFrU708S","Pop Smoke, Lil Baby, DaBaby","For The Night (feat. Lil Baby & DaBaby)","Victor Victor Worldwide",7,13,21,"16117085"
24,"spotify:track:2FVpOsjT1iquZ3SpCjZ9Ne","BTS","Telepathy","BIGHIT MUSIC",24,-1,1,"15796652"
25,"spotify:track:6cx06DFPPHchuUAcTxznu9","Joel Corry, MNEK","Head & Heart (feat. MNEK)","Atlantic Records UK",11,16,20,"15408885"
26,"spotify:track:54DmTIv86D3sYdiawjULQ0","BTS","Dis-ease","BIGHIT MUSIC",26,-1,1,"14876913"
27,"spotify:track:3ndCsZfq8OVwwkz9mmZvUz","BTS","Stay","BIGHIT MUSIC",27,-1,1,"14591388"
28,"spotify:track:5nujrmhLynf4yMoMtj8AQF","Dua Lipa, DaBaby","Levitating (feat. DaBaby)","Warner Records",22,22,8,"14172425"
29,"spotify:track:35UUpTmrcFXNIVIN26ujXl","Sech, Daddy Yankee, J Balvin, ROSALÍA, Farruko","Relación - Remix","Rich Music",15,21,12,"14085909"
30,"spotify:track:3UoULw70kMsiVXxW0L3A33","Ariana Grande","pov","Republic Records",20,20,4,"14007033"
31,"spotify:track:7ndTONDDRFGiPnnhOzOXxq","Manuel Turizo, Rauw Alejandro, Myke Towers","La Nota","Sony Music Latin/La Industria",21,25,7,"13762615"
32,"spotify:track:2FRnf9qhLbvw8fu4IBXx78","Wham!","Last Christmas","Epic",2,71,23,"13660931"
33,"spotify:track:7ytR5pFWmSjzHJIeQkgog4","DaBaby, Roddy Ricch","ROCKSTAR (feat. Roddy Ricch)","South Coast Music Group/Interscope Records",1,24,32,"13165887"
34,"spotify:track:0GzuHFG4Ql6DoyxFRnIk3F","Maluma, The Weeknd","Hawái - Remix","Sony Music Latin",17,19,3,"13026828"
35,"spotify:track:4xqrdfXkTW4T0RauPLv3WA","Conan Gray","Heather","Republic Records",12,26,18,"12954084"
36,"spotify:track:7qEHsqek33rTcFNT9PFqLf","Lewis Capaldi","Someone You Loved","Vertigo Berlin",4,27,99,"12767200"
37,"spotify:track:6AGOKlMZWLCaEJGnaROtF9","Ritt Momney","Put Your Records On","Columbia",18,23,11,"12700666"
38,"spotify:track:11EnQRgRMJwMAesfkB5pnu","Lele Pons, Guaynaa","Se Te Nota (with Guaynaa)","Shots Studios & Music/10:22pm/Interscope Records",24,28,10,"12647417"
39,"spotify:track:15OjBeqNX3bShsGYQbteRv","Farruko","La Tóxica","Sony Music Latin",22,30,12,"12626362"
40,"spotify:track:5KCbr5ndeby4y4ggthdiAb","Shawn Mendes","Wonder","Shawn Mendes LP4-5 PS/ Island",12,32,8,"12537751"
41,"spotify:track:21N4Buj4xsyLb218lYle61","Sebastian Yatra, Guaynaa","Chica Ideal","UMLE - Latino",41,42,5,"12436424"
42,"spotify:track:73nAK3HgQK8dak83Y2WQ8F","Camilo","Vida de Rico","Sony Music Latin",25,31,9,"12327782"
43,"spotify:track:5vGLcdRuSbUhD8ScwsGSdA","CJ","Whoopty","CJ Music Group/T-Series",43,56,5,"12039363"
44,"spotify:track:2SAqBLGA283SUiwJ3xOUVI","Drake, Lil Durk","Laugh Now Cry Later (feat. Lil Durk)","OVO",2,29,15,"11922198"
45,"spotify:track:6zFMeegAMYQo0mt8rXtrli","Lil Nas X","HOLIDAY","Columbia",45,52,2,"11550121"
46,"spotify:track:3GtnId3Cm1Xa6joCj08nzW","Justin Quiles","Jeans","WEA Latina",35,35,13,"11480527"
47,"spotify:track:4HYDUMY0xSpeBr0AMY9cUz","Jay Wheeler, DJ Nelson, Myke Towers","La Curiosidad","Linked Music / Dynamic Records / EMPIRE",19,34,22,"11414939"
48,"spotify:track:2bgcUk2A3jjKbCJ7KPquTi","Wisin, Myke Towers, Los Legendarios","Mi Niña","La Base Music Group/ WK Records",37,37,8,"11328830"
49,"spotify:track:0lizgQ7Qw35od7CYaoMBZb","Ariana Grande","Santa Tell Me","Universal Records",4,101,20,"11284097"
50,"spotify:track:4RJz8NfIe09gpKMiRUWKhJ","Maluma, Lenny Tavárez, Justin Quiles","Parce (feat. Justin Quiles)","Sony Music Latin",37,40,14,"10972217"
51,"spotify:track:0EhpEsp4L0oRGM0vmeaN5e","J Balvin, Dua Lipa, Bad Bunny, Tainy","UN DIA (ONE DAY) (Feat. Tainy)","Universal Music Latino/ NEON16",10,36,18,"10911826"
52,"spotify:track:59qrUpoplZxbIZxk6X0Bm3","Jason Derulo","Take You Dancing","Atlantic Records",30,33,18,"10824273"
53,"spotify:track:5y7DaS3jAc9eZzcSOoUIwU","Ozuna, J Balvin, Chencho Corleone","Una Locura","Aura Music Corp.",34,38,11,"10791083"
54,"spotify:track:1rgnBhdG2JDFTbYkYRZAku","Tones And I","Dance Monkey","Elektra (NEK)",1,43,71,"10694324"
55,"spotify:track:2gMXnyrvIjhVBUZwvLZDMP","Lewis Capaldi","Before You Go","Vertigo Berlin",19,41,53,"10670861"
56,"spotify:track:0lLdorYw7lVrJydTINhWdI","Michael Bublé","It's Beginning to Look a Lot like Christmas","Reprise",7,117,19,"10582983"
57,"spotify:track:5f5tMrP3ZZbNtiLIHKOQLS","SAINt JHN, Imanbek","Roses - Imanbek Remix","Columbia/B1 Recordings",3,44,50,"10533409"
58,"spotify:track:27ycaQnQAxaPiyeg3nr2aB","Miley Cyrus","Midnight Sky","RCA Records Label",14,45,15,"10322639"
59,"spotify:track:2EjXfH91m7f8HiJN1yQg97","Brenda Lee","Rockin' Around The Christmas Tree","MCA Nashville",9,120,19,"9913441"
60,"spotify:track:7x4ASXYEKfQBCewcZhK776","KAROL G","Ay, DiOs Mío!","UMLE - Latino",14,50,20,"9793499"
61,"spotify:track:4loQgPwJHocL3dFwLfjb1J","Rauw Alejandro, Anuel AA","Reloj","Sony Music Latin/Duars Entertainment",61,62,4,"9778670"
62,"spotify:track:45S5WTQEGOB1VHr1Q4FuPl","Harry Styles","Golden","Columbia",44,47,6,"9688050"
63,"spotify:track:7vQbuQcyTflfCIOu3Uzzya","Bobby Helms","Jingle Bell Rock","Geffen",8,126,18,"9678255"
64,"spotify:track:3H7ihDc1dqLriiWXwsc2po","Topic, A7S","Breaking Me","Intercord",8,48,36,"9593216"
65,"spotify:track:1xQ6trAsedVPCdbtDAmk0c","Jawsh 685, Jason Derulo","Savage Love (Laxed - Siren Beat)","Columbia",1,39,24,"9588745"
66,"spotify:track:7B3z0ySL9Rr0XvZEAjWZzM","Clairo","Sofia","FADER Label",49,49,8,"9406928"
67,"spotify:track:3qgPpwtuRu5oP8EtFSj8HE","The Kid LAROI","SO DONE","Columbia",46,51,5,"9367634"
68,"spotify:track:2Y0wPrPQBrGhoLn14xRYCG","Juice WRLD, Marshmello","Come & Go (with Marshmello)","Grade A Productions/Interscope Records",4,53,20,"9147573"
69,"spotify:track:0RiRZpuVRbi7oqRdSMwhQY","Post Malone, Swae Lee","Sunflower - Spider-Man: Into the Spider-Verse","Republic Records",1,65,110,"9132029"
70,"spotify:track:3PfIrDoz19wz7qK7tYeu62","Dua Lipa","Don't Start Now","Warner Records",2,61,56,"9074550"
71,"spotify:track:0JAZWvvqttGFm4UMDsPQXC","Ozuna, Camilo","Despeinada","Aura Music Corp.",37,54,12,"8911257"
72,"spotify:track:0u2P5u6lvoDfwTYjAADbn4","Billie Eilish, Khalid","lovely (with Khalid)","Darkroom",24,60,136,"8850960"
73,"spotify:track:1IcR6RlgvDczfvoWJSSY2A","Andy Williams","It's the Most Wonderful Time of the Year","Columbia",10,149,18,"8729704"
74,"spotify:track:6ft4hAq6yde8jPZY2i5zLr","MEDUZA, Dermot Kennedy","Paradise (feat. Dermot Kennedy)","Universal-Island Records Ltd.",73,73,4,"8720157"
75,"spotify:track:0ofHAoxe9vBkTCp2UQIavz","Fleetwood Mac","Dreams - 2004 Remaster","Rhino/Warner Records",20,57,9,"8600741"
76,"spotify:track:55Am8neGJkdj2ADaM3aw5H","James Arthur","Train Wreck","Columbia",64,64,6,"8529251"
77,"spotify:track:0AUvWawuP0ibk4SQ3sIZjk","Ashnikko","Daisy","Parlophone UK",45,55,10,"8437078"
78,"spotify:track:4GVwjLRT7oSsKby7Vy8EHr","BTS","Skit","BIGHIT MUSIC",78,-1,1,"8392247"
79,"spotify:track:2QjOHCTQ1Jl3zawyYOpxh6","The Neighbourhood","Sweater Weather","Columbia",79,82,13,"8363321"
80,"spotify:track:7eJMfftS33KTjuF7lTsMCx","Powfu, beabadoobee","death bed (coffee for your head)","Columbia",4,68,41,"8349312"
81,"spotify:track:4G3PTss3mU33Tau7t4KbwE","Rauw Alejandro, Camilo","Tattoo - Remix with Camilo","Sony Music Latin/Duars Entertainment",22,63,20,"8230047"
82,"spotify:track:6f3Slt0GbA2bPZlz0aIFXN","Tiësto","The Business","Atlantic Records",82,83,4,"8222274"
83,"spotify:track:21jGcNKet2qwijlDFuPiPb","Post Malone","Circles","Republic Records",1,72,65,"8197285"
84,"spotify:track:4DuUwzP4ALMqpquHU0ltAB","Jack Harlow","Tyler Herro","Generation Now/Atlantic",62,69,5,"8193080"
85,"spotify:track:0XinBYhf1X3kdvKQHOX971","C. Tangana, Niño de Elche, La Húngara","Tú Me Dejaste De Querer","Sony Music Entertainment",42,58,3,"8089942"
86,"spotify:track:6HlE9t71z9DjGi7KqSyEpA","Fousheé","Deep End","Not specified",67,67,6,"8078881"
87,"spotify:track:6EDO9iiTtwNv6waLwa1UUq","DJ Khaled, Drake","POPSTAR (feat. Drake)","OVO/We The Best/Epic",7,66,19,"8074831"
88,"spotify:track:3nAp4IvdMPPWEH9uuXFFV5","Kelly Clarkson","Underneath the Tree","RCA Records Label",28,187,11,"8035367"
89,"spotify:track:2U5WueTLIK5WJLD7mvDODv","Juice WRLD","Wishing Well","Grade A Productions/Interscope Records",7,75,20,"8000429"
90,"spotify:track:5rZlwNFl01HqLWBQGryKSm","Pop Smoke, Lil Tjay","Mood Swings (feat. Lil Tjay)","Victor Victor Worldwide",12,70,21,"7947994"
91,"spotify:track:4HBZA5flZLE435QTztThqH","Ariana Grande, Justin Bieber","Stuck with U (with Justin Bieber)","Ariana Grande & Justin Bieber ""Stuck With U""- Charity",2,77,29,"7936910"
92,"spotify:track:285pBltuF7vW8TeWk8hdRR","Juice WRLD","Lucid Dreams","Juice WRLD Mixtape / ISR P&D",3,79,133,"7932320"
93,"spotify:track:6gBFPUFcJLzWGx4lenP6h2","Travis Scott","goosebumps","Cactus Jack / Epic",13,85,172,"7886457"
94,"spotify:track:2b8fOow8UzyDFAE27YhOZM","Maroon 5","Memories","Interscope Records*",2,78,62,"7877975"
95,"spotify:track:6v3KW9xbzN5yKLt9YKDYA2","Shawn Mendes, Camila Cabello","Señorita","Island Records",1,91,75,"7827636"
96,"spotify:track:3jjujdWJ72nww5eGnfs2E7","Harry Styles","Adore You","Columbia",6,81,51,"7679161"
97,"spotify:track:22LAwLoDA5b4AaGSkg6bKW","Lil Mosey","Blueberry Faygo","Mogul Vision/Interscope Records",8,86,42,"7666810"
98,"spotify:track:6fmQjRuo7XvRFCK2qex5hQ","Jerry Di","Mi Cuarto","Nacho",47,84,14,"7648908"
99,"spotify:track:5zj8WNkBrEzlI5FKeYV4ol","Sech, J Balvin","La Luz","Rich Music",65,76,3,"7546124"
100,"spotify:track:6bvfJf4KjonPMuPfGfy3S2","Nio Garcia, Anuel AA, Myke Towers, Brray, Juanka","La Jeepeta - Remix","Flow La Movie, Inc.",13,89,28,"7492188"
101,"spotify:track:0nbXyq5TXYPCO7pr3N8S4I","Roddy Ricch","The Box","Atlantic Records",1,92,50,"7478185"
102,"spotify:track:1hJIbOjWpid6LtnozHmzRS","Sam Smith","Diamonds","PLG - Capitol",42,87,10,"7386716"
103,"spotify:track:2Fxmhks0bxGSBdJ92vM42m","Billie Eilish","bad guy","Darkroom/Interscope Records",1,88,87,"7344875"
104,"spotify:track:4JUPEh2DVSXFGExu4Uxevz","BLACKPINK, Selena Gomez","Ice Cream (with Selena Gomez)","YG Entertainment/Interscope Records",5,59,13,"7333179"
105,"spotify:track:4L5ZhW0VJeQ6je2iqvqZ4X","Sfera Ebbasta, J Balvin","Baby (with J Balvin)","Universal Music Italia srL.",105,-1,1,"7276896"
106,"spotify:track:4Ws314Ylb27BVsvlZOy30C","BLACKPINK","Lovesick Girls","YG Entertainment/Interscope Records",6,74,8,"7250488"
107,"spotify:track:3eekarcy7kvN4yt5ZFzltW","Travis Scott","HIGHEST IN THE ROOM","Cactus Jack/Epic",1,102,60,"7214206"
108,"spotify:track:4SFknyjLcyTLJFPKD2m96o","BLACKPINK","How You Like That","YG Entertainment/Interscope Records",4,80,22,"7207814"
109,"spotify:track:7xapw9Oy21WpfEcib2ErSA","Justin Bieber","Mistletoe","RBMG/Def Jam",17,-1,17,"7181801"
110,"spotify:track:2VxeLyX666F8uXCJ0dZF8B","Lady Gaga, Bradley Cooper","Shallow","A Star is Born OST",3,103,113,"7150090"
111,"spotify:track:6FuGJB290AQMAHTfjOYVaK","24kGoldn, Justin Bieber, J Balvin, iann dior","Mood (Remix) feat. Justin Bieber, J Balvin & iann dior","Records/Columbia",35,90,3,"7080346"
112,"spotify:track:6Hj9jySrnFppAI0sEMCZpJ","Juice WRLD","Robbery","Grade A Productions/Interscope Records",18,99,71,"7057004"
113,"spotify:track:7ju97lgwC2rKQ6wwsf9no9","Lady Gaga, Ariana Grande","Rain On Me (with Ariana Grande)","Interscope",1,97,27,"7056206"
114,"spotify:track:7kDUspsoYfLkWnZR7qwHZl","mgk, blackbear","my ex's best friend (with blackbear)","Bad Boy/Interscope Records",39,94,16,"7046833"
115,"spotify:track:6i7zAdNhzUN2k1HcrBxPHG","Ofenbach, Quarterhead, Norma Jean Martine","Head Shoulders Knees & Toes (feat. Norma Jean Martine)","Elektra France",115,130,11,"6889656"
116,"spotify:track:7k4t7uLgtOxPwTpFmtJNTY","KAROL G, Nicki Minaj","Tusa","TUSA - Karol G & Nicki Minaj",3,110,55,"6832006"
117,"spotify:track:017PF4Q3l4DBUiWoXk4OWT","Dua Lipa","Break My Heart","Warner Records",7,115,35,"6716369"
118,"spotify:track:0A1hoCfMLkiAgvhWkkucJa","Megan Thee Stallion","Body","300 Entertainment",118,-1,1,"6677462"
119,"spotify:track:2rRJrJEo19S2J82BDsQ3F7","Trevor Daniel","Falling","Alamo",5,107,54,"6615284"
120,"spotify:track:2kJwzbxV2ppxnQoYw4GLBZ","JP Saxe, Julia Michaels","If the World Was Ending (feat. Julia Michaels)","Arista Records",38,105,55,"6584931"
121,"spotify:track:5uCax9HTNlzGybIStD3vDh","James Arthur","Say You Won't Let Go","Columbia",7,111,203,"6584754"
122,"spotify:track:3F1P0QzdXtBz0MXy7KIO5w","Dua Lipa, Angèle","Fever","Warner Records",76,98,4,"6570202"
123,"spotify:track:5Jm4w8jmPEBTLjI9vH4fXo","Ozuna","Caramelo","Aura Music Corp.",17,104,24,"6561982"
124,"spotify:track:0SErdEdRcVX1uJCf1eTGYH","Morgan Wallen","Somebody’s Problem","Morgan Wallen",124,-1,1,"6556452"
125,"spotify:track:1ZMiCix7XSAbfAJlEZWMCp","Harry Styles","Falling","Columbia",29,108,50,"6528839"
126,"spotify:track:0pqnGHJpmpxLKifKRmU6WP","Imagine Dragons","Believer","Kid Ina Korner / Interscope",16,113,199,"6517791"
127,"spotify:track:3apeXzypBMnUfYcZYNX6DH","TWICE","I CAN'T STOP ME","Republic Records - TWICE",68,96,5,"6471376"
128,"spotify:track:2uFaJJtFpPDc5Pa95XzTvg","Dean Martin","Let It Snow! Let It Snow! Let It Snow!","Capitol Records",41,-1,9,"6393200"
129,"spotify:track:7m9OqQk4RVRkw9JJdeAw96","XXXTENTACION","Jocelyn Flores","Bad Vibes Forever / EMPIRE",7,119,169,"6323664"
130,"spotify:track:2MbdDtCv5LUVjYy9RuGTgC","Jack Harlow, Tory Lanez, DaBaby, Lil Wayne","WHATS POPPIN (feat. DaBaby, Tory Lanez & Lil Wayne) - Remix","Generation Now/Atlantic",15,114,22,"6316628"
131,"spotify:track:7aGyRfJWtLqgJaZoG9lJhE","salem ilese","Mad at Disney","10K Projects",46,106,12,"6295699"
132,"spotify:track:3ZCTVFBt2Brf31RLEnCkWJ","Billie Eilish","everything i wanted","Darkroom/Interscope Records",2,109,55,"6245718"
133,"spotify:track:27u7t9d7ZQoyjsCROHuZJ3","Clean Bandit, Mabel, 24kGoldn","Tick Tock (feat. 24kGoldn)","Atlantic Records UK",82,112,11,"6241923"
134,"spotify:track:79s5XnCN4TJKTVMSmOx8Ep","Pop Smoke","Dior","Victor Victor Worldwide/Republic Records",40,123,37,"6229944"
135,"spotify:track:4VXIryQMWpIdGgYR4TrjT1","Juice WRLD","All Girls Are The Same","Juice WRLD Mixtape / ISR P&D",48,127,66,"6212253"
136,"spotify:track:1K5KBOgreBi5fkEHvg5ap3","Future, Drake","Life Is Good (feat. Drake)","Epic/Freebandz",3,121,46,"6207775"
137,"spotify:track:2lCkncy6bIB0LTMT7kvrD1","J Balvin","Azul","UMLE - Latino",61,122,36,"6195060"
138,"spotify:track:22Sh5dlwbERqJAq1fZk5b2","Rauw Alejandro, J Balvin","De Cora <3","Sony Music Latin/Duars Entertainment",116,116,2,"6174724"
139,"spotify:track:4jcxBTrNvyqMJdMDyyjdYV","Christian Nodal, Ángela Aguilar","Dime Cómo Quieres","Universal Music Mexico",139,-1,1,"6152821"
140,"spotify:track:2xLMifQCjDGFmkHkpNLD9h","Travis Scott","SICKO MODE","Cactus Jack / Epic",2,124,121,"6150997"
141,"spotify:track:62aP9fBQKYKxi7PDXwcUAS","Surf Mesa, Emilee","ily (i love you baby) (feat. Emilee)","Astralwerks",9,118,35,"6055238"
142,"spotify:track:2r6OAV3WsYtXuXjvJ1lIDi","Pop Smoke, A Boogie Wit da Hoodie","Hello (feat. A Boogie Wit da Hoodie)","Victor Victor Worldwide",124,198,12,"5981878"
143,"spotify:track:46UMwpkxyIwzqhsaONm4wf","The Ronettes","Sleigh Ride","Legacy Recordings",35,-1,11,"5935565"
144,"spotify:track:1IIKrJVP1C9N7iPtG6eOsK","Chris Brown, Young Thug","Go Crazy","Chris Brown Entertainment/300 Entertainment/RCA Records",37,100,27,"5933841"
145,"spotify:track:1VLtjHwRWOVJiE5Py7JxoQ","Polo G","Martin & Gina","Columbia",116,136,14,"5908835"
146,"spotify:track:0tgVpDi06FyKpA1z0VMD4v","Ed Sheeran","Perfect","Atlantic Records UK",4,137,194,"5907374"
147,"spotify:track:696DnlkuDOXcMAnKlTgXXK","Arizona Zervas","ROXANNE","Arizona Zervas",2,131,57,"5875428"
148,"spotify:track:7taXf5odg9xCAZERYfyOkS","José Feliciano","Feliz Navidad","RCA Records Label",21,-1,14,"5829640"
149,"spotify:track:5GkQIP5mWPi4KZLLXeuFTT","Ariana Grande, Doja Cat","motive (with Doja Cat)","Republic Records",14,93,4,"5829561"
150,"spotify:track:2GiJYvgVaD2HtM8GqD9EgQ","BØRNS","Electric Love","UMGRI Interscope",61,125,17,"5824108"
151,"spotify:track:4umIPjkehX1r7uhmGvXiSV","Justin Bieber, Quavo","Intentions (feat. Quavo)","RBMG/Def Jam",5,133,42,"5792918"
152,"spotify:track:2tnVG71enUj33Ic2nFN6kZ","Regard","Ride It","Ministry of Sound Recordings",12,132,64,"5790744"
153,"spotify:track:68mrW6gXHgupgSiDHgaDi5","Nicky Jam, Myke Towers","Polvo","Sony Music Latin",153,-1,1,"5755075"
154,"spotify:track:466cKvZn1j45IpxDdYZqdA","Drake","Toosie Slide","OVO",2,128,34,"5753335"
155,"spotify:track:6tjituizSxwSmBB5vtgHZE","Michael Bublé","Holly Jolly Christmas","Reprise",24,-1,15,"5728314"
156,"spotify:track:6ocbgoVGwYJhOv1GgI9NsF","Ariana Grande","7 rings","Republic Records",1,134,97,"5687687"
157,"spotify:track:0ri0Han4IRJhzvERHOZTMr","Pink Sweat$","At My Worst","Atlantic Records",157,157,4,"5666579"
158,"spotify:track:4kKdvXD0ez7jp1296JmAts","Frank Sinatra, B. Swanson Quartet","Let It Snow! Let It Snow! Let It Snow! (with The B. Swanson Quartet)","Columbia/Legacy",23,-1,16,"5650151"
159,"spotify:track:5E30LdtzQTGqRvNd7l6kG5","The Neighbourhood","Daddy Issues","Columbia",135,135,8,"5626129"
160,"spotify:track:1H7KnK26kc1YyellpbINEn","Pop Smoke, 50 Cent, Roddy Ricch","The Woo (feat. 50 Cent & Roddy Ricch)","Victor Victor Worldwide",17,140,21,"5554429"
161,"spotify:track:3ee8Jmje8o58CHK66QrVC2","XXXTENTACION","SAD!","Bad Vibes Forever, LLC",1,151,143,"5504962"
162,"spotify:track:11jGgkrtDbYaKlN0y1nPbC","Sfera Ebbasta, Marracash, Guè","Tik Tok (feat. Marracash & Guè)","Universal Music Italia srL.",162,-1,1,"5504912"
163,"spotify:track:3U4isOIWM3VvDubwSI3y7a","John Legend","All of Me","G.O.O.D. Music/Columbia",142,148,94,"5500151"
164,"spotify:track:4u7EnebtmKWzUH433cf5Qv","Queen","Bohemian Rhapsody - Remastered 2011","EMI",11,164,117,"5474093"
165,"spotify:track:43zdsphuZLzwA9k4DJhU0I","Billie Eilish","when the party's over","Darkroom/Interscope Records",9,138,110,"5460648"
166,"spotify:track:7qiZfU4dY1lWllzX7mPBI3","Ed Sheeran","Shape of You","Atlantic Records UK",1,158,203,"5446847"
167,"spotify:track:7a53HqqArd4b9NF4XAmlbI","Ava Max","Kings & Queens","Atlantic Records",41,144,35,"5422447"
168,"spotify:track:5KawlOMHjWeUjQtnuRs22c","BTS, Halsey","Boy With Luv (feat. Halsey)","BIGHIT MUSIC",3,-1,43,"5391304"
169,"spotify:track:0247StOpd3AkeBQzANX4Zf","Band Aid","Do They Know It's Christmas? - 1984 Version","EMI",12,-1,16,"5371711"
170,"spotify:track:2MlOUXmcofMackX3bxfSwi","Master KG, Nomcebo Zikode","Jerusalema (feat. Nomcebo Zikode)","Elektra France",88,142,12,"5362508"
171,"spotify:track:1pqnQ41XbfKjaFu6M0eGJp","Tainy, J Balvin","Agua (with J Balvin)","NEON16/Interscope Records",19,139,20,"5358940"
172,"spotify:track:2f0pn9DkEJwAzXApnFh5cr","BANNERS","Someone To You","Island Records",123,145,15,"5356303"
173,"spotify:track:5qrSlOut2rNAWv3ubArkNy","Dean Lewis","Be Alright","Universal Music Australia Pty. Ltd.",12,154,117,"5264020"
174,"spotify:track:0lSVjlxmAMSJGFSjVB1FtU","Sfera Ebbasta, Future","Abracadabra (feat. Future)","Universal Music Italia srL.",174,-1,1,"5263469"
175,"spotify:track:0hVXuCcriWRGvwMV1r5Yn9","Ed Sheeran & Justin Bieber, Justin Bieber","I Don't Care (with Justin Bieber)","Atlantic Records UK",1,171,81,"5228595"
176,"spotify:track:2mt1IqcFyY1zmYZT8Q3xw9","blackbear","hot girl bummer","Alamo",9,163,66,"5217941"
177,"spotify:track:13vDU8nPsvTGEVTMB8Vw7g","Aya Nakamura, Maluma","Djadja (feat. Maluma) - Remix","Rec. 118",36,155,22,"5203423"
178,"spotify:track:3QCU8BT0zDS9LPVfEhRFEE","The Kid LAROI","ALWAYS DO","Columbia",140,150,3,"5196635"
179,"spotify:track:20McUFi8KCIVdNDLrkTDuZ","HVME","Goosebumps","Columbia/B1 Recordings",179,179,2,"5191184"
180,"spotify:track:7FIWs0pqAYbP91WWM0vlTQ","Eminem, Juice WRLD","Godzilla (feat. Juice WRLD)","Shady/Aftermath/Interscope Records",4,172,45,"5177247"
181,"spotify:track:6wQlQrTY5mVS8EGaFZVwVF","Juice WRLD, The Weeknd","Smile (with The Weeknd)","Grade A Productions/Interscope Records",7,162,16,"5164187"
182,"spotify:track:30bqVoKjX479ab90a8Pafp","Lil Peep","Star Shopping","Death Note Music, LLC",169,169,11,"5136702"
183,"spotify:track:3Z8FwOEN59mRMxDCtb8N0A","Marshmello, Halsey","Be Kind (with Halsey)","Astralwerks",22,159,30,"5093756"
184,"spotify:track:0e7ipj03S05BNilyu5bRzt","Post Malone, 21 Savage","rockstar (feat. 21 Savage)","Republic Records",1,176,167,"5043474"
185,"spotify:track:1XnpzbOGptRwfJhZgLbmSr","BLACKPINK","Pretty Savage","YG Entertainment/Interscope Records",22,152,8,"5039047"
186,"spotify:track:7szuecWAPwGoV1e5vGu8tl","The Weeknd","In Your Eyes","Republic Records",6,194,36,"5022507"
187,"spotify:track:4TgxFMOn5yoESW6zCidCXL","Jawsh 685, Jason Derulo, BTS","Savage Love (Laxed – Siren Beat) [BTS Remix]","Columbia",41,-1,7,"4995203"
188,"spotify:track:4rHZZAmHpZrA3iH5zx8frV","Justin Timberlake","Mirrors","RCA Records Label",188,-1,1,"4988571"
189,"spotify:track:6FZDfxM3a3UCqtzo5pxSLZ","Halsey","Without Me","Capitol Records",4,175,112,"4984774"
190,"spotify:track:7Lbxvt42JsNSKVCaN63qhD","Paul McCartney","Wonderful Christmastime - Edited Version / Remastered 2011","Paul McCartney Catalog",15,-1,15,"4935865"
191,"spotify:track:3AJwUDP919kvQ9QcozQPxg","Coldplay","Yellow","Parlophone UK",183,183,2,"4933146"
192,"spotify:track:4CvW0iHAs7yJhbpnJ3NSnS","Sfera Ebbasta, Diplo","Hollywood (feat. Diplo)","Universal Music Italia srL.",192,-1,1,"4920218"
193,"spotify:track:5SWnsxjhdcEDc7LJjq9UHk","21 Savage, Metro Boomin","Runnin","Slaughter Gang, LLC/Epic/Boominati Worldwide/Republic",24,141,8,"4914682"
194,"spotify:track:57RA3JGafJm5zRtKJiKPIm","Wallows, Clairo","Are You Bored Yet? (feat. Clairo)","Atlantic Records",105,170,23,"4911995"
195,"spotify:track:2wrJq5XKLnmhRXHIAf9xBa","Dan + Shay, Justin Bieber","10,000 Hours (with Justin Bieber)","Warner Records Nashville",5,186,56,"4911749"
196,"spotify:track:4lsHZ92XCFOQfzJFBTluk8","Vedo","You Got It","New Wav Music Group / Island Prolific / EMPIRE",87,165,11,"4907925"
197,"spotify:track:34LI7rwi9H8w2S5KTHnv1M","Manuel Turizo","Quiéreme Mientras Se Pueda","Sony Music Latin/La Industria",129,178,14,"4899440"
198,"spotify:track:27qAMKrDdKEs8HDXcvR24R","Chris Rea","Driving Home for Christmas - 2019 Remaster","Rhino",21,-1,13,"4888194"
199,"spotify:track:3Dv1eDb0MEgF93GpLXlucZ","Doja Cat","Say So","Kemosabe Records/RCA Records",6,181,48,"4886071"
200,"spotify:track:3IJYUaN3tx04S4TYyZHKoP","StaySolidRocky","Party Girl","Columbia",9,177,28,"4878286"
