﻿rank,uri,artist_names,track_name,source,peak_rank,previous_rank,weeks_on_chart,streams
1,"spotify:track:1OmcAT5Y8eg5bUPv9qJT4R","Post Malone, 21 Savage","rockstar (feat. 21 Savage)","Republic Records",1,1,2,"46918992"
2,"spotify:track:2rb5MvYT7ZIxbKW5hfcHx8","J Balvin, Willy William","Mi Gente","Scorpio Music (FR)",1,3,13,"26596772"
3,"spotify:track:0mel2N9Ws9r4yLQn5QE21Y","Sam Smith","Too Good At Goodbyes","PLG - Capitol",1,2,3,"26268442"
4,"spotify:track:2ekn2ttSfGqwhhate0LSR0","Dua Lipa","New Rules","Warner Records",3,4,12,"25782603"
5,"spotify:track:5tz69p7tJuGPeMGwNTxYuV","Logic, Alessia Cara, Khalid","1-800-273-8255","Def Jam Recordings",5,6,22,"23171275"
6,"spotify:track:1j4kHkkpqZRBwE0A4CN4Yv","ZAYN, Sia","Dusk Till Dawn (feat. Sia) - Radio Edit","RCA Records Label",6,7,3,"22532430"
7,"spotify:track:6uFsE1JgZ20EXyU0JQZbUR","Taylor Swift","Look What You Made Me Do","Taylor Swift",1,5,5,"21610813"
8,"spotify:track:0ofbQMrRDsUaVKq2mGLEAb","Camila Cabello, Young Thug","Havana (feat. Young Thug)","Syco Music/Epic",8,8,8,"21315604"
9,"spotify:track:7vGuf3Y35N4wmASOKLUVVU","Marshmello, Khalid","Silence","Joytime Collective/RCA Records",9,10,7,"20207453"
10,"spotify:track:4mxWSdf71VFO52qFeY0fZt","Maroon 5, SZA","What Lovers Do (feat. SZA)","Interscope Records*",10,12,4,"19278180"
11,"spotify:track:3B54sVLJ402zGa6Xm4YGNe","French Montana, Swae Lee","Unforgettable","Bad Boy Entertainment/Epic Records",3,11,25,"19085779"
12,"spotify:track:7nZmah2llfvLDiUjm0kiyz","Justin Bieber, BloodPop®","Friends (with BloodPop®)","BloodPop/DJ/RMBG/Republic",2,9,6,"18509069"
13,"spotify:track:25C5CowdsfXld2jJanbiex","Demi Lovato","Sorry Not Sorry","Island Records",7,13,12,"17962858"
14,"spotify:track:0CokSRCu5hZgPxcZBaEzVE","Macklemore, Skylar Grey","Glorious (feat. Skylar Grey)","Bendo LLC",14,23,12,"17664071"
15,"spotify:track:5bcTCxgc7xVfSaMV3RuVke","Calvin Harris, Pharrell Williams, Katy Perry, Big Sean, Funk Wav","Feels (feat. Pharrell Williams, Katy Perry & Big Sean)","Columbia",5,14,15,"16694852"
16,"spotify:track:7qiZfU4dY1lWllzX7mPBI3","Ed Sheeran","Shape of You","Atlantic Records UK",1,15,38,"15800992"
17,"spotify:track:7m9OqQk4RVRkw9JJdeAw96","XXXTENTACION","Jocelyn Flores","Bad Vibes Forever / EMPIRE",15,16,5,"15476929"
18,"spotify:track:0tKcYR2II1VCQWT79i5NrW","Imagine Dragons","Thunder","Kid Ina Korner / Interscope",8,19,22,"15393124"
19,"spotify:track:5Z3GHaZ6ec9bsiI5BenrbY","Khalid","Young Dumb & Broke","Right Hand Music Group, LLC/RCA Records",17,17,14,"15293309"
20,"spotify:track:7GX5flRQZVHRAGd6B4TmDO","Lil Uzi Vert","XO Tour Llif3","Generation Now/Atlantic",10,20,27,"14801665"
21,"spotify:track:2771LMNxwf62FTAdpJMQfM","Cardi B","Bodak Yellow","KSR/Atlantic",21,28,9,"14550012"
22,"spotify:track:4iLqG9SeJSnt0cSPICSjxv","Charlie Puth","Attention","Artist Partner",5,18,23,"14267629"
23,"spotify:track:2fQrGHiQOvpL9UgPvtYy6G","21 Savage","Bank Account","Slaughter Gang, LLC/Epic Records",22,29,12,"14030108"
24,"spotify:track:7F9vK8hNFMml4GtHsaXui6","Louis Tomlinson, Bebe Rexha, Digital Farm Animals","Back to You (feat. Bebe Rexha & Digital Farm Animals)","Syco Music",15,21,10,"13864099"
25,"spotify:track:6WbADFqMvR8N5u0BvtsWQE","Avicii, Sandro Cavazza","Without You","Universal Music AB",21,27,7,"13601257"
26,"spotify:track:6EpRaXYhGOB3fj4V2uDkMJ","Liam Payne, Quavo","Strip That Down (feat. Quavo)","Capitol Records UK / EMI",9,26,19,"13057993"
27,"spotify:track:5CtI0qwDJkDQGwXD1H1cLb","Luis Fonsi, Daddy Yankee, Justin Bieber","Despacito - Remix","UMLE - Latino",1,25,24,"12975046"
28,"spotify:track:1OAh8uOEOvTDqkKFsKksCi","DJ Khaled, Rihanna, Bryson Tiller","Wild Thoughts (feat. Rihanna & Bryson Tiller)","Epic/We The Best",2,24,15,"12846843"
29,"spotify:track:3PEgB3fkiojxms35ntsTgs","Axwell /\ Ingrosso, Axwell, Sebastian Ingrosso","More Than You Know","Pophouse Entertainment Group",15,22,18,"12633014"
30,"spotify:track:1wjzFQodRWrPcQ0AnYnvQ9","Lauv","I Like Me Better","Lauv",29,32,17,"12309608"
31,"spotify:track:6De0lHrwBfPfrhorm9q1Xl","Danny Ocean","Me Rehúso","Atlantic Records",20,34,32,"12217575"
32,"spotify:track:3a1lNhkSLSkpJE4MSHpDu9","Post Malone, Quavo","Congratulations","Universal Records",20,39,36,"11941761"
33,"spotify:track:7KXjTSCq5nL1LoYtL7XAwS","Kendrick Lamar","HUMBLE.","Aftermath",1,36,26,"11724432"
34,"spotify:track:0NiXXAI876aGImAd6rTj8w","Jonas Blue, William Singe","Mama","UMOD (Universal Music On Demand)",11,33,21,"11618491"
35,"spotify:track:0tgVpDi06FyKpA1z0VMD4v","Ed Sheeran","Perfect","Atlantic Records UK",7,81,30,"11617349"
36,"spotify:track:31MkGwj0SWgZaTvEt5Hgxv","P!nk","What About Us","RCA Records Label",35,35,7,"11562033"
37,"spotify:track:79cuOz3SPQTuFrp8WgftAu","Shawn Mendes","There's Nothing Holdin' Me Back","Island Records",5,37,23,"11198207"
38,"spotify:track:3A7qX2QjDlPnazUsRk5y0M","David Guetta, Justin Bieber","2U (feat. Justin Bieber)","Parlophone (France)",3,30,16,"11102106"
39,"spotify:track:6QgjcU0zLnzq5OrUoSZ3OK","Portugal. The Man","Feel It Still","Atlantic Records",39,44,11,"10660073"
40,"spotify:track:2OALaHcDdKkjYEpAr0Qzab","Avicii, Rita Ora","Lonely Together","Universal Music AB",34,41,7,"10577045"
41,"spotify:track:19WjVVgXjdKXfLXoaDPwTM","Taylor Swift","...Ready For It?","Taylor Swift",13,31,4,"10409465"
42,"spotify:track:3DXncPQOG4VBw3QHh3S817","DJ Khaled, Justin Bieber, Quavo, Chance the Rapper, Lil Wayne","I'm the One (feat. Justin Bieber, Quavo, Chance the Rapper & Lil Wayne)","Epic/We The Best",2,38,22,"10157065"
43,"spotify:track:0qYTZCo5Bwh1nsUFGZP3zn","Maluma","Felices los 4","Sony Music Latin",17,43,23,"9896462"
44,"spotify:track:0CcQNd8CINkwQfe1RDtGV6","Imagine Dragons","Believer","Kid Ina Korner / Interscope",16,45,34,"9610180"
45,"spotify:track:3hRZsdTF5uyGA2uhNqEuhm","Niall Horan","Too Much To Ask","Capitol Records (US1A)",40,40,2,"9447699"
46,"spotify:track:693iqPOQvhI7PobtR8CC8v","J Balvin, Jowell & Randy","Bonita","Rimas (J Balvin - Jowell & Randy)",42,47,16,"9332501"
47,"spotify:track:6RUKPb4LETWmmr3iAEQktW","The Chainsmokers, Coldplay","Something Just Like This","Disruptor Records/Columbia",2,46,32,"9258159"
48,"spotify:track:7JNh1cfm0eXjqFVOzKLyau","Becky G, Bad Bunny","Mayores","Kemosabe Records/RCA Records/Sony Music Latin",48,51,9,"9071831"
49,"spotify:track:5AEtlRudpgdT5FtNiuly6Y","Hailee Steinfeld, Alesso, Florida Georgia Line, WATT","Let Me Go (with Alesso, Florida Georgia Line & watt)","Universal Records",49,56,3,"8668382"
50,"spotify:track:2eAZfqOm4EnOF9VvN50Tyc","Lil Uzi Vert, Oh Wonder","The Way Life Goes (feat. Oh Wonder)","Generation Now/Atlantic",50,57,5,"8636890"
51,"spotify:track:6kex4EBAj0WHXDKZMEJaaF","Jason Derulo, Nicki Minaj, Ty Dolla $ign","Swalla (feat. Nicki Minaj & Ty Dolla $ign)","Beluga Heights/Warner Records",6,48,31,"8556555"
52,"spotify:track:5SE57ljOIUJ1ybL9U6CuBH","BTS","DNA","BIGHIT MUSIC",52,70,2,"8529281"
53,"spotify:track:4c2W3VKsOFoIg2SFaO6DY5","Rita Ora","Your Song","Atlantic Records UK",29,42,18,"8258443"
54,"spotify:track:7MHN1aCFtLXjownGhvEQlF","Manuel Turizo","Una Lady Como Tú","Sony Music Latin/La Industria",38,49,17,"8107882"
55,"spotify:track:1m69ELEgE6k5ZWsap40ozt","Ozuna","Se Preparó","VP Records Corp/Dimelo Vi",55,64,5,"7729260"
56,"spotify:track:1yxgsra98r3qAtxqiGZPiX","Travis Scott","BUTTERFLY EFFECT","Cactus Jack / Epic",40,52,19,"7635446"
57,"spotify:track:2cnKEkpVUSV4wnjQiTWfH6","Wisin, Ozuna","Escápate Conmigo (feat. Ozuna)","Sony Music Latin",38,55,25,"7632240"
58,"spotify:track:3zoYkqS4y2BsGVShPL2nTE","CNCO, Little Mix","Reggaetón Lento (Remix)","Sony Music Latin",58,61,6,"7599330"
59,"spotify:track:3VClLWqNn80Llv0PJOsKgr","Nacho, Yandel, Bad Bunny, Mambo Kingz, DJ Luian","Báilame - Remix","UMLE - Latino",59,65,6,"7514674"
60,"spotify:track:4aWmUDTfIPGksMNLV2rQP2","Luis Fonsi, Daddy Yankee","Despacito","UMLE - Latino",4,53,37,"7487176"
61,"spotify:track:7AQim7LbvFVZJE3O8TYgf2","XXXTENTACION, Trippie Redd","Fuck Love","Bad Vibes Forever / EMPIRE",41,50,5,"7448892"
62,"spotify:track:5XQMr19TL7Mfksq9zihbOu","Chris Brown","Questions","RCA Records Label",56,58,6,"7243604"
63,"spotify:track:7rdUtXasA973gmrr2Xxh3E","Lorde, Khalid, Post Malone, SZA","Homemade Dynamite (Feat. Khalid, Post Malone & SZA) - REMIX","Universal Music New Zealand Limited",62,62,2,"7222885"
64,"spotify:track:152lZdxL1OR0ZMW6KquMif","Khalid","Location","Right Hand Music Group, LLC/RCA Records",34,60,34,"7193141"
65,"spotify:track:167NczpNbRF7oWakJaY3Hh","Niall Horan","Slow Hands","Capitol Records (US1A)",29,54,21,"7043714"
66,"spotify:track:4z3GJkrtH97Bj6fRta983T","Carlos Vives, Sebastian Yatra","Robarte un Beso","Sony Music Latin",61,68,8,"7004001"
67,"spotify:track:1HTtUBEY3tuw2btgwwI2Ja","Gucci Mane, Migos","I Get the Bag (feat. Migos)","Guwop Enterprises/Atlantic",66,66,6,"6975632"
68,"spotify:track:6jA8HL9i4QGzsj6fjoxp8Y","Martin Garrix, Troye Sivan","There for You","Epic Amsterdam",18,63,18,"6968219"
69,"spotify:track:6gBFPUFcJLzWGx4lenP6h2","Travis Scott","goosebumps","Cactus Jack / Epic",60,69,39,"6950721"
70,"spotify:track:7aF09WaavZAmAWuUeYxlYD","OneRepublic, Seeb","Rich Love (with Seeb)","Mosley / Interscope",49,59,11,"6887126"
71,"spotify:track:0Zbbxnx4SGGHoIow4PpISP","Kygo, Justin Jesso","Stargazing","Kygo",71,-1,1,"6804955"
72,"spotify:track:1x5sYLZiu9r5E43kMlt9f8","Clean Bandit, Zara Larsson","Symphony (feat. Zara Larsson)","Atlantic Records UK",11,71,28,"6408229"
73,"spotify:track:1NDxZ7cFAo481dtYWdrUnR","Maggie Lindemann, Cheat Codes, CADE","Pretty Girl - Cheat Codes X CADE Remix","300 Entertainment",23,72,26,"6369836"
74,"spotify:track:57p8CBvPOxrvyCbn6ttl5r","Skrillex, Poo Bear","Would You Ever","OWSLA/Atlantic",57,67,9,"6366038"
75,"spotify:track:5uCax9HTNlzGybIStD3vDh","James Arthur","Say You Won't Let Go","Columbia",7,79,40,"6341123"
76,"spotify:track:22eADXu8DfOAUEDw4vU8qy","Chris Jedi, J Balvin, Ozuna, Arcángel","Ahora Dice","UMLE - Latino",46,73,25,"6309059"
77,"spotify:track:3eR23VReFzcdmS7TYCrhCe","Kygo, Selena Gomez","It Ain't Me (with Selena Gomez)","Kygo",2,84,32,"6232253"
78,"spotify:track:6c7D34787LOtPm8tzhsLgH","Yo Gotti, Nicki Minaj","Rake It Up (feat. Nicki Minaj)","Epic/CMG",78,78,9,"6142985"
79,"spotify:track:3rOSwuTsUlJp0Pu0MkN8r8","Future","Mask Off","Epic/Freebandz/A1",5,75,32,"6079183"
80,"spotify:track:0KKkJNfGyhkQ5aFogxQAPU","Bruno Mars","That's What I Like","Atlantic Records",6,74,40,"6045787"
81,"spotify:track:2Za1AlJNvksouPPWbXpR2X","Macklemore, Kesha","Good Old Days (feat. Kesha)","Bendo LLC",81,-1,1,"6023508"
82,"spotify:track:7ofxPmTNMj2GP07g1VZa0O","Alex Sensation, Ozuna","Que Va","JP Entertainment (Jorge Pino)",82,98,5,"5933451"
83,"spotify:track:1louJpMmzEicAn7lzDalPW","Cheat Codes, Demi Lovato","No Promises (feat. Demi Lovato)","Parlophone UK",24,77,26,"5921440"
84,"spotify:track:40oKW22ZNNkEdZLJTScaQI","Kodak Black, XXXTENTACION","Roll in Peace (feat. XXXTENTACION)","Atlantic Records",84,94,6,"5920957"
85,"spotify:track:5zSOVwaY3sVjnmLhuEfsuf","Ozuna","Tú Foto","VP Records Corp/Dimelo Vi",72,82,22,"5871675"
86,"spotify:track:3kxfsdsCpFgN412fpnW85Y","Childish Gambino","Redbone","Glassnote - VMG",35,80,40,"5812485"
87,"spotify:track:2SmgFAhQkQCQPyBiBxR6Te","NATTI NATASHA, Ozuna","Criminal","Pina Records",87,134,2,"5810063"
88,"spotify:track:0q75NwOoFiARAVp4EXU4Bs","SZA, Travis Scott","Love Galore (feat. Travis Scott)","Top Dawg Entertainment/RCA Records",73,76,16,"5738596"
89,"spotify:track:7iDa6hUg2VgEL1o1HjmfBn","Bebe Rexha, Florida Georgia Line","Meant to Be (feat. Florida Georgia Line)","Warner Records",89,130,2,"5698765"
90,"spotify:track:0Wv5wuenRLI3BcwgT3HPIP","DJ Snake, Lauv","A Different Way (with Lauv)","Geffen",90,-1,1,"5659117"
91,"spotify:track:0afhq8XCExXpqazXczTSve","Ed Sheeran","Galway Girl","Atlantic Records UK",2,91,30,"5613819"
92,"spotify:track:3GVkPk8mqxz0itaAriG1L7","XXXTENTACION","Everybody Dies In Their Nightmares","Bad Vibes Forever / EMPIRE",52,83,5,"5599804"
93,"spotify:track:0dA2Mk56wEzDgegdC6R17g","Zedd, Alessia Cara","Stay","UMGRI Interscope",7,85,31,"5513662"
94,"spotify:track:6foxplXS0YEq8cO374Lty4","Lil Pump","Gucci Gang","Warner Records",94,122,3,"5469529"
95,"spotify:track:6HZILIRieu8S0iqY8kIKhj","Kendrick Lamar","DNA.","Aftermath",3,90,24,"5430495"
96,"spotify:track:6eUncuJutsFi9BGO1JaBHh","Jason Derulo","If I'm Lucky","Beluga Heights/Warner Records",82,92,4,"5366868"
97,"spotify:track:7FfpP3YZ6fOWMdxkIAtud9","Farruko, Bad Bunny, Rvssian","Krippy Kush","Sony Music Latin",79,101,7,"5361133"
98,"spotify:track:6p8NuHm8uCGnn2Dtbtf7zE","Migos, Gucci Mane","Slippery (feat. Gucci Mane)","Quality Control Music",71,97,26,"5350279"
99,"spotify:track:7BKLCZ1jbUBVqRi2FVlTVw","The Chainsmokers, Halsey","Closer","Disruptor Records/Columbia",2,100,40,"5324258"
100,"spotify:track:209gZgcfLq2aUuu51vOWBl","CNCO, Yandel","Hey DJ","Sony Music Latin",52,95,23,"5284677"
101,"spotify:track:3Ytr1SUCUi6J3L9dRFx5iH","Major Lazer, Travis Scott, Camila Cabello, Quavo","Know No Better (feat. Travis Scott, Camila Cabello & Quavo)","Third Pardee Records",31,89,17,"5235541"
102,"spotify:track:0XfOi87h82i09rQjWYG0Bm","Jax Jones, Demi Lovato, Stefflon Don","Instruction (feat. Demi Lovato & Stefflon Don)","Polydor Records",75,86,11,"5227114"
103,"spotify:track:3NdDpSvN911VPGivFlV5d0","ZAYN, Taylor Swift","I Don’t Wanna Live Forever (Fifty Shades Darker)","Taylor Swift",2,99,40,"5177893"
104,"spotify:track:5yuShbu70mtHXY0yLzCQLQ","Post Malone","Go Flex","Universal Records",104,133,12,"5147672"
105,"spotify:track:3bWAqKDWg6u1davspr5IkS","Robin Schulz, James Blunt","OK","WM Germany",55,102,19,"5115274"
106,"spotify:track:0XLOf9LhyazPX9Ld8jPiUq","Selena Gomez, Gucci Mane","Fetish (feat. Gucci Mane)","Selena Gomez PS",10,88,11,"5067618"
107,"spotify:track:75ZvA4QfFiZvzhj2xkaWAh","Post Malone","I Fall Apart","Universal Records",107,-1,1,"5045788"
108,"spotify:track:4xBjsLUSjcx2h7PcRikpQp","Camila Cabello, Quavo","OMG (feat. Quavo)","Syco Music/Epic",83,96,8,"4996120"
109,"spotify:track:1e1JKLEDKP7hEQzJfNAgPl","Playboi Carti","Magnolia","AWGE Label",59,93,21,"4976125"
110,"spotify:track:5EId1m4DNwTf3at31w8bPJ","Ozuna","El Farsante","VP Records Corp/Dimelo Vi",105,105,7,"4972480"
111,"spotify:track:2kVHAQKVtczchKctctzbtK","Katy Perry, Nicki Minaj","Swish Swish","Capitol Records (CAP)",41,109,19,"4950375"
112,"spotify:track:0xG0SHshCStMEyNbNC5d4k","Julia Michaels","Issues","J/Republic",9,104,37,"4888629"
113,"spotify:track:1LszjjoVwDDZcWUQbzeDLG","Yandel, Bad Bunny","Explícale (feat. Bad Bunny)","Sony Music Latin",113,116,4,"4849274"
114,"spotify:track:5TysCiZtv1HnSWcTcUFusI","Joey Montana, Sebastian Yatra","Suena El Dembow","UMLE - Latino",114,153,2,"4848347"
115,"spotify:track:0ERbK7qVqveCaBWIiYCrl3","Romeo Santos, Daddy Yankee, Nicky Jam","Bella y Sensual","Sony Music Latin",106,108,9,"4799790"
116,"spotify:track:7hDc8b7IXETo14hHIHdnhd","Drake","Passionfruit","Cash Money Records/Young Money Ent./Universal Rec.",2,106,28,"4790785"
117,"spotify:track:5RCfvwDewu6p2x1mEI6smX","Tay-K","The Race","88 Classic",114,114,4,"4771509"
118,"spotify:track:6Q2FftbUG530lCtBI74bMH","A Boogie Wit da Hoodie, Kodak Black","Drowning (feat. Kodak Black)","Highbridge The Label",90,110,24,"4763442"
119,"spotify:track:0jdny0dhgjUwoIp5GkqEaA","Kesha","Praying","Kemosabe Records/RCA Records",37,103,12,"4701533"
120,"spotify:track:5aAx2yezTd8zXrkmtKl66Z","The Weeknd, Daft Punk","Starboy","Universal Republic Records",1,111,40,"4697227"
121,"spotify:track:1xznGGDReH1oQq0xzbwXa3","Drake, Wizkid, Kyla","One Dance","Cash Money Records/Young Money Ent./Universal Rec.",12,117,40,"4594097"
122,"spotify:track:1WIZiOuNO3woKfdlSK2gNn","Kodak Black","Transportin'","Atlantic Records",122,142,3,"4568067"
123,"spotify:track:2mfUa8bLs2s5N4VaqJZ4lZ","Hailee Steinfeld","Most Girls","Universal Records",54,107,22,"4500642"
124,"spotify:track:7y9iMe8SOB6z3NoHE2OfXl","Halsey","Bad At Love","Astralwerks (ASW)",124,140,5,"4499339"
125,"spotify:track:6eT7xZZlB2mwyzJ2sUKG6w","Post Malone","White Iverson","Universal Records",125,158,32,"4489574"
126,"spotify:track:6fxVffaTuwjgEk5h9QyRjy","Ed Sheeran","Photograph","Atlantic Records UK",41,121,40,"4476545"
127,"spotify:track:4ARPvK8DHLwt4oX65ZAFMw","XXXTENTACION","Look At Me!","Bad Vibes Forever / EMPIRE",70,124,30,"4474186"
128,"spotify:track:7tr2za8SQg2CI8EDgrdtNl","Calvin Harris, Frank Ocean, Migos, Funk Wav","Slide (feat. Frank Ocean & Migos)","Columbia",13,112,31,"4412889"
129,"spotify:track:3ebXMykcMXOcLeJ9xZ17XH","Martin Garrix, Dua Lipa","Scared to Be Lonely","Epic Amsterdam",5,131,35,"4389333"
130,"spotify:track:5GXAXm5YOmYT0kL5jHvYBt","The Weeknd, Daft Punk","I Feel It Coming","Universal Republic Records",9,123,40,"4379223"
131,"spotify:track:5knuzwU65gJK7IF5yJsuaW","Clean Bandit, Anne-Marie, Sean Paul","Rockabye (feat. Sean Paul & Anne-Marie)","Atlantic Records UK",3,126,40,"4369743"
132,"spotify:track:6SwRhMLwNqEi6alNPVG00n","Kendrick Lamar, Rihanna","LOYALTY. FEAT. RIHANNA.","Aftermath",8,115,24,"4364447"
133,"spotify:track:1tp1xMJ1uaOktksskS0Fzs","Gucci Mane, The Weeknd","Curve (feat. The Weeknd)","Guwop Enterprises/Atlantic",87,87,2,"4357347"
134,"spotify:track:1Slwb6dOYkBlWal1PGtnNg","Ed Sheeran","Thinking out Loud","Atlantic Records UK",58,139,40,"4337214"
135,"spotify:track:2habSXqcJGExM6JJyskY7O","Miley Cyrus","Malibu","RCA Records Label",7,128,20,"4300769"
136,"spotify:track:6H0AwSQ20mo62jGlPGB8S6","2 Chainz, Ty Dolla $ign, Trey Songz, Jhené Aiko","It's A Vibe","2Chainz PS/Def Jam",106,113,15,"4277732"
137,"spotify:track:5Ohxk2dO5COHF1krpoPigN","Harry Styles","Sign of the Times","Columbia",14,135,25,"4268928"
138,"spotify:track:4N1c5rmWOzRmB9SMacr5wB","Abraham Mateo, Farruko, Christian Daniel","Loco Enamorado","Sony Music Entertainment",132,138,8,"4264509"
139,"spotify:track:74ODGXs4byLTRdnKGM4s6E","LANY","Super Far","Polydor Records",115,118,11,"4258483"
140,"spotify:track:3QwBODjSEzelZyVjxPOHdq","Zion & Lennox, J Balvin","Otra Vez (feat. J Balvin)","WEA Latina",50,136,40,"4234113"
141,"spotify:track:7mldq42yDuxiUNn08nvzHO","Sam Hunt","Body Like A Back Road","MCA Nashville",62,129,34,"4224586"
142,"spotify:track:6PGoSes0D9eUDeeAafB2As","Kendrick Lamar, Zacari","LOVE. FEAT. ZACARI.","Aftermath",14,119,24,"4157405"
143,"spotify:track:5EnYT6F7wEcdege6mDHEfO","Drake","Signs","Cash Money Records/Young Money Ent./Universal Rec.",19,120,14,"4128686"
144,"spotify:track:2nYwV62UABTH0NanrwVIdQ","Rae Sremmurd, Swae Lee, Slim Jxmmi","Perplexing Pegasus - From SR3MM","Mike WiLL Made-It",84,151,8,"4078831"
145,"spotify:track:4dVpf9jZjcORqGTLUaeYj9","A$AP Ferg","Plain Jane","RCA Records Label",145,194,2,"4065348"
146,"spotify:track:1sCxVKWImDZSZKvG0U9B23","Selena Gomez","Bad Liar","Selena Gomez PS",6,132,20,"4045042"
147,"spotify:track:1SJtlNRJDeYHioymcvsqev","Camila Cabello","Crying in the Club","Syco Music/Epic",33,125,19,"4043412"
148,"spotify:track:61HHDBLqF3AmSvLfHKNGd2","KAROL G, Bad Bunny","Ahora Me Llama","UMLE - Latino",136,146,8,"4021923"
149,"spotify:track:6PCUP3dWmTjcTtXY02oFdT","Ed Sheeran","Castle on the Hill","Atlantic Records UK",2,143,38,"4000416"
150,"spotify:track:5nq1uTNIR1cBR72T87viS0","BTS","Go Go","BIGHIT MUSIC",150,-1,1,"3953532"
151,"spotify:track:53mrVsi49rLHIaKBiSvElG","blackbear, Gucci Mane","do re mi (feat. Gucci Mane)","Alamo",139,141,8,"3941646"
152,"spotify:track:72jbDTw1piOOj770jWNeaG","The Chainsmokers","Paris","Disruptor Records/Columbia",2,154,37,"3938365"
153,"spotify:track:4yN6xPLopmTLvc27pO9LIE","Nicky Jam, Wisin","Si Tú La Ves (feat. Wisin)","Sony Music Latin",117,150,22,"3933027"
154,"spotify:track:4okba5wu9mMLXx79DXLKi3","Daddy Yankee, Ozuna","La Rompe Corazones","Craft Latino",73,137,34,"3926303"
155,"spotify:track:5q2JbCNi4FcnglgPfxcV65","Anuel AA, Daddy Yankee, Zion & Lennox, Farruko, Wisin","Sola (Remix)","Spiff TV, LLC / Real Hasta La Muerte, Inc.",91,147,35,"3921388"
156,"spotify:track:0yyZN5ASdrYu0XYWFzfxUu","Jesse & Joy, Gente De Zona","3 A.M.","WM Mexico",156,188,2,"3916693"
157,"spotify:track:2EEeOnHehOozLq4aS0n6SL","KYLE, Lil Yachty","iSpy (feat. Lil Yachty)","independently popular.",21,145,40,"3903673"
158,"spotify:track:6HUnnBwYZqcED1eQztxMBN","Martin Jensen","Solo Dance","Intercord",25,144,40,"3898460"
159,"spotify:track:68EMU2RD1ECNeOeJ5qAXCV","Charlie Puth, Selena Gomez","We Don't Talk Anymore (feat. Selena Gomez)","Artist Partner",39,160,40,"3856749"
160,"spotify:track:1uL78kFWxhz3umTMWJu8n5","Lil Uzi Vert","Sauce It Up","Generation Now/Atlantic",83,163,5,"3854375"
161,"spotify:track:2Gl0FzuLxflY6nPifJp5Dr","Kygo, Ellie Goulding","First Time","Kygo",19,178,22,"3837640"
162,"spotify:track:25oOaleife6E2MIKmFkPvg","Young Thug, Future","Relationship (feat. Future)","Atlantic Records",162,168,5,"3827280"
163,"spotify:track:4Hf7WnR761jpxPr5D46Bcd","Shawn Mendes","Treat You Better","Island Records",26,152,40,"3813405"
164,"spotify:track:4Km5HrUvYTaSUfiSGPJeQR","Migos, Lil Uzi Vert","Bad and Boujee (feat. Lil Uzi Vert)","Quality Control Music",9,156,40,"3785177"
165,"spotify:track:2tdq0CeAGSfhI2l4Gwkvgx","BTS","Best Of Me","BIGHIT MUSIC",161,161,2,"3780642"
166,"spotify:track:4pdPtRcBmOSQDlJ3Fk945m","DJ Snake, Justin Bieber","Let Me Love You","DJ Snake Def Jam",4,167,40,"3765439"
167,"spotify:track:5hEM0JchdVzQ5PwvSfITeX","Piso 21, Maluma","Me Llamas (feat. Maluma) - Remix","WM Mexico",87,164,40,"3743819"
168,"spotify:track:6qDF4wWL49CAVbgT7yuHl8","J Balvin","Sigo Extrañándote","UMLE - Latino",72,149,30,"3741951"
169,"spotify:track:7bsnTsbiwOymZWjPF9v6Di","Macklemore, Lil Yachty","Marmalade (feat. Lil Yachty)","Bendo LLC",120,-1,6,"3723767"
170,"spotify:track:4wdZdkEugVVorAfzqRqC6N","Post Malone","Candy Paint","Republic Records",170,199,2,"3698584"
171,"spotify:track:4qknM1pQz53QOyfDVTjcM9","Shakira","Me Enamoré","Sony Music Latin",71,155,24,"3666902"
172,"spotify:track:3ibRxEv4KkcU9e259eyNJA","Major Lazer, Anitta, Pabllo Vittar","Sua Cara (feat. Anitta & Pabllo Vittar)","Third Pardee Records",104,157,10,"3660316"
173,"spotify:track:6mICuAdrwEjh6Y6lroV2Kg","Shakira, Maluma","Chantaje (feat. Maluma)","Sony Music Latin",13,166,40,"3646100"
174,"spotify:track:30MM5jWpUmOxtTNd9Ey5LZ","Thomas Rhett","Unforgettable","The Valory Music Co.",106,127,6,"3634179"
175,"spotify:track:6875MeXyCW0wLyT72Eetmo","Hailee Steinfeld, Grey, Zedd","Starving","UME - Global Clearing House",20,170,40,"3629816"
176,"spotify:track:0QsvXIfqM0zZoerQfsI9lm","The Chainsmokers, Daya","Don't Let Me Down","Disruptor Records/Columbia",25,172,40,"3629594"
177,"spotify:track:5TXDeTFVRVY7Cvt0Dw4vWW","XXXTENTACION","Revenge","Bad Vibes Forever / EMPIRE",63,148,5,"3618104"
178,"spotify:track:5YzA563GXTuwQaRq24z1k5","Yandel, Wisin","Como Antes (feat. Wisin)","Sony Music Latin",178,191,2,"3616296"
179,"spotify:track:2RttW7RAu5nOAfq6YFvApB","Ed Sheeran","Happier","Atlantic Records UK",10,186,30,"3596709"
180,"spotify:track:2QWP8NYYplOqEFBYGCcq0S","The Script","Rain","Columbia",159,182,4,"3528667"
181,"spotify:track:7i2DJ88J7jQ8K7zqFX2fW8","Halsey","Now Or Never","Astralwerks (ASW)",29,169,25,"3511417"
182,"spotify:track:6b8Be6ljOzmkOmFslEb23P","Bruno Mars","24K Magic","Atlantic Records",9,179,40,"3508828"
183,"spotify:track:59J5nzL1KniFHnU120dQzt","Playboi Carti, Lil Uzi Vert","wokeuplikethis*","AWGE Label",147,-1,12,"3500437"
184,"spotify:track:3kGfazcbVvVkuZunzlLgTD","Sigala, Ella Eyre","Came Here for Love","Ministry of Sound Recordings",78,173,16,"3499913"
185,"spotify:track:2SYa5Lx1uoCvyDIW4oee9b","BTS","MIC Drop","BIGHIT MUSIC",185,-1,1,"3482941"
186,"spotify:track:1CKd1PnqfYx0H12V9MSaIY","Zedd, Liam Payne","Get Low (with Liam Payne)","UMGRI Interscope",51,159,12,"3481840"
187,"spotify:track:2DGa7iaidT5s0qnINlwMjJ","Alan Walker","The Spectre","Kreatell Music",187,-1,1,"3468880"
188,"spotify:track:0V9cosR5jWa4fr2koARmhD","ItaloBrothers","Summer Air","Zoo Digital",99,171,16,"3464567"
189,"spotify:track:3hB5DgAiMAQ4DzYbsMq1IT","Justin Bieber","Love Yourself","RBMG/Def Jam",62,189,40,"3451528"
190,"spotify:track:5Db9VIdDsN5yu3Eu7CT0i4","Sam Smith","Stay With Me","PLG - Capitol",148,190,8,"3446909"
191,"spotify:track:0SGkqnVQo9KPytSri1H6cF","Big Sean","Bounce Back","Getting Out Our Dreams Inc. (G.O.O.D.) Music / IDJ",21,174,40,"3444314"
192,"spotify:track:78rIJddV4X0HkNAInEcYde","Starley, Ryan Riback","Call on Me - Ryan Riback Remix","Central Station Records",13,183,40,"3443213"
193,"spotify:track:3umS4y3uQDkqekNjVpiRUs","Nicky Jam","El Amante","Sony Music Latin",32,162,36,"3432173"
194,"spotify:track:6JV2JOEocMgcZxYSZelKcc","Justin Timberlake","CAN'T STOP THE FEELING! (from DreamWorks Animation's ""TROLLS"")","Villa 40/RCA Records",28,184,40,"3425973"
195,"spotify:track:7cQMJ0wDqVS5iM0JIvP6Ay","Fall Out Boy","The Last Of The Real Ones","Island Records",195,-1,1,"3403589"
196,"spotify:track:5Z01UMMf7V1o0MzF86s6WJ","Eminem","Lose Yourself","Eminem Catalog PS",150,181,28,"3393102"
197,"spotify:track:7nKBxz47S9SD79N086fuhn","Enrique Iglesias, Descemer Bueno, Zion & Lennox","SUBEME LA RADIO","RCA Records/Sony Music International/Sony Music Latin",31,165,31,"3389675"
198,"spotify:track:0Clb9aiXWa0dvVff5aN4VN","Astrid S","Think Before I Talk","Universal Music AS",178,187,5,"3375412"
199,"spotify:track:4TZy1wLyHec06pwgFYDh1a","Shawn Mendes","Mercy","Island Records",22,180,40,"3362730"
200,"spotify:track:1Sl3njkhhz8nrSPZroDQ82","Dimitri Vegas & Like Mike, David Guetta, Dimitri Vegas, Kiiara","Complicated (feat. Kiiara)","Epic Amsterdam",134,176,9,"3352674"
