﻿rank,uri,artist_names,track_name,source,peak_rank,previous_rank,weeks_on_chart,streams
1,"spotify:track:0mel2N9Ws9r4yLQn5QE21Y","Sam Smith","Too Good At Goodbyes","PLG - Capitol",1,-1,1,"30706135"
2,"spotify:track:6uFsE1JgZ20EXyU0JQZbUR","Taylor Swift","Look What You Made Me Do","Taylor Swift",1,1,3,"29021986"
3,"spotify:track:2rb5MvYT7ZIxbKW5hfcHx8","J Balvin, Willy William","Mi Gente","Scorpio Music (FR)",1,2,11,"28657214"
4,"spotify:track:2ekn2ttSfGqwhhate0LSR0","Dua Lipa","New Rules","Warner Records",3,3,10,"25312487"
5,"spotify:track:5tz69p7tJuGPeMGwNTxYuV","Logic, Alessia Cara, Khalid","1-800-273-8255","Def Jam Recordings",5,10,20,"22630987"
6,"spotify:track:7nZmah2llfvLDiUjm0kiyz","Justin Bieber, BloodPop®","Friends (with BloodPop®)","BloodPop/DJ/RMBG/Republic",2,4,4,"21733055"
7,"spotify:track:1j4kHkkpqZRBwE0A4CN4Yv","ZAYN, Sia","Dusk Till Dawn (feat. Sia) - Radio Edit","RCA Records Label",7,-1,1,"21296996"
8,"spotify:track:3B54sVLJ402zGa6Xm4YGNe","French Montana, Swae Lee","Unforgettable","Bad Boy Entertainment/Epic Records",3,6,23,"20349143"
9,"spotify:track:0ofbQMrRDsUaVKq2mGLEAb","Camila Cabello, Young Thug","Havana (feat. Young Thug)","Syco Music/Epic",8,8,6,"20105338"
10,"spotify:track:5bcTCxgc7xVfSaMV3RuVke","Calvin Harris, Pharrell Williams, Katy Perry, Big Sean, Funk Wav","Feels (feat. Pharrell Williams, Katy Perry & Big Sean)","Columbia",5,5,13,"19499233"
11,"spotify:track:7vGuf3Y35N4wmASOKLUVVU","Marshmello, Khalid","Silence","Joytime Collective/RCA Records",11,11,5,"19084850"
12,"spotify:track:25C5CowdsfXld2jJanbiex","Demi Lovato","Sorry Not Sorry","Island Records",7,7,10,"18531598"
13,"spotify:track:19WjVVgXjdKXfLXoaDPwTM","Taylor Swift","...Ready For It?","Taylor Swift",13,13,2,"17763978"
14,"spotify:track:4iLqG9SeJSnt0cSPICSjxv","Charlie Puth","Attention","Artist Partner",5,15,21,"16676713"
15,"spotify:track:7m9OqQk4RVRkw9JJdeAw96","XXXTENTACION","Jocelyn Flores","Bad Vibes Forever / EMPIRE",15,26,3,"16531894"
16,"spotify:track:1OAh8uOEOvTDqkKFsKksCi","DJ Khaled, Rihanna, Bryson Tiller","Wild Thoughts (feat. Rihanna & Bryson Tiller)","Epic/We The Best",2,9,13,"16530013"
17,"spotify:track:7qiZfU4dY1lWllzX7mPBI3","Ed Sheeran","Shape of You","Atlantic Records UK",1,16,36,"16063016"
18,"spotify:track:4mxWSdf71VFO52qFeY0fZt","Maroon 5, SZA","What Lovers Do (feat. SZA)","Interscope Records*",18,29,2,"16024547"
19,"spotify:track:0tKcYR2II1VCQWT79i5NrW","Imagine Dragons","Thunder","Kid Ina Korner / Interscope",8,18,20,"15481695"
20,"spotify:track:7F9vK8hNFMml4GtHsaXui6","Louis Tomlinson, Bebe Rexha, Digital Farm Animals","Back to You (feat. Bebe Rexha & Digital Farm Animals)","Syco Music",15,17,8,"15454510"
21,"spotify:track:5CtI0qwDJkDQGwXD1H1cLb","Luis Fonsi, Daddy Yankee, Justin Bieber","Despacito - Remix","UMLE - Latino",1,12,22,"15370611"
22,"spotify:track:7GX5flRQZVHRAGd6B4TmDO","Lil Uzi Vert","XO Tour Llif3","Generation Now/Atlantic",10,14,25,"15350875"
23,"spotify:track:3PEgB3fkiojxms35ntsTgs","Axwell /\ Ingrosso, Axwell, Sebastian Ingrosso","More Than You Know","Pophouse Entertainment Group",15,19,16,"15130302"
24,"spotify:track:6EpRaXYhGOB3fj4V2uDkMJ","Liam Payne, Quavo","Strip That Down (feat. Quavo)","Capitol Records UK / EMI",9,21,17,"14751783"
25,"spotify:track:5Z3GHaZ6ec9bsiI5BenrbY","Khalid","Young Dumb & Broke","Right Hand Music Group, LLC/RCA Records",25,27,12,"14613498"
26,"spotify:track:3HVr6jTVwBHBa2flM0eURR","Macklemore, Skylar Grey","Glorious (feat. Skylar Grey)","Bendo LLC",19,23,10,"14491286"
27,"spotify:track:3A7qX2QjDlPnazUsRk5y0M","David Guetta, Justin Bieber","2U (feat. Justin Bieber)","Parlophone (France)",3,20,14,"14271434"
28,"spotify:track:0NiXXAI876aGImAd6rTj8w","Jonas Blue, William Singe","Mama","UMOD (Universal Music On Demand)",11,22,19,"13905515"
29,"spotify:track:6WbADFqMvR8N5u0BvtsWQE","Avicii, Sandro Cavazza","Without You","Universal Music AB",21,25,5,"13882535"
30,"spotify:track:5eqK0tbzUPo2SoeZsov04s","21 Savage","Bank Account","Slaughter Gang, LLC/Epic Records",22,28,10,"13530236"
31,"spotify:track:1wjzFQodRWrPcQ0AnYnvQ9","Lauv","I Like Me Better","Lauv",29,32,15,"12704967"
32,"spotify:track:6De0lHrwBfPfrhorm9q1Xl","Danny Ocean","Me Rehúso","Atlantic Records",20,31,30,"12539884"
33,"spotify:track:2771LMNxwf62FTAdpJMQfM","Cardi B","Bodak Yellow","KSR/Atlantic",33,34,7,"12510478"
34,"spotify:track:79cuOz3SPQTuFrp8WgftAu","Shawn Mendes","There's Nothing Holdin' Me Back","Island Records",5,24,21,"12072069"
35,"spotify:track:7KXjTSCq5nL1LoYtL7XAwS","Kendrick Lamar","HUMBLE.","Aftermath",1,33,24,"11921618"
36,"spotify:track:3DXncPQOG4VBw3QHh3S817","DJ Khaled, Justin Bieber, Quavo, Chance the Rapper, Lil Wayne","I'm the One (feat. Justin Bieber, Quavo, Chance the Rapper & Lil Wayne)","Epic/We The Best",2,30,20,"11873911"
37,"spotify:track:31MkGwj0SWgZaTvEt5Hgxv","P!nk","What About Us","RCA Records Label",35,35,5,"11823521"
38,"spotify:track:4c2W3VKsOFoIg2SFaO6DY5","Rita Ora","Your Song","Atlantic Records UK",29,38,16,"10605272"
39,"spotify:track:0qYTZCo5Bwh1nsUFGZP3zn","Maluma","Felices los 4","Sony Music Latin",17,36,21,"10483569"
40,"spotify:track:2OALaHcDdKkjYEpAr0Qzab","Avicii, Rita Ora","Lonely Together","Universal Music AB",34,39,5,"10458331"
41,"spotify:track:3a1lNhkSLSkpJE4MSHpDu9","Post Malone, Quavo","Congratulations","Universal Records",20,37,34,"10341113"
42,"spotify:track:7AQim7LbvFVZJE3O8TYgf2","XXXTENTACION, Trippie Redd","Fuck Love","Bad Vibes Forever / EMPIRE",41,42,3,"9831288"
43,"spotify:track:6RUKPb4LETWmmr3iAEQktW","The Chainsmokers, Coldplay","Something Just Like This","Disruptor Records/Columbia",2,40,30,"9630336"
44,"spotify:track:1yxgsra98r3qAtxqiGZPiX","Travis Scott","BUTTERFLY EFFECT","Cactus Jack / Epic",40,46,17,"9546924"
45,"spotify:track:6kex4EBAj0WHXDKZMEJaaF","Jason Derulo, Nicki Minaj, Ty Dolla $ign","Swalla (feat. Nicki Minaj & Ty Dolla $ign)","Beluga Heights/Warner Records",6,41,29,"9540671"
46,"spotify:track:0CcQNd8CINkwQfe1RDtGV6","Imagine Dragons","Believer","Kid Ina Korner / Interscope",16,45,32,"9529493"
47,"spotify:track:167NczpNbRF7oWakJaY3Hh","Niall Horan","Slow Hands","Capitol Records (US1A)",29,43,19,"9366055"
48,"spotify:track:693iqPOQvhI7PobtR8CC8v","J Balvin, Jowell & Randy","Bonita","Rimas (J Balvin - Jowell & Randy)",42,47,14,"9324822"
49,"spotify:track:7MHN1aCFtLXjownGhvEQlF","Manuel Turizo","Una Lady Como Tú","Sony Music Latin/La Industria",38,48,15,"9277796"
50,"spotify:track:4aWmUDTfIPGksMNLV2rQP2","Luis Fonsi, Daddy Yankee","Despacito","UMLE - Latino",4,44,35,"8832971"
51,"spotify:track:6QgjcU0zLnzq5OrUoSZ3OK","Portugal. The Man","Feel It Still","Atlantic Records",51,53,9,"8615394"
52,"spotify:track:7JNh1cfm0eXjqFVOzKLyau","Becky G, Bad Bunny","Mayores","Kemosabe Records/RCA Records/Sony Music Latin",52,54,7,"8264479"
53,"spotify:track:6jA8HL9i4QGzsj6fjoxp8Y","Martin Garrix, Troye Sivan","There for You","Epic Amsterdam",18,49,16,"8247369"
54,"spotify:track:7aF09WaavZAmAWuUeYxlYD","OneRepublic, Seeb","Rich Love (with Seeb)","Mosley / Interscope",49,50,9,"8239447"
55,"spotify:track:2cnKEkpVUSV4wnjQiTWfH6","Wisin, Ozuna","Escápate Conmigo (feat. Ozuna)","Sony Music Latin",38,51,23,"8078521"
56,"spotify:track:5XQMr19TL7Mfksq9zihbOu","Chris Brown","Questions","RCA Records Label",56,58,4,"7621063"
57,"spotify:track:152lZdxL1OR0ZMW6KquMif","Khalid","Location","Right Hand Music Group, LLC/RCA Records",34,56,32,"7476822"
58,"spotify:track:0XLOf9LhyazPX9Ld8jPiUq","Selena Gomez, Gucci Mane","Fetish (feat. Gucci Mane)","Selena Gomez PS",10,52,9,"7234439"
59,"spotify:track:1x5sYLZiu9r5E43kMlt9f8","Clean Bandit, Zara Larsson","Symphony (feat. Zara Larsson)","Atlantic Records UK",11,57,26,"7003042"
60,"spotify:track:1NDxZ7cFAo481dtYWdrUnR","Maggie Lindemann, Cheat Codes, CADE","Pretty Girl - Cheat Codes X CADE Remix","300 Entertainment",23,55,24,"6945751"
61,"spotify:track:4z3GJkrtH97Bj6fRta983T","Carlos Vives, Sebastian Yatra","Robarte un Beso","Sony Music Latin",61,68,6,"6895389"
62,"spotify:track:2eAZfqOm4EnOF9VvN50Tyc","Lil Uzi Vert, Oh Wonder","The Way Life Goes (feat. Oh Wonder)","Generation Now/Atlantic",53,64,3,"6811920"
63,"spotify:track:57p8CBvPOxrvyCbn6ttl5r","Skrillex, Poo Bear","Would You Ever","OWSLA/Atlantic",57,62,7,"6793144"
64,"spotify:track:3GVkPk8mqxz0itaAriG1L7","XXXTENTACION","Everybody Dies In Their Nightmares","Bad Vibes Forever / EMPIRE",52,61,3,"6667119"
65,"spotify:track:22eADXu8DfOAUEDw4vU8qy","Chris Jedi, J Balvin, Ozuna, Arcángel","Ahora Dice","UMLE - Latino",46,63,23,"6660054"
66,"spotify:track:3VClLWqNn80Llv0PJOsKgr","Nacho, Yandel, Bad Bunny, Mambo Kingz, DJ Luian","Báilame - Remix","UMLE - Latino",66,84,4,"6588727"
67,"spotify:track:3zoYkqS4y2BsGVShPL2nTE","CNCO, Little Mix","Reggaetón Lento (Remix)","Sony Music Latin",67,69,4,"6574164"
68,"spotify:track:1HTtUBEY3tuw2btgwwI2Ja","Gucci Mane, Migos","I Get the Bag (feat. Migos)","Guwop Enterprises/Atlantic",68,77,4,"6522500"
69,"spotify:track:6gBFPUFcJLzWGx4lenP6h2","Travis Scott","goosebumps","Cactus Jack / Epic",60,72,37,"6511507"
70,"spotify:track:0KKkJNfGyhkQ5aFogxQAPU","Bruno Mars","That's What I Like","Atlantic Records",6,65,38,"6443094"
71,"spotify:track:1louJpMmzEicAn7lzDalPW","Cheat Codes, Demi Lovato","No Promises (feat. Demi Lovato)","Parlophone UK",24,66,24,"6418711"
72,"spotify:track:0jdny0dhgjUwoIp5GkqEaA","Kesha","Praying","Kemosabe Records/RCA Records",37,60,10,"6369559"
73,"spotify:track:3Ytr1SUCUi6J3L9dRFx5iH","Major Lazer, Travis Scott, Camila Cabello, Quavo","Know No Better (feat. Travis Scott, Camila Cabello & Quavo)","Third Pardee Records",31,59,15,"6336376"
74,"spotify:track:3kxfsdsCpFgN412fpnW85Y","Childish Gambino","Redbone","Glassnote - VMG",35,71,38,"6265491"
75,"spotify:track:5uCax9HTNlzGybIStD3vDh","James Arthur","Say You Won't Let Go","Columbia",7,80,38,"6251554"
76,"spotify:track:0q75NwOoFiARAVp4EXU4Bs","SZA, Travis Scott","Love Galore (feat. Travis Scott)","Top Dawg Entertainment/RCA Records",73,73,14,"6213125"
77,"spotify:track:3rOSwuTsUlJp0Pu0MkN8r8","Future","Mask Off","Epic/Freebandz/A1",5,74,30,"6201550"
78,"spotify:track:5zSOVwaY3sVjnmLhuEfsuf","Ozuna","Tú Foto","VP Records Corp/Dimelo Vi",72,76,20,"6138703"
79,"spotify:track:0dA2Mk56wEzDgegdC6R17g","Zedd, Alessia Cara","Stay","UMGRI Interscope",7,67,29,"6084651"
80,"spotify:track:0XfOi87h82i09rQjWYG0Bm","Jax Jones, Demi Lovato, Stefflon Don","Instruction (feat. Demi Lovato & Stefflon Don)","Polydor Records",75,75,9,"6043586"
81,"spotify:track:3eR23VReFzcdmS7TYCrhCe","Kygo, Selena Gomez","It Ain't Me (with Selena Gomez)","Kygo",2,70,30,"6020817"
82,"spotify:track:5Gu0PDLN4YJeW75PpBSg9p","Hailee Steinfeld, Alesso, Florida Georgia Line, WATT","Let Me Go (with Alesso, Florida Georgia Line & watt)","Universal Records",82,-1,1,"5965203"
83,"spotify:track:0afhq8XCExXpqazXczTSve","Ed Sheeran","Galway Girl","Atlantic Records UK",2,78,28,"5832984"
84,"spotify:track:3rgjBiAMVGnxmsTDmUy8vb","Farruko, Bad Bunny, Rvssian","Krippy Kush","Sony Music Latin",79,79,5,"5758563"
85,"spotify:track:6HZILIRieu8S0iqY8kIKhj","Kendrick Lamar","DNA.","Aftermath",3,85,22,"5704120"
86,"spotify:track:1m69ELEgE6k5ZWsap40ozt","Ozuna","Se Preparó","VP Records Corp/Dimelo Vi",86,115,3,"5686912"
87,"spotify:track:3NdDpSvN911VPGivFlV5d0","ZAYN, Taylor Swift","I Don’t Wanna Live Forever (Fifty Shades Darker)","Taylor Swift",2,92,38,"5599804"
88,"spotify:track:40oKW22ZNNkEdZLJTScaQI","Kodak Black, XXXTENTACION","Roll in Peace (feat. XXXTENTACION)","Atlantic Records",88,95,4,"5584741"
89,"spotify:track:209gZgcfLq2aUuu51vOWBl","CNCO, Yandel","Hey DJ","Sony Music Latin",52,81,21,"5560333"
90,"spotify:track:1e1JKLEDKP7hEQzJfNAgPl","Playboi Carti","Magnolia","AWGE Label",59,86,19,"5545733"
91,"spotify:track:4xBjsLUSjcx2h7PcRikpQp","Camila Cabello, Quavo","OMG (feat. Quavo)","Syco Music/Epic",83,83,6,"5537444"
92,"spotify:track:6eUncuJutsFi9BGO1JaBHh","Jason Derulo","If I'm Lucky","Beluga Heights/Warner Records",82,82,2,"5509464"
93,"spotify:track:3bWAqKDWg6u1davspr5IkS","Robin Schulz, James Blunt","OK","WM Germany",55,87,17,"5426117"
94,"spotify:track:7BKLCZ1jbUBVqRi2FVlTVw","The Chainsmokers, Halsey","Closer","Disruptor Records/Columbia",2,93,38,"5405355"
95,"spotify:track:6c7D34787LOtPm8tzhsLgH","Yo Gotti, Nicki Minaj","Rake It Up (feat. Nicki Minaj)","Epic/CMG",95,98,7,"5367392"
96,"spotify:track:0tgVpDi06FyKpA1z0VMD4v","Ed Sheeran","Perfect","Atlantic Records UK",7,104,28,"5321020"
97,"spotify:track:5EnYT6F7wEcdege6mDHEfO","Drake","Signs","Cash Money Records/Young Money Ent./Universal Rec.",19,89,12,"5312132"
98,"spotify:track:6SwRhMLwNqEi6alNPVG00n","Kendrick Lamar, Rihanna","LOYALTY. FEAT. RIHANNA.","Aftermath",8,90,22,"5226930"
99,"spotify:track:0xG0SHshCStMEyNbNC5d4k","Julia Michaels","Issues","J/Republic",9,91,35,"5123880"
100,"spotify:track:7ofxPmTNMj2GP07g1VZa0O","Alex Sensation, Ozuna","Que Va","JP Entertainment (Jorge Pino)",100,121,3,"5112481"
101,"spotify:track:6p8NuHm8uCGnn2Dtbtf7zE","Migos, Gucci Mane","Slippery (feat. Gucci Mane)","Quality Control Music",71,108,24,"5083653"
102,"spotify:track:7tr2za8SQg2CI8EDgrdtNl","Calvin Harris, Frank Ocean, Migos, Funk Wav","Slide (feat. Frank Ocean & Migos)","Columbia",13,94,29,"5002186"
103,"spotify:track:2kVHAQKVtczchKctctzbtK","Katy Perry, Nicki Minaj","Swish Swish","Capitol Records (CAP)",41,97,17,"4992013"
104,"spotify:track:1CKd1PnqfYx0H12V9MSaIY","Zedd, Liam Payne","Get Low (with Liam Payne)","UMGRI Interscope",51,88,10,"4991571"
105,"spotify:track:7hDc8b7IXETo14hHIHdnhd","Drake","Passionfruit","Cash Money Records/Young Money Ent./Universal Rec.",2,103,26,"4964438"
106,"spotify:track:30MM5jWpUmOxtTNd9Ey5LZ","Thomas Rhett","Unforgettable","The Valory Music Co.",106,169,4,"4945291"
107,"spotify:track:2mfUa8bLs2s5N4VaqJZ4lZ","Hailee Steinfeld","Most Girls","Universal Records",54,101,20,"4926435"
108,"spotify:track:5EId1m4DNwTf3at31w8bPJ","Ozuna","El Farsante","VP Records Corp/Dimelo Vi",108,113,5,"4891245"
109,"spotify:track:0ERbK7qVqveCaBWIiYCrl3","Romeo Santos, Daddy Yankee, Nicky Jam","Bella y Sensual","Sony Music Latin",106,106,7,"4864293"
110,"spotify:track:5aAx2yezTd8zXrkmtKl66Z","The Weeknd, Daft Punk","Starboy","Universal Republic Records",1,107,38,"4778208"
111,"spotify:track:1SJtlNRJDeYHioymcvsqev","Camila Cabello","Crying in the Club","Syco Music/Epic",33,96,17,"4732073"
112,"spotify:track:4okba5wu9mMLXx79DXLKi3","Daddy Yankee, Ozuna","La Rompe Corazones","Craft Latino",73,109,32,"4730948"
113,"spotify:track:6fxVffaTuwjgEk5h9QyRjy","Ed Sheeran","Photograph","Atlantic Records UK",41,111,38,"4643948"
114,"spotify:track:1xznGGDReH1oQq0xzbwXa3","Drake, Wizkid, Kyla","One Dance","Cash Money Records/Young Money Ent./Universal Rec.",12,112,38,"4606458"
115,"spotify:track:1sCxVKWImDZSZKvG0U9B23","Selena Gomez","Bad Liar","Selena Gomez PS",6,100,18,"4604513"
116,"spotify:track:6H0AwSQ20mo62jGlPGB8S6","2 Chainz, Ty Dolla $ign, Trey Songz, Jhené Aiko","It's A Vibe","2Chainz PS/Def Jam",106,110,13,"4595730"
117,"spotify:track:2habSXqcJGExM6JJyskY7O","Miley Cyrus","Malibu","RCA Records Label",7,105,18,"4558913"
118,"spotify:track:5GXAXm5YOmYT0kL5jHvYBt","The Weeknd, Daft Punk","I Feel It Coming","Universal Republic Records",9,116,38,"4547690"
119,"spotify:track:5TXDeTFVRVY7Cvt0Dw4vWW","XXXTENTACION","Revenge","Bad Vibes Forever / EMPIRE",63,99,3,"4533821"
120,"spotify:track:3ebXMykcMXOcLeJ9xZ17XH","Martin Garrix, Dua Lipa","Scared to Be Lonely","Epic Amsterdam",5,118,33,"4419674"
121,"spotify:track:5knuzwU65gJK7IF5yJsuaW","Clean Bandit, Anne-Marie, Sean Paul","Rockabye (feat. Sean Paul & Anne-Marie)","Atlantic Records UK",3,119,38,"4406480"
122,"spotify:track:7mldq42yDuxiUNn08nvzHO","Sam Hunt","Body Like A Back Road","MCA Nashville",62,117,32,"4371485"
123,"spotify:track:5RCfvwDewu6p2x1mEI6smX","Tay-K","The Race","88 Classic",123,175,2,"4334610"
124,"spotify:track:74ODGXs4byLTRdnKGM4s6E","LANY","Super Far","Polydor Records",115,123,9,"4295539"
125,"spotify:track:4ARPvK8DHLwt4oX65ZAFMw","XXXTENTACION","Look At Me!","Bad Vibes Forever / EMPIRE",70,138,28,"4255469"
126,"spotify:track:6PGoSes0D9eUDeeAafB2As","Kendrick Lamar, Zacari","LOVE. FEAT. ZACARI.","Aftermath",14,131,22,"4241954"
127,"spotify:track:6Q2FftbUG530lCtBI74bMH","A Boogie Wit da Hoodie, Kodak Black","Drowning (feat. Kodak Black)","Highbridge The Label",90,158,22,"4234239"
128,"spotify:track:5Ohxk2dO5COHF1krpoPigN","Harry Styles","Sign of the Times","Columbia",14,124,23,"4223489"
129,"spotify:track:1LszjjoVwDDZcWUQbzeDLG","Yandel, Bad Bunny","Explícale (feat. Bad Bunny)","Sony Music Latin",129,197,2,"4213731"
130,"spotify:track:3QwBODjSEzelZyVjxPOHdq","Zion & Lennox, J Balvin","Otra Vez (feat. J Balvin)","WEA Latina",50,126,38,"4210743"
131,"spotify:track:4qknM1pQz53QOyfDVTjcM9","Shakira","Me Enamoré","Sony Music Latin",71,114,22,"4165177"
132,"spotify:track:4N1c5rmWOzRmB9SMacr5wB","Abraham Mateo, Farruko, Christian Daniel","Loco Enamorado","Sony Music Entertainment",132,140,6,"4157592"
133,"spotify:track:6qDF4wWL49CAVbgT7yuHl8","J Balvin","Sigo Extrañándote","UMLE - Latino",72,127,28,"4105873"
134,"spotify:track:1Slwb6dOYkBlWal1PGtnNg","Ed Sheeran","Thinking out Loud","Atlantic Records UK",58,142,38,"4084752"
135,"spotify:track:6PCUP3dWmTjcTtXY02oFdT","Ed Sheeran","Castle on the Hill","Atlantic Records UK",2,133,36,"4034475"
136,"spotify:track:61HHDBLqF3AmSvLfHKNGd2","KAROL G, Bad Bunny","Ahora Me Llama","UMLE - Latino",136,144,6,"4021479"
137,"spotify:track:5q2JbCNi4FcnglgPfxcV65","Anuel AA, Daddy Yankee, Zion & Lennox, Farruko, Wisin","Sola (Remix)","Spiff TV, LLC / Real Hasta La Muerte, Inc.",91,136,33,"4020789"
138,"spotify:track:6HUnnBwYZqcED1eQztxMBN","Martin Jensen","Solo Dance","Intercord",25,128,38,"4019831"
139,"spotify:track:53mrVsi49rLHIaKBiSvElG","blackbear, Gucci Mane","do re mi (feat. Gucci Mane)","Alamo",139,143,6,"4017505"
140,"spotify:track:2EEeOnHehOozLq4aS0n6SL","KYLE, Lil Yachty","iSpy (feat. Lil Yachty)","independently popular.",21,137,38,"4005078"
141,"spotify:track:3umS4y3uQDkqekNjVpiRUs","Nicky Jam","El Amante","Sony Music Latin",32,125,34,"3993572"
142,"spotify:track:7i2DJ88J7jQ8K7zqFX2fW8","Halsey","Now Or Never","Astralwerks (ASW)",29,130,23,"3975327"
143,"spotify:track:4yN6xPLopmTLvc27pO9LIE","Nicky Jam, Wisin","Si Tú La Ves (feat. Wisin)","Sony Music Latin",117,141,20,"3960562"
144,"spotify:track:7nKBxz47S9SD79N086fuhn","Enrique Iglesias, Descemer Bueno, Zion & Lennox","SUBEME LA RADIO","RCA Records/Sony Music International/Sony Music Latin",31,120,29,"3941200"
145,"spotify:track:72jbDTw1piOOj770jWNeaG","The Chainsmokers","Paris","Disruptor Records/Columbia",2,146,35,"3926019"
146,"spotify:track:2nYwV62UABTH0NanrwVIdQ","Rae Sremmurd, Swae Lee, Slim Jxmmi","Perplexing Pegasus - From SR3MM","Mike WiLL Made-It",84,148,6,"3887502"
147,"spotify:track:1uL78kFWxhz3umTMWJu8n5","Lil Uzi Vert","Sauce It Up","Generation Now/Atlantic",83,129,3,"3864371"
148,"spotify:track:3kGfazcbVvVkuZunzlLgTD","Sigala, Ella Eyre","Came Here for Love","Ministry of Sound Recordings",78,122,14,"3820058"
149,"spotify:track:20H2Hd5AkUcRjB4yL3UQtJ","Fifth Harmony, Gucci Mane","Down (feat. Gucci Mane)","Syco Music/Epic",52,102,15,"3793228"
150,"spotify:track:3ibRxEv4KkcU9e259eyNJA","Major Lazer, Anitta, Pabllo Vittar","Sua Cara (feat. Anitta & Pabllo Vittar)","Third Pardee Records",104,132,8,"3773623"
151,"spotify:track:68EMU2RD1ECNeOeJ5qAXCV","Charlie Puth, Selena Gomez","We Don't Talk Anymore (feat. Selena Gomez)","Artist Partner",39,151,38,"3772699"
152,"spotify:track:4Km5HrUvYTaSUfiSGPJeQR","Migos, Lil Uzi Vert","Bad and Boujee (feat. Lil Uzi Vert)","Quality Control Music",9,150,38,"3765652"
153,"spotify:track:0V9cosR5jWa4fr2koARmhD","ItaloBrothers","Summer Air","Zoo Digital",99,139,14,"3764672"
154,"spotify:track:6875MeXyCW0wLyT72Eetmo","Hailee Steinfeld, Grey, Zedd","Starving","UME - Global Clearing House",20,160,38,"3739924"
155,"spotify:track:4pdPtRcBmOSQDlJ3Fk945m","DJ Snake, Justin Bieber","Let Me Love You","DJ Snake Def Jam",4,152,38,"3738899"
156,"spotify:track:0QsvXIfqM0zZoerQfsI9lm","The Chainsmokers, Daya","Don't Let Me Down","Disruptor Records/Columbia",25,153,38,"3736609"
157,"spotify:track:5Db9VIdDsN5yu3Eu7CT0i4","Sam Smith","Stay With Me","PLG - Capitol",148,-1,6,"3723556"
158,"spotify:track:6mICuAdrwEjh6Y6lroV2Kg","Shakira, Maluma","Chantaje (feat. Maluma)","Sony Music Latin",13,149,38,"3717467"
159,"spotify:track:5hEM0JchdVzQ5PwvSfITeX","Piso 21, Maluma","Me Llamas (feat. Maluma) - Remix","WM Mexico",87,157,38,"3699170"
160,"spotify:track:13X0XdLMOdtbXVtAj2ox4h","Piso 21","Besándote","WM Mexico",126,154,17,"3698669"
161,"spotify:track:2Gl0FzuLxflY6nPifJp5Dr","Kygo, Ellie Goulding","First Time","Kygo",19,145,20,"3630386"
162,"spotify:track:1Sl3njkhhz8nrSPZroDQ82","Dimitri Vegas & Like Mike, David Guetta, Dimitri Vegas, Kiiara","Complicated (feat. Kiiara)","Epic Amsterdam",134,156,7,"3612926"
163,"spotify:track:4Hf7WnR761jpxPr5D46Bcd","Shawn Mendes","Treat You Better","Island Records",26,155,38,"3611631"
164,"spotify:track:25oOaleife6E2MIKmFkPvg","Young Thug, Future","Relationship (feat. Future)","Atlantic Records",164,196,3,"3560170"
165,"spotify:track:5yuShbu70mtHXY0yLzCQLQ","Post Malone","Go Flex","Universal Records",165,170,10,"3554947"
166,"spotify:track:6foxplXS0YEq8cO374Lty4","Lil Pump","Gucci Gang","Warner Records",166,-1,1,"3554344"
167,"spotify:track:2H3wWrnO758y0fPH7Ilerg","XXXTENTACION","Depression & Obsession","Bad Vibes Forever / EMPIRE",75,134,3,"3513092"
168,"spotify:track:2QWP8NYYplOqEFBYGCcq0S","The Script","Rain","Columbia",159,159,2,"3501711"
169,"spotify:track:78rIJddV4X0HkNAInEcYde","Starley, Ryan Riback","Call on Me - Ryan Riback Remix","Central Station Records",13,167,38,"3487084"
170,"spotify:track:6b8Be6ljOzmkOmFslEb23P","Bruno Mars","24K Magic","Atlantic Records",9,165,38,"3481035"
171,"spotify:track:0SGkqnVQo9KPytSri1H6cF","Big Sean","Bounce Back","Getting Out Our Dreams Inc. (G.O.O.D.) Music / IDJ",21,173,38,"3477315"
172,"spotify:track:2yZax79pOrYuyIFVW2cZY2","XXXTENTACION","Carry On","Bad Vibes Forever / EMPIRE",92,147,3,"3441646"
173,"spotify:track:2Xqd0wUttjueBfdcltADOv","G-Eazy, A$AP Rocky, Cardi B","No Limit","BPG/RVG/RCA Records",173,-1,1,"3438833"
174,"spotify:track:6JV2JOEocMgcZxYSZelKcc","Justin Timberlake","CAN'T STOP THE FEELING! (from DreamWorks Animation's ""TROLLS"")","Villa 40/RCA Records",28,168,38,"3418571"
175,"spotify:track:2jYmK1cb3Uya6FFsocdpzO","Sabrina Carpenter","Why","Hollywood Records",150,164,7,"3417720"
176,"spotify:track:5Z01UMMf7V1o0MzF86s6WJ","Eminem","Lose Yourself","Eminem Catalog PS",150,179,26,"3394974"
177,"spotify:track:3hB5DgAiMAQ4DzYbsMq1IT","Justin Bieber","Love Yourself","RBMG/Def Jam",62,176,38,"3378515"
178,"spotify:track:2RttW7RAu5nOAfq6YFvApB","Ed Sheeran","Happier","Atlantic Records UK",10,177,28,"3370161"
179,"spotify:track:4pLwZjInHj3SimIyN9SnOz","Ariana Grande, Nicki Minaj","Side To Side","Universal Records",18,172,38,"3363938"
180,"spotify:track:2Vdub5mY4lad7w64bFPUez","Pitbull, J Balvin, Camila Cabello","Hey Ma (with Pitbull & J Balvin feat. Camila Cabello)","Artist Partner",62,162,27,"3344027"
181,"spotify:track:343YBumqHu19cGoGARUTsd","Drake","Fake Love","Cash Money Records/Young Money Ent./Universal Rec.",7,171,38,"3317734"
182,"spotify:track:6kig1UFggPUyZBCvXD3Wod","Metro Boomin, Offset, Drake","No Complaints (feat. Offset & Drake) (Bonus)","Republic Records",91,186,12,"3312153"
183,"spotify:track:6eT7xZZlB2mwyzJ2sUKG6w","Post Malone","White Iverson","Universal Records",162,183,30,"3286789"
184,"spotify:track:6mORGLOz79w6VsCRLWYYuK","Lord Huron","The Night We Met","Play It Again Sam",55,189,22,"3270202"
185,"spotify:track:1WIZiOuNO3woKfdlSK2gNn","Kodak Black","Transportin'","Atlantic Records",185,-1,1,"3263129"
186,"spotify:track:04DwTuZ2VBdJCCC5TROn7L","Martin Garrix, Bebe Rexha","In the Name of Love","Epic Amsterdam",16,180,38,"3232605"
187,"spotify:track:4Q3N4Ct4zCuIHuZ65E3BD4","Kodak Black","Tunnel Vision","Atlantic Records",39,194,29,"3219353"
188,"spotify:track:0fioLzGM8ngbD1w6fMmm45","Sam Smith","I'm Not The Only One","PLG - Capitol",188,-1,1,"3198663"
189,"spotify:track:4TZy1wLyHec06pwgFYDh1a","Shawn Mendes","Mercy","Island Records",22,184,38,"3193656"
190,"spotify:track:3Q3myFA7q4Op95DOpHplaY","blackbear","do re mi","Alamo",77,191,23,"3184508"
191,"spotify:track:0Clb9aiXWa0dvVff5aN4VN","Astrid S","Think Before I Talk","Universal Music AS",178,178,3,"3148828"
192,"spotify:track:7gHs73wELdeycvS48JfIos","Alan Walker","Faded","Kreatell Music",64,190,37,"3140052"
193,"spotify:track:75JFxkI2RXiU7L9VXzMkle","Coldplay","The Scientist","Parlophone Records Limited",168,199,13,"3134958"
194,"spotify:track:2UwbhMie1EAYuTZ0QXeMwl","XXXTENTACION","Save Me","Bad Vibes Forever / EMPIRE",94,161,3,"3103784"
195,"spotify:track:5qqabIl2vWzo9ApSC317sa","Oasis","Wonderwall - Remastered","Big Brother",183,-1,10,"3099411"
196,"spotify:track:7KOlJ92bu51cltsD9KU5I7","Migos","T-Shirt","Quality Control Music",38,187,35,"3080306"
197,"spotify:track:00lNx0OcTJrS3MKHcB80HY","Jax Jones, RAYE","You Don't Know Me (feat. RAYE)","Polydor Records",17,185,36,"3073510"
198,"spotify:track:05ZXXyeZFhZtA6DAP3Aw7x","Maite Perroni, Cali Y El Dandee","Loca (feat. Cali y El Dandee)","WM Mexico",186,200,5,"3071349"
199,"spotify:track:6DNtNfH8hXkqOX1sjqmI7p","Major Lazer, Justin Bieber, MØ","Cold Water (feat. Justin Bieber & MØ)","Third Pardee Records",14,188,38,"3063450"
200,"spotify:track:6yr8GiTHWvFfi4o6Q5ebdT","Eminem, Nate Dogg","Till I Collapse","Eminem Catalog PS",177,198,12,"3063056"
