﻿rank,uri,artist_names,track_name,source,peak_rank,previous_rank,weeks_on_chart,streams
1,"spotify:track:1OmcAT5Y8eg5bUPv9qJT4R","Post Malone, 21 Savage","rockstar (feat. 21 Savage)","Republic Records",1,-1,1,"35821535"
2,"spotify:track:0mel2N9Ws9r4yLQn5QE21Y","Sam Smith","Too Good At Goodbyes","PLG - Capitol",1,1,2,"29416022"
3,"spotify:track:2rb5MvYT7ZIxbKW5hfcHx8","J Balvin, Willy William","Mi Gente","Scorpio Music (FR)",1,3,12,"27756639"
4,"spotify:track:2ekn2ttSfGqwhhate0LSR0","Dua Lipa","New Rules","Warner Records",3,4,11,"26215788"
5,"spotify:track:6uFsE1JgZ20EXyU0JQZbUR","Taylor Swift","Look What You Made Me Do","Taylor Swift",1,2,4,"25416545"
6,"spotify:track:5tz69p7tJuGPeMGwNTxYuV","Logic, Alessia Cara, Khalid","1-800-273-8255","Def Jam Recordings",5,5,21,"23662238"
7,"spotify:track:1j4kHkkpqZRBwE0A4CN4Yv","ZAYN, Sia","Dusk Till Dawn (feat. Sia) - Radio Edit","RCA Records Label",7,7,2,"22249014"
8,"spotify:track:0ofbQMrRDsUaVKq2mGLEAb","Camila Cabello, Young Thug","Havana (feat. Young Thug)","Syco Music/Epic",8,9,7,"21260578"
9,"spotify:track:7nZmah2llfvLDiUjm0kiyz","Justin Bieber, BloodPop®","Friends (with BloodPop®)","BloodPop/DJ/RMBG/Republic",2,6,5,"20520619"
10,"spotify:track:7vGuf3Y35N4wmASOKLUVVU","Marshmello, Khalid","Silence","Joytime Collective/RCA Records",10,11,6,"20225150"
11,"spotify:track:3B54sVLJ402zGa6Xm4YGNe","French Montana, Swae Lee","Unforgettable","Bad Boy Entertainment/Epic Records",3,8,24,"19804468"
12,"spotify:track:4mxWSdf71VFO52qFeY0fZt","Maroon 5, SZA","What Lovers Do (feat. SZA)","Interscope Records*",12,18,3,"18464366"
13,"spotify:track:25C5CowdsfXld2jJanbiex","Demi Lovato","Sorry Not Sorry","Island Records",7,12,11,"18451836"
14,"spotify:track:5bcTCxgc7xVfSaMV3RuVke","Calvin Harris, Pharrell Williams, Katy Perry, Big Sean, Funk Wav","Feels (feat. Pharrell Williams, Katy Perry & Big Sean)","Columbia",5,10,14,"18202009"
15,"spotify:track:7qiZfU4dY1lWllzX7mPBI3","Ed Sheeran","Shape of You","Atlantic Records UK",1,17,37,"16005604"
16,"spotify:track:7m9OqQk4RVRkw9JJdeAw96","XXXTENTACION","Jocelyn Flores","Bad Vibes Forever / EMPIRE",15,15,4,"15940711"
17,"spotify:track:5Z3GHaZ6ec9bsiI5BenrbY","Khalid","Young Dumb & Broke","Right Hand Music Group, LLC/RCA Records",17,25,13,"15715774"
18,"spotify:track:4iLqG9SeJSnt0cSPICSjxv","Charlie Puth","Attention","Artist Partner",5,14,22,"15469590"
19,"spotify:track:0tKcYR2II1VCQWT79i5NrW","Imagine Dragons","Thunder","Kid Ina Korner / Interscope",8,19,21,"15433257"
20,"spotify:track:7GX5flRQZVHRAGd6B4TmDO","Lil Uzi Vert","XO Tour Llif3","Generation Now/Atlantic",10,22,26,"15309924"
21,"spotify:track:7F9vK8hNFMml4GtHsaXui6","Louis Tomlinson, Bebe Rexha, Digital Farm Animals","Back to You (feat. Bebe Rexha & Digital Farm Animals)","Syco Music",15,20,9,"14911599"
22,"spotify:track:3PEgB3fkiojxms35ntsTgs","Axwell /\ Ingrosso, Axwell, Sebastian Ingrosso","More Than You Know","Pophouse Entertainment Group",15,23,17,"14560049"
23,"spotify:track:3HVr6jTVwBHBa2flM0eURR","Macklemore, Skylar Grey","Glorious (feat. Skylar Grey)","Bendo LLC",19,26,11,"14496085"
24,"spotify:track:1OAh8uOEOvTDqkKFsKksCi","DJ Khaled, Rihanna, Bryson Tiller","Wild Thoughts (feat. Rihanna & Bryson Tiller)","Epic/We The Best",2,16,14,"14186448"
25,"spotify:track:5CtI0qwDJkDQGwXD1H1cLb","Luis Fonsi, Daddy Yankee, Justin Bieber","Despacito - Remix","UMLE - Latino",1,21,23,"14139463"
26,"spotify:track:6EpRaXYhGOB3fj4V2uDkMJ","Liam Payne, Quavo","Strip That Down (feat. Quavo)","Capitol Records UK / EMI",9,24,18,"14047383"
27,"spotify:track:6WbADFqMvR8N5u0BvtsWQE","Avicii, Sandro Cavazza","Without You","Universal Music AB",21,29,6,"13975307"
28,"spotify:track:2771LMNxwf62FTAdpJMQfM","Cardi B","Bodak Yellow","KSR/Atlantic",28,33,8,"13783354"
29,"spotify:track:5eqK0tbzUPo2SoeZsov04s","21 Savage","Bank Account","Slaughter Gang, LLC/Epic Records",22,30,11,"13633826"
30,"spotify:track:3A7qX2QjDlPnazUsRk5y0M","David Guetta, Justin Bieber","2U (feat. Justin Bieber)","Parlophone (France)",3,27,15,"13282093"
31,"spotify:track:19WjVVgXjdKXfLXoaDPwTM","Taylor Swift","...Ready For It?","Taylor Swift",13,13,3,"13197832"
32,"spotify:track:1wjzFQodRWrPcQ0AnYnvQ9","Lauv","I Like Me Better","Lauv",29,31,16,"12692820"
33,"spotify:track:0NiXXAI876aGImAd6rTj8w","Jonas Blue, William Singe","Mama","UMOD (Universal Music On Demand)",11,28,20,"12602620"
34,"spotify:track:6De0lHrwBfPfrhorm9q1Xl","Danny Ocean","Me Rehúso","Atlantic Records",20,32,31,"12472265"
35,"spotify:track:31MkGwj0SWgZaTvEt5Hgxv","P!nk","What About Us","RCA Records Label",35,37,6,"12027323"
36,"spotify:track:7KXjTSCq5nL1LoYtL7XAwS","Kendrick Lamar","HUMBLE.","Aftermath",1,35,25,"11888267"
37,"spotify:track:79cuOz3SPQTuFrp8WgftAu","Shawn Mendes","There's Nothing Holdin' Me Back","Island Records",5,34,22,"11562228"
38,"spotify:track:3DXncPQOG4VBw3QHh3S817","DJ Khaled, Justin Bieber, Quavo, Chance the Rapper, Lil Wayne","I'm the One (feat. Justin Bieber, Quavo, Chance the Rapper & Lil Wayne)","Epic/We The Best",2,36,21,"11016751"
39,"spotify:track:3a1lNhkSLSkpJE4MSHpDu9","Post Malone, Quavo","Congratulations","Universal Records",20,41,35,"10957495"
40,"spotify:track:3hRZsdTF5uyGA2uhNqEuhm","Niall Horan","Too Much To Ask","Capitol Records (US1A)",40,-1,1,"10795050"
41,"spotify:track:2OALaHcDdKkjYEpAr0Qzab","Avicii, Rita Ora","Lonely Together","Universal Music AB",34,40,6,"10524107"
42,"spotify:track:4c2W3VKsOFoIg2SFaO6DY5","Rita Ora","Your Song","Atlantic Records UK",29,38,17,"10343113"
43,"spotify:track:0qYTZCo5Bwh1nsUFGZP3zn","Maluma","Felices los 4","Sony Music Latin",17,39,22,"10189654"
44,"spotify:track:6QgjcU0zLnzq5OrUoSZ3OK","Portugal. The Man","Feel It Still","Atlantic Records",44,51,10,"10178900"
45,"spotify:track:0CcQNd8CINkwQfe1RDtGV6","Imagine Dragons","Believer","Kid Ina Korner / Interscope",16,46,33,"9551326"
46,"spotify:track:6RUKPb4LETWmmr3iAEQktW","The Chainsmokers, Coldplay","Something Just Like This","Disruptor Records/Columbia",2,43,31,"9412615"
47,"spotify:track:693iqPOQvhI7PobtR8CC8v","J Balvin, Jowell & Randy","Bonita","Rimas (J Balvin - Jowell & Randy)",42,48,15,"9342922"
48,"spotify:track:6kex4EBAj0WHXDKZMEJaaF","Jason Derulo, Nicki Minaj, Ty Dolla $ign","Swalla (feat. Nicki Minaj & Ty Dolla $ign)","Beluga Heights/Warner Records",6,45,30,"9113212"
49,"spotify:track:7MHN1aCFtLXjownGhvEQlF","Manuel Turizo","Una Lady Como Tú","Sony Music Latin/La Industria",38,49,16,"8979708"
50,"spotify:track:7AQim7LbvFVZJE3O8TYgf2","XXXTENTACION, Trippie Redd","Fuck Love","Bad Vibes Forever / EMPIRE",41,42,4,"8493439"
51,"spotify:track:7JNh1cfm0eXjqFVOzKLyau","Becky G, Bad Bunny","Mayores","Kemosabe Records/RCA Records/Sony Music Latin",51,52,8,"8293107"
52,"spotify:track:1yxgsra98r3qAtxqiGZPiX","Travis Scott","BUTTERFLY EFFECT","Cactus Jack / Epic",40,44,18,"8262105"
53,"spotify:track:4aWmUDTfIPGksMNLV2rQP2","Luis Fonsi, Daddy Yankee","Despacito","UMLE - Latino",4,50,36,"8193022"
54,"spotify:track:167NczpNbRF7oWakJaY3Hh","Niall Horan","Slow Hands","Capitol Records (US1A)",29,47,20,"8069920"
55,"spotify:track:2cnKEkpVUSV4wnjQiTWfH6","Wisin, Ozuna","Escápate Conmigo (feat. Ozuna)","Sony Music Latin",38,55,24,"7843757"
56,"spotify:track:5AEtlRudpgdT5FtNiuly6Y","Hailee Steinfeld, Alesso, Florida Georgia Line, WATT","Let Me Go (with Alesso, Florida Georgia Line & watt)","Universal Records",56,82,2,"7798299"
57,"spotify:track:2eAZfqOm4EnOF9VvN50Tyc","Lil Uzi Vert, Oh Wonder","The Way Life Goes (feat. Oh Wonder)","Generation Now/Atlantic",53,62,4,"7788857"
58,"spotify:track:5XQMr19TL7Mfksq9zihbOu","Chris Brown","Questions","RCA Records Label",56,56,5,"7682316"
59,"spotify:track:7aF09WaavZAmAWuUeYxlYD","OneRepublic, Seeb","Rich Love (with Seeb)","Mosley / Interscope",49,54,10,"7655638"
60,"spotify:track:152lZdxL1OR0ZMW6KquMif","Khalid","Location","Right Hand Music Group, LLC/RCA Records",34,57,33,"7383683"
61,"spotify:track:3zoYkqS4y2BsGVShPL2nTE","CNCO, Little Mix","Reggaetón Lento (Remix)","Sony Music Latin",61,67,5,"7351649"
62,"spotify:track:7rdUtXasA973gmrr2Xxh3E","Lorde, Khalid, Post Malone, SZA","Homemade Dynamite (Feat. Khalid, Post Malone & SZA) - REMIX","Universal Music New Zealand Limited",62,-1,1,"7349843"
63,"spotify:track:6jA8HL9i4QGzsj6fjoxp8Y","Martin Garrix, Troye Sivan","There for You","Epic Amsterdam",18,53,17,"7281059"
64,"spotify:track:1m69ELEgE6k5ZWsap40ozt","Ozuna","Se Preparó","VP Records Corp/Dimelo Vi",64,86,4,"7160229"
65,"spotify:track:3VClLWqNn80Llv0PJOsKgr","Nacho, Yandel, Bad Bunny, Mambo Kingz, DJ Luian","Báilame - Remix","UMLE - Latino",65,66,5,"7002198"
66,"spotify:track:1HTtUBEY3tuw2btgwwI2Ja","Gucci Mane, Migos","I Get the Bag (feat. Migos)","Guwop Enterprises/Atlantic",66,68,5,"6911898"
67,"spotify:track:57p8CBvPOxrvyCbn6ttl5r","Skrillex, Poo Bear","Would You Ever","OWSLA/Atlantic",57,63,8,"6896333"
68,"spotify:track:4z3GJkrtH97Bj6fRta983T","Carlos Vives, Sebastian Yatra","Robarte un Beso","Sony Music Latin",61,61,7,"6849798"
69,"spotify:track:6gBFPUFcJLzWGx4lenP6h2","Travis Scott","goosebumps","Cactus Jack / Epic",60,69,38,"6756171"
70,"spotify:track:5SE57ljOIUJ1ybL9U6CuBH","BTS","DNA","BIGHIT MUSIC",70,-1,1,"6688783"
71,"spotify:track:1x5sYLZiu9r5E43kMlt9f8","Clean Bandit, Zara Larsson","Symphony (feat. Zara Larsson)","Atlantic Records UK",11,59,27,"6632681"
72,"spotify:track:1NDxZ7cFAo481dtYWdrUnR","Maggie Lindemann, Cheat Codes, CADE","Pretty Girl - Cheat Codes X CADE Remix","300 Entertainment",23,60,25,"6620712"
73,"spotify:track:22eADXu8DfOAUEDw4vU8qy","Chris Jedi, J Balvin, Ozuna, Arcángel","Ahora Dice","UMLE - Latino",46,65,24,"6427073"
74,"spotify:track:0KKkJNfGyhkQ5aFogxQAPU","Bruno Mars","That's What I Like","Atlantic Records",6,70,39,"6276917"
75,"spotify:track:3rOSwuTsUlJp0Pu0MkN8r8","Future","Mask Off","Epic/Freebandz/A1",5,77,31,"6212035"
76,"spotify:track:0q75NwOoFiARAVp4EXU4Bs","SZA, Travis Scott","Love Galore (feat. Travis Scott)","Top Dawg Entertainment/RCA Records",73,76,15,"6202893"
77,"spotify:track:1louJpMmzEicAn7lzDalPW","Cheat Codes, Demi Lovato","No Promises (feat. Demi Lovato)","Parlophone UK",24,71,25,"6202777"
78,"spotify:track:6c7D34787LOtPm8tzhsLgH","Yo Gotti, Nicki Minaj","Rake It Up (feat. Nicki Minaj)","Epic/CMG",78,95,8,"6159502"
79,"spotify:track:5uCax9HTNlzGybIStD3vDh","James Arthur","Say You Won't Let Go","Columbia",7,75,39,"6155337"
80,"spotify:track:3kxfsdsCpFgN412fpnW85Y","Childish Gambino","Redbone","Glassnote - VMG",35,74,39,"6153128"
81,"spotify:track:0tgVpDi06FyKpA1z0VMD4v","Ed Sheeran","Perfect","Atlantic Records UK",7,96,29,"6077323"
82,"spotify:track:5zSOVwaY3sVjnmLhuEfsuf","Ozuna","Tú Foto","VP Records Corp/Dimelo Vi",72,78,21,"5983904"
83,"spotify:track:3GVkPk8mqxz0itaAriG1L7","XXXTENTACION","Everybody Dies In Their Nightmares","Bad Vibes Forever / EMPIRE",52,64,4,"5900325"
84,"spotify:track:3eR23VReFzcdmS7TYCrhCe","Kygo, Selena Gomez","It Ain't Me (with Selena Gomez)","Kygo",2,81,31,"5861451"
85,"spotify:track:0dA2Mk56wEzDgegdC6R17g","Zedd, Alessia Cara","Stay","UMGRI Interscope",7,79,30,"5753295"
86,"spotify:track:0XfOi87h82i09rQjWYG0Bm","Jax Jones, Demi Lovato, Stefflon Don","Instruction (feat. Demi Lovato & Stefflon Don)","Polydor Records",75,80,10,"5746993"
87,"spotify:track:1tp1xMJ1uaOktksskS0Fzs","Gucci Mane, The Weeknd","Curve (feat. The Weeknd)","Guwop Enterprises/Atlantic",87,-1,1,"5743057"
88,"spotify:track:0XLOf9LhyazPX9Ld8jPiUq","Selena Gomez, Gucci Mane","Fetish (feat. Gucci Mane)","Selena Gomez PS",10,58,10,"5701852"
89,"spotify:track:3Ytr1SUCUi6J3L9dRFx5iH","Major Lazer, Travis Scott, Camila Cabello, Quavo","Know No Better (feat. Travis Scott, Camila Cabello & Quavo)","Third Pardee Records",31,73,16,"5663083"
90,"spotify:track:6HZILIRieu8S0iqY8kIKhj","Kendrick Lamar","DNA.","Aftermath",3,85,23,"5648093"
91,"spotify:track:0afhq8XCExXpqazXczTSve","Ed Sheeran","Galway Girl","Atlantic Records UK",2,83,29,"5623279"
92,"spotify:track:6eUncuJutsFi9BGO1JaBHh","Jason Derulo","If I'm Lucky","Beluga Heights/Warner Records",82,92,3,"5596418"
93,"spotify:track:1e1JKLEDKP7hEQzJfNAgPl","Playboi Carti","Magnolia","AWGE Label",59,90,20,"5480787"
94,"spotify:track:40oKW22ZNNkEdZLJTScaQI","Kodak Black, XXXTENTACION","Roll in Peace (feat. XXXTENTACION)","Atlantic Records",88,88,5,"5470531"
95,"spotify:track:209gZgcfLq2aUuu51vOWBl","CNCO, Yandel","Hey DJ","Sony Music Latin",52,89,22,"5434242"
96,"spotify:track:4xBjsLUSjcx2h7PcRikpQp","Camila Cabello, Quavo","OMG (feat. Quavo)","Syco Music/Epic",83,91,7,"5415262"
97,"spotify:track:6p8NuHm8uCGnn2Dtbtf7zE","Migos, Gucci Mane","Slippery (feat. Gucci Mane)","Quality Control Music",71,101,25,"5400044"
98,"spotify:track:7ofxPmTNMj2GP07g1VZa0O","Alex Sensation, Ozuna","Que Va","JP Entertainment (Jorge Pino)",98,100,4,"5386786"
99,"spotify:track:3NdDpSvN911VPGivFlV5d0","ZAYN, Taylor Swift","I Don’t Wanna Live Forever (Fifty Shades Darker)","Taylor Swift",2,87,39,"5374184"
100,"spotify:track:7BKLCZ1jbUBVqRi2FVlTVw","The Chainsmokers, Halsey","Closer","Disruptor Records/Columbia",2,94,39,"5373201"
101,"spotify:track:7FfpP3YZ6fOWMdxkIAtud9","Farruko, Bad Bunny, Rvssian","Krippy Kush","Sony Music Latin",79,84,6,"5270292"
102,"spotify:track:3bWAqKDWg6u1davspr5IkS","Robin Schulz, James Blunt","OK","WM Germany",55,93,18,"5246311"
103,"spotify:track:0jdny0dhgjUwoIp5GkqEaA","Kesha","Praying","Kemosabe Records/RCA Records",37,72,11,"5001122"
104,"spotify:track:0xG0SHshCStMEyNbNC5d4k","Julia Michaels","Issues","J/Republic",9,99,36,"4947298"
105,"spotify:track:5EId1m4DNwTf3at31w8bPJ","Ozuna","El Farsante","VP Records Corp/Dimelo Vi",105,108,6,"4935936"
106,"spotify:track:7hDc8b7IXETo14hHIHdnhd","Drake","Passionfruit","Cash Money Records/Young Money Ent./Universal Rec.",2,105,27,"4880347"
107,"spotify:track:2mfUa8bLs2s5N4VaqJZ4lZ","Hailee Steinfeld","Most Girls","Universal Records",54,107,21,"4821282"
108,"spotify:track:0ERbK7qVqveCaBWIiYCrl3","Romeo Santos, Daddy Yankee, Nicky Jam","Bella y Sensual","Sony Music Latin",106,109,8,"4795601"
109,"spotify:track:2kVHAQKVtczchKctctzbtK","Katy Perry, Nicki Minaj","Swish Swish","Capitol Records (CAP)",41,103,18,"4795312"
110,"spotify:track:6Q2FftbUG530lCtBI74bMH","A Boogie Wit da Hoodie, Kodak Black","Drowning (feat. Kodak Black)","Highbridge The Label",90,127,23,"4774525"
111,"spotify:track:5aAx2yezTd8zXrkmtKl66Z","The Weeknd, Daft Punk","Starboy","Universal Republic Records",1,110,39,"4754628"
112,"spotify:track:7tr2za8SQg2CI8EDgrdtNl","Calvin Harris, Frank Ocean, Migos, Funk Wav","Slide (feat. Frank Ocean & Migos)","Columbia",13,102,30,"4687408"
113,"spotify:track:6H0AwSQ20mo62jGlPGB8S6","2 Chainz, Ty Dolla $ign, Trey Songz, Jhené Aiko","It's A Vibe","2Chainz PS/Def Jam",106,116,14,"4682621"
114,"spotify:track:5RCfvwDewu6p2x1mEI6smX","Tay-K","The Race","88 Classic",114,123,3,"4643084"
115,"spotify:track:6SwRhMLwNqEi6alNPVG00n","Kendrick Lamar, Rihanna","LOYALTY. FEAT. RIHANNA.","Aftermath",8,98,23,"4630818"
116,"spotify:track:1LszjjoVwDDZcWUQbzeDLG","Yandel, Bad Bunny","Explícale (feat. Bad Bunny)","Sony Music Latin",116,129,3,"4614895"
117,"spotify:track:1xznGGDReH1oQq0xzbwXa3","Drake, Wizkid, Kyla","One Dance","Cash Money Records/Young Money Ent./Universal Rec.",12,114,39,"4597306"
118,"spotify:track:74ODGXs4byLTRdnKGM4s6E","LANY","Super Far","Polydor Records",115,124,10,"4583561"
119,"spotify:track:6PGoSes0D9eUDeeAafB2As","Kendrick Lamar, Zacari","LOVE. FEAT. ZACARI.","Aftermath",14,126,23,"4568163"
120,"spotify:track:5EnYT6F7wEcdege6mDHEfO","Drake","Signs","Cash Money Records/Young Money Ent./Universal Rec.",19,97,13,"4564655"
121,"spotify:track:6fxVffaTuwjgEk5h9QyRjy","Ed Sheeran","Photograph","Atlantic Records UK",41,113,39,"4528536"
122,"spotify:track:6foxplXS0YEq8cO374Lty4","Lil Pump","Gucci Gang","Warner Records",122,166,2,"4476801"
123,"spotify:track:5GXAXm5YOmYT0kL5jHvYBt","The Weeknd, Daft Punk","I Feel It Coming","Universal Republic Records",9,118,39,"4475221"
124,"spotify:track:4ARPvK8DHLwt4oX65ZAFMw","XXXTENTACION","Look At Me!","Bad Vibes Forever / EMPIRE",70,125,29,"4439011"
125,"spotify:track:1SJtlNRJDeYHioymcvsqev","Camila Cabello","Crying in the Club","Syco Music/Epic",33,111,18,"4406741"
126,"spotify:track:5knuzwU65gJK7IF5yJsuaW","Clean Bandit, Anne-Marie, Sean Paul","Rockabye (feat. Sean Paul & Anne-Marie)","Atlantic Records UK",3,121,39,"4376096"
127,"spotify:track:30MM5jWpUmOxtTNd9Ey5LZ","Thomas Rhett","Unforgettable","The Valory Music Co.",106,106,5,"4354353"
128,"spotify:track:2habSXqcJGExM6JJyskY7O","Miley Cyrus","Malibu","RCA Records Label",7,117,19,"4342956"
129,"spotify:track:7mldq42yDuxiUNn08nvzHO","Sam Hunt","Body Like A Back Road","MCA Nashville",62,122,33,"4334224"
130,"spotify:track:7iDa6hUg2VgEL1o1HjmfBn","Bebe Rexha, Florida Georgia Line","Meant to Be (feat. Florida Georgia Line)","Warner Records",130,-1,1,"4327410"
131,"spotify:track:3ebXMykcMXOcLeJ9xZ17XH","Martin Garrix, Dua Lipa","Scared to Be Lonely","Epic Amsterdam",5,120,34,"4311576"
132,"spotify:track:1sCxVKWImDZSZKvG0U9B23","Selena Gomez","Bad Liar","Selena Gomez PS",6,115,19,"4292071"
133,"spotify:track:5yuShbu70mtHXY0yLzCQLQ","Post Malone","Go Flex","Universal Records",133,165,11,"4291713"
134,"spotify:track:2SmgFAhQkQCQPyBiBxR6Te","NATTI NATASHA, Ozuna","Criminal","Pina Records",134,-1,1,"4277352"
135,"spotify:track:5Ohxk2dO5COHF1krpoPigN","Harry Styles","Sign of the Times","Columbia",14,128,24,"4247980"
136,"spotify:track:3QwBODjSEzelZyVjxPOHdq","Zion & Lennox, J Balvin","Otra Vez (feat. J Balvin)","WEA Latina",50,130,39,"4221929"
137,"spotify:track:4okba5wu9mMLXx79DXLKi3","Daddy Yankee, Ozuna","La Rompe Corazones","Craft Latino",73,112,33,"4186664"
138,"spotify:track:4N1c5rmWOzRmB9SMacr5wB","Abraham Mateo, Farruko, Christian Daniel","Loco Enamorado","Sony Music Entertainment",132,132,7,"4158698"
139,"spotify:track:1Slwb6dOYkBlWal1PGtnNg","Ed Sheeran","Thinking out Loud","Atlantic Records UK",58,134,39,"4130631"
140,"spotify:track:7y9iMe8SOB6z3NoHE2OfXl","Halsey","Bad At Love","Astralwerks (ASW)",128,-1,4,"4130274"
141,"spotify:track:53mrVsi49rLHIaKBiSvElG","blackbear, Gucci Mane","do re mi (feat. Gucci Mane)","Alamo",139,139,7,"4094244"
142,"spotify:track:1WIZiOuNO3woKfdlSK2gNn","Kodak Black","Transportin'","Atlantic Records",142,185,2,"4082161"
143,"spotify:track:6PCUP3dWmTjcTtXY02oFdT","Ed Sheeran","Castle on the Hill","Atlantic Records UK",2,135,37,"4018063"
144,"spotify:track:6HUnnBwYZqcED1eQztxMBN","Martin Jensen","Solo Dance","Intercord",25,138,39,"3989641"
145,"spotify:track:2EEeOnHehOozLq4aS0n6SL","KYLE, Lil Yachty","iSpy (feat. Lil Yachty)","independently popular.",21,140,39,"3979689"
146,"spotify:track:61HHDBLqF3AmSvLfHKNGd2","KAROL G, Bad Bunny","Ahora Me Llama","UMLE - Latino",136,136,7,"3978499"
147,"spotify:track:5q2JbCNi4FcnglgPfxcV65","Anuel AA, Daddy Yankee, Zion & Lennox, Farruko, Wisin","Sola (Remix)","Spiff TV, LLC / Real Hasta La Muerte, Inc.",91,137,34,"3975576"
148,"spotify:track:5TXDeTFVRVY7Cvt0Dw4vWW","XXXTENTACION","Revenge","Bad Vibes Forever / EMPIRE",63,119,4,"3968535"
149,"spotify:track:6qDF4wWL49CAVbgT7yuHl8","J Balvin","Sigo Extrañándote","UMLE - Latino",72,133,29,"3966466"
150,"spotify:track:4yN6xPLopmTLvc27pO9LIE","Nicky Jam, Wisin","Si Tú La Ves (feat. Wisin)","Sony Music Latin",117,143,21,"3947737"
151,"spotify:track:2nYwV62UABTH0NanrwVIdQ","Rae Sremmurd, Swae Lee, Slim Jxmmi","Perplexing Pegasus - From SR3MM","Mike WiLL Made-It",84,146,7,"3943273"
152,"spotify:track:4Hf7WnR761jpxPr5D46Bcd","Shawn Mendes","Treat You Better","Island Records",26,163,39,"3942815"
153,"spotify:track:5TysCiZtv1HnSWcTcUFusI","Joey Montana, Sebastian Yatra","Suena El Dembow","UMLE - Latino",153,-1,1,"3928364"
154,"spotify:track:72jbDTw1piOOj770jWNeaG","The Chainsmokers","Paris","Disruptor Records/Columbia",2,145,36,"3916236"
155,"spotify:track:4qknM1pQz53QOyfDVTjcM9","Shakira","Me Enamoré","Sony Music Latin",71,131,23,"3882389"
156,"spotify:track:4Km5HrUvYTaSUfiSGPJeQR","Migos, Lil Uzi Vert","Bad and Boujee (feat. Lil Uzi Vert)","Quality Control Music",9,152,39,"3856114"
157,"spotify:track:3ibRxEv4KkcU9e259eyNJA","Major Lazer, Anitta, Pabllo Vittar","Sua Cara (feat. Anitta & Pabllo Vittar)","Third Pardee Records",104,150,9,"3842994"
158,"spotify:track:6eT7xZZlB2mwyzJ2sUKG6w","Post Malone","White Iverson","Universal Records",158,183,31,"3834046"
159,"spotify:track:1CKd1PnqfYx0H12V9MSaIY","Zedd, Liam Payne","Get Low (with Liam Payne)","UMGRI Interscope",51,104,11,"3811247"
160,"spotify:track:68EMU2RD1ECNeOeJ5qAXCV","Charlie Puth, Selena Gomez","We Don't Talk Anymore (feat. Selena Gomez)","Artist Partner",39,151,39,"3765612"
161,"spotify:track:2tdq0CeAGSfhI2l4Gwkvgx","BTS","Best Of Me","BIGHIT MUSIC",161,-1,1,"3757153"
162,"spotify:track:3umS4y3uQDkqekNjVpiRUs","Nicky Jam","El Amante","Sony Music Latin",32,141,35,"3750073"
163,"spotify:track:1uL78kFWxhz3umTMWJu8n5","Lil Uzi Vert","Sauce It Up","Generation Now/Atlantic",83,147,4,"3749759"
164,"spotify:track:5hEM0JchdVzQ5PwvSfITeX","Piso 21, Maluma","Me Llamas (feat. Maluma) - Remix","WM Mexico",87,159,39,"3727955"
165,"spotify:track:7nKBxz47S9SD79N086fuhn","Enrique Iglesias, Descemer Bueno, Zion & Lennox","SUBEME LA RADIO","RCA Records/Sony Music International/Sony Music Latin",31,144,30,"3707574"
166,"spotify:track:6mICuAdrwEjh6Y6lroV2Kg","Shakira, Maluma","Chantaje (feat. Maluma)","Sony Music Latin",13,158,39,"3706135"
167,"spotify:track:4pdPtRcBmOSQDlJ3Fk945m","DJ Snake, Justin Bieber","Let Me Love You","DJ Snake Def Jam",4,155,39,"3704138"
168,"spotify:track:25oOaleife6E2MIKmFkPvg","Young Thug, Future","Relationship (feat. Future)","Atlantic Records",164,164,4,"3702311"
169,"spotify:track:7i2DJ88J7jQ8K7zqFX2fW8","Halsey","Now Or Never","Astralwerks (ASW)",29,142,24,"3692574"
170,"spotify:track:6875MeXyCW0wLyT72Eetmo","Hailee Steinfeld, Grey, Zedd","Starving","UME - Global Clearing House",20,154,39,"3683625"
171,"spotify:track:0V9cosR5jWa4fr2koARmhD","ItaloBrothers","Summer Air","Zoo Digital",99,153,15,"3670718"
172,"spotify:track:0QsvXIfqM0zZoerQfsI9lm","The Chainsmokers, Daya","Don't Let Me Down","Disruptor Records/Columbia",25,156,39,"3666048"
173,"spotify:track:3kGfazcbVvVkuZunzlLgTD","Sigala, Ella Eyre","Came Here for Love","Ministry of Sound Recordings",78,148,15,"3588706"
174,"spotify:track:0SGkqnVQo9KPytSri1H6cF","Big Sean","Bounce Back","Getting Out Our Dreams Inc. (G.O.O.D.) Music / IDJ",21,171,39,"3549276"
175,"spotify:track:13X0XdLMOdtbXVtAj2ox4h","Piso 21","Besándote","WM Mexico",126,160,18,"3537047"
176,"spotify:track:1Sl3njkhhz8nrSPZroDQ82","Dimitri Vegas & Like Mike, David Guetta, Dimitri Vegas, Kiiara","Complicated (feat. Kiiara)","Epic Amsterdam",134,162,8,"3529656"
177,"spotify:track:2jYmK1cb3Uya6FFsocdpzO","Sabrina Carpenter","Why","Hollywood Records",150,175,8,"3512300"
178,"spotify:track:2Gl0FzuLxflY6nPifJp5Dr","Kygo, Ellie Goulding","First Time","Kygo",19,161,21,"3506316"
179,"spotify:track:6b8Be6ljOzmkOmFslEb23P","Bruno Mars","24K Magic","Atlantic Records",9,170,39,"3490491"
180,"spotify:track:4TZy1wLyHec06pwgFYDh1a","Shawn Mendes","Mercy","Island Records",22,189,39,"3486649"
181,"spotify:track:5Z01UMMf7V1o0MzF86s6WJ","Eminem","Lose Yourself","Eminem Catalog PS",150,176,27,"3473594"
182,"spotify:track:2QWP8NYYplOqEFBYGCcq0S","The Script","Rain","Columbia",159,168,3,"3468538"
183,"spotify:track:78rIJddV4X0HkNAInEcYde","Starley, Ryan Riback","Call on Me - Ryan Riback Remix","Central Station Records",13,169,39,"3467388"
184,"spotify:track:6JV2JOEocMgcZxYSZelKcc","Justin Timberlake","CAN'T STOP THE FEELING! (from DreamWorks Animation's ""TROLLS"")","Villa 40/RCA Records",28,174,39,"3462085"
185,"spotify:track:6kig1UFggPUyZBCvXD3Wod","Metro Boomin, Offset, Drake","No Complaints (feat. Offset & Drake) (Bonus)","Republic Records",91,182,13,"3455838"
186,"spotify:track:2RttW7RAu5nOAfq6YFvApB","Ed Sheeran","Happier","Atlantic Records UK",10,178,29,"3444627"
187,"spotify:track:0Clb9aiXWa0dvVff5aN4VN","Astrid S","Think Before I Talk","Universal Music AS",178,191,4,"3434233"
188,"spotify:track:0yyZN5ASdrYu0XYWFzfxUu","Jesse & Joy, Gente De Zona","3 A.M.","WM Mexico",188,-1,1,"3433109"
189,"spotify:track:3hB5DgAiMAQ4DzYbsMq1IT","Justin Bieber","Love Yourself","RBMG/Def Jam",62,177,39,"3427038"
190,"spotify:track:5Db9VIdDsN5yu3Eu7CT0i4","Sam Smith","Stay With Me","PLG - Capitol",148,157,7,"3416158"
191,"spotify:track:5YzA563GXTuwQaRq24z1k5","Yandel, Wisin","Como Antes (feat. Wisin)","Sony Music Latin",191,-1,1,"3387012"
192,"spotify:track:4Q3N4Ct4zCuIHuZ65E3BD4","Kodak Black","Tunnel Vision","Atlantic Records",39,187,30,"3365795"
193,"spotify:track:4pLwZjInHj3SimIyN9SnOz","Ariana Grande, Nicki Minaj","Side To Side","Universal Records",18,179,39,"3336128"
194,"spotify:track:4dVpf9jZjcORqGTLUaeYj9","A$AP Ferg","Plain Jane","RCA Records Label",194,-1,1,"3314993"
195,"spotify:track:343YBumqHu19cGoGARUTsd","Drake","Fake Love","Cash Money Records/Young Money Ent./Universal Rec.",7,181,39,"3294917"
196,"spotify:track:6mORGLOz79w6VsCRLWYYuK","Lord Huron","The Night We Met","Play It Again Sam",55,184,23,"3264071"
197,"spotify:track:3ryjLm3oupIjJFGc39naNi","BTS","dimple","BIGHIT MUSIC",197,-1,1,"3258938"
198,"spotify:track:7KOlJ92bu51cltsD9KU5I7","Migos","T-Shirt","Quality Control Music",38,196,36,"3204761"
199,"spotify:track:4wdZdkEugVVorAfzqRqC6N","Post Malone","Candy Paint","Republic Records",199,-1,1,"3203086"
200,"spotify:track:75JFxkI2RXiU7L9VXzMkle","Coldplay","The Scientist","Parlophone Records Limited",168,193,14,"3189990"
