﻿rank,uri,artist_names,track_name,source,peak_rank,previous_rank,weeks_on_chart,streams
1,"spotify:track:1rgnBhdG2JDFTbYkYRZAku","Tones And I","Dance Monkey","Elektra (NEK)",1,2,31,"43692654"
2,"spotify:track:0nbXyq5TXYPCO7pr3N8S4I","Roddy Ricch","The Box","Atlantic Records",1,1,10,"42387090"
3,"spotify:track:0sf12qNH5qcw8qpgymFOqD","The Weeknd","Blinding Lights","Republic Records",3,3,12,"42033465"
4,"spotify:track:73SpzrcaHk0RQPFP73vqVR","Billie Eilish","No Time To Die","Darkroom/Interscope Records",4,-1,1,"36473566"
5,"spotify:track:4umIPjkehX1r7uhmGvXiSV","Justin Bieber, Quavo","Intentions (feat. Quavo)","RBMG/Def Jam",5,7,2,"35379447"
6,"spotify:track:6WrI0LAC5M1Rw2MnX2ZvEg","Dua Lipa","Don't Start Now","Warner Records",4,4,16,"32931653"
7,"spotify:track:16wAOAZ2OkqoIDN7TpChjR","Justin Bieber","Yummy","RBMG/Def Jam",2,10,7,"29921795"
8,"spotify:track:7k4t7uLgtOxPwTpFmtJNTY","KAROL G, Nicki Minaj","Tusa","TUSA - Karol G & Nicki Minaj",3,5,15,"29849584"
9,"spotify:track:4TnjEaWOeW0eKTKIEvJyCa","Trevor Daniel","Falling","Alamo",5,6,14,"28709550"
10,"spotify:track:696DnlkuDOXcMAnKlTgXXK","Arizona Zervas","ROXANNE","Arizona Zervas",2,8,17,"27052997"
11,"spotify:track:5yY9lUy8nbvjM1Uyo1Uqoc","Future, Drake","Life Is Good (feat. Drake)","Epic/Freebandz",3,9,6,"24528817"
12,"spotify:track:3ZCTVFBt2Brf31RLEnCkWJ","Billie Eilish","everything i wanted","Darkroom/Interscope Records",2,11,15,"24326356"
13,"spotify:track:21jGcNKet2qwijlDFuPiPb","Post Malone","Circles","Republic Records",1,13,25,"21064532"
14,"spotify:track:7FIWs0pqAYbP91WWM0vlTQ","Eminem, Juice WRLD","Godzilla (feat. Juice WRLD)","Shady/Aftermath/Interscope Records",4,12,5,"20943495"
15,"spotify:track:2ZlCGeK30BLRNSPC832pNZ","Justin Bieber, Post Malone, Clever","Forever (feat. Post Malone & Clever)","RBMG/Def Jam",15,-1,1,"20915775"
16,"spotify:track:7qEHsqek33rTcFNT9PFqLf","Lewis Capaldi","Someone You Loved","Vertigo Berlin",4,15,59,"20233589"
17,"spotify:track:2b8fOow8UzyDFAE27YhOZM","Maroon 5","Memories","Interscope Records*",2,14,22,"19796001"
18,"spotify:track:3wYRLYuO1M88d8woWUIxct","Bad Bunny, Sech","Ignorantes","Rimas Entertainment LLC",18,-1,1,"19673245"
19,"spotify:track:2Fxmhks0bxGSBdJ92vM42m","Billie Eilish","bad guy","Darkroom/Interscope Records",1,17,47,"18353784"
20,"spotify:track:6v3KW9xbzN5yKLt9YKDYA2","Shawn Mendes, Camila Cabello","Señorita","Island Records",1,18,35,"16594558"
21,"spotify:track:3jjujdWJ72nww5eGnfs2E7","Harry Styles","Adore You","Columbia",6,20,11,"16570693"
22,"spotify:track:6cy3ki60hLwimwIje7tALf","Black Eyed Peas, J Balvin","RITMO (Bad Boys For Life)","Epic/We The Best",9,16,19,"16538272"
23,"spotify:track:3Dv1eDb0MEgF93GpLXlucZ","Doja Cat","Say So","Kemosabe Records/RCA Records",23,24,8,"16182638"
24,"spotify:track:2gMXnyrvIjhVBUZwvLZDMP","Lewis Capaldi","Before You Go","Vertigo Berlin",19,22,13,"15736794"
25,"spotify:track:3yOlyBJuViE2YSGn3nVE1K","Camila Cabello, DaBaby","My Oh My (feat. DaBaby)","Syco Music/Epic",15,23,11,"15352394"
26,"spotify:track:7lidXGPXPYLNThITAOTlkK","Halsey","You should be sad","Capitol Records",16,19,6,"15342439"
27,"spotify:track:7sQKy5vlPQllr0k9IjYJv3","Arcángel, Sech, Dímelo Flow","Sigues Con El","Rimas Entertainment LLC.",21,25,9,"15258018"
28,"spotify:track:5px6upUHM3fhOP621Edp4V","Dua Lipa","Physical","Warner Records",18,21,3,"14736222"
29,"spotify:track:24Yi9hE78yPEbZ4kxyoXAI","SAINt JHN, Imanbek","Roses - Imanbek Remix","Columbia/B1 Recordings",29,33,10,"14325045"
30,"spotify:track:2ZTYlnhhV1UAReg7wIGolx","Sam Smith","To Die For","PLG - Capitol",30,-1,1,"14306272"
31,"spotify:track:6wJYhPfqk3KGhHRG76WzOh","Lil Mosey","Blueberry Faygo","Mogul Vision/Interscope Records",31,53,2,"14287951"
32,"spotify:track:5DxXgozhkPLgrbKFY91w0c","Bad Bunny","Vete","Rimas Entertainment LLC",10,30,13,"13160842"
33,"spotify:track:7CHi4DtfK4heMlQaudCuHK","MEDUZA, Becky Hill, Goodboys","Lose Control","Intercord",27,27,18,"13131071"
34,"spotify:track:2tnVG71enUj33Ic2nFN6kZ","Regard","Ride It","Ministry of Sound Recordings",12,32,24,"12697003"
35,"spotify:track:5stPVcRqb4qixbafP9e8lt","Dalex, Lenny Tavárez, Chencho Corleone, Juhn, Dímelo Flow","Hola - Remix","Rich Music",29,35,14,"12632194"
36,"spotify:track:1iSqfoUFnQwV0QW1EfUit8","YNW Melly","Suicidal","P2019",23,28,9,"12599125"
37,"spotify:track:07KXEDMj78x68D884wgVEm","Roddy Ricch, Mustard","High Fashion (feat. Mustard)","Atlantic Records",29,29,6,"12592226"
38,"spotify:track:3mQ6SLdxxaL52Yte7KF2Ks","J Balvin","Morado","UMLE - Latino",33,38,6,"12223679"
39,"spotify:track:5eEQCfq7MXQr6aHLNRUZLs","Anuel AA","Keii","2020 Real Hasta La Muerte, LLC",37,37,2,"12131500"
40,"spotify:track:1Cv1YLb4q0RzL6pybtaMLo","Surfaces","Sunday Best","Surfaces Music / TenThousand Projects, LLC",40,55,5,"11871435"
41,"spotify:track:4wNIkl5XGiAACjFBlDWuSd","Jonas Brothers","What A Man Gotta Do","Republic Records",27,34,5,"11773100"
42,"spotify:track:6mAN61JH0dzyZpWslS11jy","Rauw Alejandro, Farruko","Fantasias","(SME US Latin) Duars Entertainment, Corp. (2)",28,42,21,"11256887"
43,"spotify:track:0hVXuCcriWRGvwMV1r5Yn9","Ed Sheeran & Justin Bieber, Justin Bieber","I Don't Care (with Justin Bieber)","Atlantic Records UK",1,45,41,"11251434"
44,"spotify:track:0RiRZpuVRbi7oqRdSMwhQY","Post Malone, Swae Lee","Sunflower - Spider-Man: Into the Spider-Verse","Republic Records",1,43,70,"11212523"
45,"spotify:track:3cqPu20DGTGUoZtbJH2Dmi","Ali Gatie","What If I Told You That I Love You","Warner Records",29,40,4,"11109236"
46,"spotify:track:4l0Mvzj72xxOpRrp6h8nHi","Selena Gomez","Lose You To Love Me","Interscope Records",1,26,18,"11077078"
47,"spotify:track:7aiClxsDWFRQ0Kzk5KI5ku","blackbear","hot girl bummer","Alamo",9,46,26,"10889455"
48,"spotify:track:43zdsphuZLzwA9k4DJhU0I","Billie Eilish","when the party's over","Darkroom/Interscope Records",9,50,70,"10627867"
49,"spotify:track:6Ozh9Ok6h4Oi1wUSLtBseN","DaBaby","BOP","South Coast Music Group/Interscope Records",23,44,21,"10561679"
50,"spotify:track:6U0FIYXCQ3TGrk4tFpLrEA","BROCKHAMPTON","SUGAR","Question Everything/RCA Records",38,41,8,"10326550"
51,"spotify:track:0TrPqhAMoaKUFLR7iYDokf","Khalid, Disclosure","Know Your Worth","Right Hand Music Group, LLC/RCA Records",36,36,2,"10282126"
52,"spotify:track:4VgYtXCVJ7IbWAZ5ryfvEQ","Nicky Jam, Daddy Yankee","Muévelo","Sony Music Latin",44,47,6,"10271924"
53,"spotify:track:733c1CWmIGymoQXdp7Us88","A Boogie Wit da Hoodie, London On Da Track, Roddy Ricch, Gunna","Numbers (feat. Roddy Ricch, Gunna and London On Da Track)","Highbridge the Label / Atlantic Records",53,-1,1,"10131859"
54,"spotify:track:0u2P5u6lvoDfwTYjAADbn4","Billie Eilish, Khalid","lovely (with Khalid)","Darkroom",24,56,96,"10003553"
55,"spotify:track:2wrJq5XKLnmhRXHIAf9xBa","Dan + Shay, Justin Bieber","10,000 Hours (with Justin Bieber)","Warner Records Nashville",5,54,20,"9978828"
56,"spotify:track:5Xhqh4lwJPtMUTsdBztN1a","Shakira, Anuel AA","Me Gusta","Sony Music Latin",47,48,5,"9665067"
57,"spotify:track:6ZelF5APDN5r6XnFqcnvWR","Migos, Travis Scott, Young Thug","Give No Fxk","Quality Control Music/Motown Records",57,-1,1,"9652399"
58,"spotify:track:7HMmFQsKsljwTw8bS7lu19","Selena Gomez","Rare","Interscope Records",12,39,6,"9639631"
59,"spotify:track:3QzAOrNlsabgbMwlZt7TAY","Mustard, Roddy Ricch","Ballin' (with Roddy Ricch)","10 Summers Records/Interscope Records",37,49,20,"9566768"
60,"spotify:track:3eekarcy7kvN4yt5ZFzltW","Travis Scott","HIGHEST IN THE ROOM","Cactus Jack/Epic",1,51,20,"9563954"
61,"spotify:track:2o9LAypwGH4ctV0i9boo6d","Justin Bieber","Come Around Me","RBMG/Def Jam",61,-1,1,"9533583"
62,"spotify:track:2ksOAxtIxY8yElEWw8RhgK","Anuel AA, Daddy Yankee, KAROL G, J Balvin, Ozuna","China","2019 Real Hasta La Muerte, LLC.",2,52,31,"9486160"
63,"spotify:track:70eFcWOvlMObDhURTqT4Fv","Ed Sheeran, Khalid","Beautiful People (feat. Khalid)","Atlantic Records UK",3,58,34,"9249238"
64,"spotify:track:40qyPyljksBEqlNw5sW37T","Justin Bieber","Habitual","RBMG/Def Jam",64,-1,1,"9120086"
65,"spotify:track:5Py8zRKGkZvgHniVVtvNCN","Justin Bieber","All Around Me","RBMG/Def Jam",65,-1,1,"9010535"
66,"spotify:track:285pBltuF7vW8TeWk8hdRR","Juice WRLD","Lucid Dreams","Juice WRLD Mixtape / ISR P&D",3,59,93,"8937745"
67,"spotify:track:2kJwzbxV2ppxnQoYw4GLBZ","JP Saxe, Julia Michaels","If the World Was Ending (feat. Julia Michaels)","Arista Records",58,61,15,"8737510"
68,"spotify:track:7eJMfftS33KTjuF7lTsMCx","Powfu, beabadoobee","death bed (coffee for your head)","Columbia",68,-1,1,"8718278"
69,"spotify:track:4ejyZ4uJEXUURcgKp1kP8v","The Weeknd","After Hours","Republic Records",69,-1,1,"8621169"
70,"spotify:track:3Q6F8RByyhRTJpRtZLY3cg","Jack Harlow","WHATS POPPIN","Generation Now/Atlantic",70,101,3,"8600104"
71,"spotify:track:2VxeLyX666F8uXCJ0dZF8B","Lady Gaga, Bradley Cooper","Shallow","A Star is Born OST",3,73,73,"8458950"
72,"spotify:track:5VwwpU7KsLhgfbMEecedhJ","Justin Bieber, Kehlani","Get Me (feat. Kehlani)","RBMG/Def Jam",45,164,3,"8362828"
73,"spotify:track:3VyjsVV24RmBIbWJAeUJNu","Don Toliver","No Idea","We Run It Ent./Cactus Jack/Atlantic",26,60,12,"8304749"
74,"spotify:track:4R8BJggjosTswLxtkw8V7P","JHAYCO, J Balvin, Bad Bunny","No Me Conoce - Remix","N&E Entertainment LLC",20,68,39,"8286893"
75,"spotify:track:0fea68AdmYNygeTGI4RC18","J Balvin, Bad Bunny","LA CANCIÓN","Universal Music Latino / Rimas",17,64,34,"8284178"
76,"spotify:track:2TH65lNHgvLxCKXM3apjxI","Bad Bunny, Tainy","Callaita","Rimas Entertainment LLC",7,66,38,"8184936"
77,"spotify:track:6ocbgoVGwYJhOv1GgI9NsF","Ariana Grande","7 rings","Republic Records",1,65,57,"8157525"
78,"spotify:track:6UelLqGlWMcVH1E5c4H7lY","Harry Styles","Watermelon Sugar","Columbia",14,63,14,"8152387"
79,"spotify:track:1PnAx788sAvcI3ZxTlEyX8","Justin Bieber, Travis Scott","Second Emotion (feat. Travis Scott)","RBMG/Def Jam",79,-1,1,"8109572"
80,"spotify:track:51Fjme0JiitpyXKuyQiCDo","Y2K, bbno$","Lalala","Columbia",4,70,35,"7947351"
81,"spotify:track:6Gg1gjgKi2AK4e0qzsR7sd","Juice WRLD, YoungBoy Never Broke Again","Bandit (with YoungBoy Never Broke Again)","Grade A Productions/Interscope Records",14,62,20,"7868877"
82,"spotify:track:6p8eEdiZLKJH8tcjGZuNTK","Joji","Run","88rising Music",31,31,2,"7677851"
83,"spotify:track:2FvD20Z8aoWIePi7PoN8sG","DaBaby, Lil Baby, Moneybagg Yo","TOES (feat. Lil Baby & Moneybagg Yo)","South Coast Music Group/Interscope Records",65,72,8,"7668491"
84,"spotify:track:5DqdesEfbRyOlSS3Tf6c29","Ali Gatie","It's You","Warner Records",27,76,36,"7538726"
85,"spotify:track:75nKBP8jQu681pTNCtrEnn","Justin Bieber, Lil Dicky","Running Over (feat. Lil Dicky)","RBMG/Def Jam",85,-1,1,"7493188"
86,"spotify:track:1b6tPXXCV2fSNtR3SKWUQA","Justin Bieber","Available","RBMG/Def Jam",86,-1,1,"7473249"
87,"spotify:track:6LcauUZjF1eXQrgqMUecHX","Tyga","Ayy Macarena","Columbia/Last Kings Records",37,57,14,"7462886"
88,"spotify:track:3qM0vBxIe4VUbK0Z0smuVP","JHAYCO, Anuel AA, J Balvin","Medusa","N&E Entertainment LLC",85,85,2,"7422252"
89,"spotify:track:2grAr8pWMuLWn8ZYEE9wDV","Tones And I","Never Seen the Rain","Elektra (NEK)",74,74,8,"7399078"
90,"spotify:track:2YpeDb67231RjR0MgVLzsG","Lil Nas X, Billy Ray Cyrus","Old Town Road (feat. Billy Ray Cyrus) - Remix","Columbia",2,77,46,"7390917"
91,"spotify:track:6b2RcmUt1g9N9mQ3CbjX2Y","Sam Smith","How Do You Sleep?","PLG - Capitol",7,83,31,"7385594"
92,"spotify:track:2pWOMNQJW3g2zmGjP0Vkb0","Nicky Jam, Anuel AA","Whine Up","Sony Music Latin",44,71,16,"7368659"
93,"spotify:track:0bMbDctzMmTyK2j74j3nF3","Alan Walker, Ava Max","Alone, Pt. II","Kreatell Music",80,80,8,"7342972"
94,"spotify:track:6vBdBCoOhKHiYDDOcorfNo","Post Malone, Young Thug","Goodbyes (feat. Young Thug)","Republic Records",2,81,33,"7261924"
95,"spotify:track:6gi6y1xwmVszDWkUqab1qw","JACKBOYS, Travis Scott, Young Thug","OUT WEST (feat. Young Thug)","Cactus Jack/Epic",27,82,8,"7243756"
96,"spotify:track:3LbZIhU0smEU5SUnxod4j4","Tame Impala","Breathe Deeper","Universal Music Australia Pty. Ltd.",96,-1,1,"7142364"
97,"spotify:track:2dpaYNEQHiRxtZbfNsse99","Marshmello, Bastille","Happier","Joytime Collective",2,88,79,"7091358"
98,"spotify:track:598yNsG1JFrGd4n2kMoz7F","Lil Baby","Woah","Quality Control/Motown Records",56,79,15,"7036037"
99,"spotify:track:57vxBYXtHMk6H1aD29V7PU","The Weeknd","Heartless","Republic Records",4,89,13,"6975894"
100,"spotify:track:4QPEwDdOMhY7rNS05mTyMR","Stormzy, Burna Boy, Ed Sheeran","Own It (feat. Ed Sheeran & Burna Boy)","Atlantic Records UK",36,84,13,"6970485"
101,"spotify:track:2uIX8YMNjGMD7441kqyyNU","Billie Eilish","ocean eyes","Darkroom",101,109,58,"6943856"
102,"spotify:track:0pqnGHJpmpxLKifKRmU6WP","Imagine Dragons","Believer","Kid Ina Korner / Interscope",16,97,159,"6880238"
103,"spotify:track:521Os1SMlxmsoevsqyjNmJ","Justin Bieber","Changes","RBMG/Def Jam",103,-1,1,"6865229"
104,"spotify:track:4vUmTMuQqjdnvlZmAH61Qk","Ed Sheeran, Camila Cabello, Cardi B","South of the Border (feat. Camila Cabello & Cardi B)","Atlantic Records UK",10,87,32,"6808611"
105,"spotify:track:43NqTeL8pgBxKHPMiJKUP5","Myke Towers","Girl","2020 One World Music & Casablanca Records | Powered by GLAD Empire, LL",105,108,3,"6751004"
106,"spotify:track:4Of7rzpRpV1mWRbhp5rAqG","Lewis Capaldi","Bruises","Vertigo Berlin",66,93,30,"6659714"
107,"spotify:track:22vgEDb5hykfaTwLuskFGD","Jonas Brothers","Sucker","Jonas Brothers Recording",2,100,51,"6626548"
108,"spotify:track:1lOe9qE0vR9zwWQAOk6CoO","Lil Tecca","Ransom","Republic Records",3,90,38,"6620170"
109,"spotify:track:0JjM9bKm4wrwohMslcm892","G-Eazy, Tory Lanez, Tyga","Still Be Friends (feat. Tory Lanez & Tyga)","BPG/RVG/RCA Records",109,134,2,"6600505"
110,"spotify:track:4u7EnebtmKWzUH433cf5Qv","Queen","Bohemian Rhapsody - Remastered 2011","EMI",11,112,77,"6593475"
111,"spotify:track:1Xnn1TPyr5h0hpRAT4B4EA","Dalex, Lenny Tavárez, Anitta, NATTI NATASHA, Farruko, Justin Quiles","Bellaquita - Remix","Rich Music",91,95,13,"6586415"
112,"spotify:track:3jbT1Y5MoPwEIpZndDDwVq","Tainy, Anuel AA, Ozuna","Adicto (with Anuel AA & Ozuna)","NEON16/Interscope Records",24,75,26,"6577046"
113,"spotify:track:0e7ipj03S05BNilyu5bRzt","Post Malone, 21 Savage","rockstar (feat. 21 Savage)","Republic Records",1,102,127,"6569884"
114,"spotify:track:113PlnpZbHd3WIqeYjhZWv","Daddy Yankee, Sech","Definitivamente","El Cartel Records (EC3)",114,118,2,"6547178"
115,"spotify:track:6FZDfxM3a3UCqtzo5pxSLZ","Halsey","Without Me","Capitol Records",4,96,72,"6531093"
116,"spotify:track:60brXKLTC15vK0av5gIldm","Justin Bieber","Confirmation","RBMG/Def Jam",116,-1,1,"6520106"
117,"spotify:track:2rjjNUYONZqC7wSd1i6OFq","Lizzo, Ariana Grande","Good as Hell (feat. Ariana Grande)","Nice Life/Atlantic",29,124,17,"6492006"
118,"spotify:track:2rc7BkzO8qepMFAxHtOrXc","J Balvin","Blanco","UMLE - Latino",77,91,13,"6484425"
119,"spotify:track:5a6pdCHlWS2ekOOQ70QnAr","Noah Cyrus","July","Records/Columbia",77,92,15,"6429629"
120,"spotify:track:3JHpk0DOTOzyh0777JFAky","Myke Towers","Diosa","2020 One World Music & Casablanca Records | Powered by GLAD Empire, LL",120,-1,1,"6363271"
121,"spotify:track:7qiZfU4dY1lWllzX7mPBI3","Ed Sheeran","Shape of You","Atlantic Records UK",1,116,163,"6346126"
122,"spotify:track:7Ek9e3eIuktIFjpDRQfmHE","Luciano","Mios mit Bars","Urban",122,-1,1,"6341141"
123,"spotify:track:37zdqI4r1gswIzczSBkRon","Lunay, Anuel AA, Ozuna","Aventura","round2media - LaFamilia",50,94,17,"6337659"
124,"spotify:track:4ZLzoOkj0MPWrTLvooIuaa","Kina, Snøw","Get You The Moon (feat. Snøw)","Columbia",95,114,36,"6335792"
125,"spotify:track:5uCax9HTNlzGybIStD3vDh","James Arthur","Say You Won't Let Go","Columbia",7,122,163,"6301928"
126,"spotify:track:4SSnFejRGlZikf02HLewEF","Billie Eilish","bury a friend","Darkroom/Interscope Records",2,115,56,"6292326"
127,"spotify:track:7xQAfvXzm3AkraOtGPWIZg","Post Malone","Wow.","Republic Records",2,110,61,"6290773"
128,"spotify:track:6RyaV7owmVU6fzEPE17sF1","Daddy Yankee","Que Tire Pa Lante","UME - Global Clearing House",25,98,18,"6190158"
129,"spotify:track:6Qs4SXO9dwPj5GKvVOv8Ki","Sam Smith, Normani","Dancing With A Stranger (with Normani)","PLG - Capitol",7,131,58,"6147000"
130,"spotify:track:4yJiXq86uM56uIfIZgE440","blackbear","me & ur ghost","Alamo",103,104,5,"6127817"
131,"spotify:track:0tgVpDi06FyKpA1z0VMD4v","Ed Sheeran","Perfect","Atlantic Records UK",4,135,154,"6112719"
132,"spotify:track:6Hj9jySrnFppAI0sEMCZpJ","Juice WRLD","Robbery","Grade A Productions/Interscope Records",18,111,31,"6107319"
133,"spotify:track:59s0s39NFWScuHDbHytI14","Reik, J Balvin, Lalo Ebratt","Indeciso","Indeciso",60,119,24,"6052479"
134,"spotify:track:0fySG6A6qLE8IvDpayb5bM","DaBaby","VIBEZ","South Coast Music Group/Interscope Records",53,107,21,"6034915"
135,"spotify:track:6PzOPrXx8tJEqace76yrv2","Justin Bieber","E.T.A.","RBMG/Def Jam",135,-1,1,"6008945"
136,"spotify:track:24NuEDgyRIljwSyY0lsr7b","BTS","Black Swan","BIGHIT MUSIC",19,86,5,"5998242"
137,"spotify:track:1v7L65Lzy0j0vdpRjJewt1","Eminem","Lose Yourself","Eminem Catalog PS",129,129,59,"5995509"
138,"spotify:track:5ry2OE6R2zPQFDO85XkgRb","Drake, Rick Ross","Money In The Grave (Drake ft. Rick Ross)","Republic Records",5,117,36,"5992851"
139,"spotify:track:5hM5arv9KDbCHS0k9uqwjr","Tame Impala","Borderline","Universal Music Australia Pty. Ltd.",139,-1,1,"5921044"
140,"spotify:track:1DFD5Fotzgn6yYXkYsKiGs","MEDUZA, Goodboys","Piece Of Your Heart","Intercord",14,123,45,"5880312"
141,"spotify:track:39nTNk5MfyiiRupTwn1iyC","Justin Bieber","Take It Out On Me","RBMG/Def Jam",141,-1,1,"5858768"
142,"spotify:track:5JSVa5i6lFPoyOzK4gj0Ox","5 Seconds of Summer","No Shame","5 Seconds Of Summer/Interscope",67,67,2,"5835260"
143,"spotify:track:3U4isOIWM3VvDubwSI3y7a","John Legend","All of Me","G.O.O.D. Music/Columbia",143,159,55,"5824139"
144,"spotify:track:3ee8Jmje8o58CHK66QrVC2","XXXTENTACION","SAD!","Bad Vibes Forever, LLC",1,128,103,"5821835"
145,"spotify:track:6Y4PDQv4XjYjHLeLmvyOt0","Sech, Ozuna","Si Te Vas","Rich Music",48,132,21,"5817367"
146,"spotify:track:4jAIqgrPjKLTY9Gbez25Qb","Harry Styles","Lights Up","Columbia",5,127,19,"5813671"
147,"spotify:track:2ez6qvOTHKeI3ss80NGqnI","SHAED, ZAYN","Trampoline (with ZAYN)","Photo Finish Records",19,126,21,"5806382"
148,"spotify:track:2xLMifQCjDGFmkHkpNLD9h","Travis Scott","SICKO MODE","Cactus Jack / Epic",2,130,81,"5792562"
149,"spotify:track:2Ec33AVlkTTq8BHFgBTdQs","Lil Uzi Vert","Futsal Shuffle 2020","Generation Now/Atlantic",18,103,10,"5787259"
150,"spotify:track:5Id5B3dxJZhPcV9GzgYZZe","Rich Music LTD, Sech, Dalex, Justin Quiles, Lenny Tavárez, Feid, Wisin, Zion","Quizas","Rich Music",52,125,22,"5766674"
151,"spotify:track:5IUOU5xkzGHsRFOYNu3GSK","Niall Horan","No Judgement","Capitol Records",149,149,2,"5720641"
152,"spotify:track:3Ghyp3X5Ua9ypHnBIgOObI","Henrique & Juliano","Liberdade Provisória - Live - Ibirapuera / 2019","Virgin Music Label And Artist Services (S&D)",99,137,10,"5676336"
153,"spotify:track:7m9OqQk4RVRkw9JJdeAw96","XXXTENTACION","Jocelyn Flores","Bad Vibes Forever / EMPIRE",7,133,129,"5667946"
154,"spotify:track:3e9HZxeyfWwjeyPAMmWSSQ","Ariana Grande","thank u, next","Republic Records",1,136,68,"5607886"
155,"spotify:track:2P91MQbaiQOfbiz9VqhqKQ","Lauv","I Like Me Better","Lauv",29,160,140,"5590822"
156,"spotify:track:25sgk305KZfyuqVBQIahim","Ava Max","Sweet but Psycho","Atlantic Records",6,140,73,"5567530"
157,"spotify:track:0Q2n5yzl2XRqYbV77tZNYp","TOKYO’S REVENGE","GOODMORNINGTOKYO!","Blac Noize! Recordings",123,143,6,"5563866"
158,"spotify:track:7FGq80cy8juXBCD2nrqdWU","benny blanco, Halsey, Khalid","Eastside (with Halsey & Khalid)","Friends Keep Secrets/Interscope Records",4,138,83,"5521239"
159,"spotify:track:6IRdLKIyS4p7XNiP8r6rsx","Billie Eilish","all the good girls go to hell","Darkroom/Interscope Records",11,158,29,"5518376"
160,"spotify:track:4l2rsMfr20dj6nf6i6F3Y8","A Boogie Wit da Hoodie, Young Thug","Might Not Give Up (feat. Young Thug)","Highbridge the Label / Atlantic Records",160,-1,1,"5503902"
161,"spotify:track:7hpJ9tATWb2vztlq99hERP","Conan Gray","Maniac","Republic Records",139,139,8,"5494759"
162,"spotify:track:0RDgqtvOHLwcI6yz9bjsZV","Rich Music LTD, Sech, Dalex, Justin Quiles, Lenny Tavárez, Feid","Perreo en La Luna","Rich Music",128,148,8,"5468082"
163,"spotify:track:7fa9MBXhVfQ8P8Df9OEbD8","Maroon 5, Cardi B","Girls Like You (feat. Cardi B) - Cardi B Version","Interscope Records*",2,150,90,"5460450"
164,"spotify:track:2hLu8L8SNfCN4yKyPdX0h3","Justin Bieber","That's What Love Is","RBMG/Def Jam",164,-1,1,"5440037"
165,"spotify:track:58wyJLv6yH1La9NIZPl3ne","Kina, Adriana Proenza","Can We Kiss Forever?","Columbia",137,142,13,"5428036"
166,"spotify:track:3o1CUVeHIid49sabk6A6Nf","Kygo, Avicii, Sandro Cavazza","Forever Yours - Avicii Tribute","Universal Music AB",80,113,4,"5421905"
167,"spotify:track:3HWzoMvoF3TQfYg4UPszDq","Lizzo","Truth Hurts","Nice Life/Atlantic",16,147,43,"5417880"
168,"spotify:track:1G2CAJeP7rCwOZjlSJ0Zw3","Major Lazer, J Balvin, El Alfa, Diplo","Que Calor","Mad Decent",77,144,22,"5389536"
169,"spotify:track:6oJ6le65B3SEqPwMRNXWjY","Kygo, Whitney Houston","Higher Love","Kygo/RCA Records",31,151,33,"5383318"
170,"spotify:track:1V7JaMp11LKGwKiVmSetf0","Joker Bra, VIZE","Baby","Bra Musik",68,99,3,"5376451"
171,"spotify:track:74fV8TuLZKVzSIOOGu8wwI","Polo G, Stunna 4 Vegas, NLE Choppa, Mike WiLL Made-It","Go Stupid (feat. NLE Choppa & Mike WiLL Made-It)","Columbia",171,-1,1,"5343301"
172,"spotify:track:6kls8cSlUyHW2BUOkDJIZE","Ellie Goulding, Juice WRLD","Hate Me (with Juice WRLD)","Polydor Records",46,146,28,"5343007"
173,"spotify:track:6gBFPUFcJLzWGx4lenP6h2","Travis Scott","goosebumps","Cactus Jack / Epic",60,154,132,"5337615"
174,"spotify:track:6RRNNciQGZEXnqk8SQ9yv5","Taylor Swift","You Need To Calm Down","Taylor Swift",4,141,33,"5312572"
175,"spotify:track:5ozqshq2dtU7SYCpCBu0NE","Tame Impala","One More Year","Universal Music Australia Pty. Ltd.",175,-1,1,"5279739"
176,"spotify:track:6CcJMwBtXByIz4zQLzFkKc","Billie Eilish","i love you","Darkroom/Interscope Records",21,169,32,"5239517"
177,"spotify:track:1nocRtwyNPVtGcIJqfgdzZ","Camilo, Pedro Capó","Tutu","Sony Music Latin",27,162,28,"5236576"
178,"spotify:track:1DWZUa5Mzf2BwzpHtgbHPY","Mac Miller","Good News","Warner Records",14,69,6,"5210780"
179,"spotify:track:7dt6x5M1jzdTEt8oCbisTK","Post Malone","Better Now","Republic Records",1,161,95,"5199912"
180,"spotify:track:3Fj47GNK2kUF0uaEDgXLaD","Billie Eilish","wish you were gay","Darkroom/Interscope Records",3,177,36,"5187997"
181,"spotify:track:4z6wo6PJG4Fve45OXK6D9m","Arcángel, Bad Bunny","Infeliz","Rimas Entertainment LLC.",139,152,7,"5172395"
182,"spotify:track:0JP9xo3adEtGSdUEISiszL","XXXTENTACION","Moonlight","Bad Vibes Forever, LLC",2,167,100,"5170476"
183,"spotify:track:4t9a07PAghtQMRAIP9FQ7Z","Lunay, Daddy Yankee, Bad Bunny","Soltera (Remix)","round2media - LaFamilia",8,153,41,"5153679"
184,"spotify:track:4a6q8CR2hzLk2plDkSxkfD","Bazzi","I.F.L.Y.","iamcosmic",47,170,27,"5149763"
185,"spotify:track:4Yxc55NX3tAXC2mHRAhtcW","Olivia Rodrigo, Disney","All I Want - From ""High School Musical: The Musical: The Series""","Walt Disney Records",150,157,7,"5121281"
186,"spotify:track:2slqvGLwzZZYsT4K4Y1GBC","Taylor Swift","Only The Young - Featured in Miss Americana","Taylor Swift",61,78,3,"5111068"
187,"spotify:track:5JWPUEov2wlX7c0jhYZpeB","Tame Impala","Lost In Yesterday","Universal Music Australia Pty. Ltd.",187,-1,1,"5096624"
188,"spotify:track:6K4t31amVTZDgR3sKmwUJJ","Tame Impala","The Less I Know The Better","Universal Music Australia Pty. Ltd.",181,-1,8,"5093666"
189,"spotify:track:2bT1PH7Cw3J9p3t7nlXCdh","Shawn Mendes","If I Can't Have You","Island Records",4,172,41,"5070442"
190,"spotify:track:3g0mEQx3NTanacLseoP0Gw","The Chainsmokers, ILLENIUM, Lennon Stella","Takeaway","Disruptor Records/Columbia",28,165,28,"5069102"
191,"spotify:track:2iUXsYOEPhVqEBwsqP70rE","5 Seconds of Summer","Youngblood","Capitol",8,175,96,"5048119"
192,"spotify:track:6XHVuErjQ4XNm6nDPVCxVX","Chris Brown, Drake","No Guidance (feat. Drake)","Chris Brown Entertainment/RCA Records",11,163,37,"5034302"
193,"spotify:track:6VLkgf5YmLixsabdqiCVGU","Justin Bieber","At Least For Now","RBMG/Def Jam",193,-1,1,"5033764"
194,"spotify:track:1rqqCSm0Qe4I9rUvWncaom","Panic! At The Disco","High Hopes","DCD2 / Fueled By Ramen",9,173,86,"5014977"
195,"spotify:track:0rKtyWc8bvkriBthvHKY8d","Joji","SLOW DANCING IN THE DARK","88rising Music",75,156,25,"4995330"
196,"spotify:track:1ZMiCix7XSAbfAJlEZWMCp","Harry Styles","Falling","Columbia",29,187,10,"4989757"
197,"spotify:track:3XF5xLJHOQQRbWya6hBp7d","Billie Eilish","you should see me in a crown","Darkroom/Interscope Records",15,198,34,"4988054"
198,"spotify:track:1mXVgsBdtIVeCLJnSnmtdV","Sam Smith","Too Good At Goodbyes","PLG - Capitol",1,186,117,"4984764"
199,"spotify:track:0uI7yAKUf52Cn7y3sYyjiX","Dominic Fike","3 Nights","Columbia",51,166,45,"4968925"
200,"spotify:track:5qrSlOut2rNAWv3ubArkNy","Dean Lewis","Be Alright","Universal Music Australia Pty. Ltd.",12,179,82,"4967951"
