﻿rank,uri,artist_names,track_name,source,peak_rank,previous_rank,weeks_on_chart,streams
1,"spotify:track:6ocbgoVGwYJhOv1GgI9NsF","Ariana Grande","7 rings","Republic Records",1,1,8,"35348576"
2,"spotify:track:4y3OI86AEP6PQoDE6olYhO","Jonas Brothers","Sucker","Jonas Brothers Recording",2,2,2,"30872883"
3,"spotify:track:5w9c2J52mkdntKOmRLeM2m","Daddy Yankee, Snow","Con Calma","Craft Latino",3,5,7,"28993620"
4,"spotify:track:4kV4N9D1iKVxx1KLvtTpjS","Ariana Grande","break up with your girlfriend, i'm bored","Republic Records",2,4,5,"26355276"
5,"spotify:track:2VxeLyX666F8uXCJ0dZF8B","Lady Gaga, Bradley Cooper","Shallow","A Star is Born OST",3,3,24,"26234982"
6,"spotify:track:6MWtB6iiXyIwun0YzU6DFP","Post Malone","Wow.","Republic Records",2,6,12,"24884490"
7,"spotify:track:3KkXRkHbMCARz0aVfEt68P","Post Malone, Swae Lee","Sunflower - Spider-Man: Into the Spider-Verse","Universal Records",1,7,21,"23892814"
8,"spotify:track:6Qs4SXO9dwPj5GKvVOv8Ki","Sam Smith, Normani","Dancing With A Stranger (with Normani)","PLG - Capitol",7,8,9,"19634400"
9,"spotify:track:5iwz1NiezX7WWjnCgY5TH4","Pedro Capó, Farruko","Calma - Remix","Sony Music Latin",5,10,18,"18337974"
10,"spotify:track:2dpaYNEQHiRxtZbfNsse99","Marshmello, Bastille","Happier","Joytime Collective",2,9,30,"18322843"
11,"spotify:track:5W83ErFkO3aKAIS1WMi6u0","Anuel AA, KAROL G","Secreto","Anuel AA & Karol G - Secreto",11,12,8,"18127093"
12,"spotify:track:2JvzF1RMd7lE3KmFlsyZD8","J. Cole","MIDDLE CHILD","Dreamville, Inc., Under exclusive license to Roc Nation Records",2,15,8,"18039810"
13,"spotify:track:25sgk305KZfyuqVBQIahim","Ava Max","Sweet but Psycho","Atlantic Records",6,13,24,"17976011"
14,"spotify:track:4NzMOnvSJVNKF7nw5NkXIP","Billie Eilish","bury a friend","Darkroom/Interscope Records",2,11,7,"17651210"
15,"spotify:track:4txc3txsIt81diMzGhrVPS","Billie Eilish","wish you were gay","Darkroom/Interscope Records",15,50,2,"17402667"
16,"spotify:track:5p7ujcrUXASCNwRaWNHR1C","Halsey","Without Me","Capitol Records",4,16,23,"17354222"
17,"spotify:track:3e9HZxeyfWwjeyPAMmWSSQ","Ariana Grande","thank u, next","Republic Records",1,14,19,"17078757"
18,"spotify:track:6Hj9jySrnFppAI0sEMCZpJ","Juice WRLD","Robbery","Grade A Productions/Interscope Records",18,20,4,"16634927"
19,"spotify:track:7uH27oIt4a6cIFCA8ZPcyG","Ozuna","Baila Baila Baila","Aura Music Corp.",16,17,9,"16200729"
20,"spotify:track:6MjNilJCVKJq0LfFvo5jWJ","Juice WRLD","Fast","Grade A Productions/Interscope Records",20,-1,1,"16064879"
21,"spotify:track:7eBqSVxrzQZtK2mmgRG6lC","YNW Melly","Murder on My Mind","P2018",19,19,4,"16003011"
22,"spotify:track:7COXchtUOMd6uIT6HvmRaI","Lauv, Troye Sivan","i'm so tired...","Lauv",19,22,7,"15701303"
23,"spotify:track:0rTV5WefWd1J3OwIheTzxM","Khalid, Disclosure","Talk","Right Hand Music Group, LLC/RCA Records",17,18,5,"15051794"
24,"spotify:track:5itOtNx0WxtJmi1TQ3RuRd","Calvin Harris, Rag'n'Bone Man","Giant (with Rag'n'Bone Man)","Columbia",21,24,9,"14444509"
25,"spotify:track:4w8niZpiMy6qz1mntFA5uM","DJ Snake, Selena Gomez, Ozuna, Cardi B","Taki Taki (with Selena Gomez, Ozuna & Cardi B)","DJ Snake Music Productions Limited, under exclusive license to Geffen Records",1,23,24,"14120363"
26,"spotify:track:1WSGTYKLEpKfNQYYW5Oymt","benny blanco, Selena Gomez, J Balvin, Tainy","I Can’t Get Enough (benny blanco, Selena Gomez, J Balvin, Tainy)","NEON16/Friends Keep Secrets/Interscope Records",21,21,2,"14098508"
27,"spotify:track:2IRZnDFmlqMuOrYOLnZZyc","Meek Mill, Drake","Going Bad (feat. Drake)","MMG/Atlantic",11,25,15,"13875424"
28,"spotify:track:0PG9fbaaHFHfre2gUVo7AN","Cardi B, Bruno Mars","Please Me","Atlantic/KSR",20,27,4,"13703398"
29,"spotify:track:5WHTFyqSii0lmT9R21abT8","Mabel","Don't Call Me Up","Polydor Records",29,29,6,"13446481"
30,"spotify:track:116H0KvKr2Zl4RPuVBruDO","Bad Bunny, Drake","MIA","Rimas Entertainment LLC",1,26,22,"12950369"
31,"spotify:track:1rqqCSm0Qe4I9rUvWncaom","Panic! At The Disco","High Hopes","DCD2 / Fueled By Ramen",9,28,38,"12839359"
32,"spotify:track:7tFiyTwD0nx5a1eklYtX2J","Queen","Bohemian Rhapsody - Remastered 2011","EMI",11,31,28,"12122007"
33,"spotify:track:6FyRXC8tJUh863JCkyWqtk","Paulo Londra","Adan y Eva","WEA Latina",11,30,18,"11990988"
34,"spotify:track:2xLMifQCjDGFmkHkpNLD9h","Travis Scott","SICKO MODE","Cactus Jack / Epic",2,32,32,"11785282"
35,"spotify:track:1DUSuNhF8P5vUGNPpQiZa5","Khalid","My Bad","Right Hand Music Group, LLC/RCA Records",35,-1,1,"11627773"
36,"spotify:track:2qxmye6gAegTMjLKEBoR3d","Alec Benjamin","Let Me Down Slowly","2018",36,39,14,"11380826"
37,"spotify:track:3oh6SCCeLuXhFpEyepla6G","Blueface","Thotiana","Fifth Amendment Entertainment/eOne Music",29,33,7,"11144060"
38,"spotify:track:3Ol2xnObFdKV9pmRD2t9x8","A Boogie Wit da Hoodie","Look Back at It","Highbridge the Label / Atlantic Records",20,36,12,"11141140"
39,"spotify:track:7FGq80cy8juXBCD2nrqdWU","benny blanco, Halsey, Khalid","Eastside (with Halsey & Khalid)","Friends Keep Secrets/Interscope Records",4,34,35,"10970109"
40,"spotify:track:63cd4JkwGgYJrbOizbfmsp","Mustard, Migos","Pure Water (with Migos)","10 Summers Records/Interscope Records",38,40,8,"10808906"
41,"spotify:track:0s5DNDV6LAKn2u2Ufa3VjQ","Mau y Ricky, Manuel Turizo, Camilo","Desconocidos","Sony Music Latin",34,37,18,"10808574"
42,"spotify:track:31UjYv5vLsDkzchJOtUMtW","Maluma","HP","Sony Music Latin",42,72,2,"10782918"
43,"spotify:track:5icOoE6VgqFKohjWWNp0Ac","Marshmello, CHVRCHES","Here With Me","Joytime Collective",43,-1,1,"10755490"
44,"spotify:track:1wJRveJZLSb1rjhnUHQiv6","A Boogie Wit da Hoodie, 6ix9ine","Swervin (feat. 6ix9ine)","Highbridge the Label / Atlantic Records",42,42,11,"10672545"
45,"spotify:track:7dt6x5M1jzdTEt8oCbisTK","Post Malone","Better Now","Republic Records",1,41,46,"10566045"
46,"spotify:track:11cDEev79fPKi6uJCjUhu8","The Chainsmokers, 5 Seconds of Summer","Who Do You Love","Disruptor Records/Columbia",33,38,5,"10516247"
47,"spotify:track:14f1n3XCW3fQhAODW0CwLK","MERO","Wolke 10","Groove Attack TraX",47,-1,1,"10407435"
48,"spotify:track:2t8yVaLvJ0RenpXUIAC52d","21 Savage","a lot","Slaughter Gang, LLC/Epic Records",21,35,12,"10373555"
49,"spotify:track:0FZ4Dmg8jJJAPJnvBIzD9z","Kodak Black, Offset, Travis Scott","ZEZE (feat. Travis Scott & Offset)","Atlantic Records",3,43,22,"10045588"
50,"spotify:track:13ZyrkCDmRz5xY3seuAWYk","Juice WRLD","Hear Me Calling","Grade A Productions/Interscope Records",50,79,2,"10041043"
51,"spotify:track:14JzyD6FlBD5z0wV5P07YI","Billie Eilish","when the party's over","Darkroom/Interscope Records",12,49,21,"9681823"
52,"spotify:track:3f5lA8nnc4YYF1qf78WpHw","Anuel AA, Romeo Santos","Ella Quiere Beber - Remix","Real Hasta La Muerte, LLC",33,45,19,"9583059"
53,"spotify:track:3EPXxR3ImUwfayaurPi3cm","Dean Lewis","Be Alright","Universal Music Australia Pty. Ltd.",12,47,34,"9576449"
54,"spotify:track:1NJcg626wLln4pGHpiV7mf","Billie Eilish, Khalid","lovely (with Khalid)","Darkroom",24,53,47,"9557703"
55,"spotify:track:7fa9MBXhVfQ8P8Df9OEbD8","Maroon 5, Cardi B","Girls Like You (feat. Cardi B) - Cardi B Version","Interscope Records*",2,44,41,"9525176"
56,"spotify:track:5BDP2tky8oMQJPS33frKVp","Sebastian Yatra, Reik","Un Año","UMLE - Latino",55,55,7,"9402405"
57,"spotify:track:059bcIhyc2SBwm6sw2AZzd","Piso 21, Micro TDH","Te Vi","WM Mexico",52,52,9,"9395549"
58,"spotify:track:1LiN0Z98FkR1t0m8KmLcAH","Anuel AA, Haze","Amanece","House of Haze",45,46,13,"9281838"
59,"spotify:track:41MCdlvXOl62B7Kv86Bb1v","Juice WRLD","Empty","Grade A Productions/Interscope Records",59,-1,1,"9182246"
60,"spotify:track:285pBltuF7vW8TeWk8hdRR","Juice WRLD","Lucid Dreams","Juice WRLD Mixtape / ISR P&D",3,51,44,"9145758"
61,"spotify:track:3ee8Jmje8o58CHK66QrVC2","XXXTENTACION","SAD!","Bad Vibes Forever, LLC",1,59,54,"8931011"
62,"spotify:track:2TIlqbIneP0ZY1O0EzYLlc","Lewis Capaldi","Someone You Loved","Vertigo Berlin",57,57,10,"8916287"
63,"spotify:track:0i0wnv9UoFdZ5MfuFGQzMy","Bebe Rexha","Last Hurrah","Warner Records",63,65,4,"8857931"
64,"spotify:track:6zeeWid2sgw4lap2jV61PZ","Khalid","Better","Right Hand Music Group, LLC/RCA Records",7,54,26,"8805396"
65,"spotify:track:0e7ipj03S05BNilyu5bRzt","Post Malone, 21 Savage","rockstar (feat. 21 Savage)","Republic Records",1,60,78,"8730143"
66,"spotify:track:78QR3Wp35dqAhFEc2qAGjE","Lil Baby, Gunna","Drip Too Hard (Lil Baby & Gunna)","Quality Control Music/Young Stoner Life Records, a 300 Entertainment Label/Motown Records/Capitol Records",13,48,26,"8631457"
67,"spotify:track:2rbDhOo9Fh61Bbu23T2qCk","Lady Gaga","Always Remember Us This Way","A Star is Born OST",35,56,21,"8628952"
68,"spotify:track:5JEx7HbmvHQQswJCsoo9rA","Ellie Goulding, Diplo, Swae Lee","Close To Me (with Diplo) (feat. Swae Lee)","Polydor Records",19,62,20,"8428795"
69,"spotify:track:224EVTFiLsdQignUFLvDeH","Dalex, Rafa Pabön, KHEA, Sech, Feid, Cazzu, Lenny Tavárez","Pa Mí (Remix)","Rich Music/Ingrooves Records",69,149,2,"8271698"
70,"spotify:track:1xzBco0xcoJEDXktl7Jxrr","Sheck Wes","Mo Bamba","Cactus Jack Records/ G.O.O.D. Music/ Interscope Records",11,63,30,"8162518"
71,"spotify:track:0JP9xo3adEtGSdUEISiszL","XXXTENTACION","Moonlight","Bad Vibes Forever, LLC",2,66,52,"7967868"
72,"spotify:track:6vWEAOUSxohKxhp0K1BsxL","YNW Melly, Kanye West","Mixed Personalities (feat. Kanye West)","P2019",72,91,4,"7885152"
73,"spotify:track:2G1tXoGBaEMJ7FKGnkf6ud","Gucci Mane, Bruno Mars, Kodak Black","Wake Up in the Sky","Guwop Enterprises/Atlantic",26,69,26,"7866663"
74,"spotify:track:5kfNriitmkNE8mUbZ7gbq8","Khalid","Saturday Nights","Right Hand Music Group, LLC/RCA Records",19,68,19,"7820464"
75,"spotify:track:6ZRuF2n1CQxyxxAAWsKJOy","Kehlani, Ty Dolla $ign","Nights Like This (feat. Ty Dolla $ign)","TSNMI / Atlantic",37,61,9,"7742492"
76,"spotify:track:2iUXsYOEPhVqEBwsqP70rE","5 Seconds of Summer","Youngblood","Capitol",8,74,48,"7720331"
77,"spotify:track:27rdGxbavYJeBphck5MZAF","Mark Ronson, Miley Cyrus","Nothing Breaks Like a Heart (feat. Miley Cyrus)","Columbia",22,64,15,"7701001"
78,"spotify:track:6eiztdXRkooWsBt2xToMWI","Juice WRLD","Make Believe","Grade A Productions/Interscope Records",78,-1,1,"7642973"
79,"spotify:track:5T8EDUDqKcs6OSOwEsfqG7","Queen","Don't Stop Me Now - Remastered 2011","EMI",51,71,20,"7642895"
80,"spotify:track:5vdp5UmvTsnMEMESIF2Ym7","Queen","Another One Bites The Dust - Remastered 2011","EMI",36,73,20,"7542329"
81,"spotify:track:2BgEsaKNfHUdlh97KmvFyo","Anne-Marie","2002","Atlantic Records UK",27,85,47,"7457911"
82,"spotify:track:4mUIe9gfsdtsVP2zFIl74x","Juice WRLD","Maze","Grade A Productions/Interscope Records",82,-1,1,"7328165"
83,"spotify:track:0E9ZjEAyAwOXZ7wJC0PD33","Dynoro, Gigi D'Agostino","In My Mind","Columbia/B1 Recordings",6,77,36,"7299246"
84,"spotify:track:6MJUCumnQsQEKbCy28tbCP","Daddy Yankee, Anuel AA","Adictiva","Craft Latino",37,75,18,"7287154"
85,"spotify:track:58q2HKrzhC3ozto2nDdN4z","Cardi B, Bad Bunny, J Balvin","I Like It","Atlantic/KSR",2,80,49,"7256216"
86,"spotify:track:5N5k9nd479b1xpDZ4usjrg","Calvin Harris, Sam Smith, Jessie Reyez","Promises (with Sam Smith)","Columbia",5,78,30,"7087527"
87,"spotify:track:3g4UyIcQwutiG0TfW32GnX","Manuel Turizo, Ozuna","Esclavo de Tus Besos","Sony Music Latin/La Industria",87,137,3,"7053256"
88,"spotify:track:7qiZfU4dY1lWllzX7mPBI3","Ed Sheeran","Shape of You","Atlantic Records UK",1,87,114,"6992931"
89,"spotify:track:5IaHrVsrferBYDm0bDyABy","Tyga, Offset","Taste (feat. Offset)","Last Kings Music / EMPIRE",6,86,43,"6988866"
90,"spotify:track:0YammaEkYSeo9vQYZ1OwS6","David Guetta, Bebe Rexha, J Balvin","Say My Name","Parlophone (France)",68,81,25,"6912047"
91,"spotify:track:7DHApOHsIFo7EyfieArYGE","P!nk","Walk Me Home","RCA Records Label",85,95,3,"6879413"
92,"spotify:track:4ZT9FnbFu1PaBfV3itxiqT","Lil Skies","I","All We Got Ent.",58,58,2,"6760818"
93,"spotify:track:2RSHsoi04658QL5xgQVov3","Imagine Dragons","Bad Liar","Kid Ina Korner / Interscope",17,100,18,"6725165"
94,"spotify:track:2XWjPtKdi5sucFYtVav07d","Zedd, Katy Perry","365","Interscope Records",48,83,4,"6699895"
95,"spotify:track:278kSqsZIiYp8p3QjYAqa8","Bad Bunny","NI BIEN NI MAL","Rimas Entertainment LLC",56,88,11,"6628728"
96,"spotify:track:3id2EVGKc3eFAMn9nFnB0r","Lukas Graham","Love Someone","Universal Music A/S",53,92,27,"6612151"
97,"spotify:track:40T5GIqQ1CegGm2PTEl8Bu","Billie Eilish","idontwannabeyouanymore","Darkroom",67,99,21,"6610725"
98,"spotify:track:7m9OqQk4RVRkw9JJdeAw96","XXXTENTACION","Jocelyn Flores","Bad Vibes Forever / EMPIRE",7,93,81,"6546484"
99,"spotify:track:2pMl9Sx4glsuk5ikZtFBtX","Lil Nas X","Old Town Road","Columbia",99,-1,1,"6530006"
100,"spotify:track:7K7MUBCnzgBAvMVW2RTWNs","Loud Luxury, Brando","Body","Armada Music",19,98,41,"6494257"
101,"spotify:track:2D3z17LBMJ2HEHeBFFjTLi","J Balvin","Reggaeton","UMLE - Latino",74,90,16,"6477876"
102,"spotify:track:2P91MQbaiQOfbiz9VqhqKQ","Lauv","I Like Me Better","Lauv",29,110,93,"6474427"
103,"spotify:track:0tgVpDi06FyKpA1z0VMD4v","Ed Sheeran","Perfect","Atlantic Records UK",4,108,106,"6469724"
104,"spotify:track:0pqnGHJpmpxLKifKRmU6WP","Imagine Dragons","Believer","Kid Ina Korner / Interscope",16,105,110,"6459257"
105,"spotify:track:2qT1uLXPVPzGgFOx4jtEuo","Ariana Grande","no tears left to cry","Republic Records",2,97,47,"6416446"
106,"spotify:track:1TEL6MlSSVLSdhOSddidlJ","Ariana Grande","needy","Republic Records",5,67,5,"6406441"
107,"spotify:track:4SPu0Ql902hTVXkBoNIYtq","Ariana Grande","NASA","Republic Records",7,70,5,"6362605"
108,"spotify:track:3swc6WTsr7rl9DqQKQA55C","Post Malone, Ty Dolla $ign","Psycho (feat. Ty Dolla $ign)","Republic Records",2,109,55,"6358035"
109,"spotify:track:6DCZcSspjsKoFjzjrWoCdn","Drake","God's Plan","Cash Money/Drake LP6",1,102,60,"6331804"
110,"spotify:track:79esEXlqqmq0GPz0xQSZTV","Shawn Mendes","Lost In Japan","Island Records",23,112,20,"6259312"
111,"spotify:track:2GGMabyHXnJmjY6CXhhB2e","Cardi B","Money","Atlantic/KSR",46,94,20,"6253692"
112,"spotify:track:4TWflhgevIGo448fWc6mQq","Offset","Red Room","Quality Control Music/Motown Records",66,89,4,"6232911"
113,"spotify:track:1ahVFh0ViDZr8LvkEVlq3B","Martin Garrix, Bonn","No Sleep (feat. Bonn)","Epic Amsterdam",112,134,3,"6178643"
114,"spotify:track:2fuCquhmrzHpu5xcA1ci9x","Queen, David Bowie","Under Pressure - Remastered 2011","EMI",55,107,19,"6147126"
115,"spotify:track:2hloaUoRonYssMuqLCBLTX","Ariana Grande","bloodline","Republic Records",8,76,5,"6089202"
116,"spotify:track:1rCcsYnmqbMYdkG7kS9GC5","Robin Schulz, Erika Sirola","Speechless (feat. Erika Sirola)","WM Germany",116,120,7,"6082620"
117,"spotify:track:14mHfNsSHN0FbLftyjrV9g","Flipp Dinero","Leave Me Alone","Cinematic/Epic/We The Best",34,113,27,"6050814"
118,"spotify:track:2LskIZrCeLxRvCiGP8gxlh","XXXTENTACION, Lil Pump, Swae Lee, Maluma","Arms Around You (feat. Maluma & Swae Lee)","Warner Records",3,104,20,"6038587"
119,"spotify:track:7ef4DlsgrMEH11cDZd32M6","Calvin Harris, Dua Lipa","One Kiss (with Dua Lipa)","Sony Music UK",2,111,49,"6002305"
120,"spotify:track:4mGdjNMo0RonTlOEb7cYg4","YUNGBLUD, Halsey, Travis Barker","11 Minutes (with Halsey feat. Travis Barker)","Locomotion Recordings/Geffen Records",65,101,4,"5968338"
121,"spotify:track:51NFxnQvaosfDDutk0tams","Billie Eilish","bellyache","Darkroom",70,121,16,"5930833"
122,"spotify:track:39LmTF9RgyakzSYX8txrow","Ariana Grande","imagine","Republic Records",8,84,13,"5918697"
123,"spotify:track:7dNwJbsT0sg1le5kVugGJb","Becky G, Prince Royce, DJ Luian, Mambo Kingz, Anuel AA","Bubalu","Hear This Music",71,116,18,"5838327"
124,"spotify:track:2FY7b99s15jUprqC0M5NCT","Imagine Dragons","Natural","Kid Ina Korner / Interscope",19,122,34,"5713434"
125,"spotify:track:1mXVgsBdtIVeCLJnSnmtdV","Sam Smith","Too Good At Goodbyes","PLG - Capitol",1,127,78,"5706289"
126,"spotify:track:1zB4vmk8tFRmM9UULNzbLB","Imagine Dragons","Thunder","Kid Ina Korner / Interscope",8,143,98,"5700376"
127,"spotify:track:76cy1WJvNGJTj78UqeA5zr","Dua Lipa","IDGAF","Warner Records",4,126,63,"5656428"
128,"spotify:track:5wujBwqG7INdStqGd4tRMX","Juice WRLD","Armed And Dangerous","Juice WRLD Mixtape / ISR P&D",34,96,18,"5654453"
129,"spotify:track:0TlLq3lA83rQOYtrqBqSct","Drake","Nonstop","Cash Money/Drake LP6",1,128,37,"5631960"
130,"spotify:track:7BuHdm4lQqcyG3qTwdkxus","Wisin & Yandel, Romeo Santos","Aullando","Sony Music Latin",130,174,2,"5628353"
131,"spotify:track:1mT47pKLXUwPYGwB91GcNz","KAROL G, Maluma","Créeme","UMLE - Latino",114,117,14,"5622532"
132,"spotify:track:14SaZBTjxlorHJQxXh01Hu","Summer Walker, Drake","Girls Need Love (with Drake) - Remix","LVRN/Interscope Records",106,106,2,"5614711"
133,"spotify:track:6UTmrvq4nRmx1iQ6iMd1FD","Hozier","Almost (Sweet Music)","Universal-Island Records Ltd.",133,133,2,"5567308"
134,"spotify:track:7EQpvVujgytLVY8vKiDHAg","Ariana Grande","bad idea","Republic Records",9,82,5,"5557109"
135,"spotify:track:4VUwkH455At9kENOfzTqmF","Bazzi, Camila Cabello","Beautiful (feat. Camila Cabello)","iamcosmic",30,124,32,"5547055"
136,"spotify:track:1OUPXna2MCgAt3VNmXJBtg","Tropkillaz, J Balvin, Anitta, ZAAC","Bola Rebola","Universal Music Ltda.",73,103,3,"5547046"
137,"spotify:track:1JkrD47SDpAbyvqKtolcea","Blueface, Cardi B, YG","Thotiana (Remix)","Fifth Amendment Entertainment/eOne Music",135,135,2,"5538309"
138,"spotify:track:4cuGZb0iFyHtwaSKdKrJkF","Luis Fonsi, Ozuna","Imposible","UMLE - Latino",59,115,21,"5534912"
139,"spotify:track:6WkJ2OK163XXS2oARUC9JM","Aaron Smith, Krono, Luvli","Dancin (feat. Luvli) - Krono Remix","Sony Music Entertainment",139,168,2,"5514306"
140,"spotify:track:79OEIr4J4FHV0O3KrhaXRb","Rich The Kid","Splashin","Interscope Records",91,146,12,"5494231"
141,"spotify:track:5Fla3zyOCcIRqrDoKLU0DP","Rita Ora","Let You Love Me","Atlantic Records UK",29,125,25,"5482187"
142,"spotify:track:5uCax9HTNlzGybIStD3vDh","James Arthur","Say You Won't Let Go","Columbia",7,136,115,"5461125"
143,"spotify:track:4uP3pUP18ennmz0tb3GphR","Bad Bunny","Solo de Mi","Rimas Entertainment LLC",38,123,13,"5458402"
144,"spotify:track:2G7V7zsVDxg1yRsu7Ew9RJ","Drake","In My Feelings","Cash Money/Drake LP6",1,132,37,"5457039"
145,"spotify:track:1rfofaqEpACxVEHIZBJe6W","Camila Cabello, Young Thug","Havana (feat. Young Thug)","Syco Music/Epic",1,144,84,"5436401"
146,"spotify:track:75ZvA4QfFiZvzhj2xkaWAh","Post Malone","I Fall Apart","Universal Records",10,138,77,"5406527"
147,"spotify:track:7AFASza1mXqntmGtbxXprO","XXXTENTACION","changes","Bad Vibes Forever, LLC",9,142,54,"5377456"
148,"spotify:track:2uIX8YMNjGMD7441kqyyNU","Billie Eilish","ocean eyes","Darkroom",108,152,24,"5371477"
149,"spotify:track:09IStsImFySgyp0pIQdqAc","Zedd, Maren Morris, Grey","The Middle","UMGRI Interscope",6,148,59,"5329511"
150,"spotify:track:2ktoFujjJtantyMoVdBJlX","ChocQuibTown, Zion & Lennox, Farruko, Manuel Turizo","Pa Olvidarte (feat. Manuel Turizo) - Remix","Sony Music Latin",130,130,4,"5326529"
151,"spotify:track:03x2rVJRFUrvwlfxoHd9Mo","Tom Walker","Just You and I","Relentless Records",151,179,2,"5306399"
152,"spotify:track:6phY2gnvf9WwCiXlLMQOY3","Juice WRLD","HeMotions","Grade A Productions/Interscope Records",152,-1,1,"5303405"
153,"spotify:track:4rDbp1vnvEhieiccprPMdI","Queen","Somebody To Love - Remastered 2011","EMI",50,131,19,"5288335"
154,"spotify:track:2BSbCCbaSCzkOEZa6N5901","Juice WRLD","Flaws And Sins","Grade A Productions/Interscope Records",154,-1,1,"5247633"
155,"spotify:track:3NuK5xMlSlB6K2Qp16zf3h","Clean Bandit, Demi Lovato","Solo (feat. Demi Lovato)","Atlantic Records UK",8,153,43,"5242750"
156,"spotify:track:4OBZT9EnhYIV17t4pGw7ig","Daniel Caesar, H.E.R.","Best Part (feat. H.E.R.)","MBK Entertainment/RCA Records",110,139,11,"5231038"
157,"spotify:track:4pbJqGIASGPr0ZpGpnWkDn","Queen","We Will Rock You - Remastered 2011","EMI",73,141,18,"5195041"
158,"spotify:track:5tAa8Uaqr4VvA3693mbIhU","Zara Larsson","Ruin My Life","Epic/Record Company TEN",28,147,21,"5178572"
159,"spotify:track:08bNPGLD8AhKpnnERrAc6G","Marshmello, Anne-Marie","FRIENDS","Joytime Collective",4,150,57,"5176135"
160,"spotify:track:2xJCMIJfcNYDc5iR0sAm2O","Dua Lipa","New Rules","Warner Records",2,159,88,"5153699"
161,"spotify:track:48zFZh27QU5qsrBjn4C2FA","Ozuna, Manuel Turizo","Vaina Loca","VP Records Corp/Dimelo Vi",18,151,37,"5105690"
162,"spotify:track:4NBTZtAt1F13VvlSKe6KTl","The Chainsmokers, Kelsea Ballerini","This Feeling","Disruptor Records/Columbia",23,154,25,"5097383"
163,"spotify:track:675w3ACw5xZR3ODhUJlEVN","Manuel Turizo","Sola","Sony Music Latin/La Industria",156,156,9,"5073764"
164,"spotify:track:4ofwffwvvnbSkrMSCKQDaC","George Ezra","Shotgun","Columbia",35,155,38,"5057219"
165,"spotify:track:3a1lNhkSLSkpJE4MSHpDu9","Post Malone, Quavo","Congratulations","Universal Records",20,160,111,"5042376"
166,"spotify:track:2Jh3UqxnHJMyzMzku4uOtE","Juice WRLD","Feeling","Grade A Productions/Interscope Records",166,-1,1,"5015425"
167,"spotify:track:0jAfdqv18goRTUxm3ilRjb","A Boogie Wit da Hoodie, Tyga, Offset","Startender (feat. Offset and Tyga)","Highbridge the Label / Atlantic Records",57,163,12,"4956359"
168,"spotify:track:1fewSx2d5KIZ04wsooEBOz","Metro Boomin, Gunna","Space Cadet (feat. Gunna)","Republic Records",63,169,15,"4913815"
169,"spotify:track:13hvHEstJ4sNbzdroPrPI3","Dua Lipa, BLACKPINK","Kiss and Make Up","Warner Records",16,164,21,"4906134"
170,"spotify:track:3V8UKqhEK5zBkBb6d6ub8i","Nio Garcia, Casper Magico, Bad Bunny, Darell, Ozuna, Nicky Jam","Te Boté - Remix","Flow La Movie, Inc.",8,161,48,"4894401"
171,"spotify:track:2QZ7WLBE8h2y1Y5Fb8RYbH","Shawn Mendes","In My Blood","Island Records",7,185,48,"4876494"
172,"spotify:track:6fxVffaTuwjgEk5h9QyRjy","Ed Sheeran","Photograph","Atlantic Records UK",41,186,106,"4865319"
173,"spotify:track:6Yx181fZzA0YE2EkUsYruq","Why Don't We","Big Plans","Atlantic Records",167,167,3,"4855300"
174,"spotify:track:4Tvw0lweq9l2JPQKFbpbBQ","David Guetta, Brooks, Loote","Better When You're Gone","Parlophone (France)",158,170,5,"4844493"
175,"spotify:track:14sOS5L36385FJ3OL8hew4","Kygo, Sandro Cavazza","Happy Now","Kygo",37,165,20,"4779366"
176,"spotify:track:05t7JMip6JrLuSrMV5yYjX","Calboy","Envy Me","Polo Grounds Music/RCA Records",176,183,2,"4774886"
177,"spotify:track:7GX5flRQZVHRAGd6B4TmDO","Lil Uzi Vert","XO Tour Llif3","Generation Now/Atlantic",10,184,103,"4718499"
178,"spotify:track:7BKLCZ1jbUBVqRi2FVlTVw","The Chainsmokers, Halsey","Closer","Disruptor Records/Columbia",2,182,115,"4706958"
179,"spotify:track:2IA8cFA46DkjgbsRG7kKbp","Amenazzy, Nicky Jam, Farruko","Baby","Rimas Music",162,162,3,"4703592"
180,"spotify:track:4T4CZ3Q4z3GG7lU720YYhM","Lunay, Gaby Music, Chris Jedi","Soltera","round2media - LaFamilia",180,-1,1,"4698017"
181,"spotify:track:3wFLWP0FcIqHK1wb1CPthQ","Ariana Grande","fake smile","Republic Records",11,119,5,"4697243"
182,"spotify:track:7pMRoGLEJuFM2wl5pt0R99","Offset, Travis Scott, 21 Savage","Legacy (feat. Travis Scott & 21 Savage)","Quality Control Music/Motown Records",54,114,3,"4687311"
183,"spotify:track:3KLygy1YWhmrQx0GRs7IOx","Jonas Blue, Jack & Jack","Rise","Positiva",12,178,41,"4680223"
184,"spotify:track:7sO5G9EABYOXQKNPNiE9NR","Offset, Metro Boomin","Ric Flair Drip (with Metro Boomin)","Slaughter Gang, LLC/Epic/Quality Control Music/Motown/Capitol/Boominati Worldwide/Republic",32,175,66,"4672768"
185,"spotify:track:7AQim7LbvFVZJE3O8TYgf2","XXXTENTACION, Trippie Redd","Fuck Love","Bad Vibes Forever / EMPIRE",19,173,78,"4663204"
186,"spotify:track:3Kuu5vASpXK8oRsxOvau6P","Kygo, Valerie Broussard","Think About You","Kygo",63,140,4,"4595060"
187,"spotify:track:0uUNN1nSoUx1A4fkDCWDQ7","Ava Max","So Am I","Atlantic Records",187,-1,1,"4575377"
188,"spotify:track:4zxpssj8DyrfZcEUSUiNxG","Juice WRLD, Rvssian, Clever","Ring Ring (with Rvssian feat. Clever)","Grade A Productions/Interscope Records",188,-1,1,"4571412"
189,"spotify:track:04MLEeAMuV9IlHEsD8vF6A","French Montana, Drake","No Stylist (feat. Drake)","Epic",27,166,25,"4571319"
190,"spotify:track:4jvjzW7Hm0yK4LvvE0Paz9","Lil Peep, XXXTENTACION","Falling Down - Bonus Track","Columbia",2,181,26,"4552652"
191,"spotify:track:5N4erncE7kuUccm7zEmwzk","Silk City, Dua Lipa, Mark Ronson, Diplo","Electricity","Columbia",14,171,27,"4508944"
192,"spotify:track:4e4fqjx0Izh4svvTef1z7e","Bebe Rexha, Florida Georgia Line","Meant to Be (feat. Florida Georgia Line)","Warner Records",18,198,77,"4497285"
193,"spotify:track:2374M0fQpWi3dLnB54qaLX","TOTO","Africa","Columbia",137,194,45,"4481791"
194,"spotify:track:6JQvHMSaR8flFsN53ypOfP","Lil Mosey","Noticed","Mogul Vision/Interscope Records",41,187,27,"4468636"
195,"spotify:track:32h6yQGn4oAhZ0HRsTMX26","TOMORROW X TOGETHER","CROWN","Republic Records - TXT",195,-1,1,"4467968"
196,"spotify:track:4qKcDkK6siZ7Jp1Jb4m0aL","BlocBoy JB, Drake","Look Alive (feat. Drake)","Bloc Nation",6,177,57,"4450155"
197,"spotify:track:1Slwb6dOYkBlWal1PGtnNg","Ed Sheeran","Thinking out Loud","Atlantic Records UK",58,-1,111,"4448120"
198,"spotify:track:4hQ6UGyWQIGJmHSo0J88JW","Selena Gomez","Back To You - From 13 Reasons Why – Season 2 Soundtrack","UMGRI Interscope",4,-1,41,"4443381"
199,"spotify:track:1ThmUihH9dF8EV08ku5AXN","Ski Mask The Slump God","Faucet Failure","Republic Records",190,190,2,"4430688"
200,"spotify:track:6gBFPUFcJLzWGx4lenP6h2","Travis Scott","goosebumps","Cactus Jack / Epic",60,193,108,"4426762"
