﻿rank,uri,artist_names,track_name,source,peak_rank,previous_rank,weeks_on_chart,streams
1,"spotify:track:7qiZfU4dY1lWllzX7mPBI3","Ed Sheeran","Shape of You","Atlantic Records UK",1,1,12,"48548944"
2,"spotify:track:7hDc8b7IXETo14hHIHdnhd","Drake","Passionfruit","Cash Money Records/Young Money Ent./Universal Rec.",2,4,2,"32675350"
3,"spotify:track:3eR23VReFzcdmS7TYCrhCe","Kygo, Selena Gomez","It Ain't Me (with Selena Gomez)","Kygo",2,2,6,"28840908"
4,"spotify:track:6RUKPb4LETWmmr3iAEQktW","The Chainsmokers, Coldplay","Something Just Like This","Disruptor Records/Columbia",2,3,6,"27218668"
5,"spotify:track:0afhq8XCExXpqazXczTSve","Ed Sheeran","Galway Girl","Atlantic Records UK",2,5,4,"24106534"
6,"spotify:track:4aWmUDTfIPGksMNLV2rQP2","Luis Fonsi, Daddy Yankee","Despacito","UMLE - Latino",4,6,11,"23272542"
7,"spotify:track:0dA2Mk56wEzDgegdC6R17g","Zedd, Alessia Cara","Stay","UMGRI Interscope",7,7,5,"23006805"
8,"spotify:track:0KKkJNfGyhkQ5aFogxQAPU","Bruno Mars","That's What I Like","Atlantic Records",8,8,14,"22697986"
9,"spotify:track:3rOSwuTsUlJp0Pu0MkN8r8","Future","Mask Off","Epic/Freebandz/A1",9,15,6,"20467220"
10,"spotify:track:72jbDTw1piOOj770jWNeaG","The Chainsmokers","Paris","Disruptor Records/Columbia",2,10,11,"19815477"
11,"spotify:track:3NdDpSvN911VPGivFlV5d0","ZAYN, Taylor Swift","I Don’t Wanna Live Forever (Fifty Shades Darker)","Taylor Swift",2,9,14,"19159195"
12,"spotify:track:3ebXMykcMXOcLeJ9xZ17XH","Martin Garrix, Dua Lipa","Scared to Be Lonely","Epic Amsterdam",5,12,9,"18244939"
13,"spotify:track:7tr2za8SQg2CI8EDgrdtNl","Calvin Harris, Frank Ocean, Migos, Funk Wav","Slide (feat. Frank Ocean & Migos)","Columbia",13,17,5,"17743602"
14,"spotify:track:6D0b04NJIKfEMg040WioJQ","Julia Michaels","Issues","J/Republic",9,14,11,"17394196"
15,"spotify:track:6PCUP3dWmTjcTtXY02oFdT","Ed Sheeran","Castle on the Hill","Atlantic Records UK",2,11,12,"17353293"
16,"spotify:track:1x5sYLZiu9r5E43kMlt9f8","Clean Bandit, Zara Larsson","Symphony (feat. Zara Larsson)","Atlantic Records UK",16,47,2,"16964100"
17,"spotify:track:2bjwRfXMk4uRgOD9IBYl9h","Drake, Quavo, Travis Scott","Portland","Cash Money Records/Young Money Ent./Universal Rec.",13,13,2,"16950176"
18,"spotify:track:6520aj0B4FSKGVuKNsOCOi","Katy Perry, Skip Marley","Chained To The Rhythm","Capitol Records (CAP)",7,18,7,"15427624"
19,"spotify:track:2XlHu0HcujBCkWMdIAvrqt","Drake","Blem","Cash Money Records/Young Money Ent./Universal Rec.",19,19,2,"15105282"
20,"spotify:track:5knuzwU65gJK7IF5yJsuaW","Clean Bandit, Anne-Marie, Sean Paul","Rockabye (feat. Sean Paul & Anne-Marie)","Atlantic Records UK",3,21,14,"15066480"
21,"spotify:track:0CcQNd8CINkwQfe1RDtGV6","Imagine Dragons","Believer","Kid Ina Korner / Interscope",19,25,8,"14820972"
22,"spotify:track:00lNx0OcTJrS3MKHcB80HY","Jax Jones, RAYE","You Don't Know Me (feat. RAYE)","Polydor Records",22,31,12,"14772014"
23,"spotify:track:5NNlUMcOEOdoOIwwaWXv0k","Maroon 5, Future","Cold (feat. Future)","Interscope Records*",20,22,6,"14674892"
24,"spotify:track:5GXAXm5YOmYT0kL5jHvYBt","The Weeknd, Daft Punk","I Feel It Coming","Universal Republic Records",9,20,14,"14147705"
25,"spotify:track:2EEeOnHehOozLq4aS0n6SL","KYLE, Lil Yachty","iSpy (feat. Lil Yachty)","independently popular.",25,33,14,"13669659"
26,"spotify:track:0tgVpDi06FyKpA1z0VMD4v","Ed Sheeran","Perfect","Atlantic Records UK",7,24,4,"13076319"
27,"spotify:track:2RttW7RAu5nOAfq6YFvApB","Ed Sheeran","Happier","Atlantic Records UK",10,29,4,"12834035"
28,"spotify:track:343YBumqHu19cGoGARUTsd","Drake","Fake Love","Cash Money Records/Young Money Ent./Universal Rec.",7,26,14,"12754106"
29,"spotify:track:6UjfByV1lDLW0SOVQA4NAi","Drake","Gyalchester","Cash Money Records/Young Money Ent./Universal Rec.",23,23,2,"12637529"
30,"spotify:track:78rIJddV4X0HkNAInEcYde","Starley, Ryan Riback","Call on Me - Ryan Riback Remix","Central Station Records",13,32,14,"12542957"
31,"spotify:track:5uCax9HTNlzGybIStD3vDh","James Arthur","Say You Won't Let Go","Columbia",7,30,14,"12372656"
32,"spotify:track:7BKLCZ1jbUBVqRi2FVlTVw","The Chainsmokers, Halsey","Closer","Disruptor Records/Columbia",2,40,14,"12021903"
33,"spotify:track:0gbBzIqrECJOEPvQJIBFs5","Lorde","Green Light","Universal Music New Zealand Limited",24,39,4,"11685159"
34,"spotify:track:05KOgYg8PGeJyyWBPi5ja8","Drake","Free Smoke","Cash Money Records/Young Money Ent./Universal Rec.",16,16,2,"11604929"
35,"spotify:track:6HUnnBwYZqcED1eQztxMBN","Martin Jensen","Solo Dance","Intercord",25,46,14,"11453073"
36,"spotify:track:5hYTyyh2odQKphUbMqc5gN","Alessia Cara, Disney","How Far I'll Go - From ""Vaiana""","Walt Disney Records",19,44,14,"11360831"
37,"spotify:track:7y6c07pgjZvtHI9kuMVqk1","Drake, Black Coffee, Jorja Smith","Get It Together","Cash Money Records/Young Money Ent./Universal Rec.",28,28,2,"11240089"
38,"spotify:track:6kex4EBAj0WHXDKZMEJaaF","Jason Derulo, Nicki Minaj, Ty Dolla $ign","Swalla (feat. Nicki Minaj & Ty Dolla $ign)","Beluga Heights/Warner Records",38,70,5,"11229396"
39,"spotify:track:5aAx2yezTd8zXrkmtKl66Z","The Weeknd, Daft Punk","Starboy","Universal Republic Records",1,43,14,"11174910"
40,"spotify:track:7nKBxz47S9SD79N086fuhn","Enrique Iglesias, Descemer Bueno, Zion & Lennox","SUBEME LA RADIO","RCA Records/Sony Music International/Sony Music Latin",40,49,5,"11129984"
41,"spotify:track:1zayuwd1YLZsYDArkruHdL","Kendrick Lamar","The Heart Part 4","Top Dawg Entertainment",41,-1,1,"10856173"
42,"spotify:track:0fg8CqpjdojMyXLNzM2PaJ","Major Lazer, PARTYNEXTDOOR, Nicki Minaj","Run Up (feat. PARTYNEXTDOOR & Nicki Minaj)","Third Pardee Records",17,45,9,"10835837"
43,"spotify:track:6mICuAdrwEjh6Y6lroV2Kg","Shakira, Maluma","Chantaje (feat. Maluma)","Sony Music Latin",13,50,14,"10394167"
44,"spotify:track:6n3HGiq4v35D6eFOSwqYuo","Drake","Teenage Fever","Cash Money Records/Young Money Ent./Universal Rec.",36,36,2,"10303192"
45,"spotify:track:3a1lNhkSLSkpJE4MSHpDu9","Post Malone, Quavo","Congratulations","Universal Records",39,55,10,"10146954"
46,"spotify:track:000xQL6tZNLJzIrtIgxqSl","ZAYN, PARTYNEXTDOOR","Still Got Time (feat. PARTYNEXTDOOR)","RCA Records Label",46,-1,1,"10037227"
47,"spotify:track:51ChrwmUPDJvedPQnIU8Ls","Ed Sheeran","Dive","Atlantic Records UK",11,42,4,"9994716"
48,"spotify:track:3umS4y3uQDkqekNjVpiRUs","Nicky Jam","El Amante","Sony Music Latin",32,57,10,"9751885"
49,"spotify:track:76gUmNLXGQVOsGhfcshkFP","Drake","Madiba Riddim","Cash Money Records/Young Money Ent./Universal Rec.",34,34,2,"9474088"
50,"spotify:track:152lZdxL1OR0ZMW6KquMif","Khalid","Location","Right Hand Music Group, LLC/RCA Records",50,78,8,"9360346"
51,"spotify:track:3E2Zh20GDCR9B1EYjfXWyv","AJR","Weak","Black Butter",25,56,14,"9179141"
52,"spotify:track:6CfrYuD3YRDYdYvH9jNtXY","Drake, Giggs","No Long Talk","Cash Money Records/Young Money Ent./Universal Rec.",27,27,2,"9172523"
53,"spotify:track:4Km5HrUvYTaSUfiSGPJeQR","Migos, Lil Uzi Vert","Bad and Boujee (feat. Lil Uzi Vert)","Quality Control Music",9,54,14,"9150341"
54,"spotify:track:2Ce5IyMlVRVvN997ZJjJJA","Future, Rihanna","Selfish (feat. Rihanna)","Epic/Freebandz/A1",54,75,5,"9123294"
55,"spotify:track:4Q3N4Ct4zCuIHuZ65E3BD4","Kodak Black","Tunnel Vision","Atlantic Records",49,64,6,"9038908"
56,"spotify:track:6De0lHrwBfPfrhorm9q1Xl","Danny Ocean","Me Rehúso","Atlantic Records",56,77,6,"8829317"
57,"spotify:track:0xl1w2q4VLojeXp4JfazPL","Drake, 2 Chainz, Young Thug","Sacrifices","Cash Money Records/Young Money Ent./Universal Rec.",35,35,2,"8673313"
58,"spotify:track:2jTujnt0y344ai1rNOywgr","Drake, Giggs","KMT","Cash Money Records/Young Money Ent./Universal Rec.",37,37,2,"8610274"
59,"spotify:track:2fkeWbM6iqTw7oGHTYm2lw","Drake, Sampha","4422","Cash Money Records/Young Money Ent./Universal Rec.",41,41,2,"8516503"
60,"spotify:track:5HDPtsnyb3maFmPL8LLUTG","Ed Sheeran","New Man","Atlantic Records UK",12,48,4,"8438070"
61,"spotify:track:0FuTx2s3YH1ppmtiM6l0zI","JP Cooper","September Song","Universal-Island Records Ltd.",57,79,13,"8434399"
62,"spotify:track:4pdPtRcBmOSQDlJ3Fk945m","DJ Snake, Justin Bieber","Let Me Love You","DJ Snake Def Jam",4,67,14,"8284222"
63,"spotify:track:4b4KcovePX8Ke2cLIQTLM0","The Vamps, Matoma","All Night","EMI",22,63,14,"8241346"
64,"spotify:track:0SGkqnVQo9KPytSri1H6cF","Big Sean","Bounce Back","Getting Out Our Dreams Inc. (G.O.O.D.) Music / IDJ",21,65,14,"8132781"
65,"spotify:track:1xznGGDReH1oQq0xzbwXa3","Drake, Wizkid, Kyla","One Dance","Cash Money Records/Young Money Ent./Universal Rec.",12,72,14,"8090005"
66,"spotify:track:13e6f8t7RKXuxZ0JdaaJRG","Drake","Jorja Interlude","Cash Money Records/Young Money Ent./Universal Rec.",38,38,2,"8014429"
67,"spotify:track:2pJZ1v8HezrAoZ0Fhzby92","Ed Sheeran","What Do I Know?","Atlantic Records UK",14,52,4,"8010409"
68,"spotify:track:6b8Be6ljOzmkOmFslEb23P","Bruno Mars","24K Magic","Atlantic Records",9,76,14,"7707532"
69,"spotify:track:3AEZUABDXNtecAOSC1qTfo","CNCO","Reggaetón Lento (Bailemos)","Sony Music Latin",32,81,14,"7463604"
70,"spotify:track:1CnPYaKxTVb4LWOtiGOm0m","Jon Bellion","All Time Low","Capitol Records (CAP)",30,60,14,"7139132"
71,"spotify:track:7KOlJ92bu51cltsD9KU5I7","Migos","T-Shirt","Quality Control Music",38,83,11,"7009987"
72,"spotify:track:5MFzQMkrl1FOOng9tq6R9r","Maroon 5, Kendrick Lamar","Don't Wanna Know (feat. Kendrick Lamar)","Interscope Records*",5,82,14,"7008048"
73,"spotify:track:2KvHC9z14GSl4YpkNMX384","Drake","Do Not Disturb","Cash Money Records/Young Money Ent./Universal Rec.",62,62,2,"6864528"
74,"spotify:track:4VuS959DSpr82t3qBqCrWG","Ed Sheeran","Supermarket Flowers","Atlantic Records UK",21,68,4,"6778051"
75,"spotify:track:0Zx8khUcEfCFK2AEoIhC92","Snakehips, MØ","Don't Leave","Hoffman West/Columbia",40,85,12,"6752545"
76,"spotify:track:3Lfiu5sZ4M4B6JaKMBc0FU","Ed Sheeran","Barcelona","Atlantic Records UK",22,69,4,"6738509"
77,"spotify:track:3QwBODjSEzelZyVjxPOHdq","Zion & Lennox, J Balvin","Otra Vez (feat. J Balvin)","WEA Latina",50,89,14,"6687080"
78,"spotify:track:1qOLh0tI7trd1zdDKxYZTe","Hailee Steinfeld, Grey, Zedd","Starving","UME - Global Clearing House",20,86,14,"6648678"
79,"spotify:track:2aksifNn5ph8igDOkPBA02","Rihanna","Love On The Brain","Roc Nation / Rihanna",68,87,14,"6646971"
80,"spotify:track:7mldq42yDuxiUNn08nvzHO","Sam Hunt","Body Like A Back Road","MCA Nashville",63,93,8,"6444704"
81,"spotify:track:2dfqS3MRtbLZSZA1IL8xY5","Drake","Skepta Interlude","Cash Money Records/Young Money Ent./Universal Rec.",51,51,2,"6367283"
82,"spotify:track:6PJ8FF6UR8FZXfEvpHkIVN","Ed Sheeran","How Would You Feel (Paean)","Atlantic Records UK",17,73,6,"6284379"
83,"spotify:track:3EmmCZoqpWOTY1g2GBwJoR","Steve Aoki, Louis Tomlinson","Just Hold On","Ultra Records, LLC",16,74,14,"6268699"
84,"spotify:track:7bJ4mu7MHa3rHiNyKjOoSl","Drake, Young Thug","Ice Melts","Cash Money Records/Young Money Ent./Universal Rec.",66,66,2,"6149834"
85,"spotify:track:6mapJIPnQ23RTAevUoE0DL","Rae Sremmurd","Swang","Mike WiLL Made-It",71,95,14,"6142359"
86,"spotify:track:2eMwDehkIC1j68U6FA3Eiq","Lil Uzi Vert","XO Tour Llif3","Generation Now/Atlantic",86,-1,1,"6087902"
87,"spotify:track:1FUViuNSldssMIawrOXF2i","Bebe Rexha","I Got You","Warner Records",55,90,14,"6074213"
88,"spotify:track:1a5Yu5L18qNxVhXx38njON","Alok, Zeeba, Bruno Martini","Hear Me Now","Spinnin' Records",27,91,14,"6041172"
89,"spotify:track:7abpmGpF7PGep2rDU68GBR","Burak Yeter, Danelle Sandoval","Tuesday","SBA Production",89,105,7,"5989134"
90,"spotify:track:4okba5wu9mMLXx79DXLKi3","Daddy Yankee, Ozuna","La Rompe Corazones","Craft Latino",84,100,8,"5949328"
91,"spotify:track:5f5r2N4Lp9WoULWPH9zp2W","Drake","Can't Have Everything","Cash Money Records/Young Money Ent./Universal Rec.",58,58,2,"5934900"
92,"spotify:track:35QZaWQRkmnAVqBF1TLCxQ","Ed Sheeran","Nancy Mulligan","Atlantic Records UK",26,80,4,"5868270"
93,"spotify:track:04DwTuZ2VBdJCCC5TROn7L","Martin Garrix, Bebe Rexha","In the Name of Love","Epic Amsterdam",16,94,14,"5820637"
94,"spotify:track:6DNtNfH8hXkqOX1sjqmI7p","Major Lazer, Justin Bieber, MØ","Cold Water (feat. Justin Bieber & MØ)","Third Pardee Records",14,97,14,"5815847"
95,"spotify:track:5Ua3GXyHwiSfpNTMjq6m2z","Little Mix","Touch","Syco Music",68,101,13,"5742337"
96,"spotify:track:28irpKCCK9nn9DZSik2zEx","Drake, Kanye West","Glow","Cash Money Records/Young Money Ent./Universal Rec.",53,53,2,"5645117"
97,"spotify:track:6JV2JOEocMgcZxYSZelKcc","Justin Timberlake","CAN'T STOP THE FEELING! (from DreamWorks Animation's ""TROLLS"")","Villa 40/RCA Records",28,104,14,"5632497"
98,"spotify:track:6MbH1QiphMCPTqVEVC7UYi","Drake","Nothings Into Somethings","Cash Money Records/Young Money Ent./Universal Rec.",59,59,2,"5629164"
99,"spotify:track:3FiE2d325mIOc4YjkSLVJR","Ariana Grande, Future","Everyday","Universal Records",99,140,4,"5627473"
100,"spotify:track:6qDF4wWL49CAVbgT7yuHl8","J Balvin","Sigo Extrañándote","UMLE - Latino",100,116,4,"5624944"
101,"spotify:track:0QsvXIfqM0zZoerQfsI9lm","The Chainsmokers, Daya","Don't Let Me Down","Disruptor Records/Columbia",25,106,14,"5572490"
102,"spotify:track:4ARPvK8DHLwt4oX65ZAFMw","XXXTENTACION","Look At Me!","Bad Vibes Forever / EMPIRE",102,117,4,"5487987"
103,"spotify:track:2Na0z2gfN67Rzf0vp74Wi3","Drake","Lose You","Cash Money Records/Young Money Ent./Universal Rec.",61,61,2,"5487507"
104,"spotify:track:4pLwZjInHj3SimIyN9SnOz","Ariana Grande, Nicki Minaj","Side To Side","Universal Records",18,102,14,"5481008"
105,"spotify:track:2dfHh7ECGxfNqZTQno09Vk","Ed Sheeran","Hearts Don't Break Around Here","Atlantic Records UK",23,84,4,"5452153"
106,"spotify:track:0WCEaydwN65cvwaW8aqptF","Olivia Holt","History","Hollywood Records",67,115,11,"5337986"
107,"spotify:track:1cG0umU5TKStygKsPFZ9pY","Robin Schulz, David Guetta, Cheat Codes","Shed a Light","Tonspiel",30,103,14,"5330625"
108,"spotify:track:1PSBzsahR2AKwLJgx8ehBj","mgk, Camila Cabello","Bad Things (with Camila Cabello)","Bad Boy / Interscope",16,98,14,"5326396"
109,"spotify:track:5q2JbCNi4FcnglgPfxcV65","Anuel AA, Daddy Yankee, Zion & Lennox, Farruko, Wisin","Sola (Remix)","Spiff TV, LLC / Real Hasta La Muerte, Inc.",92,111,9,"5319385"
110,"spotify:track:0hNduWmlWmEmuwEFcYvRu1","Petit Biscuit","Sunset Lover","Petit Biscuit",53,96,14,"5253341"
111,"spotify:track:7oolFzHipTMg2nL7shhdz2","Ed Sheeran","Eraser","Atlantic Records UK",20,88,4,"5141344"
112,"spotify:track:1vvNmPOiUuyCbgWmtc6yfm","Calvin Harris","My Way","Columbia",23,108,14,"5116809"
113,"spotify:track:4Hf7WnR761jpxPr5D46Bcd","Shawn Mendes","Treat You Better","Island Records",26,109,14,"5111509"
114,"spotify:track:6rQSrBHf7HlZjtcMZ4S4bO","J Balvin, Pharrell Williams, BIA, Sky Rompiendo","Safari","UMLE - Latino",43,112,14,"5086935"
115,"spotify:track:2Vdub5mY4lad7w64bFPUez","Pitbull, J Balvin, Camila Cabello","Hey Ma (with Pitbull & J Balvin feat. Camila Cabello)","Artist Partner",115,135,3,"5056335"
116,"spotify:track:5hEM0JchdVzQ5PwvSfITeX","Piso 21, Maluma","Me Llamas (feat. Maluma) - Remix","WM Mexico",87,118,14,"5015806"
117,"spotify:track:6i0V12jOa3mr6uu4WYhUBr","Twenty One Pilots","Heathens","Atlantic Records",27,114,14,"4995320"
118,"spotify:track:6fujklziTHa8uoM5OQSfIo","Rae Sremmurd, Gucci Mane","Black Beatles","Mike WiLL Made-It",6,107,14,"4989438"
119,"spotify:track:60xaS8mYBKUW4VQQ666N0T","Chance the Rapper, Knox Fortune","All Night (feat. Knox Fortune)","Chance the Rapper",119,151,3,"4975305"
120,"spotify:track:7l9CE3wmEGOUYw1j4ETjnL","Gorillaz, Popcaan","Saturnz Barz (feat. Popcaan)","Parlophone UK",120,-1,1,"4930842"
121,"spotify:track:3vgNmjuRDnGLxUFGCLkwpm","David Guetta, Lil Wayne, Nicki Minaj","Light My Body Up (feat. Nicki Minaj & Lil Wayne)","Parlophone (France)",121,-1,1,"4927676"
122,"spotify:track:6stYbAJgTszHAHZMPxWWCY","IAmChino, Pitbull, Yandel, El Chacal","Ay Mi Dios","Mr. 305 Records",74,123,14,"4875351"
123,"spotify:track:17Fd6Yb7mSbinKG8LoWfFl","Mike Posner, Seeb","I Took A Pill In Ibiza - Seeb Remix","Monster Mountain, LLC / Island",40,121,14,"4871218"
124,"spotify:track:6SznMYPQJHzr3IwsAHLId2","Ed Sheeran","Bibia Be Ye Ye","Atlantic Records UK",32,92,4,"4853397"
125,"spotify:track:5JUu0unA8VwhTZ9LkMWUVI","Drake, PARTYNEXTDOOR","Since Way Back","Cash Money Records/Young Money Ent./Universal Rec.",71,71,2,"4848956"
126,"spotify:track:7DM4BPaS7uofFul3ywMe46","Ricky Martin, Maluma","Vente Pa' Ca (feat. Maluma)","Sony Music Latin",49,120,14,"4840602"
127,"spotify:track:4TZy1wLyHec06pwgFYDh1a","Shawn Mendes","Mercy","Island Records",22,113,14,"4839956"
128,"spotify:track:58zsLZPvfflaiIbNWoA22O","Rag'n'Bone Man","Human","Best Laid Plans/Columbia",53,124,14,"4738775"
129,"spotify:track:6gBFPUFcJLzWGx4lenP6h2","Travis Scott","goosebumps","Cactus Jack / Epic",111,133,13,"4732671"
130,"spotify:track:77lGafvlU68CeHgB2pkHC9","mgk, Hailee Steinfeld","At My Best (feat. Hailee Steinfeld)","Bad Boy / Interscope",130,175,2,"4674057"
131,"spotify:track:3kxfsdsCpFgN412fpnW85Y","Childish Gambino","Redbone","Glassnote - VMG",72,129,14,"4662805"
132,"spotify:track:0pSBuHjILhNEo55xK1zrRt","Ayo & Teo","Rolex","Columbia",99,122,4,"4656943"
133,"spotify:track:68EMU2RD1ECNeOeJ5qAXCV","Charlie Puth, Selena Gomez","We Don't Talk Anymore (feat. Selena Gomez)","Artist Partner",39,128,14,"4647437"
134,"spotify:track:6fxVffaTuwjgEk5h9QyRjy","Ed Sheeran","Photograph","Atlantic Records UK",41,125,14,"4640457"
135,"spotify:track:1KT0xdIjm7t053xByACrrg","Ariana Grande, John Legend","Beauty and the Beast","Walt Disney Records",110,110,3,"4598911"
136,"spotify:track:2C0KFbb4v9CNWR5c9jWcKC","Gorillaz, DRAM","Andromeda (feat. DRAM)","Parlophone UK",136,-1,1,"4506558"
137,"spotify:track:6TIU9Ehmi6dMzZK73Ym4yj","Ed Sheeran","Save Myself","Atlantic Records UK",37,99,4,"4503100"
138,"spotify:track:7FCfMXYTIiQ9b4hDYs4Iol","Dua Lipa","Be the One","Warner Records",114,150,7,"4435095"
139,"spotify:track:0prNGof3XqfTvNDxHonvdK","Alessia Cara","Scars To Your Beautiful","EP Entertainment, LLC / Def Jam",29,134,14,"4410467"
140,"spotify:track:6wV12xIUb8oFY7lBy4KuQe","Aaron Carter","Sooner Or Later","Z Entertainment/Sony Music",105,145,8,"4408163"
141,"spotify:track:2dqLk7ezV15LEJEwUmEbXB","Marian Hill","Down","Photo Finish / Republic Records",117,136,7,"4407816"
142,"spotify:track:5hTpBe8h35rJ67eAWHQsJx","Aminé","Caroline","Universal Records",42,132,14,"4394168"
143,"spotify:track:1Slwb6dOYkBlWal1PGtnNg","Ed Sheeran","Thinking out Loud","Atlantic Records UK",58,137,14,"4382476"
144,"spotify:track:6y2Kaz9QI01XBKJ8mTb7Pf","Rag'n'Bone Man","Skin","Best Laid Plans/Columbia",95,149,7,"4374406"
145,"spotify:track:2rizacJSyD9S1IQUxUxnsK","The Chainsmokers, Phoebe Ryan","All We Know","Disruptor Records/Columbia",24,138,14,"4366653"
146,"spotify:track:7yyRTcZmCiyzzJlNzGC9Ol","DRAM, Lil Yachty","Broccoli (feat. Lil Yachty)","W.A.V.E. Recordings/EMPIRE/Atlantic",44,130,14,"4362319"
147,"spotify:track:3CRDbSIZ4r5MsZ0YwxuEkn","Twenty One Pilots","Stressed Out","Fueled By Ramen",63,143,14,"4357527"
148,"spotify:track:4F7A0DXBrmUAkp32uenhZt","The Weeknd","Party Monster","Universal Republic Records",43,139,14,"4339220"
149,"spotify:track:1lntL1cI2UIWlxjL5QiN8g","Lauv","The Other","Lauv",103,141,11,"4330966"
150,"spotify:track:27SdWb2rFzO6GWiYDBTD9j","Sia","Cheap Thrills","Monkey Puzzle Records/RCA Records",31,144,14,"4326789"
151,"spotify:track:6t2ubAB4iSYOuIpRAOGd4t","Flo Rida, 99 Percent","Cake - Challenge Version","Atlantic Records",90,152,12,"4268773"
152,"spotify:track:4vb4mFvYsr2h6enhjJsq9Y","Adele","Water Under the Bridge","XL Recordings",51,147,14,"4213620"
153,"spotify:track:2Z8WuEywRWYTKe1NybPQEW","Twenty One Pilots","Ride","Fueled By Ramen",54,159,14,"4179692"
154,"spotify:track:7gHs73wELdeycvS48JfIos","Alan Walker","Faded","Kreatell Music",64,155,14,"4174525"
155,"spotify:track:0Fv5N0cHBsl4bzCbollCAS","Big Sean","Moves","Getting Out Our Dreams Inc. (G.O.O.D.) Music / IDJ",48,131,12,"4168786"
156,"spotify:track:5bZtRlMBU76vHuDOb1GM5u","Jonas Blue, JP Cooper","Perfect Strangers","UMOD (Universal Music On Demand)",53,154,14,"4135972"
157,"spotify:track:0JiVRyTJcJnmlwCZ854K4p","Alan Walker","Alone","Kreatell Music",36,142,14,"4135906"
158,"spotify:track:3dQDid3IUNhZy1OehIfYfE","Wisin","Vacaciones","Sony Music Latin",79,158,14,"4129682"
159,"spotify:track:3hB5DgAiMAQ4DzYbsMq1IT","Justin Bieber","Love Yourself","RBMG/Def Jam",62,160,14,"4124119"
160,"spotify:track:0kN8xEmgMW9mh7UmDYHlJP","Bruno Mars","Versace on the Floor","Atlantic Records",82,148,14,"4101693"
161,"spotify:track:0azC730Exh71aQlOt9Zj3y","Calvin Harris, Rihanna","This Is What You Came For","Columbia",45,162,14,"4057886"
162,"spotify:track:3UjJP4ludb74a29P5EHEIo","Sabrina Carpenter","Thumbs","Hollywood Records",162,169,7,"4056543"
163,"spotify:track:4tCtwWceOPWzenK2HAIJSb","Fifth Harmony, Ty Dolla $ign","Work from Home (feat. Ty Dolla $ign)","Syco Music/Epic",48,163,14,"4048691"
164,"spotify:track:3BY2mafsbsoKGqS380Xnuz","Don Omar, Zion & Lennox","Te Quiero Pa´Mi","UMLE - Machete",141,167,11,"3921620"
165,"spotify:track:4Q4jmPHwu0wrJvqrld0FQ6","Zara Larsson","I Would Like","Epic/Record Company TEN",29,127,14,"3907413"
166,"spotify:track:5i50gKdLAjjIr7UxRT5IVy","Sebastian Yatra, Nacho, Wisin","Alguien Robo","UMLE - Latino",164,170,3,"3897435"
167,"spotify:track:69bp2EbF7Q2rqc5N3ylezZ","Justin Bieber","Sorry","RBMG/Def Jam",65,168,14,"3887107"
168,"spotify:track:1D3ODoXHBLpdxolZRHWV1j","Jonas Blue, RAYE","By Your Side","Positiva",34,164,14,"3871586"
169,"spotify:track:5J1c3M4EldCfNxXwrwt8mT","Sebastian Yatra","Traicionera","UMLE - Latino",84,171,14,"3845400"
170,"spotify:track:08WPvDEsHvTFuB9w8tC2OS","Sage The Gemini","Now and Later","Global Gemini",29,156,14,"3800390"
171,"spotify:track:2bBMODHVTXGwE2aZYfbgCt","Gorillaz, Vince Staples","Ascension (feat. Vince Staples)","Parlophone UK",171,-1,1,"3763762"
172,"spotify:track:3cFsmM51N5zMAuu1nNY4Tw","Sean Paul, Dua Lipa","No Lie","Universal-Island Records Ltd.",80,161,13,"3761817"
173,"spotify:track:1AkTW13ysu0AJrwuM6UY0I","Charly Black, Daddy Yankee","Gyal You a Party Animal - Remix","Allezgo Productions",130,172,14,"3732117"
174,"spotify:track:5OOkp4U9P9oL23maHFHL1h","Desiigner","Panda","Getting Out Our Dreams Inc. (G.O.O.D.) Music / IDJ",66,173,14,"3726144"
175,"spotify:track:1rIKgCH4H52lrvDcz50hS8","Zara Larsson","Lush Life","Epic/Record Company TEN",124,153,11,"3681233"
176,"spotify:track:4gZOWIMzQnn8H2ENrs7UsW","Axwell /\ Ingrosso, Axwell, Sebastian Ingrosso, Kid Ink","I Love You","Pophouse Entertainment Group",160,176,7,"3649432"
177,"spotify:track:7KcGEssn7BnJdTgildK5y0","Nicki Minaj, Drake, Lil Wayne","No Frauds","Nicki Minaj/Cash Money",62,119,3,"3639417"
178,"spotify:track:4dASQiO1Eoo3RJvt74FtXB","Lil Wayne, Wiz Khalifa, Imagine Dragons, X Ambassadors, Logic, Ty Dolla $ign","Sucker for Pain (with Wiz Khalifa, Imagine Dragons, Logic & Ty Dolla $ign feat. X Ambassadors)","Atlantic Records",75,174,14,"3634261"
179,"spotify:track:11KJSRSgaDxqydKYiD2Jew","Drake, Rihanna","Too Good","Cash Money Records/Young Money Ent./Universal Rec.",60,157,14,"3589660"
180,"spotify:track:1sYSP7gKa5kdKIfhANfori","MAX","Lights Down Low","DCD2 / Crush Music",180,195,4,"3547583"
181,"spotify:track:0tICYNayWWhH9GPeFrfjfD","Kungs, Cookin' On 3 Burners","This Girl (Kungs Vs. Cookin' On 3 Burners)","Universal Music Division Island Def Jam",97,184,14,"3539183"
182,"spotify:track:0v9Wz8o0BT8DU38R4ddjeH","Chance the Rapper, Lil Wayne, 2 Chainz","No Problem (feat. Lil Wayne & 2 Chainz)","Chance the Rapper",89,177,14,"3536278"
183,"spotify:track:6F609ICg9Spjrw1epsAnpa","Drake","Controlla","Cash Money Records/Young Money Ent./Universal Rec.",78,146,14,"3513259"
184,"spotify:track:0sXvAOmXgjR2QUqLK1MltU","Carlos Vives, Shakira","La Bicicleta","Sony Music Latin",80,185,14,"3508595"
185,"spotify:track:7vRriwrloYVaoAe3a9wJHe","gnash, Olivia O'Brien","i hate u, i love u (feat. olivia o'brien)",":):",67,181,14,"3500103"
186,"spotify:track:5tFep7dXGd7vEJ668wTPux","Gucci Mane, Drake","Both (feat. Drake)","Guwop Enterprises/Atlantic",142,191,10,"3483878"
187,"spotify:track:2aFiaMXmWsM3Vj72F9ksBl","DNCE","Cake By The Ocean","Joseph Jonas/Republic Records",70,188,14,"3476809"
188,"spotify:track:3EfugazgSddQvzZpkof5I4","Anne-Marie","Ciao Adios","Atlantic Records UK",188,-1,1,"3462516"
189,"spotify:track:20ZAJdsKB5IGbGj4ilRt2o","Ozuna","Dile Que Tu Me Quieres","VP Records Corp/Dimelo Vi",94,194,14,"3455109"
190,"spotify:track:7129iqBafaphfc3WPCGC0L","Lukas Graham","7 Years","Universal Music A/S",89,186,14,"3447845"
191,"spotify:track:6fwdbPMwP1zVStm8FybmkO","21 Savage, Metro Boomin, Future","X (feat. Future)","Slaughter Gang, LLC",79,179,14,"3439136"
192,"spotify:track:50PWlIBU7PlGGwzgN8TiFJ","Lady Gaga","Million Reasons","Interscope",79,183,13,"3426042"
193,"spotify:track:4xyNG8vZR3g8FnphVkbjRo","Lana Del Rey","Love","Polydor Records",52,178,6,"3390585"
194,"spotify:track:4WjH9Bzt3kx7z8kl0awxh4","Major Lazer, MØ, DJ Snake","Lean On (feat. MØ & DJ Snake)","Third Pardee Records",113,196,14,"3386064"
195,"spotify:track:6Nle9hKrkL1wQpwNfEkxjh","Frank Ocean","Chanel","Blonded",92,126,3,"3322230"
196,"spotify:track:6nxQdXa1uAL0rY72wPZu89","John Legend","Love Me Now","Columbia",33,180,14,"3314970"
197,"spotify:track:1Eck97uRMlprKOOJN9oO1E","G-Eazy, Kehlani","Good Life (with G-Eazy & Kehlani)","Artist Partner",197,-1,1,"3296438"
198,"spotify:track:7xHWNBFm6ObGEQPaUxHuKO","Sia, Kendrick Lamar","The Greatest (feat. Kendrick Lamar)","Monkey Puzzle Records/RCA Records",49,190,13,"3245105"
199,"spotify:track:6eT7xZZlB2mwyzJ2sUKG6w","Post Malone","White Iverson","Universal Records",176,-1,11,"3243171"
200,"spotify:track:6cAKeFFYW2aClZSUyvqAEW","Isaiah Firebrace","It's Gotta Be You","Sony Music Entertainment",65,189,12,"3234882"
