﻿rank,uri,artist_names,track_name,source,peak_rank,previous_rank,weeks_on_chart,streams
1,"spotify:track:2G7V7zsVDxg1yRsu7Ew9RJ","Drake","In My Feelings","Cash Money/Drake LP6",1,1,6,"53952698"
2,"spotify:track:2xLMifQCjDGFmkHkpNLD9h","Travis Scott","SICKO MODE","Cactus Jack / Epic",2,-1,1,"33399542"
3,"spotify:track:7wBJfHzpfI3032CSD7CE2m","Travis Scott","STARGAZING","Cactus Jack / Epic",3,-1,1,"30434014"
4,"spotify:track:2E124GmJRnBJuXbTb4cPUB","6ix9ine, Nicki Minaj, Murda Beatz","FEFE (feat. Nicki Minaj & Murda Beatz)","ScumGang Records / TenThousand Projects, LLC",2,2,3,"28894700"
5,"spotify:track:5WvAo7DNuPRmk4APhdPzi8","DJ Khaled, Justin Bieber, Quavo, Chance the Rapper","No Brainer","Epic/We The Best",4,4,2,"27708887"
6,"spotify:track:7fa9MBXhVfQ8P8Df9OEbD8","Maroon 5, Cardi B","Girls Like You (feat. Cardi B) - Cardi B Version","Interscope Records*",3,3,10,"25992621"
7,"spotify:track:58q2HKrzhC3ozto2nDdN4z","Cardi B, Bad Bunny, J Balvin","I Like It","Atlantic/KSR",2,5,18,"23194455"
8,"spotify:track:0s3nnoMeVWz3989MkNQiRf","Juice WRLD","Lucid Dreams","Juice WRLD Mixtape / ISR P&D",3,6,13,"22227380"
9,"spotify:track:0d2iYfpKoM0QCKvcLCkBao","benny blanco, Halsey, Khalid","Eastside (with Halsey & Khalid)","Benny Blanco Solo Album PS",9,13,4,"21861142"
10,"spotify:track:6kPJZM97LwdG9QIsT7khp6","Clean Bandit, Demi Lovato","Solo (feat. Demi Lovato)","Atlantic Records UK",8,8,12,"20913401"
11,"spotify:track:5IaHrVsrferBYDm0bDyABy","Tyga, Offset","Taste (feat. Offset)","Last Kings Music / EMPIRE",6,7,12,"20383681"
12,"spotify:track:3ee8Jmje8o58CHK66QrVC2","XXXTENTACION","SAD!","Bad Vibes Forever, LLC",1,10,23,"20106738"
13,"spotify:track:7gkWXbAxIYuvtOpcN3p9GJ","Ariana Grande","God is a woman","Republic Records",2,9,4,"19721692"
14,"spotify:track:3u1S1OmAUhx5DRlLrXqyp3","Jonas Blue, Jack & Jack","Rise","Positiva",12,12,10,"19208322"
15,"spotify:track:7dt6x5M1jzdTEt8oCbisTK","Post Malone","Better Now","Republic Records",1,11,15,"18796854"
16,"spotify:track:4kWO6O1BUXcZmaxitpVUwp","Tiësto, Dzeko, Preme, Post Malone","Jackie Chan","Universal Music, a division of Universal International Music BV",11,14,12,"18749699"
17,"spotify:track:0E9ZjEAyAwOXZ7wJC0PD33","Dynoro, Gigi D'Agostino","In My Mind","Columbia/B1 Recordings",17,21,5,"18710962"
18,"spotify:track:7ef4DlsgrMEH11cDZd32M6","Calvin Harris, Dua Lipa","One Kiss (with Dua Lipa)","Sony Music UK",2,15,18,"18555693"
19,"spotify:track:7KZ5MMVgBVox9ycroB2UrI","Travis Scott","CAROUSEL","Cactus Jack / Epic",19,-1,1,"17773943"
20,"spotify:track:2iUXsYOEPhVqEBwsqP70rE","5 Seconds of Summer","Youngblood","Capitol",8,16,17,"17399630"
21,"spotify:track:3V8UKqhEK5zBkBb6d6ub8i","Nio Garcia, Casper Magico, Bad Bunny, Darell, Ozuna, Nicky Jam","Te Boté - Remix","Flow La Movie, Inc.",8,17,17,"16369598"
22,"spotify:track:20MuVazoNMv6xjKPnRFOxG","Travis Scott","WAKE UP","Cactus Jack / Epic",22,-1,1,"15188082"
23,"spotify:track:7K7MUBCnzgBAvMVW2RTWNs","Loud Luxury, Brando","Body","Armada Music",23,24,10,"15043981"
24,"spotify:track:7lAK3oHbfEnvUQWosrMMpR","Travis Scott","YOSEMITE","Cactus Jack / Epic",24,-1,1,"14805515"
25,"spotify:track:4SZepBIPDRwPaHIjAKwRDb","Travis Scott","R.I.P. SCREW","Cactus Jack / Epic",25,-1,1,"14720921"
26,"spotify:track:0JP9xo3adEtGSdUEISiszL","XXXTENTACION","Moonlight","Bad Vibes Forever, LLC",2,19,21,"14288725"
27,"spotify:track:1xYpVRspgaLxdJLOTQkTjg","Travis Scott","STOP TRYING TO BE GOD","Cactus Jack / Epic",27,-1,1,"14263914"
28,"spotify:track:6OaVWaGfhXn70ZJfdVcabn","Travis Scott","NO BYSTANDERS","Cactus Jack / Epic",28,-1,1,"14230565"
29,"spotify:track:2ijef6ni2amuunRoKTlgww","Becky G, NATTI NATASHA","Sin Pijama","Sony Music Latin",22,22,15,"14129044"
30,"spotify:track:6DCZcSspjsKoFjzjrWoCdn","Drake","God's Plan","Cash Money/Drake LP6",1,23,29,"13614281"
31,"spotify:track:0TlLq3lA83rQOYtrqBqSct","Drake","Nonstop","Cash Money/Drake LP6",1,20,6,"13462263"
32,"spotify:track:11kDth1aKUEUMq9r1pqyds","Travis Scott","5% TINT","Cactus Jack / Epic",32,-1,1,"12942391"
33,"spotify:track:1s2B5cndbqK8rPJEIcKJRQ","Ozuna, Manuel Turizo","Vaina Loca","VP Records Corp/Dimelo Vi",31,31,6,"12702539"
34,"spotify:track:6G8kHiVZ1jW7vHMPVRNZU0","Drake, Michael Jackson","Don’t Matter To Me (with Michael Jackson)","Cash Money/Drake LP6",2,18,6,"12667258"
35,"spotify:track:27a1mYSG5tYg7dmEjWBcmL","Travis Scott","CAN'T SAY","Cactus Jack / Epic",35,-1,1,"12513474"
36,"spotify:track:3nc420PXjTdBV5TN0gCFkS","Martin Garrix, Khalid","Ocean (feat. Khalid)","Epic Amsterdam",15,25,8,"12326650"
37,"spotify:track:5qFeMRz4TvetPmzjre9Dq7","J Balvin, Zion & Lennox","No Es Justo","UMLE - Latino",30,30,7,"12284369"
38,"spotify:track:6xcJyGpfZbuuiequtnlKt4","Travis Scott","BUTTERFLY EFFECT","Cactus Jack / Epic",38,-1,53,"12187233"
39,"spotify:track:6SFStUDQZNaGPKWOx9ZiJB","Anne-Marie","2002","Atlantic Records UK",27,29,16,"12173651"
40,"spotify:track:0kHyKhJMukHEPfeh8s7rdM","Kygo, Imagine Dragons","Born To Be Yours","Kygo",25,28,8,"12136062"
41,"spotify:track:6BJbOXDlgVAXSaq6wYFYT2","Travis Scott","NC-17","Cactus Jack / Epic",41,-1,1,"12034748"
42,"spotify:track:3CA9pLiwRIGtUBiMjbZmRw","Drake","Nice For What","Cash Money/Drake LP6",1,27,18,"12027998"
43,"spotify:track:6NMtzpDQBTOfJwMzgMX0zl","Travis Scott","SKELETONS","Cactus Jack / Epic",43,-1,1,"11747130"
44,"spotify:track:63SevszngYpZOwf63o61K4","Dennis Lloyd","Nevermind","WM Italy",18,32,21,"11627681"
45,"spotify:track:4hQ6UGyWQIGJmHSo0J88JW","Selena Gomez","Back To You - From 13 Reasons Why – Season 2 Soundtrack","UMGRI Interscope",4,26,13,"11361828"
46,"spotify:track:4KYS9GK68yeuUJ8vJfPxrq","Travis Scott","WHO? WHAT!","Cactus Jack / Epic",46,-1,1,"11340465"
47,"spotify:track:4MXhiYIRDMGAuvZc5IFTwC","Travis Scott","ASTROTHUNDER","Cactus Jack / Epic",47,-1,1,"11169732"
48,"spotify:track:5SxkdsY1ufZzoq9iXceLw9","Ariana Grande","no tears left to cry","Republic Records",2,33,16,"10808652"
49,"spotify:track:7m9OqQk4RVRkw9JJdeAw96","XXXTENTACION","Jocelyn Flores","Bad Vibes Forever / EMPIRE",7,35,50,"10692751"
50,"spotify:track:4keoy2fqgwGnbWlm3ZVZFa","Zedd, Elley Duhé","Happy Now","UMGRI Interscope",50,50,3,"10538957"
51,"spotify:track:7AFASza1mXqntmGtbxXprO","XXXTENTACION","changes","Bad Vibes Forever, LLC",9,34,23,"10440401"
52,"spotify:track:58TaFP5j5i9swOf584yon2","Travis Scott","HOUSTONFORNICATION","Cactus Jack / Epic",52,-1,1,"10300311"
53,"spotify:track:3swc6WTsr7rl9DqQKQA55C","Post Malone, Ty Dolla $ign","Psycho (feat. Ty Dolla $ign)","Republic Records",2,36,24,"10299471"
54,"spotify:track:0e7ipj03S05BNilyu5bRzt","Post Malone, 21 Savage","rockstar (feat. 21 Savage)","Republic Records",1,38,47,"10259896"
55,"spotify:track:7DrluKkTviBwCc8AV3VGmf","Shakira, Maluma","Clandestino","Sony Music Latin",40,40,9,"10220796"
56,"spotify:track:7ycWLEP1GsNjVvcjawXz3z","A$AP Rocky, Skepta","Praise The Lord (Da Shine) (feat. Skepta)","A$AP Worldwide/Polo Grounds Music/RCA Records",25,37,11,"10078250"
57,"spotify:track:6JjPBQfI2Y8nIjnm65X6Pw","Nicky Jam, J Balvin, Maluma, Ozuna","X (feat. Maluma & Ozuna) - Remix","Sony Music Latin",37,39,6,"9284983"
58,"spotify:track:39N9RPD9MRb5WmoLzNzPeA","Nicky Jam, J Balvin","X","Sony Music Latin",4,41,23,"9028794"
59,"spotify:track:08bNPGLD8AhKpnnERrAc6G","Marshmello, Anne-Marie","FRIENDS","Joytime Collective",4,42,26,"8824023"
60,"spotify:track:4ofwffwvvnbSkrMSCKQDaC","George Ezra","Shotgun","Columbia",54,54,7,"8781670"
61,"spotify:track:7qiZfU4dY1lWllzX7mPBI3","Ed Sheeran","Shape of You","Atlantic Records UK",1,48,83,"8658283"
62,"spotify:track:09IStsImFySgyp0pIQdqAc","Zedd, Maren Morris, Grey","The Middle","UMGRI Interscope",6,44,28,"8657541"
63,"spotify:track:4VUwkH455At9kENOfzTqmF","Bazzi, Camila Cabello","Beautiful (feat. Camila Cabello)","iamcosmic",63,-1,1,"8500661"
64,"spotify:track:55GiOwtxNajXVbpjjIzMnD","Tyga","SWISH","Last Kings Music / EMPIRE",56,56,2,"8459417"
65,"spotify:track:33IOhptvC2Qoy2UhjiHXLV","David Guetta, Sia","Flames","Parlophone (France)",20,45,20,"8308027"
66,"spotify:track:6jA8JUuPCGYjFcgw0AoM5T","Reik, Ozuna, Wisin","Me Niego (feat. Ozuna & Wisin)","Columbia",22,47,25,"8195868"
67,"spotify:track:6vnfObZ4Ys70SBAtti1xZ9","Travis Scott","COFFEE BEAN","Cactus Jack / Epic",67,-1,1,"8175977"
68,"spotify:track:3EPXxR3ImUwfayaurPi3cm","Dean Lewis","Be Alright","Universal Music Australia Pty. Ltd.",68,91,3,"8119556"
69,"spotify:track:6vN77lE9LK6HP2DewaN6HZ","Lil Baby, Drake","Yes Indeed","Quality Control Music, LLC",12,46,13,"8035403"
70,"spotify:track:1rqqCSm0Qe4I9rUvWncaom","Panic! At The Disco","High Hopes","DCD2 / Fueled By Ramen",57,57,7,"7952867"
71,"spotify:track:5d35jcJj7WjDQBOHCHPY6t","Capital Bra, Juju","Melodien (feat. Juju)","Sony Music/BMA",71,-1,1,"7861980"
72,"spotify:track:76cy1WJvNGJTj78UqeA5zr","Dua Lipa","IDGAF","Warner Records",4,59,32,"7780651"
73,"spotify:track:7AQim7LbvFVZJE3O8TYgf2","XXXTENTACION, Trippie Redd","Fuck Love","Bad Vibes Forever / EMPIRE",19,55,47,"7693673"
74,"spotify:track:0u2P5u6lvoDfwTYjAADbn4","Billie Eilish, Khalid","lovely (with Khalid)","Darkroom",24,51,16,"7666765"
75,"spotify:track:1rfofaqEpACxVEHIZBJe6W","Camila Cabello, Young Thug","Havana (feat. Young Thug)","Syco Music/Epic",1,62,53,"7621051"
76,"spotify:track:4QtiVmuA88tPQiCOHZuQ5b","Sofía Reyes, Jason Derulo, De La Ghetto","1, 2, 3 (feat. Jason Derulo & De La Ghetto)","WEA Latina",31,60,25,"7472827"
77,"spotify:track:0VKkyBKCXyR99navhVRqcP","Zion & Lennox","La player (Bandolera)","WEA Latina",56,64,21,"7382644"
78,"spotify:track:4qKcDkK6siZ7Jp1Jb4m0aL","BlocBoy JB, Drake","Look Alive (feat. Drake)","Bloc Nation",6,61,26,"7347602"
79,"spotify:track:2lYTJK94hb0fd1LQtb6Dhk","David Guetta, Anne-Marie","Don't Leave Me Alone (feat. Anne-Marie)","Parlophone (France)",77,77,2,"7320297"
80,"spotify:track:4zIO3ilp5HvTeK3HJHxhMP","Imagine Dragons","Natural","Kid Ina Korner / Interscope",56,58,3,"7242805"
81,"spotify:track:0ZNrc4kNeQYD9koZ3KvCsy","YG, 2 Chainz, Big Sean, Nicki Minaj","BIG BANK (feat. 2 Chainz, Big Sean, Nicki Minaj)","Def Jam Recordings",81,112,6,"7232158"
82,"spotify:track:04ZTP5KsCypmtCmQg5tH9R","Bebe Rexha","I'm a Mess","Warner Records",65,65,7,"7209763"
83,"spotify:track:1snWlbcbgQpJfknoI30DWG","Alan Walker, Au/Ra, Tomine Harket","Darkside","Kreatell Music",83,111,2,"7198936"
84,"spotify:track:1ZEm9cJC05rawV2tptNfTS","Nicki Minaj, Ariana Grande","Bed (feat. Ariana Grande)","Young Money/Cash Money Records",22,43,8,"7161419"
85,"spotify:track:38QmUDpkoYlNbMKvpvAsrE","KAROL G, J Balvin, Nicky Jam","Mi Cama - Remix","UMLE - Latino",76,76,2,"7038544"
86,"spotify:track:3qN5qMTKyEEmiTZD38BNTT","Drake","I'm Upset","Cash Money/Drake LP6",7,52,11,"6925738"
87,"spotify:track:2ekn2ttSfGqwhhate0LSR0","Dua Lipa","New Rules","Warner Records",2,68,57,"6859909"
88,"spotify:track:0pqnGHJpmpxLKifKRmU6WP","Imagine Dragons","Believer","Kid Ina Korner / Interscope",16,74,79,"6808793"
89,"spotify:track:5CLGzJsGqhCEECcpnFQA8x","Rudimental, Jess Glynne, Macklemore, Dan Caplen","These Days (feat. Jess Glynne, Macklemore & Dan Caplen)","Atlantic Records UK",9,67,29,"6754963"
90,"spotify:track:6rbhaJsE4uLzpPf8WYSHDK","Brytiago, Darell","Asesina","Business Music",78,78,6,"6749354"
91,"spotify:track:19MBk3PbNFE36wqIqkMq9H","Alvaro Soler","La Cintura","Airforce1",42,49,13,"6703350"
92,"spotify:track:6752EZMgXswvRBH3N2PilO","Ozuna","Unica","VP Records Corp/Dimelo Vi",63,70,11,"6548096"
93,"spotify:track:0XySogm94T51XF5F2jumXm","Juice WRLD","All Girls Are The Same","Juice WRLD Mixtape / ISR P&D",48,72,13,"6511231"
94,"spotify:track:0tgVpDi06FyKpA1z0VMD4v","Ed Sheeran","Perfect","Atlantic Records UK",4,79,75,"6425554"
95,"spotify:track:1zB4vmk8tFRmM9UULNzbLB","Imagine Dragons","Thunder","Kid Ina Korner / Interscope",8,83,67,"6421612"
96,"spotify:track:4j3GWI86JvSaF0BLdmgcfF","Childish Gambino","Summertime Magic","Wolf+Rothstein/RCA Records",22,53,5,"6382772"
97,"spotify:track:6U2NuJILEOEpW2tVCuqKHb","Daddy Yankee, NATTI NATASHA, Becky G, Bad Bunny","Dura - Remix","Craft Latino",52,71,15,"6326977"
98,"spotify:track:5yNEdBlZMxpcVtGKz5NFk5","The Chainsmokers, Emily Warren","Side Effects","Disruptor Records/Columbia",98,105,2,"6316443"
99,"spotify:track:6vsV4D8BM6PioRr1UOx0n2","Billie Eilish","you should see me in a crown","Darkroom/Interscope Records",63,63,3,"6306676"
100,"spotify:track:2XXMDz7SPZ4mSFN1PXfHUy","Becky G, Paulo Londra","Cuando Te Besé","Sony Music Latin",100,-1,1,"6306341"
101,"spotify:track:3GVkPk8mqxz0itaAriG1L7","XXXTENTACION","Everybody Dies In Their Nightmares","Bad Vibes Forever / EMPIRE",24,73,34,"6246948"
102,"spotify:track:45Egmo7icyopuzJN0oMEdk","Khalid, Normani","Love Lies","RCA Records Label",11,75,25,"6205313"
103,"spotify:track:7glCSQqV5o6NU88Cn4zPZn","Bad Bunny","Estamos Bien","Rimas Entertainment LLC",88,88,6,"6158305"
104,"spotify:track:2alIsNw1mqEShbWyO1HXZZ","Sebastian Yatra, Luis Figueroa, Lary Over","Por Perro","UMLE - Latino",84,84,14,"6116775"
105,"spotify:track:54l9GJGQ1UCFKe2tzt1Vxt","Cheat Codes, Little Mix","Only You (with Little Mix)","Syco Music",77,82,5,"6087569"
106,"spotify:track:4e4fqjx0Izh4svvTef1z7e","Bebe Rexha, Florida Georgia Line","Meant to Be (feat. Florida Georgia Line)","Warner Records",18,90,47,"6014764"
107,"spotify:track:6eYxmK9fdL4hwLnXG2zY3s","XXXTENTACION","Look At Me!","Bad Vibes Forever / EMPIRE",39,81,51,"6010304"
108,"spotify:track:7uzmGiiJyRfuViKKK3lVmR","Bazzi","Mine","iamcosmic",3,89,29,"5971278"
109,"spotify:track:3obgSF06ki98lYNLNq5vCB","Juice WRLD, Lil Uzi Vert","Wasted (feat. Lil Uzi Vert)","Juice WRLD Mixtape / ISR P&D",80,80,4,"5966303"
110,"spotify:track:0r9d60ZYPAlFHq8qnUtkXN","Cosculluela, Bad Bunny","Madura","Rottweilas, Inc.",70,87,17,"5952464"
111,"spotify:track:641R77CBy4bOLGRcA9sgHy","Bonez MC, RAF Camora","500 PS","187 Strassenbande & Vertigo/Capitol",111,-1,1,"5790397"
112,"spotify:track:00EPIEnX1JFjff8sC6bccd","Thalia, NATTI NATASHA","No Me Acuerdo","Sony Music Latin",108,108,3,"5767342"
113,"spotify:track:4178A5NkEjcsGc64jpBO6d","Luis Fonsi, Stefflon Don","Calypso","UMLE - Latino",97,97,5,"5763139"
114,"spotify:track:7GX5flRQZVHRAGd6B4TmDO","Lil Uzi Vert","XO Tour Llif3","Generation Now/Atlantic",10,98,72,"5758661"
115,"spotify:track:75ZvA4QfFiZvzhj2xkaWAh","Post Malone","I Fall Apart","Universal Records",10,92,46,"5699578"
116,"spotify:track:7rC5Pl8rQSX4myONQHYPBK","Drake","Mob Ties","Cash Money/Drake LP6",11,69,6,"5569961"
117,"spotify:track:3T4UodGkfZObJ43RtA5KFU","OneRepublic","Connection","Mosley / Interscope",91,101,5,"5481246"
118,"spotify:track:21YnmkSDhUkmkkni22Svc4","Shawn Mendes","In My Blood","Island Records",7,99,20,"5466640"
119,"spotify:track:4ut5G4rgB1ClpMTMfjoIuy","Martin Garrix, Bonn","High On Life (feat. Bonn)","Epic Amsterdam",119,-1,1,"5418954"
120,"spotify:track:2RttW7RAu5nOAfq6YFvApB","Ed Sheeran","Happier","Atlantic Records UK",10,109,65,"5405230"
121,"spotify:track:6IaieqiCVvsNvEt6Y7yOFa","Post Malone, Nicki Minaj","Ball For Me (feat. Nicki Minaj)","Republic Records",15,94,15,"5387910"
122,"spotify:track:4UKCKdYiLN6IMA5ZESUTL7","XXXTENTACION","the remedy for a broken heart (why am I so in love)","Bad Vibes Forever, LLC",27,102,13,"5240675"
123,"spotify:track:6Hgh47WXVKtXN5zGOu0hjI","Khalid, 6LACK, Ty Dolla $ign","OTW","Right Hand Music Group, LLC/RCA Records",24,95,16,"5208192"
124,"spotify:track:0SaYeGhSXN0dDWstyNTQ56","Wolfine, Maluma","Bella - Remix","LOMIORECORDS",81,104,14,"5192366"
125,"spotify:track:6xTU6B6nFwKKTSZ9ySXS80","Kygo, Miguel","Remind Me to Forget","Kygo",29,119,21,"5168262"
126,"spotify:track:1oc3jna2ablnfIKLYbKujl","Olly Alexander (Years & Years)","If You're Over Me","Polydor Records",66,86,10,"5165301"
127,"spotify:track:3DGar7krWlmrXRFHBcQF6z","Kris Kross Amsterdam, The Boy Next Door, Conor Maynard","Whenever (feat. Conor Maynard)","Spinnin' Records",127,200,2,"5108324"
128,"spotify:track:1mXVgsBdtIVeCLJnSnmtdV","Sam Smith","Too Good At Goodbyes","PLG - Capitol",1,113,48,"5104811"
129,"spotify:track:6gBFPUFcJLzWGx4lenP6h2","Travis Scott","goosebumps","Cactus Jack / Epic",60,147,84,"5072832"
130,"spotify:track:56gH0zGe3SP9SGNoQ2pWwn","Alvaro Soler, Flo Rida, TINI","La Cintura (feat. Flo Rida & Tini) - Remix","Airforce1",130,-1,1,"5043138"
131,"spotify:track:4F1yvJfQ7gJkrcgFJQDjOr","KYLE, Kehlani","Playinwitme (feat. Kehlani)","independently popular.",28,100,18,"5023119"
132,"spotify:track:0At2qAoaVjIwWNAqrscXli","Ella Mai","Boo'd Up","10 Summers / Interscope PS",58,96,8,"5008060"
133,"spotify:track:0E6PsO3ymCfUh7pJQjBgkj","The Carters","APESHIT","Parkwood Entertainment/Roc Nation",37,85,7,"5001431"
134,"spotify:track:10Igtw8bSDyyFs7KIsKngZ","Lil Dicky, Chris Brown","Freaky Friday (feat. Chris Brown)","Commission/BMG",7,107,21,"4983683"
135,"spotify:track:1gm616Plq4ScqNi7TVkZ5N","The Weeknd","Call Out My Name","Universal Republic Records",1,114,19,"4966858"
136,"spotify:track:5Y9fnynLlIvqtM710MHzfz","Ozuna","Síguelo Bailando","VP Records Corp/Dimelo Vi",43,115,32,"4960738"
137,"spotify:track:0b9oOr2ZgvyQu88wzixux9","Childish Gambino","This Is America","Wolf+Rothstein/RCA Records",1,103,14,"4946758"
138,"spotify:track:3S0OXQeoh0w6AY8WQVckRW","Jason Mraz","I'm Yours","Atlantic Records/ATG",127,127,19,"4879988"
139,"spotify:track:7BKLCZ1jbUBVqRi2FVlTVw","The Chainsmokers, Halsey","Closer","Disruptor Records/Columbia",2,126,85,"4874085"
140,"spotify:track:2RVrdr062uLFxXwIxwdXPH","Piso 21, Paulo Londra","Te Amo","WM Mexico",76,124,20,"4832818"
141,"spotify:track:0STK94RxUulYqWzwFlyAb5","Demi Lovato","Sober","Island Records",93,93,4,"4802197"
142,"spotify:track:3GCdLUSnKSMJhs4Tj6CV3s","Kendrick Lamar, SZA","All The Stars (with SZA) - From ""Black Panther: The Album""","Black Panther (TDE/DMG) PS",2,117,31,"4780667"
143,"spotify:track:0Y4hwUppbGc8aIBmiTz30A","Liam Payne, J Balvin","Familiar","Capitol Records UK / EMI",57,118,16,"4776053"
144,"spotify:track:6n4U3TlzUGhdSFbUUhTvLP","Migos, Drake","Walk It Talk It","Quality Control Music, LLC",22,123,28,"4756359"
145,"spotify:track:1ZAyjvIk9YiD76yYy0TEG6","Rich The Kid","Plug Walk","Rich The Kid / (TDE/ISR PS)",19,106,23,"4740778"
146,"spotify:track:7KXjTSCq5nL1LoYtL7XAwS","Kendrick Lamar","HUMBLE.","Aftermath",1,130,71,"4732657"
147,"spotify:track:6KuqAtoeVzxAYOaMveLNpH","Daddy Yankee","Dura","Craft Latino",9,121,29,"4726338"
148,"spotify:track:5uCax9HTNlzGybIStD3vDh","James Arthur","Say You Won't Let Go","Columbia",7,135,85,"4657837"
149,"spotify:track:2374M0fQpWi3dLnB54qaLX","TOTO","Africa","Columbia",140,140,21,"4635233"
150,"spotify:track:3a1lNhkSLSkpJE4MSHpDu9","Post Malone, Quavo","Congratulations","Universal Records",20,138,81,"4627410"
151,"spotify:track:2CWnuF7ht55Ajyeg4WPvWu","BLACKPINK","DDU-DU DDU-DU","2018 YG Entertainment, distributed through Interscope Records",47,125,8,"4622133"
152,"spotify:track:4h8VwCb1MTGoLKueQ1WgbD","Avicii","Wake Me Up","Pophouse Entertainment Group",13,132,16,"4617151"
153,"spotify:track:4R5xvs5X0phd0EYWyGigju","Anitta","Medicina","WM Brazil",95,150,3,"4614228"
154,"spotify:track:6e2PtJYcltVk76nLwxBzRn","Logic, Ryan Tedder","One Day (feat. Ryan Tedder)","Def Jam Recordings",66,66,2,"4606675"
155,"spotify:track:31M5m42C3EGlbydf9XB5to","Leslie Grace, Noriel","Duro y Suave","Sony Music Latin",129,129,13,"4572688"
156,"spotify:track:2XVilv6s9GETnw9PG4T9Mz","Maluma","El Préstamo","Sony Music Latin",52,122,22,"4547437"
157,"spotify:track:083Qf6hn6sFL6xiOHlZUyn","Jess Glynne","I'll Be There","Atlantic Records UK",66,134,14,"4542252"
158,"spotify:track:6RUKPb4LETWmmr3iAEQktW","The Chainsmokers, Coldplay","Something Just Like This","Disruptor Records/Columbia",2,139,77,"4530670"
159,"spotify:track:7sFYVcKSb24qg0dAkqLEFj","KAROL G","Mi Cama","UMLE - Latino",52,110,10,"4526718"
160,"spotify:track:2ZRo7axmMPeSVUvDbGkJah","XXXTENTACION","Hope","Bad Vibes Forever, LLC",42,128,10,"4526414"
161,"spotify:track:7nD2JPaxIKUdxd2UWgnaGL","Alex Rose, Rauw Alejandro, Lenny Tavárez, Cazzu, Lyanno","Toda - Remix","WK Records LLC",154,154,3,"4501763"
162,"spotify:track:7sO5G9EABYOXQKNPNiE9NR","Offset, Metro Boomin","Ric Flair Drip (with Metro Boomin)","Slaughter Gang, LLC/Epic/Quality Control Music/Motown/Capitol/Boominati Worldwide/Republic",32,131,41,"4428342"
163,"spotify:track:2hl6q70unbviGo3g1R7uFx","Luis Fonsi, Demi Lovato","Échame La Culpa","Echame La Culpa PS",7,137,38,"4426592"
164,"spotify:track:29tc0GbW0pTSBZSCZF3NWk","Juice WRLD","Lean Wit Me","Juice WRLD Mixtape / ISR P&D",164,-1,1,"4351425"
165,"spotify:track:1zi7xx7UVEFkmKfv06H8x0","Drake, Wizkid, Kyla","One Dance","Cash Money Records/Young Money Ent./Universal Rec.",12,149,85,"4347077"
166,"spotify:track:3qnoOm4fwZPBS116f5hpgF","Kanye West","All Mine","Getting Out Our Dreams, Inc./Def Jam Recordings",3,120,10,"4343595"
167,"spotify:track:6QgjcU0zLnzq5OrUoSZ3OK","Portugal. The Man","Feel It Still","Atlantic Records",18,146,56,"4320423"
168,"spotify:track:32lItqlMi4LBhb4k0BaSaC","Post Malone","Candy Paint","Republic Records",17,143,47,"4283897"
169,"spotify:track:5bITfqKGaPakO1l99hOMsI","Justin Quiles, Zion & Lennox","No Quiero Amarte (feat. Zion & Lennox)","WEA Latina",153,153,5,"4246272"
170,"spotify:track:5qqabIl2vWzo9ApSC317sa","Oasis","Wonderwall - Remastered","Big Brother",152,157,43,"4229709"
171,"spotify:track:2P91MQbaiQOfbiz9VqhqKQ","Lauv","I Like Me Better","Lauv",29,145,62,"4201697"
172,"spotify:track:0GxQ1A5L9xnMOytbP6eKBG","Maroon 5, SZA","What Lovers Do (feat. SZA)","Interscope Records*",5,160,49,"4190144"
173,"spotify:track:3B54sVLJ402zGa6Xm4YGNe","French Montana, Swae Lee","Unforgettable","Bad Boy Entertainment/Epic Records",3,152,70,"4179242"
174,"spotify:track:4dSoDnmR9opAQ8KxUc9SbC","Sean Paul, David Guetta, Becky G","Mad Love","Universal-Island Records Ltd.",38,142,23,"4179053"
175,"spotify:track:1bhUWB0zJMIKr9yVPrkEuI","Ed Sheeran, Beyoncé","Perfect Duet (Ed Sheeran & Beyoncé)","Atlantic Records UK",3,151,36,"4153414"
176,"spotify:track:7vGuf3Y35N4wmASOKLUVVU","Marshmello, Khalid","Silence","Joytime Collective/RCA Records",8,158,52,"4111998"
177,"spotify:track:0tBbt8CrmxbjRP0pueQkyU","Selena Gomez, Marshmello","Wolves","Selena Gomez PS",3,156,42,"4106393"
178,"spotify:track:1Slwb6dOYkBlWal1PGtnNg","Ed Sheeran","Thinking out Loud","Atlantic Records UK",58,165,85,"4104252"
179,"spotify:track:4gB61mP4tNChn4LgfquMhi","LANY","Thru These Tears","Polydor Records",179,-1,2,"4096656"
180,"spotify:track:6XBjCetHKdO5L9cwMDVffw","Anuel AA, Zion","Hipócrita","2018 Real Hasta La Muerte, Inc.",179,179,2,"4056703"
181,"spotify:track:6Pgkp4qUoTmJIPn7ReaGxL","Avicii, Sandro Cavazza","Without You (feat. Sandro Cavazza)","Pophouse Entertainment Group",20,159,44,"3990086"
182,"spotify:track:1j6xOGusnyXq3l6IryKF3G","Piso 21, Manuel Turizo","Déjala Que Vuelva (feat. Manuel Turizo)","WM Mexico",33,168,40,"3983544"
183,"spotify:track:6Qn5zhYkTa37e91HC1D7lb","Imagine Dragons","Whatever It Takes","Kid Ina Korner / Interscope",51,171,52,"3983218"
184,"spotify:track:5Z3GHaZ6ec9bsiI5BenrbY","Khalid","Young Dumb & Broke","Right Hand Music Group, LLC/RCA Records",12,163,59,"3981140"
185,"spotify:track:7boPPE857KEqCIHNwFkDop","Sia, Diplo, Labrinth, LSD","Audio (feat. Sia, Diplo, and Labrinth)","Records/Columbia",76,116,13,"3939686"
186,"spotify:track:7oK9VyNzrYvRFo7nQEYkWN","The Killers","Mr. Brightside","Island Records",148,185,28,"3932058"
187,"spotify:track:5PTG6rrL6EPFD9E2QMI2pl","Famous Dex","JAPAN","300 Entertainment",34,133,20,"3924788"
188,"spotify:track:4eWQlBRaTjPPUlzacqEeoQ","Camila Cabello","Never Be the Same","Syco Music/Epic",4,170,35,"3886001"
189,"spotify:track:2CvOqDpQIMw69cCzWqr5yr","Beyoncé","Halo","Music World Music/Columbia",149,173,13,"3879067"
190,"spotify:track:7IBSffWIu7P2MC7kMwy2FM","Wiz Khalifa, Swae Lee","Hopeless Romantic (feat. Swae Lee)","Taylor Gang/Atlantic",87,136,4,"3875714"
191,"spotify:track:3uhBIQ7tv8j1FME8cFGEfG","John Legend","All of Me","G.O.O.D. Music/Columbia",147,175,15,"3852097"
192,"spotify:track:2r77vqSZkOktTSgmAOoHsV","Paulo Londra","Chica Paranormal","WEA Latina",192,-1,1,"3849695"
193,"spotify:track:3Du2K5dLzmduCNp6uwuaL0","Demi Lovato","Sorry Not Sorry","Island Records",7,164,56,"3848964"
194,"spotify:track:6fxVffaTuwjgEk5h9QyRjy","Ed Sheeran","Photograph","Atlantic Records UK",41,188,78,"3840956"
195,"spotify:track:6VrBWh90BiwWmwKtvwWFcq","J Balvin","Ambiente","UMLE - Latino",109,161,11,"3840397"
196,"spotify:track:6Za3190Sbw39BBC77WSS1C","NATTI NATASHA, Ozuna","Criminal","Pina Records",21,177,47,"3839118"
197,"spotify:track:5bJ1DrEM4hNCafcDd1oxHx","Mac Miller","Self Care","Warner Records",197,-1,1,"3811028"
198,"spotify:track:0KKkJNfGyhkQ5aFogxQAPU","Bruno Mars","That's What I Like","Atlantic Records",6,184,80,"3794083"
199,"spotify:track:4bHsxqR3GMrXTxEPLuK5ue","Journey","Don't Stop Believin' (2022 Remaster)","Columbia/Legacy",193,193,2,"3782620"
200,"spotify:track:5h8VHxOBK1VWWj46T8fSly","Aitana","TELÉFONO","Universal Music Spain S.L.",141,141,2,"3773032"
