﻿rank,uri,artist_names,track_name,source,peak_rank,previous_rank,weeks_on_chart,streams
1,"spotify:track:1xQ6trAsedVPCdbtDAmk0c","Jawsh 685, Jason Derulo","Savage Love (Laxed - Siren Beat)","Columbia",1,3,8,"32213438"
2,"spotify:track:7ytR5pFWmSjzHJIeQkgog4","DaBaby, Roddy Ricch","ROCKSTAR (feat. Roddy Ricch)","South Coast Music Group/Interscope Records",1,2,16,"31441573"
3,"spotify:track:0VjIjW4GlUZAMYd2vXMi3b","The Weeknd","Blinding Lights","Republic Records",1,6,36,"28638630"
4,"spotify:track:6UelLqGlWMcVH1E5c4H7lY","Harry Styles","Watermelon Sugar","Columbia",4,7,38,"27694331"
5,"spotify:track:2ygvZOXrIeVL4xZmAWJT2C","Billie Eilish","my future","Darkroom/Interscope Records",5,-1,1,"23520611"
6,"spotify:track:2Wo6QQD1KMDWeFkkjLqwx5","SAINt JHN, Imanbek","Roses - Imanbek Remix","Columbia/B1 Recordings",3,9,34,"22404832"
7,"spotify:track:4R2kfaDFhslZEMJqAFNpdd","Taylor Swift","cardigan","Taylor Swift",1,1,2,"21068173"
8,"spotify:track:3H7ihDc1dqLriiWXwsc2po","Topic, A7S","Breaking Me","Intercord",8,14,20,"19573547"
9,"spotify:track:7y7w4tl4MaRC2UMEj1mPtr","Juice WRLD, Marshmello","Come & Go (with Marshmello)","Grade A Productions/Interscope Records",4,12,4,"18755776"
10,"spotify:track:4pvb0WLRcMtbPGmtejJJ6y","Taylor Swift, Bon Iver","exile (feat. Bon Iver)","Taylor Swift",4,4,2,"18179589"
11,"spotify:track:0EhpEsp4L0oRGM0vmeaN5e","J Balvin, Dua Lipa, Bad Bunny, Tainy","UN DIA (ONE DAY) (Feat. Tainy)","Universal Music Latino/ NEON16",11,16,2,"17956341"
12,"spotify:track:6o3QUC5oAE4g6WxRIFcZtb","Juice WRLD","Wishing Well","Grade A Productions/Interscope Records",7,19,4,"16868248"
13,"spotify:track:6bvfJf4KjonPMuPfGfy3S2","Nio Garcia, Anuel AA, Myke Towers, Brray, Juanka","La Jeepeta - Remix","Flow La Movie, Inc.",13,23,12,"16422823"
14,"spotify:track:1rgnBhdG2JDFTbYkYRZAku","Tones And I","Dance Monkey","Elektra (NEK)",1,22,55,"16371497"
15,"spotify:track:7eJMfftS33KTjuF7lTsMCx","Powfu, beabadoobee","death bed (coffee for your head)","Columbia",4,21,25,"16323343"
16,"spotify:track:7ju97lgwC2rKQ6wwsf9no9","Lady Gaga, Ariana Grande","Rain On Me (with Ariana Grande)","Interscope",1,26,11,"15545628"
17,"spotify:track:62aP9fBQKYKxi7PDXwcUAS","Surf Mesa, Emilee","ily (i love you baby) (feat. Emilee)","Astralwerks",9,27,19,"14957434"
18,"spotify:track:3gD4J3RUHy4OUuZ3qAiaiG","Ozuna","Caramelo","Aura Music Corp.",18,39,8,"14947164"
19,"spotify:track:1pqnQ41XbfKjaFu6M0eGJp","Tainy, J Balvin","Agua (with J Balvin)","NEON16/Interscope Records",19,30,4,"14747408"
20,"spotify:track:2MbdDtCv5LUVjYy9RuGTgC","Jack Harlow, Tory Lanez, DaBaby, Lil Wayne","WHATS POPPIN (feat. DaBaby, Tory Lanez & Lil Wayne) - Remix","Generation Now/Atlantic",15,28,6,"14679976"
21,"spotify:track:24IgCW19L8lXKyFZwzFtD3","Black Eyed Peas, Ozuna, J. Rey Soul","MAMACITA","Universal Music Division Polydor France",19,31,16,"14239352"
22,"spotify:track:4ZRrLHqzhGRXYj2qcB4s5S","Rauw Alejandro, Camilo","Tattoo - Remix with Camilo","Sony Music Latin/Duars Entertainment",22,40,4,"14106682"
23,"spotify:track:3ZG8N7aWw2meb6UrI5ZmnZ","Sech","Relación","Rich Music",23,37,14,"14083449"
24,"spotify:track:22LAwLoDA5b4AaGSkg6bKW","Lil Mosey","Blueberry Faygo","Mogul Vision/Interscope Records",8,34,26,"13868927"
25,"spotify:track:017PF4Q3l4DBUiWoXk4OWT","Dua Lipa","Break My Heart","Warner Records",7,36,19,"13824097"
26,"spotify:track:0Jlcvv8IykzHaSmj49uNW8","Taylor Swift","the 1","Taylor Swift",5,5,2,"13738333"
27,"spotify:track:3PfIrDoz19wz7qK7tYeu62","Dua Lipa","Don't Start Now","Warner Records",2,35,40,"13520839"
28,"spotify:track:4HYDUMY0xSpeBr0AMY9cUz","Jay Wheeler, DJ Nelson, Myke Towers","La Curiosidad","Linked Music / Dynamic Records / EMPIRE",28,46,6,"13310388"
29,"spotify:track:7qEHsqek33rTcFNT9PFqLf","Lewis Capaldi","Someone You Loved","Vertigo Berlin",4,43,83,"13287513"
30,"spotify:track:466cKvZn1j45IpxDdYZqdA","Drake","Toosie Slide","OVO",2,38,18,"13285459"
31,"spotify:track:6EDO9iiTtwNv6waLwa1UUq","DJ Khaled, Drake","POPSTAR (feat. Drake)","OVO/We The Best/Epic",7,25,3,"13109435"
32,"spotify:track:1H7KnK26kc1YyellpbINEn","Pop Smoke, 50 Cent, Roddy Ricch","The Woo (feat. 50 Cent & Roddy Ricch)","Victor Victor Worldwide",17,42,5,"13102912"
33,"spotify:track:3vAn0qZzdyuHamcrpkfiX3","BLACKPINK","How You Like That","YG Entertainment/Interscope Records",4,32,6,"12578532"
34,"spotify:track:3IJYUaN3tx04S4TYyZHKoP","StaySolidRocky","Party Girl","Columbia",9,49,12,"12486464"
35,"spotify:track:6cx06DFPPHchuUAcTxznu9","Joel Corry, MNEK","Head & Heart (feat. MNEK)","Atlantic Records UK",35,58,4,"12394361"
36,"spotify:track:4HBZA5flZLE435QTztThqH","Ariana Grande, Justin Bieber","Stuck with U (with Justin Bieber)","Ariana Grande & Justin Bieber ""Stuck With U""- Charity",2,44,13,"12325361"
37,"spotify:track:4pXW6ZAHBz7ODXTRKklWrM","Trueno, Nicki Nicole, Bizarrap, Taiu, tatool","Mamichula - con Nicki Nicole","NEUEN",37,53,2,"12258388"
38,"spotify:track:2gMXnyrvIjhVBUZwvLZDMP","Lewis Capaldi","Before You Go","Vertigo Berlin",19,51,37,"11752920"
39,"spotify:track:4w47S36wQGBhGg073q3nt7","ROSALÍA, Travis Scott","TKN (feat. Travis Scott)","Columbia",15,48,10,"11639615"
40,"spotify:track:35RJhm1pEovTBwnNR0zWad","DJ Khaled, Drake","GREECE (feat. Drake)","OVO/We The Best/Epic",22,45,3,"11470248"
41,"spotify:track:1IIKrJVP1C9N7iPtG6eOsK","Chris Brown, Young Thug","Go Crazy","Chris Brown Entertainment/300 Entertainment/RCA Records",41,55,11,"11339424"
42,"spotify:track:0PvFJmanyNQMseIFrU708S","Pop Smoke, Lil Baby, DaBaby","For The Night (feat. Lil Baby & DaBaby)","Victor Victor Worldwide",18,57,5,"11197461"
43,"spotify:track:6AzKhCHOms83jvNVLsz0Bt","Aya Nakamura, Maluma","Djadja (feat. Maluma) - Remix","Rec. 118",43,54,6,"11166146"
44,"spotify:track:0nbXyq5TXYPCO7pr3N8S4I","Roddy Ricch","The Box","Atlantic Records",1,52,34,"11051850"
45,"spotify:track:2Eeur20xVqfUoM3Q7EFPFt","Taylor Swift","the last great american dynasty","Taylor Swift",8,8,2,"10836544"
46,"spotify:track:4nK5YrxbMGZstTLbvj6Gxw","BENEE, Gus Dapperton","Supalonely","Republic Records",12,50,22,"10827137"
47,"spotify:track:76nqCfJOcFFWBJN32PAksn","Ava Max","Kings & Queens","Atlantic Records",41,59,19,"10669854"
48,"spotify:track:4umIPjkehX1r7uhmGvXiSV","Justin Bieber, Quavo","Intentions (feat. Quavo)","RBMG/Def Jam",5,56,26,"10550443"
49,"spotify:track:1MgV7FIyNxIG7WzMRJV5HC","Taylor Swift","my tears ricochet","Taylor Swift",10,10,2,"10484092"
50,"spotify:track:3hUxzQpSfdDqwM3ZTFQY0K","Taylor Swift","august","Taylor Swift",11,11,2,"10435314"
51,"spotify:track:3jjujdWJ72nww5eGnfs2E7","Harry Styles","Adore You","Columbia",6,71,35,"10029829"
52,"spotify:track:7k4t7uLgtOxPwTpFmtJNTY","KAROL G, Nicki Minaj","Tusa","TUSA - Karol G & Nicki Minaj",3,60,39,"9657089"
53,"spotify:track:21jGcNKet2qwijlDFuPiPb","Post Malone","Circles","Republic Records",1,64,49,"9649200"
54,"spotify:track:5rZlwNFl01HqLWBQGryKSm","Pop Smoke, Lil Tjay","Mood Swings (feat. Lil Tjay)","Victor Victor Worldwide",54,128,5,"9409543"
55,"spotify:track:6v3KW9xbzN5yKLt9YKDYA2","Shawn Mendes, Camila Cabello","Señorita","Island Records",1,67,59,"9241660"
56,"spotify:track:6gBFPUFcJLzWGx4lenP6h2","Travis Scott","goosebumps","Cactus Jack / Epic",13,69,156,"9157482"
57,"spotify:track:7x4ASXYEKfQBCewcZhK776","KAROL G","Ay, DiOs Mío!","UMLE - Latino",57,115,4,"9111677"
58,"spotify:track:4uoR6qeWeuL4Qeu2qJzkuG","Maluma","Hawái","Sony Music Latin",58,-1,1,"9103904"
59,"spotify:track:1Cv1YLb4q0RzL6pybtaMLo","Surfaces","Sunday Best","Surfaces Music / TenThousand Projects, LLC",13,62,29,"9098932"
60,"spotify:track:3Z8FwOEN59mRMxDCtb8N0A","Marshmello, Halsey","Be Kind (with Halsey)","Astralwerks",22,70,14,"8970641"
61,"spotify:track:2Fxmhks0bxGSBdJ92vM42m","Billie Eilish","bad guy","Darkroom/Interscope Records",1,81,71,"8944617"
62,"spotify:track:2rRJrJEo19S2J82BDsQ3F7","Trevor Daniel","Falling","Alamo",5,68,38,"8916219"
63,"spotify:track:2b8fOow8UzyDFAE27YhOZM","Maroon 5","Memories","Interscope Records*",2,73,46,"8897715"
64,"spotify:track:39Yp9wwQiSRIDOvrVg7mbk","THE SCOTTS, Travis Scott, Kid Cudi","THE SCOTTS","Cactus Jack / Epic",1,66,15,"8856234"
65,"spotify:track:3kwgqoBqTwoAH4nT29TYrq","Maroon 5","Nobody's Love","Interscope Records*",65,65,2,"8715690"
66,"spotify:track:0ZNU020wNYvgW84iljPkPP","Taylor Swift","mirrorball","Taylor Swift",13,13,2,"8690740"
67,"spotify:track:6KJqZcs9XDgVck7Lg9QOTC","Taylor Swift","seven","Taylor Swift",15,15,2,"8630029"
68,"spotify:track:7szuecWAPwGoV1e5vGu8tl","The Weeknd","In Your Eyes","Republic Records",6,63,20,"8573974"
69,"spotify:track:6VsvKPJ4xjVNKpI8VVZ3SV","Taylor Swift","invisible string","Taylor Swift",17,17,2,"8509963"
70,"spotify:track:2fZTS0VboxRpF0FdfY7E5P","Juice WRLD","Conversations","Grade A Productions/Interscope Records",9,61,4,"8452100"
71,"spotify:track:0RiRZpuVRbi7oqRdSMwhQY","Post Malone, Swae Lee","Sunflower - Spider-Man: Into the Spider-Verse","Republic Records",1,79,94,"8448316"
72,"spotify:track:3eekarcy7kvN4yt5ZFzltW","Travis Scott","HIGHEST IN THE ROOM","Cactus Jack/Epic",1,77,44,"8305279"
73,"spotify:track:3Dv1eDb0MEgF93GpLXlucZ","Doja Cat","Say So","Kemosabe Records/RCA Records",6,75,32,"8295688"
74,"spotify:track:66W1rVTnEv86dIkFhoiElg","Regard, RAYE","Secrets","Ministry of Sound Recordings",66,88,10,"8172533"
75,"spotify:track:2tnVG71enUj33Ic2nFN6kZ","Regard","Ride It","Ministry of Sound Recordings",12,87,48,"8131178"
76,"spotify:track:285pBltuF7vW8TeWk8hdRR","Juice WRLD","Lucid Dreams","Juice WRLD Mixtape / ISR P&D",3,83,117,"8113632"
77,"spotify:track:06s3QtMJVXw1AJX3UfvZG1","Anuel AA, Bad Bunny","Hasta Que Dios Diga","2020 Real Hasta La Muerte, LLC",32,80,10,"8024377"
78,"spotify:track:7kt9e9LFSpN1zQtYEl19o1","Taylor Swift","this is me trying","Taylor Swift",18,18,2,"7981241"
79,"spotify:track:3ZCTVFBt2Brf31RLEnCkWJ","Billie Eilish","everything i wanted","Darkroom/Interscope Records",2,111,39,"7927140"
80,"spotify:track:25zlnOAzbVoOzIeXSvQFf1","Pop Smoke","Got It On Me","Victor Victor Worldwide",41,105,5,"7903772"
81,"spotify:track:79s5XnCN4TJKTVMSmOx8Ep","Pop Smoke","Dior","Victor Victor Worldwide/Republic Records",40,85,21,"7896579"
82,"spotify:track:2D0dj3hVkRQJCp63cxCPEx","Curtis Waters, Harm Franklin","Stunnin' (feat. Harm Franklin) (Explicit)","BMG Rights Management (US) LLC",68,91,7,"7807214"
83,"spotify:track:2NmsngXHeC1GQ9wWrzhOMf","Taylor Swift","illicit affairs","Taylor Swift",20,20,2,"7796587"
84,"spotify:track:2xLMifQCjDGFmkHkpNLD9h","Travis Scott","SICKO MODE","Cactus Jack / Epic",2,92,105,"7767424"
85,"spotify:track:696DnlkuDOXcMAnKlTgXXK","Arizona Zervas","ROXANNE","Arizona Zervas",2,89,41,"7718521"
86,"spotify:track:66FgjA5ZQJJuypFG1bc8se","Juice WRLD, Marshmello, The Kid LAROI, Polo G","Hate The Other Side (with Marshmello & The Kid Laroi)","Grade A Productions/Interscope Records",14,72,4,"7705239"
87,"spotify:track:1ENdcyhqdylaLsPVgB83qq","Rod Wave, ATR Son Son","Rags2Riches (feat. ATR Son Son)","Alamo",59,90,4,"7652192"
88,"spotify:track:7lUdbnz7wsv3C9zzf4WHl9","Feid, J Balvin, Maluma, Nicky Jam, Sech, Justin Quiles","PORFA Remix ( Feat. Maluma, Nicky Jam, Sech) - Remix","JP Entertainment (Jorge Pino)",81,98,6,"7614491"
89,"spotify:track:7C1trmcQQ5n5RNy4l6ziCv","Nea, Felix Jaehn","Some Say - Felix Jaehn Remix","Milkshake",81,101,8,"7611694"
90,"spotify:track:4NhDYoQTYCdWHTvlbGVgwo","6ix9ine","GOOBA","Scumgang Records",4,86,13,"7599856"
91,"spotify:track:50ZC4PM7hywH27RcCfViau","Rauw Alejandro, Dalex, Lenny Tavárez, Dímelo Flow","Elegí (feat. Dímelo Flow)","Sony Music Latin",54,93,18,"7598813"
92,"spotify:track:1K5KBOgreBi5fkEHvg5ap3","Future, Drake","Life Is Good (feat. Drake)","Epic/Freebandz",3,95,30,"7572629"
93,"spotify:track:5kI4eCXXzyuIUXjQra0Cxi","Taylor Swift","betty","Taylor Swift",24,24,2,"7541234"
94,"spotify:track:0u2P5u6lvoDfwTYjAADbn4","Billie Eilish, Khalid","lovely (with Khalid)","Darkroom",24,109,120,"7482311"
95,"spotify:track:45bE4HXI0AwGZXfZtMp8JR","Tate McRae","you broke me first","RCA Records Label",95,114,4,"7441255"
96,"spotify:track:2lCkncy6bIB0LTMT7kvrD1","J Balvin","Azul","UMLE - Latino",61,96,20,"7369120"
97,"spotify:track:1sgDyuLooyvEML4oHspNza","Kygo, OneRepublic","Lose Somebody","Kygo",32,103,12,"7328665"
98,"spotify:track:2rPHUAeUPbNgTmK18FPTiZ","The Kid LAROI, Juice WRLD","GO (feat. Juice WRLD)","Columbia",60,78,8,"7250827"
99,"spotify:track:615vw74T1NebV8pKoutm2J","Juice WRLD","Righteous","Grade A Productions/Interscope Records",10,84,15,"7201091"
100,"spotify:track:2DEZmgHKAvm41k4J3R2E9Y","Bad Bunny, Jowell & Randy, Ñengo Flow","Safaera","Rimas Entertainment LLC",9,106,23,"7191090"
101,"spotify:track:4h5N4KyWZMtpeH9vhXSXjd","Juice WRLD, Halsey","Life's A Mess (feat. Halsey)","Grade A Productions/Interscope Records",8,76,5,"7161646"
102,"spotify:track:0jT8Nl0shPS8115is0wD2Q","Camilo","Favorito","Sony Music Latin",29,100,18,"7117927"
103,"spotify:track:4DpNNXFMMxQEKl7r0ykkWA","Melanie Martinez","Play Date","Atlantic Records",26,102,15,"7066712"
104,"spotify:track:0SqqAgdovOE24BzxIClpjw","Bad Bunny","Yo Perreo Sola","Rimas Entertainment LLC",18,107,23,"7048841"
105,"spotify:track:6Hj9jySrnFppAI0sEMCZpJ","Juice WRLD","Robbery","Grade A Productions/Interscope Records",18,117,55,"7034444"
106,"spotify:track:2KoHxhRyWxJzA0VafWd5Nk","Sam Smith, Burna Boy","My Oasis (feat. Burna Boy)","PLG - Capitol",106,-1,1,"7024040"
107,"spotify:track:0dZpw3h6KZhcHec61qwevZ","Conkarah, Shaggy, DJ Fle","Banana (feat. Shaggy) (DJ FLe Minisiren Remix)","S-Curve Records",71,97,8,"6882008"
108,"spotify:track:5v4GgrXPMghOnBBLmveLac","Megan Thee Stallion, Beyoncé","Savage Remix (feat. Beyoncé)","300 Entertainment",13,94,15,"6880551"
109,"spotify:track:380HmhwTE2NJgawn1NwkXi","J Balvin","Rojo","UMLE - Latino",14,112,23,"6854207"
110,"spotify:track:2QDyYdZyhlP2fp79KZX8Bi","Taylor Swift","mad woman","Taylor Swift",29,29,2,"6796343"
111,"spotify:track:2VxeLyX666F8uXCJ0dZF8B","Lady Gaga, Bradley Cooper","Shallow","A Star is Born OST",3,116,97,"6715881"
112,"spotify:track:1jaTQ3nqY3oAAYyCTbIvnM","Jack Harlow","WHATS POPPIN","Generation Now/Atlantic",26,108,27,"6664716"
113,"spotify:track:7gwwt1IaAWwmB7af0AcuBM","Harry Nach","Tak Tiki Tak","Sony Music Entertainment Chile S.A",76,113,9,"6613303"
114,"spotify:track:4wVOKKEHUJxHCFFNUWDn0B","Drake, GIVĒON","Chicago Freestyle (feat. Giveon)","OVO",23,110,14,"6527136"
115,"spotify:track:0hVXuCcriWRGvwMV1r5Yn9","Ed Sheeran & Justin Bieber, Justin Bieber","I Don't Care (with Justin Bieber)","Atlantic Records UK",1,119,65,"6482095"
116,"spotify:track:2kJwzbxV2ppxnQoYw4GLBZ","JP Saxe, Julia Michaels","If the World Was Ending (feat. Julia Michaels)","Arista Records",38,118,39,"6456561"
117,"spotify:track:57RA3JGafJm5zRtKJiKPIm","Wallows, Clairo","Are You Bored Yet? (feat. Clairo)","Atlantic Records",108,126,7,"6448941"
118,"spotify:track:4OENnoidV0h8gJV6bhrw7r","Headie One, Drake","Only You Freestyle","Relentless Records",74,74,3,"6428675"
119,"spotify:track:0pqnGHJpmpxLKifKRmU6WP","Imagine Dragons","Believer","Kid Ina Korner / Interscope",16,123,183,"6329224"
120,"spotify:track:2tFwfmceQa1Y6nRPhYbEtC","JHAYCO, Bad Bunny","CÓMO SE SIENTE - Remix","N&E Entertainment LLC",63,122,13,"6281858"
121,"spotify:track:7FIWs0pqAYbP91WWM0vlTQ","Eminem, Juice WRLD","Godzilla (feat. Juice WRLD)","Shady/Aftermath/Interscope Records",4,121,29,"6218507"
122,"spotify:track:4xqrdfXkTW4T0RauPLv3WA","Conan Gray","Heather","Republic Records",122,140,2,"6213460"
123,"spotify:track:6gxKUmycQX7uyMwJcweFjp","Lil Baby, 42 Dugg","We Paid (feat. 42 Dugg)","Quality Control/Motown Records",68,124,7,"6170534"
124,"spotify:track:1ZMiCix7XSAbfAJlEZWMCp","Harry Styles","Falling","Columbia",29,135,34,"6150837"
125,"spotify:track:527k23H0A4Q0UJN3vGs0Da","Don Toliver","After Party","We Run It Ent./Cactus Jack/Atlantic",42,120,16,"6126064"
126,"spotify:track:08fa9LFcFBTcilB3iq2e2A","Taylor Swift","epiphany","Taylor Swift",33,33,2,"6085522"
127,"spotify:track:4slSrbTK1sNK4I1mDYEthf","S1mba, DTG","Rover (feat. DTG)","Parlophone UK",77,125,12,"6058824"
128,"spotify:track:7CHi4DtfK4heMlQaudCuHK","MEDUZA, Becky Hill, Goodboys","Lose Control","Intercord",27,131,42,"6008395"
129,"spotify:track:3AzjcOeAmA57TIOr9zF1ZW","Dua Lipa","Physical","Warner Records",12,130,27,"5980225"
130,"spotify:track:4ja2gzrNh9VNigzoXfmbwD","Peach Tree Rascals","Mariposa","Homemade Projects, LLC / TenThousand Projects, LLC",103,127,7,"5978208"
131,"spotify:track:4xWzZmX4K1yyrdtRfbUvjt","Niack, Two Maloka, DJ Léo da 17","Oh Juliana","Niack",131,178,2,"5976682"
132,"spotify:track:7MbT4I8qGntX4fMdqMQgke","Taylor Swift","peace","Taylor Swift",41,41,2,"5943851"
133,"spotify:track:7aiClxsDWFRQ0Kzk5KI5ku","blackbear","hot girl bummer","Alamo",9,133,50,"5860228"
134,"spotify:track:78qd8dvwea0Gosb6Fe6j3k","Doja Cat","Boss Bitch","Atlantic Records",21,129,23,"5856434"
135,"spotify:track:2u6Jm2klS4yvAlbSHlxUwI","Robin Schulz, Wes","Alane","WM Germany",135,149,4,"5852501"
136,"spotify:track:7m9OqQk4RVRkw9JJdeAw96","XXXTENTACION","Jocelyn Flores","Bad Vibes Forever / EMPIRE",7,136,153,"5831929"
137,"spotify:track:3nS9a01VvXHQriLqJYwRqG","Gunna, Young Thug","DOLLAZ ON MY HEAD (feat. Young Thug)","300 Entertainment",69,132,11,"5826067"
138,"spotify:track:43zdsphuZLzwA9k4DJhU0I","Billie Eilish","when the party's over","Darkroom/Interscope Records",9,155,94,"5802346"
139,"spotify:track:2WRTnY0slmFgWcrmEr8dPj","Apache 207","Bläulich","Four Music Local",50,165,5,"5787069"
140,"spotify:track:5esKpsrB3TbGHwFaAjIGMx","A$AP Ferg, Nicki Minaj, MadeinTYO","Move Ya Hips (feat. Nicki Minaj & MadeinTYO)","A$AP Worldwide/Polo Grounds Music/RCA Records",140,-1,1,"5768616"
141,"spotify:track:4CyCHkhRsDXUeP5K4Y3xjU","Apache 207","Sie ruft","Four Music Local",141,-1,1,"5752169"
142,"spotify:track:6ocbgoVGwYJhOv1GgI9NsF","Ariana Grande","7 rings","Republic Records",1,138,81,"5724523"
143,"spotify:track:0e7ipj03S05BNilyu5bRzt","Post Malone, 21 Savage","rockstar (feat. 21 Savage)","Republic Records",1,139,151,"5712590"
144,"spotify:track:1g3J9W88hTG173ySZR6E9S","Bonez MC","Tilidin Weg","187 Strassenbande & Vertigo/Capitol",144,-1,1,"5674945"
145,"spotify:track:70eFcWOvlMObDhURTqT4Fv","Ed Sheeran, Khalid","Beautiful People (feat. Khalid)","Atlantic Records UK",3,142,58,"5650017"
146,"spotify:track:4u7EnebtmKWzUH433cf5Qv","Queen","Bohemian Rhapsody - Remastered 2011","EMI",11,146,101,"5627915"
147,"spotify:track:7qiZfU4dY1lWllzX7mPBI3","Ed Sheeran","Shape of You","Atlantic Records UK",1,143,187,"5618794"
148,"spotify:track:3ee8Jmje8o58CHK66QrVC2","XXXTENTACION","SAD!","Bad Vibes Forever, LLC",1,148,127,"5536690"
149,"spotify:track:0Tcw8w9pvPrZoORgxsNASW","Future, Lil Uzi Vert","Over Your Head","Generation Now/Atlantic",149,-1,1,"5534361"
150,"spotify:track:4NCsrTzgVfsDo8nWyP8PPc","Black Eyed Peas, J Balvin","RITMO (Bad Boys For Life)","Universal Music Division Polydor France",9,144,43,"5524189"
151,"spotify:track:3Be7CLdHZpyzsVijme39cW","Kygo, Tina Turner","What's Love Got to Do with It","Kygo",86,150,3,"5440936"
152,"spotify:track:5EbtodsuLbxrFDH6j5avVS","Camilo, Pablo Alborán","El Mismo Aire - con Pablo Alborán","Sony Music Latin",148,156,4,"5388939"
153,"spotify:track:6MWoRt97mnSTXZhu3ggi9C","Taylor Swift","hoax","Taylor Swift",47,47,2,"5375944"
154,"spotify:track:5uCax9HTNlzGybIStD3vDh","James Arthur","Say You Won't Let Go","Columbia",7,152,187,"5366874"
155,"spotify:track:0tgVpDi06FyKpA1z0VMD4v","Ed Sheeran","Perfect","Atlantic Records UK",4,153,178,"5366023"
156,"spotify:track:4zGtfOglDBfVUypabBwIjQ","ZAAC, Anitta, Tyga","Desce Pro Play (PA PA PA)","Universal Music Ltda.",112,154,6,"5326344"
157,"spotify:track:5f1joOtoMeyppIcJGZQvqJ","Kane Brown, Swae Lee, Khalid","Be Like That - feat. Swae Lee & Khalid","RCA Records Label Nashville",142,167,4,"5319917"
158,"spotify:track:2GiJYvgVaD2HtM8GqD9EgQ","BØRNS","Electric Love","UMGRI Interscope",158,-1,1,"5308884"
159,"spotify:track:34FbkFgAbv4ffvhL2XQMVm","Aya Nakamura","Jolie nana","Rec. 118",126,137,3,"5276641"
160,"spotify:track:2dpaYNEQHiRxtZbfNsse99","Marshmello, Bastille","Happier","Joytime Collective",2,157,103,"5237889"
161,"spotify:track:4TOmcZvw0gHa7GiXRbcYAW","Feid, Justin Quiles","PORFA","JP Entertainment (Jorge Pino)",56,145,18,"5169204"
162,"spotify:track:4VXIryQMWpIdGgYR4TrjT1","Juice WRLD","All Girls Are The Same","Juice WRLD Mixtape / ISR P&D",48,160,50,"5163846"
163,"spotify:track:59qrUpoplZxbIZxk6X0Bm3","Jason Derulo","Take You Dancing","Atlantic Records",151,151,2,"5060837"
164,"spotify:track:0eeKDrQxjqNl5bX5VCHDcn","Justin Quiles, Daddy Yankee, El Alfa","PAM","WEA Latina",117,159,12,"5050287"
165,"spotify:track:4SJHHpKhcuXwDsCsPqshXj","Rauw Alejandro, Chencho Corleone","El Efecto","Duars Entertainment, Corp.",100,161,13,"5034584"
166,"spotify:track:3MmCFghNjzZMn3HKqbVizn","Juice WRLD","Blood On My Jeans","Grade A Productions/Interscope Records",25,141,4,"4978899"
167,"spotify:track:6FZDfxM3a3UCqtzo5pxSLZ","Halsey","Without Me","Capitol Records",4,168,96,"4945063"
168,"spotify:track:5m3jpKkgkfoMcym1qjToFg","Alex Rose, Rafa Pabön","Jangueo","Los Oidos Fresh/ Los Proximos",122,166,21,"4924695"
169,"spotify:track:7oJW8vNkosiWuKJtsq3mZs","Apache 207","Unterwegs","Four Music Local",134,134,2,"4913278"
170,"spotify:track:6yVkakCN460KOVol9ZazjH","Anuel AA","Reggaetonera","2020 Real Hasta La Muerte, LLC",111,169,7,"4900048"
171,"spotify:track:3GZd1aDsgKL71Kt3VIp0hc","NLE Choppa, Lil Baby","Narrow Road (feat. Lil Baby)","Warner Records",171,-1,1,"4828004"
172,"spotify:track:2wrJq5XKLnmhRXHIAf9xBa","Dan + Shay, Justin Bieber","10,000 Hours (with Justin Bieber)","Warner Records Nashville",5,175,44,"4794484"
173,"spotify:track:3JKgcAa7r07ocVWcV8bS0H","Polo G","21","Columbia",161,173,6,"4793955"
174,"spotify:track:3U4isOIWM3VvDubwSI3y7a","John Legend","All of Me","G.O.O.D. Music/Columbia",143,176,78,"4774181"
175,"spotify:track:0JP9xo3adEtGSdUEISiszL","XXXTENTACION","Moonlight","Bad Vibes Forever, LLC",2,179,123,"4773164"
176,"spotify:track:6RUKPb4LETWmmr3iAEQktW","The Chainsmokers, Coldplay","Something Just Like This","Disruptor Records/Columbia",2,191,148,"4770937"
177,"spotify:track:3QzAOrNlsabgbMwlZt7TAY","Mustard, Roddy Ricch","Ballin' (with Roddy Ricch)","10 Summers Records/Interscope Records",37,171,44,"4713868"
178,"spotify:track:6zEgnpM0qYmHLDnh8WPejL","J Balvin","Amarillo","UMLE - Latino",26,172,20,"4695091"
179,"spotify:track:7yq4Qj7cqayVTp3FF9CWbm","Vance Joy","Riptide","F-Stop Records/Atlantic",175,193,8,"4684578"
180,"spotify:track:1kKYjjfNYxE0YYgLa7vgVY","Kygo, Whitney Houston","Higher Love","Kygo",31,186,56,"4666830"
181,"spotify:track:4QfZYDhGZc0T2RDvGiI69E","El Alfa, Chael Produciendo","Singapur","EL JEFE RECORDS LLC",179,182,3,"4661170"
182,"spotify:track:6K4t31amVTZDgR3sKmwUJJ","Tame Impala","The Less I Know The Better","Universal Music Australia Pty. Ltd.",149,199,30,"4634860"
183,"spotify:track:7na7Bk98usp84FaOJFPv3d","Rauw Alejandro","Tattoo","(SME US Latin) Duars Entertainment, Corp. (2)",42,162,24,"4588064"
184,"spotify:track:25sgk305KZfyuqVBQIahim","Ava Max","Sweet but Psycho","Atlantic Records",6,-1,96,"4584977"
185,"spotify:track:4JB0EAT4BkLShTyTt50FmO","Ty Dolla $ign, FKA twigs, Skrillex, Kanye West","Ego Death (feat. Kanye West, FKA twigs & Skrillex)","Atlantic Records",86,158,5,"4583475"
186,"spotify:track:52zq2a71SGs3f1vJuv59ui","Juanfran","Como Llora","DN7 Music",186,200,5,"4580146"
187,"spotify:track:2jyjhRf6DVbMPU5zxagN2h","Passenger","Let Her Go","Embassy of Music",170,-1,14,"4570529"
188,"spotify:track:4ZLzoOkj0MPWrTLvooIuaa","Kina, Snøw","Get You The Moon (feat. Snøw)","Columbia",95,198,60,"4563745"
189,"spotify:track:35KmOEIUqAGn02t7n4qaIr","J Balvin","Morado","UMLE - Latino",33,184,30,"4561936"
190,"spotify:track:5qrSlOut2rNAWv3ubArkNy","Dean Lewis","Be Alright","Universal Music Australia Pty. Ltd.",12,-1,101,"4559990"
191,"spotify:track:4cSSL3YafYjM3yjgFO1vJg","NLE Choppa, Roddy Ricch","Walk Em Down (feat. Roddy Ricch)","Warner Records",50,181,20,"4545947"
192,"spotify:track:2iUXsYOEPhVqEBwsqP70rE","5 Seconds of Summer","Youngblood","Capitol",8,197,117,"4519936"
193,"spotify:track:6gi6y1xwmVszDWkUqab1qw","JACKBOYS, Travis Scott, Young Thug","OUT WEST (feat. Young Thug)","Cactus Jack/Epic",27,183,32,"4514901"
194,"spotify:track:5DqdesEfbRyOlSS3Tf6c29","Ali Gatie","It's You","Warner Records",27,-1,59,"4509818"
195,"spotify:track:5TGcyccg8Hkgn9jB7gUpMN","VIZE, Tom Gregory","Never Let Me Down","Kontor Records",170,190,4,"4495463"
196,"spotify:track:5T8EDUDqKcs6OSOwEsfqG7","Queen","Don't Stop Me Now - Remastered 2011","EMI",51,-1,66,"4493024"
197,"spotify:track:5DV4ZSCqbFv74ui3ZhimXo","Jason Derulo, Puri, Jhorrmountain","Coño","Spinnin' Records",197,-1,1,"4486806"
198,"spotify:track:3S0OXQeoh0w6AY8WQVckRW","Jason Mraz","I'm Yours","Atlantic Records/ATG",124,-1,61,"4483680"
199,"spotify:track:2uIX8YMNjGMD7441kqyyNU","Billie Eilish","ocean eyes","Darkroom",101,-1,72,"4476954"
200,"spotify:track:4Of7rzpRpV1mWRbhp5rAqG","Lewis Capaldi","Bruises","Vertigo Berlin",66,-1,53,"4476118"
