﻿rank,uri,artist_names,track_name,source,peak_rank,previous_rank,weeks_on_chart,streams
1,"spotify:track:35mvY5S1H3J2QZyna3TFe0","Ariana Grande","positions","Republic Records",1,1,2,"41067766"
2,"spotify:track:47EiUVwUp4C9fGccaPuUCS","Bad Bunny, JHAYCO","DÁKITI","Rimas Entertainment LLC",2,-1,1,"36489203"
3,"spotify:track:3tjFYV6RSFtuktYl3ZtYcq","24kGoldn, iann dior","Mood (feat. iann dior)","Records/Columbia",1,2,13,"34016574"
4,"spotify:track:7hxHWCCAIIxFLCzvDgnQHX","Internet Money, Gunna, Don Toliver, NAV","Lemonade (feat. NAV)","Internet Money Records / TenThousand Projects",2,3,12,"28685476"
5,"spotify:track:6Im9k8u9iIzKMrmV7BWtlF","Ariana Grande","34+35","Republic Records",5,-1,1,"26153463"
6,"spotify:track:1tkg4EHVoqnhR6iFEXb60y","Pop Smoke","What You Know Bout Love","Victor Victor Worldwide",6,6,9,"23370098"
7,"spotify:track:0t1kP63rueHleOhQkYSXFY","BTS","Dynamite","BIGHIT MUSIC",2,4,11,"23324757"
8,"spotify:track:4y4spB9m0Q6026KfkAvy9Q","Justin Bieber, benny blanco","Lonely (with benny blanco)","Friends Keep Secrets/Def Jam Recordings/Interscope Records",8,10,3,"22702806"
9,"spotify:track:1yoMvmasuxZfqHEipJhRbp","Maluma","Hawái","Sony Music Latin",2,7,14,"22160052"
10,"spotify:track:4Oun2ylbjFKMPTiaSbbCih","Cardi B, Megan Thee Stallion","WAP (feat. Megan Thee Stallion)","Atlantic/KSR",1,5,13,"22120658"
11,"spotify:track:0VjIjW4GlUZAMYd2vXMi3b","The Weeknd","Blinding Lights","Republic Records",1,8,49,"21712025"
12,"spotify:track:5u1n1kITHCxxp8twBcZxWy","Justin Bieber, Chance the Rapper","Holy (feat. Chance The Rapper)","RBMG/Def Jam",4,9,7,"19501584"
13,"spotify:track:0PvFJmanyNQMseIFrU708S","Pop Smoke, Lil Baby, DaBaby","For The Night (feat. Lil Baby & DaBaby)","Victor Victor Worldwide",7,12,18,"19376460"
14,"spotify:track:5GkQIP5mWPi4KZLLXeuFTT","Ariana Grande, Doja Cat","motive (with Doja Cat)","Republic Records",14,-1,1,"18881677"
15,"spotify:track:6UelLqGlWMcVH1E5c4H7lY","Harry Styles","Watermelon Sugar","Columbia",4,11,51,"18817219"
16,"spotify:track:45bE4HXI0AwGZXfZtMp8JR","Tate McRae","you broke me first","RCA Records Label",13,14,17,"17721936"
17,"spotify:track:6cx06DFPPHchuUAcTxznu9","Joel Corry, MNEK","Head & Heart (feat. MNEK)","Atlantic Records UK",11,13,17,"17651485"
18,"spotify:track:35UUpTmrcFXNIVIN26ujXl","Sech, Daddy Yankee, J Balvin, ROSALÍA, Farruko","Relación - Remix","Rich Music",15,17,9,"15790272"
19,"spotify:track:6AGOKlMZWLCaEJGnaROtF9","Ritt Momney","Put Your Records On","Columbia",18,18,8,"15184430"
20,"spotify:track:7E1jVNoWuemqUryI4FxsVD","Ariana Grande, The Weeknd","off the table (with The Weeknd)","Republic Records",20,-1,1,"15128629"
21,"spotify:track:7ytR5pFWmSjzHJIeQkgog4","DaBaby, Roddy Ricch","ROCKSTAR (feat. Roddy Ricch)","South Coast Music Group/Interscope Records",1,15,29,"14888830"
22,"spotify:track:2SAqBLGA283SUiwJ3xOUVI","Drake, Lil Durk","Laugh Now Cry Later (feat. Lil Durk)","OVO",2,16,12,"14530951"
23,"spotify:track:3UoULw70kMsiVXxW0L3A33","Ariana Grande","pov","Republic Records",23,-1,1,"14068373"
24,"spotify:track:4xqrdfXkTW4T0RauPLv3WA","Conan Gray","Heather","Republic Records",12,19,15,"13911758"
25,"spotify:track:7Dx9Z6Aon1qPS2N0rHSWTe","Ariana Grande","just like magic","Republic Records",25,-1,1,"13662237"
26,"spotify:track:5KCbr5ndeby4y4ggthdiAb","Shawn Mendes","Wonder","Shawn Mendes LP4-5 PS/ Island",12,20,5,"13606770"
27,"spotify:track:15OjBeqNX3bShsGYQbteRv","Farruko","La Tóxica","Sony Music Latin",22,22,9,"13506988"
28,"spotify:track:11EnQRgRMJwMAesfkB5pnu","Lele Pons, Guaynaa","Se Te Nota (with Guaynaa)","Shots Studios & Music/10:22pm/Interscope Records",28,31,7,"13424947"
29,"spotify:track:1xQ6trAsedVPCdbtDAmk0c","Jawsh 685, Jason Derulo","Savage Love (Laxed - Siren Beat)","Columbia",1,21,21,"13337625"
30,"spotify:track:73nAK3HgQK8dak83Y2WQ8F","Camilo","Vida de Rico","Sony Music Latin",25,25,6,"13087055"
31,"spotify:track:3ko9jEHNt4O5fjKN65ULJp","Ariana Grande","shut up","Republic Records",31,-1,1,"12968870"
32,"spotify:track:7qEHsqek33rTcFNT9PFqLf","Lewis Capaldi","Someone You Loved","Vertigo Berlin",4,23,96,"12917960"
33,"spotify:track:0EhpEsp4L0oRGM0vmeaN5e","J Balvin, Dua Lipa, Bad Bunny, Tainy","UN DIA (ONE DAY) (Feat. Tainy)","Universal Music Latino/ NEON16",10,28,15,"12758960"
34,"spotify:track:7ndTONDDRFGiPnnhOzOXxq","Manuel Turizo, Rauw Alejandro, Myke Towers","La Nota","Sony Music Latin/La Industria",34,46,4,"12705444"
35,"spotify:track:4HYDUMY0xSpeBr0AMY9cUz","Jay Wheeler, DJ Nelson, Myke Towers","La Curiosidad","Linked Music / Dynamic Records / EMPIRE",19,27,19,"12683916"
36,"spotify:track:59qrUpoplZxbIZxk6X0Bm3","Jason Derulo","Take You Dancing","Atlantic Records",30,30,15,"12506787"
37,"spotify:track:2Wo6QQD1KMDWeFkkjLqwx5","SAINt JHN, Imanbek","Roses - Imanbek Remix","Columbia/B1 Recordings",3,24,47,"12415520"
38,"spotify:track:14gkWVFMwdxBMyqBw1wmIg","Ariana Grande, Ty Dolla $ign","safety net (feat. Ty Dolla $ign)","Republic Records",38,-1,1,"12386645"
39,"spotify:track:6OqrJqDMu15AGJHJazg9Nr","Dua Lipa, DaBaby","Levitating (feat. DaBaby)","Warner Records",39,47,5,"12381915"
40,"spotify:track:5y7DaS3jAc9eZzcSOoUIwU","Ozuna, J Balvin, Chencho Corleone","Una Locura","Aura Music Corp.",37,39,8,"11910106"
41,"spotify:track:3GtnId3Cm1Xa6joCj08nzW","Justin Quiles","Jeans","WEA Latina",41,42,10,"11776712"
42,"spotify:track:0sci7ppTZFm4mjcH3nu8yO","Ariana Grande","nasty","Republic Records",42,-1,1,"11773769"
43,"spotify:track:2gMXnyrvIjhVBUZwvLZDMP","Lewis Capaldi","Before You Go","Vertigo Berlin",19,34,50,"11546361"
44,"spotify:track:27ycaQnQAxaPiyeg3nr2aB","Miley Cyrus","Midnight Sky","RCA Records Label",14,35,12,"11541573"
45,"spotify:track:3H7ihDc1dqLriiWXwsc2po","Topic, A7S","Breaking Me","Intercord",8,33,33,"11528317"
46,"spotify:track:1rgnBhdG2JDFTbYkYRZAku","Tones And I","Dance Monkey","Elektra (NEK)",1,37,68,"11356032"
47,"spotify:track:0ofHAoxe9vBkTCp2UQIavz","Fleetwood Mac","Dreams - 2004 Remaster","Rhino/Warner Records",20,26,6,"11309921"
48,"spotify:track:7x4ASXYEKfQBCewcZhK776","KAROL G","Ay, DiOs Mío!","UMLE - Latino",14,40,17,"11086864"
49,"spotify:track:6u7gmPOz7pzzaeR9xSBpsR","Ariana Grande","my hair","Republic Records",49,-1,1,"11028985"
50,"spotify:track:4JUPEh2DVSXFGExu4Uxevz","BLACKPINK, Selena Gomez","Ice Cream (with Selena Gomez)","YG Entertainment/Interscope Records",5,32,10,"11009301"
51,"spotify:track:2IKJtXeR5UsaUjZB46fTOK","Ariana Grande","six thirty","Republic Records",51,-1,1,"10941573"
52,"spotify:track:0JAZWvvqttGFm4UMDsPQXC","Ozuna, Camilo","Despeinada","Aura Music Corp.",37,41,9,"10910872"
53,"spotify:track:4RJz8NfIe09gpKMiRUWKhJ","Maluma, Lenny Tavárez, Justin Quiles","Parce (feat. Justin Quiles)","Sony Music Latin",51,51,11,"10633791"
54,"spotify:track:6EDO9iiTtwNv6waLwa1UUq","DJ Khaled, Drake","POPSTAR (feat. Drake)","OVO/We The Best/Epic",7,38,16,"10475211"
55,"spotify:track:45S5WTQEGOB1VHr1Q4FuPl","Harry Styles","Golden","Columbia",44,86,3,"10397566"
56,"spotify:track:2bgcUk2A3jjKbCJ7KPquTi","Wisin, Myke Towers, Los Legendarios","Mi Niña","La Base Music Group/ WK Records",56,59,5,"10262326"
57,"spotify:track:2Y0wPrPQBrGhoLn14xRYCG","Juice WRLD, Marshmello","Come & Go (with Marshmello)","Grade A Productions/Interscope Records",4,43,17,"10156058"
58,"spotify:track:4Ws314Ylb27BVsvlZOy30C","BLACKPINK","Lovesick Girls","YG Entertainment/Interscope Records",6,36,5,"10048777"
59,"spotify:track:0q85C1JiECyYIQthz1posA","Ariana Grande","obvious","Republic Records",59,-1,1,"9836943"
60,"spotify:track:0AUvWawuP0ibk4SQ3sIZjk","Ashnikko","Daisy","Parlophone UK",45,45,7,"9830061"
61,"spotify:track:4ZRrLHqzhGRXYj2qcB4s5S","Rauw Alejandro, Camilo","Tattoo - Remix with Camilo","Sony Music Latin/Duars Entertainment",22,48,17,"9665960"
62,"spotify:track:1hJIbOjWpid6LtnozHmzRS","Sam Smith","Diamonds","PLG - Capitol",42,84,7,"9635460"
63,"spotify:track:5rZlwNFl01HqLWBQGryKSm","Pop Smoke, Lil Tjay","Mood Swings (feat. Lil Tjay)","Victor Victor Worldwide",12,44,18,"9575030"
64,"spotify:track:7B3z0ySL9Rr0XvZEAjWZzM","Clairo","Sofia","FADER Label",55,55,5,"9524213"
65,"spotify:track:6NYtLvyThMT0oALFdJFdzq","Ariana Grande","love language","Republic Records",65,-1,1,"9399230"
66,"spotify:track:1whfVLMKWqAX3uk97VXsNN","Ariana Grande","west side","Republic Records",66,-1,1,"9397167"
67,"spotify:track:6bvfJf4KjonPMuPfGfy3S2","Nio Garcia, Anuel AA, Myke Towers, Brray, Juanka","La Jeepeta - Remix","Flow La Movie, Inc.",13,50,25,"9291976"
68,"spotify:track:3apeXzypBMnUfYcZYNX6DH","TWICE","I CAN'T STOP ME","Republic Records - TWICE",68,141,2,"9271828"
69,"spotify:track:4DuUwzP4ALMqpquHU0ltAB","Jack Harlow","Tyler Herro","Generation Now/Atlantic",62,62,2,"9236771"
70,"spotify:track:3PfIrDoz19wz7qK7tYeu62","Dua Lipa","Don't Start Now","Warner Records",2,53,53,"9217592"
71,"spotify:track:4SFknyjLcyTLJFPKD2m96o","BLACKPINK","How You Like That","YG Entertainment/Interscope Records",4,49,19,"9214582"
72,"spotify:track:7eJMfftS33KTjuF7lTsMCx","Powfu, beabadoobee","death bed (coffee for your head)","Columbia",4,54,38,"8927978"
73,"spotify:track:6fmQjRuo7XvRFCK2qex5hQ","Jerry Di","Mi Cuarto","Nacho",47,57,11,"8759032"
74,"spotify:track:6juLaduD4STCUDWT0AYun4","K/DA, Madison Beer, i-dle, Lexie Liu, Jaira Burns, Seraphine, League of Legends","MORE","Riot Games",74,-1,1,"8631303"
75,"spotify:track:4HBZA5flZLE435QTztThqH","Ariana Grande, Justin Bieber","Stuck with U (with Justin Bieber)","Ariana Grande & Justin Bieber ""Stuck With U""- Charity",2,66,26,"8428688"
76,"spotify:track:22LAwLoDA5b4AaGSkg6bKW","Lil Mosey","Blueberry Faygo","Mogul Vision/Interscope Records",8,60,39,"8428612"
77,"spotify:track:7ju97lgwC2rKQ6wwsf9no9","Lady Gaga, Ariana Grande","Rain On Me (with Ariana Grande)","Interscope",1,56,24,"8376094"
78,"spotify:track:6HlE9t71z9DjGi7KqSyEpA","Fousheé","Deep End","Not specified",70,70,3,"8325161"
79,"spotify:track:21jGcNKet2qwijlDFuPiPb","Post Malone","Circles","Republic Records",1,63,62,"8317975"
80,"spotify:track:2U5WueTLIK5WJLD7mvDODv","Juice WRLD","Wishing Well","Grade A Productions/Interscope Records",7,58,17,"8276823"
81,"spotify:track:3F1P0QzdXtBz0MXy7KIO5w","Dua Lipa, Angèle","Fever","Warner Records",81,-1,1,"8235761"
82,"spotify:track:5Jm4w8jmPEBTLjI9vH4fXo","Ozuna","Caramelo","Aura Music Corp.",17,67,21,"8129389"
83,"spotify:track:7kDUspsoYfLkWnZR7qwHZl","mgk, blackbear","my ex's best friend (with blackbear)","Bad Boy/Interscope Records",39,64,13,"8073720"
84,"spotify:track:3jjujdWJ72nww5eGnfs2E7","Harry Styles","Adore You","Columbia",6,65,48,"8031582"
85,"spotify:track:21N4Buj4xsyLb218lYle61","Sebastian Yatra, Guaynaa","Chica Ideal","UMLE - Latino",85,125,2,"7984332"
86,"spotify:track:2b8fOow8UzyDFAE27YhOZM","Maroon 5","Memories","Interscope Records*",2,69,59,"7905066"
87,"spotify:track:6gBFPUFcJLzWGx4lenP6h2","Travis Scott","goosebumps","Cactus Jack / Epic",13,68,169,"7843618"
88,"spotify:track:7vrJn5hDSXRmdXoR30KgF1","KAROL G","BICHOTA","UMLE - Latino",88,128,2,"7828230"
89,"spotify:track:55Am8neGJkdj2ADaM3aw5H","James Arthur","Train Wreck","Columbia",75,75,3,"7808633"
90,"spotify:track:285pBltuF7vW8TeWk8hdRR","Juice WRLD","Lucid Dreams","Juice WRLD Mixtape / ISR P&D",3,71,130,"7797786"
91,"spotify:track:0nbXyq5TXYPCO7pr3N8S4I","Roddy Ricch","The Box","Atlantic Records",1,73,47,"7677469"
92,"spotify:track:2Fxmhks0bxGSBdJ92vM42m","Billie Eilish","bad guy","Darkroom/Interscope Records",1,88,84,"7668456"
93,"spotify:track:1IIKrJVP1C9N7iPtG6eOsK","Chris Brown, Young Thug","Go Crazy","Chris Brown Entertainment/300 Entertainment/RCA Records",37,61,24,"7666121"
94,"spotify:track:6v3KW9xbzN5yKLt9YKDYA2","Shawn Mendes, Camila Cabello","Señorita","Island Records",1,72,72,"7657494"
95,"spotify:track:0u2P5u6lvoDfwTYjAADbn4","Billie Eilish, Khalid","lovely (with Khalid)","Darkroom",24,83,133,"7614448"
96,"spotify:track:0RiRZpuVRbi7oqRdSMwhQY","Post Malone, Swae Lee","Sunflower - Spider-Man: Into the Spider-Verse","Republic Records",1,77,107,"7578316"
97,"spotify:track:5psEZhQu6lukjhavJo4AbC","The Kid LAROI","SO DONE","Columbia",74,74,2,"7541564"
98,"spotify:track:6IBcOGPsniK3Pso1wHIhew","Luke Combs","Forever After All","River House Artists/Columbia Nashville",29,29,2,"7473633"
99,"spotify:track:7aGyRfJWtLqgJaZoG9lJhE","salem ilese","Mad at Disney","10K Projects",46,76,9,"7283954"
100,"spotify:track:2rRJrJEo19S2J82BDsQ3F7","Trevor Daniel","Falling","Alamo",5,81,51,"7272308"
101,"spotify:track:6Hj9jySrnFppAI0sEMCZpJ","Juice WRLD","Robbery","Grade A Productions/Interscope Records",18,78,68,"7194373"
102,"spotify:track:2MbdDtCv5LUVjYy9RuGTgC","Jack Harlow, Tory Lanez, DaBaby, Lil Wayne","WHATS POPPIN (feat. DaBaby, Tory Lanez & Lil Wayne) - Remix","Generation Now/Atlantic",15,79,19,"7146881"
103,"spotify:track:27u7t9d7ZQoyjsCROHuZJ3","Clean Bandit, Mabel, 24kGoldn","Tick Tock (feat. 24kGoldn)","Atlantic Records UK",82,82,8,"7058660"
104,"spotify:track:3eekarcy7kvN4yt5ZFzltW","Travis Scott","HIGHEST IN THE ROOM","Cactus Jack/Epic",1,87,57,"6981457"
105,"spotify:track:7r9ZhitdQBONTFOiJW5mr8","Rauw Alejandro, Anuel AA","Reloj","Sony Music Latin/Duars Entertainment",105,-1,1,"6967940"
106,"spotify:track:1InCpEliLCkWHOBdXW7XSx","Ava Max","Kings & Queens","Atlantic Records",41,85,32,"6945000"
107,"spotify:track:5IUtvfNvOyVYZUa6AJFrnP","Ty Dolla $ign, Post Malone","Spicy (feat. Post Malone)","Atlantic Records",52,52,2,"6922211"
108,"spotify:track:7k4t7uLgtOxPwTpFmtJNTY","KAROL G, Nicki Minaj","Tusa","TUSA - Karol G & Nicki Minaj",3,99,52,"6843335"
109,"spotify:track:2VxeLyX666F8uXCJ0dZF8B","Lady Gaga, Bradley Cooper","Shallow","A Star is Born OST",3,93,110,"6824914"
110,"spotify:track:2QjOHCTQ1Jl3zawyYOpxh6","The Neighbourhood","Sweater Weather","Columbia",101,101,10,"6784007"
111,"spotify:track:4umIPjkehX1r7uhmGvXiSV","Justin Bieber, Quavo","Intentions (feat. Quavo)","RBMG/Def Jam",5,94,39,"6737926"
112,"spotify:track:62aP9fBQKYKxi7PDXwcUAS","Surf Mesa, Emilee","ily (i love you baby) (feat. Emilee)","Astralwerks",9,90,32,"6729201"
113,"spotify:track:017PF4Q3l4DBUiWoXk4OWT","Dua Lipa","Break My Heart","Warner Records",7,95,32,"6728701"
114,"spotify:track:2kJwzbxV2ppxnQoYw4GLBZ","JP Saxe, Julia Michaels","If the World Was Ending (feat. Julia Michaels)","Arista Records",38,96,52,"6712241"
115,"spotify:track:2xLMifQCjDGFmkHkpNLD9h","Travis Scott","SICKO MODE","Cactus Jack / Epic",2,104,118,"6677137"
116,"spotify:track:1ZMiCix7XSAbfAJlEZWMCp","Harry Styles","Falling","Columbia",29,92,47,"6651201"
117,"spotify:track:1XnpzbOGptRwfJhZgLbmSr","BLACKPINK","Pretty Savage","YG Entertainment/Interscope Records",22,80,5,"6547569"
118,"spotify:track:466cKvZn1j45IpxDdYZqdA","Drake","Toosie Slide","OVO",2,98,31,"6458936"
119,"spotify:track:2lCkncy6bIB0LTMT7kvrD1","J Balvin","Azul","UMLE - Latino",61,122,33,"6458018"
120,"spotify:track:0pqnGHJpmpxLKifKRmU6WP","Imagine Dragons","Believer","Kid Ina Korner / Interscope",16,106,196,"6335211"
121,"spotify:track:1pqnQ41XbfKjaFu6M0eGJp","Tainy, J Balvin","Agua (with J Balvin)","NEON16/Interscope Records",19,97,17,"6310144"
122,"spotify:track:1K5KBOgreBi5fkEHvg5ap3","Future, Drake","Life Is Good (feat. Drake)","Epic/Freebandz",3,110,43,"6274860"
123,"spotify:track:1H7KnK26kc1YyellpbINEn","Pop Smoke, 50 Cent, Roddy Ricch","The Woo (feat. 50 Cent & Roddy Ricch)","Victor Victor Worldwide",17,89,18,"6253542"
124,"spotify:track:79s5XnCN4TJKTVMSmOx8Ep","Pop Smoke","Dior","Victor Victor Worldwide/Republic Records",40,109,34,"6232502"
125,"spotify:track:2GiJYvgVaD2HtM8GqD9EgQ","BØRNS","Electric Love","UMGRI Interscope",61,103,14,"6198013"
126,"spotify:track:5uCax9HTNlzGybIStD3vDh","James Arthur","Say You Won't Let Go","Columbia",7,108,200,"6197664"
127,"spotify:track:6ocbgoVGwYJhOv1GgI9NsF","Ariana Grande","7 rings","Republic Records",1,105,94,"6141484"
128,"spotify:track:696DnlkuDOXcMAnKlTgXXK","Arizona Zervas","ROXANNE","Arizona Zervas",2,116,54,"6136043"
129,"spotify:track:5f1joOtoMeyppIcJGZQvqJ","Kane Brown, Swae Lee, Khalid","Be Like That - feat. Swae Lee & Khalid","RCA Records Label Nashville",86,114,17,"6094080"
130,"spotify:track:6Juv5N0dNU1imms9c9u1dA","Octavian, Skepta","Papi Chulo","Black Butter",130,176,2,"6034085"
131,"spotify:track:13vDU8nPsvTGEVTMB8Vw7g","Aya Nakamura, Maluma","Djadja (feat. Maluma) - Remix","Rec. 118",36,113,19,"6012060"
132,"spotify:track:1RSzyxqtIO4yX3EyiV4zT5","CJ","Whoopty","Warner Records",132,168,2,"5990874"
133,"spotify:track:7m9OqQk4RVRkw9JJdeAw96","XXXTENTACION","Jocelyn Flores","Bad Vibes Forever / EMPIRE",7,129,166,"5938705"
134,"spotify:track:3IJYUaN3tx04S4TYyZHKoP","StaySolidRocky","Party Girl","Columbia",9,112,25,"5937520"
135,"spotify:track:2MlOUXmcofMackX3bxfSwi","Master KG, Nomcebo Zikode","Jerusalema (feat. Nomcebo Zikode)","Elektra France",88,100,9,"5925701"
136,"spotify:track:4VXIryQMWpIdGgYR4TrjT1","Juice WRLD","All Girls Are The Same","Juice WRLD Mixtape / ISR P&D",48,127,63,"5863907"
137,"spotify:track:2f0pn9DkEJwAzXApnFh5cr","BANNERS","Someone To You","Island Records",123,123,12,"5837494"
138,"spotify:track:2tnVG71enUj33Ic2nFN6kZ","Regard","Ride It","Ministry of Sound Recordings",12,121,61,"5824855"
139,"spotify:track:6wQlQrTY5mVS8EGaFZVwVF","Juice WRLD, The Weeknd","Smile (with The Weeknd)","Grade A Productions/Interscope Records",7,117,13,"5775437"
140,"spotify:track:3ThrfRAmijYU098H9q9tAs","Rauw Alejandro","Enchule","Sony Music Latin/Duars Entertainment",140,158,3,"5765376"
141,"spotify:track:1VLtjHwRWOVJiE5Py7JxoQ","Polo G","Martin & Gina","Columbia",116,124,11,"5760590"
142,"spotify:track:4Q34FP1AT7GEl9oLgNtiWj","21 Savage, Metro Boomin, Drake","Mr. Right Now (feat. Drake)","Slaughter Gang, LLC/Epic/Boominati Worldwide/Republic",25,118,5,"5748371"
143,"spotify:track:4lsHZ92XCFOQfzJFBTluk8","Vedo","You Got It","New Wav Music Group / Island Prolific / EMPIRE",87,115,8,"5681733"
144,"spotify:track:3kml9ZdpT7UYk1ugkjqOzt","Daddy Yankee, Anuel AA, Kendo Kaponi","Don Don","El Cartel Records",92,131,8,"5681713"
145,"spotify:track:2JTir3y1VuJQmexiTCMcTP","Os Barões Da Pisadinha","Recairei - Ao Vivo","Sony Music Entertainment",137,137,4,"5656170"
146,"spotify:track:3S2R0EVwBSAVMd5UMgKTL0","Michael Jackson","Thriller","Epic/Legacy",113,-1,3,"5605234"
147,"spotify:track:6sI8Q7TTJeA9exw6hxEqq3","MAX, SUGA","Blueberry Eyes (feat. SUGA of BTS)","Colour Vision Records/Sony Music Entertainment",144,144,2,"5591321"
148,"spotify:track:35RJhm1pEovTBwnNR0zWad","DJ Khaled, Drake","GREECE (feat. Drake)","OVO/We The Best/Epic",22,120,16,"5558605"
149,"spotify:track:5DoLhdU27owX1NMrKLUbUl","Super Yei, Sammy, Jone Quest, Towy, Osquel, Beltito, Sammy & Falsetto","Lean","Superiority",76,119,12,"5557914"
150,"spotify:track:6i7zAdNhzUN2k1HcrBxPHG","Ofenbach, Quarterhead, Norma Jean Martine","Head Shoulders Knees & Toes (feat. Norma Jean Martine)","Elektra France",150,157,8,"5535572"
151,"spotify:track:0tgVpDi06FyKpA1z0VMD4v","Ed Sheeran","Perfect","Atlantic Records UK",4,135,191,"5525516"
152,"spotify:track:3ZCTVFBt2Brf31RLEnCkWJ","Billie Eilish","everything i wanted","Darkroom/Interscope Records",2,133,52,"5492178"
153,"spotify:track:2mt1IqcFyY1zmYZT8Q3xw9","blackbear","hot girl bummer","Alamo",9,148,63,"5481097"
154,"spotify:track:3Z8FwOEN59mRMxDCtb8N0A","Marshmello, Halsey","Be Kind (with Halsey)","Astralwerks",22,130,27,"5449423"
155,"spotify:track:34LI7rwi9H8w2S5KTHnv1M","Manuel Turizo","Quiéreme Mientras Se Pueda","Sony Music Latin/La Industria",129,142,11,"5448321"
156,"spotify:track:5qrSlOut2rNAWv3ubArkNy","Dean Lewis","Be Alright","Universal Music Australia Pty. Ltd.",12,146,114,"5418358"
157,"spotify:track:2gam98EZKrF9XuOkU13ApN","Nelly Furtado, Timbaland","Promiscuous","Mosley / Geffen",157,184,2,"5389340"
158,"spotify:track:7bCfHiRcfUjG0YVVNUL7Ve","CORPSE, Savage Ga$p","E-GIRLS ARE RUINING MY LIFE!","CORPSE",158,179,2,"5369941"
159,"spotify:track:3U4isOIWM3VvDubwSI3y7a","John Legend","All of Me","G.O.O.D. Music/Columbia",142,145,91,"5349923"
160,"spotify:track:5E30LdtzQTGqRvNd7l6kG5","The Neighbourhood","Daddy Issues","Columbia",149,149,5,"5324080"
161,"spotify:track:3Dv1eDb0MEgF93GpLXlucZ","Doja Cat","Say So","Kemosabe Records/RCA Records",6,156,45,"5321051"
162,"spotify:track:7o4gBbTM6UBLkOYPw9xMCz","DDG, Blueface","Moonwalking in Calabasas (feat. Blueface) - Remix","Epic",162,195,2,"5293616"
163,"spotify:track:7qiZfU4dY1lWllzX7mPBI3","Ed Sheeran","Shape of You","Atlantic Records UK",1,150,200,"5279438"
164,"spotify:track:0hVXuCcriWRGvwMV1r5Yn9","Ed Sheeran & Justin Bieber, Justin Bieber","I Don't Care (with Justin Bieber)","Atlantic Records UK",1,147,78,"5262724"
165,"spotify:track:380HmhwTE2NJgawn1NwkXi","J Balvin","Rojo","UMLE - Latino",14,183,36,"5253893"
166,"spotify:track:3ee8Jmje8o58CHK66QrVC2","XXXTENTACION","SAD!","Bad Vibes Forever, LLC",1,155,140,"5238356"
167,"spotify:track:3xgT3xIlFGqZjYW9QlhJWp","Sam Smith, Normani","Dancing With A Stranger (with Normani)","PLG - Capitol",7,-1,76,"5229835"
168,"spotify:track:5FLkxbVtsn88ejcLR62L4T","Bonez MC","Angeklagt","187 Strassenbande & Vertigo/Capitol",91,91,2,"5226264"
169,"spotify:track:6ft4hAq6yde8jPZY2i5zLr","MEDUZA, Dermot Kennedy","Paradise (feat. Dermot Kennedy)","Universal-Island Records Ltd.",169,-1,1,"5191083"
170,"spotify:track:0jT8Nl0shPS8115is0wD2Q","Camilo","Favorito","Sony Music Latin",29,138,31,"5190236"
171,"spotify:track:4TgxFMOn5yoESW6zCidCXL","Jawsh 685, Jason Derulo, BTS","Savage Love (Laxed – Siren Beat) [BTS Remix]","Columbia",41,132,5,"5150831"
172,"spotify:track:7FIWs0pqAYbP91WWM0vlTQ","Eminem, Juice WRLD","Godzilla (feat. Juice WRLD)","Shady/Aftermath/Interscope Records",4,160,42,"5139042"
173,"spotify:track:4u7EnebtmKWzUH433cf5Qv","Queen","Bohemian Rhapsody - Remastered 2011","EMI",11,159,114,"5130346"
174,"spotify:track:6f3Slt0GbA2bPZlz0aIFXN","Tiësto","The Business","Atlantic Records",174,-1,1,"5128906"
175,"spotify:track:6C6mUonH6MNdSg5pw7kOc9","KHEA, Lenny Santos","Ayer Me Llamó Mi Ex","Young Flex - Khea",49,134,11,"5126708"
176,"spotify:track:1ABS9lKaZ1uXkXCqr9zFO7","Sam Smith","Kids Again","PLG - Capitol",176,-1,1,"5103194"
177,"spotify:track:67jvGGbJmOmVonlyX3mNkV","Ozuna, KAROL G, Myke Towers","Caramelo - Remix","Aura Music Corp.",85,151,11,"5099819"
178,"spotify:track:5SWnsxjhdcEDc7LJjq9UHk","21 Savage, Metro Boomin","Runnin","Slaughter Gang, LLC/Epic/Boominati Worldwide/Republic",24,107,5,"5098548"
179,"spotify:track:2zYzyRzz6pRmhPzyfMEC8s","AC/DC","Highway to Hell","Columbia",152,-1,3,"5096618"
180,"spotify:track:06s3QtMJVXw1AJX3UfvZG1","Anuel AA, Bad Bunny","Hasta Que Dios Diga","2020 Real Hasta La Muerte, LLC",32,180,23,"5094269"
181,"spotify:track:0e7ipj03S05BNilyu5bRzt","Post Malone, 21 Savage","rockstar (feat. 21 Savage)","Republic Records",1,162,164,"5079038"
182,"spotify:track:19OXtYzrJyCrQvTbfukt4H","Maluma, Myke Towers","Madrid (feat. Myke Towers)","Sony Music Latin",119,153,10,"5074426"
183,"spotify:track:25zlnOAzbVoOzIeXSvQFf1","Pop Smoke","Got It On Me","Victor Victor Worldwide",41,139,18,"5067450"
184,"spotify:track:6N22FZs2ZhPBYi3b9XPajV","Labrinth","Still Don't Know My Name","Masterworks",53,140,13,"5067223"
185,"spotify:track:2r6OAV3WsYtXuXjvJ1lIDi","Pop Smoke, A Boogie Wit da Hoodie","Hello (feat. A Boogie Wit da Hoodie)","Victor Victor Worldwide",124,154,9,"5047925"
186,"spotify:track:0bYg9bo50gSsH3LtXe2SQn","Mariah Carey","All I Want for Christmas Is You","Columbia",1,-1,25,"5008815"
187,"spotify:track:15k1TDabqSEmyXOwMq9RM7","Jonas Esticado","Investe Em Mim","Som Livre",166,166,10,"4965193"
188,"spotify:track:7e1VoRlNumuEkXlITMHKLE","Anitta, Myke Towers, Cardi B","Me Gusta (with Cardi B & Myke Towers)","Warner Records",38,111,7,"4914412"
189,"spotify:track:6FZDfxM3a3UCqtzo5pxSLZ","Halsey","Without Me","Capitol Records",4,172,109,"4906161"
190,"spotify:track:0xUvi7wldroBzaZCengPa5","Money Man, Lil Baby","24 (feat. Lil Baby)","Black Circle / EMPIRE",133,152,8,"4904772"
191,"spotify:track:57RA3JGafJm5zRtKJiKPIm","Wallows, Clairo","Are You Bored Yet? (feat. Clairo)","Atlantic Records",105,164,20,"4900467"
192,"spotify:track:7szuecWAPwGoV1e5vGu8tl","The Weeknd","In Your Eyes","Republic Records",6,161,33,"4880085"
193,"spotify:track:2DEZmgHKAvm41k4J3R2E9Y","Bad Bunny, Jowell & Randy, Ñengo Flow","Safaera","Rimas Entertainment LLC",9,-1,35,"4873811"
194,"spotify:track:4K8cyoCDovlc4FvtUr2Hfx","Cali Y El Dandee, Danna Paola","Nada","Cali y El Dandee PS",163,163,2,"4862917"
195,"spotify:track:43zdsphuZLzwA9k4DJhU0I","Billie Eilish","when the party's over","Darkroom/Interscope Records",9,170,107,"4837752"
196,"spotify:track:0ri0Han4IRJhzvERHOZTMr","Pink Sweat$","At My Worst","Atlantic Records",196,-1,1,"4835211"
197,"spotify:track:3ZG8N7aWw2meb6UrI5ZmnZ","Sech","Relación","Rich Music",23,165,27,"4825749"
198,"spotify:track:4jVBIpuOiMj1crqd8LoCrJ","Travis Scott, Young Thug, M.I.A.","FRANCHISE (feat. Young Thug & M.I.A.)","Cactus Jack/Epic",14,136,6,"4821213"
199,"spotify:track:527k23H0A4Q0UJN3vGs0Da","Don Toliver","After Party","We Run It Ent./Cactus Jack/Atlantic",42,167,29,"4818170"
200,"spotify:track:30bqVoKjX479ab90a8Pafp","Lil Peep","Star Shopping","Death Note Music, LLC",177,186,8,"4793830"
