﻿rank,uri,artist_names,track_name,source,peak_rank,previous_rank,weeks_on_chart,streams
1,"spotify:track:1rgnBhdG2JDFTbYkYRZAku","Tones And I","Dance Monkey","Elektra (NEK)",1,1,28,"48870726"
2,"spotify:track:0nbXyq5TXYPCO7pr3N8S4I","Roddy Ricch","The Box","Atlantic Records",2,2,7,"46753969"
3,"spotify:track:0sf12qNH5qcw8qpgymFOqD","The Weeknd","Blinding Lights","Republic Records",3,7,9,"37841717"
4,"spotify:track:7k4t7uLgtOxPwTpFmtJNTY","KAROL G, Nicki Minaj","Tusa","TUSA - Karol G & Nicki Minaj",3,3,12,"37220495"
5,"spotify:track:7FIWs0pqAYbP91WWM0vlTQ","Eminem, Juice WRLD","Godzilla (feat. Juice WRLD)","Shady/Aftermath/Interscope Records",4,4,2,"36136822"
6,"spotify:track:41L3O37CECZt3N7ziG2z7l","Justin Bieber","Yummy","RBMG/Def Jam",2,5,4,"31623733"
7,"spotify:track:5yY9lUy8nbvjM1Uyo1Uqoc","Future, Drake","Life Is Good (feat. Drake)","Epic/Freebandz",3,6,3,"30860993"
8,"spotify:track:696DnlkuDOXcMAnKlTgXXK","Arizona Zervas","ROXANNE","Arizona Zervas",2,8,14,"30372434"
9,"spotify:track:4TnjEaWOeW0eKTKIEvJyCa","Trevor Daniel","Falling","Alamo",5,9,11,"29014454"
10,"spotify:track:6WrI0LAC5M1Rw2MnX2ZvEg","Dua Lipa","Don't Start Now","Warner Records",5,10,13,"28864493"
11,"spotify:track:3ZCTVFBt2Brf31RLEnCkWJ","Billie Eilish","everything i wanted","Darkroom/Interscope Records",2,13,12,"26396743"
12,"spotify:track:2b8fOow8UzyDFAE27YhOZM","Maroon 5","Memories","Interscope Records*",2,11,19,"23697458"
13,"spotify:track:2Fxmhks0bxGSBdJ92vM42m","Billie Eilish","bad guy","Darkroom/Interscope Records",1,23,44,"23376715"
14,"spotify:track:21jGcNKet2qwijlDFuPiPb","Post Malone","Circles","Republic Records",1,12,22,"23186017"
15,"spotify:track:7qEHsqek33rTcFNT9PFqLf","Lewis Capaldi","Someone You Loved","Vertigo Berlin",4,17,56,"20588918"
16,"spotify:track:6cy3ki60hLwimwIje7tALf","Black Eyed Peas, J Balvin","RITMO (Bad Boys For Life)","Epic/We The Best",9,15,16,"20146475"
17,"spotify:track:6v3KW9xbzN5yKLt9YKDYA2","Shawn Mendes, Camila Cabello","Señorita","Island Records",1,18,32,"18771205"
18,"spotify:track:7lidXGPXPYLNThITAOTlkK","Halsey","You should be sad","Capitol Records",16,16,3,"17978413"
19,"spotify:track:4l0Mvzj72xxOpRrp6h8nHi","Selena Gomez","Lose You To Love Me","Interscope Records",1,20,15,"16174781"
20,"spotify:track:3jjujdWJ72nww5eGnfs2E7","Harry Styles","Adore You","Columbia",6,24,8,"15683713"
21,"spotify:track:3yOlyBJuViE2YSGn3nVE1K","Camila Cabello, DaBaby","My Oh My (feat. DaBaby)","Syco Music/Epic",15,25,8,"15679609"
22,"spotify:track:7sQKy5vlPQllr0k9IjYJv3","Arcángel, Sech, Dímelo Flow","Sigues Con El","Rimas Entertainment LLC.",22,28,6,"15565311"
23,"spotify:track:1iSqfoUFnQwV0QW1EfUit8","YNW Melly","Suicidal","P2019",23,36,6,"14973919"
24,"spotify:track:2gMXnyrvIjhVBUZwvLZDMP","Lewis Capaldi","Before You Go","Vertigo Berlin",19,35,10,"14863720"
25,"spotify:track:7HMmFQsKsljwTw8bS7lu19","Selena Gomez","Rare","Interscope Records",12,21,3,"14781411"
26,"spotify:track:5DxXgozhkPLgrbKFY91w0c","Bad Bunny","Vete","Rimas Entertainment LLC",10,31,10,"14434579"
27,"spotify:track:1DWZUa5Mzf2BwzpHtgbHPY","Mac Miller","Good News","Warner Records",14,14,3,"14060319"
28,"spotify:track:4wNIkl5XGiAACjFBlDWuSd","Jonas Brothers","What A Man Gotta Do","Republic Records",27,27,2,"13982385"
29,"spotify:track:3cqPu20DGTGUoZtbJH2Dmi","Ali Gatie","What If I Told You That I Love You","Warner Records",29,-1,1,"13658542"
30,"spotify:track:2tnVG71enUj33Ic2nFN6kZ","Regard","Ride It","Ministry of Sound Recordings",12,34,21,"13630726"
31,"spotify:track:6Ozh9Ok6h4Oi1wUSLtBseN","DaBaby","BOP","South Coast Music Group/Interscope Records",23,33,18,"13620687"
32,"spotify:track:3Dv1eDb0MEgF93GpLXlucZ","Doja Cat","Say So","Kemosabe Records/RCA Records",32,43,5,"13428847"
33,"spotify:track:5stPVcRqb4qixbafP9e8lt","Dalex, Lenny Tavárez, Chencho Corleone, Juhn, Dímelo Flow","Hola - Remix","Rich Music",33,41,11,"12805722"
34,"spotify:track:7CHi4DtfK4heMlQaudCuHK","MEDUZA, Becky Hill, Goodboys","Lose Control","Intercord",34,42,15,"12583387"
35,"spotify:track:7aiClxsDWFRQ0Kzk5KI5ku","blackbear","hot girl bummer","Alamo",9,29,23,"12540620"
36,"spotify:track:6mAN61JH0dzyZpWslS11jy","Rauw Alejandro, Farruko","Fantasias","(SME US Latin) Duars Entertainment, Corp. (2)",28,40,18,"12396038"
37,"spotify:track:3VyjsVV24RmBIbWJAeUJNu","Don Toliver","No Idea","We Run It Ent./Cactus Jack/Atlantic",26,37,9,"12247577"
38,"spotify:track:3mQ6SLdxxaL52Yte7KF2Ks","J Balvin","Morado","UMLE - Latino",38,56,3,"12128351"
39,"spotify:track:6U0FIYXCQ3TGrk4tFpLrEA","BROCKHAMPTON","SUGAR","Question Everything/RCA Records",39,46,5,"12092669"
40,"spotify:track:6UelLqGlWMcVH1E5c4H7lY","Harry Styles","Watermelon Sugar","Columbia",14,39,11,"11924877"
41,"spotify:track:0RiRZpuVRbi7oqRdSMwhQY","Post Malone, Swae Lee","Sunflower - Spider-Man: Into the Spider-Verse","Republic Records",1,51,67,"11759219"
42,"spotify:track:43zdsphuZLzwA9k4DJhU0I","Billie Eilish","when the party's over","Darkroom/Interscope Records",9,92,67,"11703237"
43,"spotify:track:0hVXuCcriWRGvwMV1r5Yn9","Ed Sheeran & Justin Bieber, Justin Bieber","I Don't Care (with Justin Bieber)","Atlantic Records UK",1,50,38,"11614436"
44,"spotify:track:3QzAOrNlsabgbMwlZt7TAY","Mustard, Roddy Ricch","Ballin' (with Roddy Ricch)","10 Summers Records/Interscope Records",42,54,17,"11573610"
45,"spotify:track:3eekarcy7kvN4yt5ZFzltW","Travis Scott","HIGHEST IN THE ROOM","Cactus Jack/Epic",1,47,17,"11515487"
46,"spotify:track:6LcauUZjF1eXQrgqMUecHX","Tyga","Ayy Macarena","Columbia/Last Kings Records",37,48,11,"11388713"
47,"spotify:track:2ksOAxtIxY8yElEWw8RhgK","Anuel AA, Daddy Yankee, KAROL G, J Balvin, Ozuna","China","2019 Real Hasta La Muerte, LLC.",2,45,28,"11147753"
48,"spotify:track:24NuEDgyRIljwSyY0lsr7b","BTS","Black Swan","BIGHIT MUSIC",19,19,2,"11138985"
49,"spotify:track:6Gg1gjgKi2AK4e0qzsR7sd","Juice WRLD, YoungBoy Never Broke Again","Bandit (with YoungBoy Never Broke Again)","Grade A Productions/Interscope Records",14,53,17,"11089138"
50,"spotify:track:24Yi9hE78yPEbZ4kxyoXAI","SAINt JHN, Imanbek","Roses - Imanbek Remix","Columbia/B1 Recordings",50,59,7,"10801380"
51,"spotify:track:4VgYtXCVJ7IbWAZ5ryfvEQ","Nicky Jam, Daddy Yankee","Muévelo","Sony Music Latin",51,63,3,"10748866"
52,"spotify:track:5Xhqh4lwJPtMUTsdBztN1a","Shakira, Anuel AA","Me Gusta","Sony Music Latin",52,55,2,"10557732"
53,"spotify:track:70eFcWOvlMObDhURTqT4Fv","Ed Sheeran, Khalid","Beautiful People (feat. Khalid)","Atlantic Records UK",3,60,31,"10221539"
54,"spotify:track:0u2P5u6lvoDfwTYjAADbn4","Billie Eilish, Khalid","lovely (with Khalid)","Darkroom",24,88,93,"10208670"
55,"spotify:track:07KXEDMj78x68D884wgVEm","Roddy Ricch, Mustard","High Fashion (feat. Mustard)","Atlantic Records",55,82,3,"10068077"
56,"spotify:track:285pBltuF7vW8TeWk8hdRR","Juice WRLD","Lucid Dreams","Juice WRLD Mixtape / ISR P&D",3,61,90,"10016489"
57,"spotify:track:2wrJq5XKLnmhRXHIAf9xBa","Dan + Shay, Justin Bieber","10,000 Hours (with Justin Bieber)","Warner Records Nashville",5,67,17,"9704898"
58,"spotify:track:2kJwzbxV2ppxnQoYw4GLBZ","JP Saxe, Julia Michaels","If the World Was Ending (feat. Julia Michaels)","Arista Records",58,68,12,"9450324"
59,"spotify:track:2pWOMNQJW3g2zmGjP0Vkb0","Nicky Jam, Anuel AA","Whine Up","Sony Music Latin",44,66,13,"9283635"
60,"spotify:track:6ocbgoVGwYJhOv1GgI9NsF","Ariana Grande","7 rings","Republic Records",1,87,54,"8930240"
61,"spotify:track:51Fjme0JiitpyXKuyQiCDo","Y2K, bbno$","Lalala","Columbia",4,75,32,"8883262"
62,"spotify:track:0VSzREd1OjEWJ9tXoFHRQH","Eminem, Ed Sheeran","Those Kinda Nights (feat. Ed Sheeran)","Shady/Aftermath/Interscope Records",22,22,2,"8792427"
63,"spotify:track:4R8BJggjosTswLxtkw8V7P","JHAYCO, J Balvin, Bad Bunny","No Me Conoce - Remix","N&E Entertainment LLC",20,81,36,"8785272"
64,"spotify:track:0fea68AdmYNygeTGI4RC18","J Balvin, Bad Bunny","LA CANCIÓN","Universal Music Latino / Rimas",17,78,31,"8770582"
65,"spotify:track:2FvD20Z8aoWIePi7PoN8sG","DaBaby, Lil Baby, Moneybagg Yo","TOES (feat. Lil Baby & Moneybagg Yo)","South Coast Music Group/Interscope Records",65,89,5,"8695982"
66,"spotify:track:2Ec33AVlkTTq8BHFgBTdQs","Lil Uzi Vert","Futsal Shuffle 2020","Generation Now/Atlantic",18,58,7,"8669510"
67,"spotify:track:1ToprX3cpBiXoAe5eNSk74","Khalid","Eleven","Right Hand Music Group, LLC/RCA Records",51,64,3,"8656151"
68,"spotify:track:2TH65lNHgvLxCKXM3apjxI","Bad Bunny, Tainy","Callaita","Rimas Entertainment LLC",7,84,35,"8426910"
69,"spotify:track:4vUmTMuQqjdnvlZmAH61Qk","Ed Sheeran, Camila Cabello, Cardi B","South of the Border (feat. Camila Cabello & Cardi B)","Atlantic Records UK",10,65,29,"8400874"
70,"spotify:track:3jbT1Y5MoPwEIpZndDDwVq","Tainy, Anuel AA, Ozuna","Adicto (with Anuel AA & Ozuna)","NEON16/Interscope Records",24,85,23,"8342011"
71,"spotify:track:57vxBYXtHMk6H1aD29V7PU","The Weeknd","Heartless","Republic Records",4,77,10,"8152099"
72,"spotify:track:2VxeLyX666F8uXCJ0dZF8B","Lady Gaga, Bradley Cooper","Shallow","A Star is Born OST",3,96,70,"8117633"
73,"spotify:track:2YpeDb67231RjR0MgVLzsG","Lil Nas X, Billy Ray Cyrus","Old Town Road (feat. Billy Ray Cyrus) - Remix","Columbia",2,104,43,"8097306"
74,"spotify:track:2ez6qvOTHKeI3ss80NGqnI","SHAED, ZAYN","Trampoline (with ZAYN)","Photo Finish Records",19,79,18,"8077007"
75,"spotify:track:6vBdBCoOhKHiYDDOcorfNo","Post Malone, Young Thug","Goodbyes (feat. Young Thug)","Republic Records",2,95,30,"8026103"
76,"spotify:track:5DqdesEfbRyOlSS3Tf6c29","Ali Gatie","It's You","Warner Records",27,107,33,"7992128"
77,"spotify:track:0fySG6A6qLE8IvDpayb5bM","DaBaby","VIBEZ","South Coast Music Group/Interscope Records",53,97,18,"7907321"
78,"spotify:track:7h0d2h0fUmzbs7zeFigJPn","Travis Scott, ROSALÍA, Lil Baby","HIGHEST IN THE ROOM (feat. ROSALÍA & Lil Baby) - REMIX","Cactus Jack/Epic",16,86,5,"7794095"
79,"spotify:track:2rc7BkzO8qepMFAxHtOrXc","J Balvin","Blanco","UMLE - Latino",77,99,10,"7787228"
80,"spotify:track:3o1CUVeHIid49sabk6A6Nf","Kygo, Avicii, Sandro Cavazza","Forever Yours - Avicii Tribute","Universal Music AB",80,-1,1,"7724277"
81,"spotify:track:6b2RcmUt1g9N9mQ3CbjX2Y","Sam Smith","How Do You Sleep?","PLG - Capitol",7,93,28,"7684194"
82,"spotify:track:5SiZJoLXp3WOl3J4C8IK0d","Eminem","Darkness","Shady/Aftermath/Interscope Records",26,26,2,"7618955"
83,"spotify:track:6RyaV7owmVU6fzEPE17sF1","Daddy Yankee","Que Tire Pa Lante","UME - Global Clearing House",25,101,15,"7544026"
84,"spotify:track:6FZDfxM3a3UCqtzo5pxSLZ","Halsey","Without Me","Capitol Records",4,80,69,"7529279"
85,"spotify:track:4QPEwDdOMhY7rNS05mTyMR","Stormzy, Burna Boy, Ed Sheeran","Own It (feat. Ed Sheeran & Burna Boy)","Atlantic Records UK",36,105,10,"7480165"
86,"spotify:track:37zdqI4r1gswIzczSBkRon","Lunay, Anuel AA, Ozuna","Aventura","round2media - LaFamilia",50,109,14,"7451093"
87,"spotify:track:1lOe9qE0vR9zwWQAOk6CoO","Lil Tecca","Ransom","Republic Records",3,106,35,"7416638"
88,"spotify:track:1Cv1YLb4q0RzL6pybtaMLo","Surfaces","Sunday Best","Surfaces Music / TenThousand Projects, LLC",88,140,2,"7413076"
89,"spotify:track:6gi6y1xwmVszDWkUqab1qw","JACKBOYS, Travis Scott, Young Thug","OUT WEST (feat. Young Thug)","Cactus Jack/Epic",27,136,5,"7369641"
90,"spotify:track:2W4yABdLc4Jnds67Poi5Nl","Ant Saunders","Yellow Hearts","Arista Records",45,103,12,"7301052"
91,"spotify:track:4SSnFejRGlZikf02HLewEF","Billie Eilish","bury a friend","Darkroom/Interscope Records",2,172,53,"7280093"
92,"spotify:track:0bMbDctzMmTyK2j74j3nF3","Alan Walker, Ava Max","Alone, Pt. II","Kreatell Music",92,116,5,"7255585"
93,"spotify:track:2dpaYNEQHiRxtZbfNsse99","Marshmello, Bastille","Happier","Joytime Collective",2,111,76,"7237539"
94,"spotify:track:5a6pdCHlWS2ekOOQ70QnAr","Noah Cyrus","July","Records/Columbia",77,110,12,"7182043"
95,"spotify:track:0GQ5bFTVFFKpwNPc7KwQnB","Eminem, Royce Da 5'9"", White Gold","You Gon’ Learn (feat. Royce Da 5'9"" & White Gold)","Shady/Aftermath/Interscope Records",30,30,2,"7157402"
96,"spotify:track:1Xnn1TPyr5h0hpRAT4B4EA","Dalex, Lenny Tavárez, Anitta, NATTI NATASHA, Farruko, Justin Quiles","Bellaquita - Remix","Rich Music",93,114,10,"7088433"
97,"spotify:track:2hwOoMtWPtTSSn6WHV7Vp5","Mac Miller","Blue World","Warner Records",38,38,2,"7060589"
98,"spotify:track:4Of7rzpRpV1mWRbhp5rAqG","Lewis Capaldi","Bruises","Vertigo Berlin",66,122,27,"6974505"
99,"spotify:track:22vgEDb5hykfaTwLuskFGD","Jonas Brothers","Sucker","Jonas Brothers Recording",2,117,48,"6937517"
100,"spotify:track:2grAr8pWMuLWn8ZYEE9wDV","Tones And I","Never Seen the Rain","Elektra (NEK)",100,135,5,"6874407"
101,"spotify:track:7xQAfvXzm3AkraOtGPWIZg","Post Malone","Wow.","Republic Records",2,119,58,"6863575"
102,"spotify:track:6Hj9jySrnFppAI0sEMCZpJ","Juice WRLD","Robbery","Grade A Productions/Interscope Records",18,127,28,"6862670"
103,"spotify:track:4yJiXq86uM56uIfIZgE440","blackbear","me & ur ghost","Alamo",103,137,2,"6855763"
104,"spotify:track:0pqnGHJpmpxLKifKRmU6WP","Imagine Dragons","Believer","Kid Ina Korner / Interscope",16,124,156,"6786103"
105,"spotify:track:1hoLUVBx0ixX3kn0EX0P5n","Juju, Loredana, Miksu / Macloud","Kein Wort","JINX",76,76,2,"6784726"
106,"spotify:track:5Id5B3dxJZhPcV9GzgYZZe","Rich Music LTD, Sech, Dalex, Justin Quiles, Lenny Tavárez, Feid, Wisin, Zion","Quizas","Rich Music",52,120,19,"6783458"
107,"spotify:track:598yNsG1JFrGd4n2kMoz7F","Lil Baby","Woah","Quality Control/Motown Records",56,123,12,"6764347"
108,"spotify:track:59s0s39NFWScuHDbHytI14","Reik, J Balvin, Lalo Ebratt","Indeciso","Indeciso",60,125,21,"6652845"
109,"spotify:track:07Oz5StQ7GRoygNLaXs2pd","Lizzo, Ariana Grande","Good as Hell (feat. Ariana Grande) - Remix","Nice Life/Atlantic",29,141,14,"6645732"
110,"spotify:track:2uIX8YMNjGMD7441kqyyNU","Billie Eilish","ocean eyes","Darkroom",108,173,55,"6591565"
111,"spotify:track:0e7ipj03S05BNilyu5bRzt","Post Malone, 21 Savage","rockstar (feat. 21 Savage)","Republic Records",1,134,124,"6571776"
112,"spotify:track:4jAIqgrPjKLTY9Gbez25Qb","Harry Styles","Lights Up","Columbia",5,121,16,"6567127"
113,"spotify:track:6lruHh1jF7ezgbLv72xYmf","Arizona Zervas","FML","Arizona Zervas",113,130,4,"6500612"
114,"spotify:track:7BlBVFwvbWvcwNcUarQmjk","ROSALÍA, Ozuna","Yo x Ti, Tu x Mi","Columbia",20,145,24,"6459432"
115,"spotify:track:4u7EnebtmKWzUH433cf5Qv","Queen","Bohemian Rhapsody - Remastered 2011","EMI",11,138,74,"6447852"
116,"spotify:track:1vG3YuKRYqPwTmNmYgqkpg","Henrique & Juliano","Liberdade Provisória - Live - Ibirapuera / 2019","Virgin Music Label And Artist Services (S&D)",99,129,7,"6442626"
117,"spotify:track:5ry2OE6R2zPQFDO85XkgRb","Drake, Rick Ross","Money In The Grave (Drake ft. Rick Ross)","Republic Records",5,131,33,"6388146"
118,"spotify:track:6IRdLKIyS4p7XNiP8r6rsx","Billie Eilish","all the good girls go to hell","Darkroom/Interscope Records",11,-1,26,"6382875"
119,"spotify:track:0q2vG0UVuy6ajjcpkQHdZM","Eminem, Young M.A","Unaccommodating (feat. Young M.A)","Shady/Aftermath/Interscope Records",32,32,2,"6374807"
120,"spotify:track:1mCsF9Tw4AkIZOjvZbZZdT","Matthew Wilder","Break My Stride","Legacy Recordings",120,132,2,"6324190"
121,"spotify:track:1DFD5Fotzgn6yYXkYsKiGs","MEDUZA, Goodboys","Piece Of Your Heart","Intercord",14,144,42,"6319342"
122,"spotify:track:7qiZfU4dY1lWllzX7mPBI3","Ed Sheeran","Shape of You","Atlantic Records UK",1,142,160,"6280752"
123,"spotify:track:2uiOyiRxtNix52dpeaDQPM","Lauv, LANY","Mean It","Lauv",27,108,11,"6192481"
124,"spotify:track:6Y4PDQv4XjYjHLeLmvyOt0","Sech, Ozuna","Si Te Vas","Rich Music",48,133,18,"6192038"
125,"spotify:track:2u3EyuCqqV31woqGvO9LBz","Lil Baby","Sum 2 Prove","Quality Control/Motown Records",75,126,3,"6182599"
126,"spotify:track:3HWzoMvoF3TQfYg4UPszDq","Lizzo","Truth Hurts","Nice Life/Atlantic",16,162,40,"6168230"
127,"spotify:track:4ZLzoOkj0MPWrTLvooIuaa","Kina, Snøw","Get You The Moon (feat. Snøw)","Columbia",95,159,33,"6124786"
128,"spotify:track:0Q2n5yzl2XRqYbV77tZNYp","TOKYO’S REVENGE","GOODMORNINGTOKYO!","Blac Noize! Recordings",128,-1,3,"6123388"
129,"spotify:track:2nNGV59DJJwk7D5ImGf6uc","Gzuz","Donuts","187 Strassenbande",129,-1,1,"6113037"
130,"spotify:track:3ee8Jmje8o58CHK66QrVC2","XXXTENTACION","SAD!","Bad Vibes Forever, LLC",1,156,100,"6086732"
131,"spotify:track:2xLMifQCjDGFmkHkpNLD9h","Travis Scott","SICKO MODE","Cactus Jack / Epic",2,152,78,"6038494"
132,"spotify:track:1nocRtwyNPVtGcIJqfgdzZ","Camilo, Pedro Capó","Tutu","Sony Music Latin",27,143,25,"5990495"
133,"spotify:track:6Qs4SXO9dwPj5GKvVOv8Ki","Sam Smith, Normani","Dancing With A Stranger (with Normani)","PLG - Capitol",7,153,55,"5980185"
134,"spotify:track:6kls8cSlUyHW2BUOkDJIZE","Ellie Goulding, Juice WRLD","Hate Me (with Juice WRLD)","Polydor Records",46,146,25,"5973665"
135,"spotify:track:4t9a07PAghtQMRAIP9FQ7Z","Lunay, Daddy Yankee, Bad Bunny","Soltera (Remix)","round2media - LaFamilia",8,151,38,"5964361"
136,"spotify:track:3e9HZxeyfWwjeyPAMmWSSQ","Ariana Grande","thank u, next","Republic Records",1,169,65,"5935132"
137,"spotify:track:5uCax9HTNlzGybIStD3vDh","James Arthur","Say You Won't Let Go","Columbia",7,161,160,"5914675"
138,"spotify:track:3CYH422oy1cZNoo0GTG1TK","Red Velvet","Psycho","SM Entertainment",54,128,6,"5856151"
139,"spotify:track:7m9OqQk4RVRkw9JJdeAw96","XXXTENTACION","Jocelyn Flores","Bad Vibes Forever / EMPIRE",7,177,126,"5833212"
140,"spotify:track:25sgk305KZfyuqVBQIahim","Ava Max","Sweet but Psycho","Atlantic Records",6,154,70,"5827150"
141,"spotify:track:3Fj47GNK2kUF0uaEDgXLaD","Billie Eilish","wish you were gay","Darkroom/Interscope Records",3,-1,33,"5788558"
142,"spotify:track:7FGq80cy8juXBCD2nrqdWU","benny blanco, Halsey, Khalid","Eastside (with Halsey & Khalid)","Friends Keep Secrets/Interscope Records",4,164,80,"5768323"
143,"spotify:track:0RDgqtvOHLwcI6yz9bjsZV","Rich Music LTD, Sech, Dalex, Justin Quiles, Lenny Tavárez, Feid","Perreo en La Luna","Rich Music",128,150,5,"5766655"
144,"spotify:track:6oJ6le65B3SEqPwMRNXWjY","Kygo, Whitney Houston","Higher Love","Kygo/RCA Records",31,166,30,"5696848"
145,"spotify:track:6XHVuErjQ4XNm6nDPVCxVX","Chris Brown, Drake","No Guidance (feat. Drake)","Chris Brown Entertainment/RCA Records",11,160,34,"5680403"
146,"spotify:track:4z6wo6PJG4Fve45OXK6D9m","Arcángel, Bad Bunny","Infeliz","Rimas Entertainment LLC.",139,158,4,"5652421"
147,"spotify:track:2ufmtcIFdFpuUYBPXK5f67","Halsey","Graveyard","Capitol Records",31,112,20,"5651903"
148,"spotify:track:6CcJMwBtXByIz4zQLzFkKc","Billie Eilish","i love you","Darkroom/Interscope Records",21,-1,29,"5646960"
149,"spotify:track:58wyJLv6yH1La9NIZPl3ne","Kina, Adriana Proenza","Can We Kiss Forever?","Columbia",137,163,10,"5620187"
150,"spotify:track:2qG5sZ7Si6sdK74qLxedYM","ROSALÍA, J Balvin, El Guincho","Con Altura","Columbia",30,184,44,"5563222"
151,"spotify:track:0tgVpDi06FyKpA1z0VMD4v","Ed Sheeran","Perfect","Atlantic Records UK",4,171,151,"5554919"
152,"spotify:track:1ZMiCix7XSAbfAJlEZWMCp","Harry Styles","Falling","Columbia",29,149,7,"5531646"
153,"spotify:track:7fa9MBXhVfQ8P8Df9OEbD8","Maroon 5, Cardi B","Girls Like You (feat. Cardi B) - Cardi B Version","Interscope Records*",2,170,87,"5522003"
154,"spotify:track:5CpsIb7SMFHjmAG8RvIWfq","Eminem, Skylar Grey","Leaving Heaven (feat. Skylar Grey)","Shady/Aftermath/Interscope Records",44,44,2,"5466161"
155,"spotify:track:6osaMSJh9NguagEDQcZaKx","DJ Snake, J Balvin, Tyga","Loco Contigo (feat. J. Balvin & Tyga)","DJ Snake Music Productions Limited",10,174,33,"5429484"
156,"spotify:track:0uI7yAKUf52Cn7y3sYyjiX","Dominic Fike","3 Nights","Columbia",51,188,42,"5400513"
157,"spotify:track:1cVlW9WQiGlFdWUXFdFZGh","Piso 21, Christian Nodal","Pa' Olvidarme De Ella","WM Mexico",157,182,9,"5390741"
158,"spotify:track:6gBFPUFcJLzWGx4lenP6h2","Travis Scott","goosebumps","Cactus Jack / Epic",60,186,129,"5388863"
159,"spotify:track:4ea9w8c4ROqiZpJVhfBA3m","Young Thug, Travis Scott, Gunna","Hot (Remix) [feat. Gunna and Travis Scott]","300 Entertainment/Atl",33,178,13,"5385917"
160,"spotify:track:4Yxc55NX3tAXC2mHRAhtcW","Olivia Rodrigo, Disney","All I Want - From ""High School Musical: The Musical: The Series""","Walt Disney Records",150,185,4,"5350993"
161,"spotify:track:4HUZBG98TYbxSR9V1V2DWS","Thiaguinho MT, Mila, JS o Mão de Ouro","Tudo Ok","Sony Music Entertainment",161,179,2,"5335545"
162,"spotify:track:0JP9xo3adEtGSdUEISiszL","XXXTENTACION","Moonlight","Bad Vibes Forever, LLC",2,198,97,"5302672"
163,"spotify:track:7dt6x5M1jzdTEt8oCbisTK","Post Malone","Better Now","Republic Records",1,189,92,"5299457"
164,"spotify:track:0Vl4eICpXMjtiK0RhdaWov","Samra, ELIF","Zu Ende","Urban",164,-1,1,"5297101"
165,"spotify:track:0DiDStADDVh3SvAsoJAFMk","Jonas Brothers","Only Human","Jonas Brothers Recording",31,175,32,"5296878"
166,"spotify:track:2gwkD6igEhQbDQegRCcdoB","DaBaby","Suge","South Coast Music Group/Interscope Records",26,181,40,"5258099"
167,"spotify:track:3XF5xLJHOQQRbWya6hBp7d","Billie Eilish","you should see me in a crown","Darkroom/Interscope Records",15,-1,31,"5254770"
168,"spotify:track:25ZAibhr3bdlMCLmubZDVt","J Balvin, Bad Bunny","QUE PRETENDES","Universal Music Latino / Rimas",15,195,31,"5250393"
169,"spotify:track:7hpJ9tATWb2vztlq99hERP","Conan Gray","Maniac","Republic Records",154,183,5,"5230498"
170,"spotify:track:1ndyl3wJCFs872XZ3ztPk6","Justin Quiles, NATTI NATASHA, Farruko, Lenny Tavárez, Dalex, Zion","DJ No Pare (feat. Zion, Dalex, Lenny Tavárez) - Remix","WEA Latina",85,193,19,"5221844"
171,"spotify:track:06scTb0zbkxYNgpAB3J9fN","Megan Thee Stallion","B.I.T.C.H.","300 Entertainment",171,-1,1,"5215211"
172,"spotify:track:5w9c2J52mkdntKOmRLeM2m","Daddy Yankee, Snow","Con Calma","Craft Latino",2,191,53,"5206586"
173,"spotify:track:0qaWEvPkts34WF68r8Dzx9","Riton, Oliver Heldens, Vula","Turn Me On (feat. Vula)","Ministry of Sound Recordings",131,180,9,"5200838"
174,"spotify:track:2bT1PH7Cw3J9p3t7nlXCdh","Shawn Mendes","If I Can't Have You","Island Records",4,190,38,"5178123"
175,"spotify:track:1rqqCSm0Qe4I9rUvWncaom","Panic! At The Disco","High Hopes","DCD2 / Fueled By Ramen",9,192,83,"5178083"
176,"spotify:track:4bTZeO72FwMa6wKOiqoynL","Sech, Ozuna, Anuel AA, Darell, Nicky Jam","Otro Trago - Remix","Rich Music",11,194,27,"5163820"
177,"spotify:track:2JvzF1RMd7lE3KmFlsyZD8","J. Cole","MIDDLE CHILD","Dreamville, Inc., Under exclusive license to Roc Nation Records",2,196,53,"5163035"
178,"spotify:track:2P91MQbaiQOfbiz9VqhqKQ","Lauv","I Like Me Better","Lauv",29,197,137,"5154352"
179,"spotify:track:3U4isOIWM3VvDubwSI3y7a","John Legend","All of Me","G.O.O.D. Music/Columbia",147,-1,52,"5136049"
180,"spotify:track:5qrSlOut2rNAWv3ubArkNy","Dean Lewis","Be Alright","Universal Music Australia Pty. Ltd.",12,199,79,"5124935"
181,"spotify:track:3g0mEQx3NTanacLseoP0Gw","The Chainsmokers, ILLENIUM, Lennon Stella","Takeaway","Disruptor Records/Columbia",28,-1,25,"5108548"
182,"spotify:track:4a6q8CR2hzLk2plDkSxkfD","Bazzi","I.F.L.Y.","iamcosmic",47,-1,24,"5105012"
183,"spotify:track:073ILU1C3APNRGF66VhtyA","Camila Cabello","Liar","Syco Music/Epic",22,176,21,"5103448"
184,"spotify:track:6TqXcAFInzjp0bODyvrWEq","Khalid, Disclosure","Talk (feat. Disclosure)","Right Hand Music Group, LLC/RCA Records",10,-1,49,"5091782"
185,"spotify:track:7eOkHIcaoUhngxxypM5Ajr","Selena Gomez","Look At Her Now","Interscope Records",9,147,14,"5066377"
186,"spotify:track:2iUXsYOEPhVqEBwsqP70rE","5 Seconds of Summer","Youngblood","Capitol",8,200,93,"5063528"
187,"spotify:track:7BjmOMyfT4PBKbZuSCwWPc","Murda, Ezhel","Bi Sonraki Hayatımda Gel","Noah's Ark BV",187,-1,1,"5037967"
188,"spotify:track:1000nHvUdawXuUHgBod4Wv","Lil Nas X","Panini","Columbia",7,-1,31,"5024175"
189,"spotify:track:6RRNNciQGZEXnqk8SQ9yv5","Taylor Swift","You Need To Calm Down","Taylor Swift",4,-1,30,"4996135"
190,"spotify:track:29ZXwWOOLz9t5fa3eT3i7T","YNW Melly, 9lokknine","223's (feat. 9lokknine)","P2019",32,187,21,"4990374"
191,"spotify:track:40T5GIqQ1CegGm2PTEl8Bu","Billie Eilish","idontwannabeyouanymore","Darkroom",67,-1,45,"4968841"
192,"spotify:track:2qxmye6gAegTMjLKEBoR3d","Alec Benjamin","Let Me Down Slowly","2018",27,-1,58,"4943790"
193,"spotify:track:1Knctxx9vGZxpZfF66BIEa","Juice WRLD","Legends","Juice WRLD / Interscope PS",50,-1,8,"4922369"
194,"spotify:track:4lKuzrdZrJuCAedbIslF3A","PEDRO SAMPAIO, Felipe Original, JS o Mão de Ouro","SENTADÃO","WM Brazil",155,-1,3,"4922320"
195,"spotify:track:3s4mrPrEFFPF0LmAfutW0n","Young Thug, J. Cole, Travis Scott","The London (feat. J. Cole & Travis Scott)","300 Entertainment/Atl",6,-1,34,"4893893"
196,"spotify:track:7KbF6AdprOXEEHlsq11Z6d","Maluma","11 PM","Sony Music Latin",31,-1,35,"4891989"
197,"spotify:track:36orMWv2PgvnzXsd5CJ0yL","Sam Feldt, RANI","Post Malone (feat. RANI)","Spinnin' Remixes",59,-1,27,"4855270"
198,"spotify:track:1G2CAJeP7rCwOZjlSJ0Zw3","Major Lazer, J Balvin, El Alfa, Diplo","Que Calor","Mad Decent",77,-1,19,"4851268"
199,"spotify:track:7Dj2wqPYXfSRFwa6qyOztr","Eminem","In Too Deep","Shady/Aftermath/Interscope Records",52,52,2,"4824037"
200,"spotify:track:6DCZcSspjsKoFjzjrWoCdn","Drake","God's Plan","Cash Money/Drake LP6",1,-1,97,"4822513"
