﻿rank,uri,artist_names,track_name,source,peak_rank,previous_rank,weeks_on_chart,streams
1,"spotify:track:7dt6x5M1jzdTEt8oCbisTK","Post Malone","Better Now","Republic Records",1,2,4,"30755342"
2,"spotify:track:7ef4DlsgrMEH11cDZd32M6","Calvin Harris, Dua Lipa","One Kiss (with Dua Lipa)","Sony Music UK",2,3,7,"27907952"
3,"spotify:track:0b9oOr2ZgvyQu88wzixux9","Childish Gambino","This Is America","Wolf+Rothstein/RCA Records",1,1,3,"27688906"
4,"spotify:track:1cTZMwcBJT0Ka3UJPXOeeN","Drake","Nice For What","Cash Money/Drake LP6",1,4,7,"26932041"
5,"spotify:track:2XW4DbS6NddZxRPm5rMCeY","Drake","God's Plan","Cash Money/Drake LP6",1,6,18,"23808225"
6,"spotify:track:5SxkdsY1ufZzoq9iXceLw9","Ariana Grande","no tears left to cry","Republic Records",2,5,5,"23215317"
7,"spotify:track:3swc6WTsr7rl9DqQKQA55C","Post Malone, Ty Dolla $ign","Psycho (feat. Ty Dolla $ign)","Republic Records",2,7,13,"20831433"
8,"spotify:track:39N9RPD9MRb5WmoLzNzPeA","Nicky Jam, J Balvin","X","Sony Music Latin",4,9,12,"19794086"
9,"spotify:track:08bNPGLD8AhKpnnERrAc6G","Marshmello, Anne-Marie","FRIENDS","Joytime Collective",4,8,15,"19276894"
10,"spotify:track:3V8UKqhEK5zBkBb6d6ub8i","Nio Garcia, Casper Magico, Bad Bunny, Darell, Ozuna, Nicky Jam","Te Boté - Remix","Flow La Movie, Inc.",10,11,6,"19165492"
11,"spotify:track:58q2HKrzhC3ozto2nDdN4z","Cardi B, Bad Bunny, J Balvin","I Like It","Atlantic/KSR",9,10,7,"18914106"
12,"spotify:track:6vN77lE9LK6HP2DewaN6HZ","Lil Baby, Drake","Yes Indeed","Quality Control Music, LLC",12,115,2,"16709344"
13,"spotify:track:514rhnksEwHUh6LxXsQ4Y9","Selena Gomez","Back To You","UMGRI Interscope",13,19,2,"16545713"
14,"spotify:track:3aW0ds4A4tSQDIp75FqWTo","BTS","FAKE LOVE","BIGHIT MUSIC",14,-1,1,"16239554"
15,"spotify:track:2ARqIya5NAuvFVHSN3bL0m","Zedd, Maren Morris, Grey","The Middle","UMGRI Interscope",6,13,17,"16192162"
16,"spotify:track:0e7ipj03S05BNilyu5bRzt","Post Malone, 21 Savage","rockstar (feat. 21 Savage)","Republic Records",1,12,36,"16159366"
17,"spotify:track:45Egmo7icyopuzJN0oMEdk","Khalid, Normani","Love Lies","RCA Records Label",11,15,14,"15714429"
18,"spotify:track:10Igtw8bSDyyFs7KIsKngZ","Lil Dicky, Chris Brown","Freaky Friday (feat. Chris Brown)","Commission/BMG",7,14,10,"14582709"
19,"spotify:track:63SevszngYpZOwf63o61K4","Dennis Lloyd","Nevermind","WM Italy",19,20,10,"14312679"
20,"spotify:track:4qKcDkK6siZ7Jp1Jb4m0aL","BlocBoy JB, Drake","Look Alive (feat. Drake)","Bloc Nation",6,17,15,"13985583"
21,"spotify:track:1gm616Plq4ScqNi7TVkZ5N","The Weeknd","Call Out My Name","Universal Republic Records",1,18,8,"13372100"
22,"spotify:track:76cy1WJvNGJTj78UqeA5zr","Dua Lipa","IDGAF","Warner Records",4,21,21,"13325907"
23,"spotify:track:33IOhptvC2Qoy2UhjiHXLV","David Guetta, Sia","Flames","Parlophone (France)",23,23,9,"13201172"
24,"spotify:track:5CLGzJsGqhCEECcpnFQA8x","Rudimental, Jess Glynne, Macklemore, Dan Caplen","These Days (feat. Jess Glynne, Macklemore & Dan Caplen)","Atlantic Records UK",9,22,18,"12953045"
25,"spotify:track:3fpVWegR6YOS1Yk5HSMYIq","Post Malone","Paranoid","Republic Records",4,16,4,"12438171"
26,"spotify:track:55S2PQgSMYAhgoTCcGCDfw","5 Seconds of Summer","Youngblood","Capitol",26,34,6,"12226438"
27,"spotify:track:6Hgh47WXVKtXN5zGOu0hjI","Khalid, 6LACK, Ty Dolla $ign","OTW","Right Hand Music Group, LLC/RCA Records",24,24,5,"11925190"
28,"spotify:track:4F1yvJfQ7gJkrcgFJQDjOr","KYLE, Kehlani","Playinwitme (feat. Kehlani)","independently popular.",28,40,7,"11789806"
29,"spotify:track:79jX8RM5CgPqDKdGEKNW9K","Shawn Mendes","In My Blood","Island Records",7,27,9,"11668604"
30,"spotify:track:6jA8JUuPCGYjFcgw0AoM5T","Reik, Ozuna, Wisin","Me Niego (feat. Ozuna & Wisin)","Columbia",22,30,14,"11583208"
31,"spotify:track:6xTU6B6nFwKKTSZ9ySXS80","Kygo, Miguel","Remind Me to Forget","Kygo",29,29,10,"11541790"
32,"spotify:track:3ee8Jmje8o58CHK66QrVC2","XXXTENTACION","SAD!","Bad Vibes Forever, LLC",3,25,12,"11119684"
33,"spotify:track:7iDa6hUg2VgEL1o1HjmfBn","Bebe Rexha, Florida Georgia Line","Meant to Be (feat. Florida Georgia Line)","Warner Records",18,31,36,"11073278"
34,"spotify:track:6kPJZM97LwdG9QIsT7khp6","Clean Bandit, Demi Lovato","Solo (feat. Demi Lovato)","Atlantic Records UK",34,-1,1,"10799993"
35,"spotify:track:6n4U3TlzUGhdSFbUUhTvLP","Migos, Drake","Walk It Talk It","Quality Control Music, LLC",22,38,17,"10622828"
36,"spotify:track:3Wf2YGdYT8xVdNsQSoRKk9","Shawn Mendes, Khalid","Youth (feat. Khalid)","Island Records",28,32,3,"10546162"
37,"spotify:track:6IaieqiCVvsNvEt6Y7yOFa","Post Malone, Nicki Minaj","Ball For Me (feat. Nicki Minaj)","Republic Records",15,36,4,"10456499"
38,"spotify:track:3GCdLUSnKSMJhs4Tj6CV3s","Kendrick Lamar, SZA","All The Stars (with SZA) - From ""Black Panther: The Album""","Black Panther (TDE/DMG) PS",2,33,20,"10271519"
39,"spotify:track:1rfofaqEpACxVEHIZBJe6W","Camila Cabello, Young Thug","Havana (feat. Young Thug)","Syco Music/Epic",1,39,42,"10193616"
40,"spotify:track:6SFStUDQZNaGPKWOx9ZiJB","Anne-Marie","2002","Atlantic Records UK",40,45,5,"10112156"
41,"spotify:track:7uzmGiiJyRfuViKKK3lVmR","Bazzi","Mine","iamcosmic",3,37,18,"10089776"
42,"spotify:track:0X8DcetL926BYiPJYstJTc","Juice WRLD","Lucid Dreams","Juice WRLD Mixtape / ISR P&D",42,125,2,"9884933"
43,"spotify:track:6mAz8D1TmlTuef90dbNIiZ","Rich The Kid","Plug Walk","Rich The Kid / (TDE/ISR PS)",19,41,12,"9792059"
44,"spotify:track:4H7WNRErSbONkM06blBoGc","Post Malone","Stay","Republic Records",11,26,4,"9632396"
45,"spotify:track:5VuxWXbt7XENQCtE9TzpTv","Post Malone, Swae Lee","Spoil My Night (feat. Swae Lee)","Republic Records",9,28,4,"9540564"
46,"spotify:track:4QtiVmuA88tPQiCOHZuQ5b","Sofía Reyes, Jason Derulo, De La Ghetto","1, 2, 3 (feat. Jason Derulo & De La Ghetto)","WEA Latina",31,44,14,"9526939"
47,"spotify:track:7qiZfU4dY1lWllzX7mPBI3","Ed Sheeran","Shape of You","Atlantic Records UK",1,49,72,"9273000"
48,"spotify:track:0u2P5u6lvoDfwTYjAADbn4","Billie Eilish, Khalid","lovely (with Khalid)","Darkroom",48,72,5,"9256569"
49,"spotify:track:6RnkFd8Fqqgk1Uni8RgqCQ","David Guetta, Martin Garrix, Brooks","Like I Do","Parlophone (France)",24,47,13,"9091345"
50,"spotify:track:2ijef6ni2amuunRoKTlgww","Becky G, NATTI NATASHA","Sin Pijama","Sony Music Latin",50,76,4,"8863925"
51,"spotify:track:6XlSyYFTU1nodeWwwzVgTV","Pharrell Williams, Camila Cabello","Sangria Wine","Columbia",51,-1,1,"8822514"
52,"spotify:track:2ekn2ttSfGqwhhate0LSR0","Dua Lipa","New Rules","Warner Records",2,51,46,"8690678"
53,"spotify:track:2VdT56BGpdqNHUgOe1j5vc","Post Malone","Rich & Sad","Republic Records",10,35,4,"8399977"
54,"spotify:track:6U2NuJILEOEpW2tVCuqKHb","Daddy Yankee, NATTI NATASHA, Becky G, Bad Bunny","Dura - Remix","Craft Latino",54,63,4,"8348634"
55,"spotify:track:1BuZAIO8WZpavWVbbq3Lci","Rae Sremmurd, Swae Lee, Slim Jxmmi, Juicy J","Powerglide (feat. Juicy J) - From SR3MM","Mike WiLL Made-It",50,53,12,"8206526"
56,"spotify:track:2j2fIJGh4PMdXt9ULI5Tlc","Daddy Yankee","Dura","Craft Latino",9,50,18,"8203889"
57,"spotify:track:7sO5G9EABYOXQKNPNiE9NR","Offset, Metro Boomin","Ric Flair Drip (with Metro Boomin)","Slaughter Gang, LLC/Epic/Quality Control Music/Motown/Capitol/Boominati Worldwide/Republic",32,54,30,"8125141"
58,"spotify:track:3DoBTwfr8yi2LN08SBpFkN","Travis Scott, Lil Uzi Vert, Kanye West","Watch (feat. Lil Uzi Vert & Kanye West)","Epic/Grand Hustle/Cactus Jack",27,42,3,"7853510"
59,"spotify:track:32lItqlMi4LBhb4k0BaSaC","Post Malone","Candy Paint","Republic Records",17,43,36,"7847171"
60,"spotify:track:48XfojJC87VKLlUotYV0Gm","BTS, Steve Aoki","The Truth Untold (feat. Steve Aoki)","BIGHIT MUSIC",60,-1,1,"7777219"
61,"spotify:track:2XVilv6s9GETnw9PG4T9Mz","Maluma","El Préstamo","Sony Music Latin",52,71,11,"7746732"
62,"spotify:track:5Y9fnynLlIvqtM710MHzfz","Ozuna","Síguelo Bailando","VP Records Corp/Dimelo Vi",43,64,21,"7710038"
63,"spotify:track:7yotKA30dwTKNEGomV9ZsI","J. Cole","KOD","J. Cole P&D",6,46,5,"7681914"
64,"spotify:track:3pWcj8hxj3fsb9TDAcMpEl","The Chainsmokers, Drew Love","Somebody","Disruptor Records/Columbia",64,69,5,"7509593"
65,"spotify:track:0tgVpDi06FyKpA1z0VMD4v","Ed Sheeran","Perfect","Atlantic Records UK",4,65,64,"7499375"
66,"spotify:track:5PTG6rrL6EPFD9E2QMI2pl","Famous Dex","JAPAN","300 Entertainment",34,57,9,"7428324"
67,"spotify:track:0VKkyBKCXyR99navhVRqcP","Zion & Lennox","La player (Bandolera)","WEA Latina",67,75,10,"7349925"
68,"spotify:track:1zsG4eaZmkA1dvjDDsAGLK","Luis Fonsi, Demi Lovato","Échame La Culpa","UMLE - Latino",7,61,27,"7337265"
69,"spotify:track:75ZvA4QfFiZvzhj2xkaWAh","Post Malone","I Fall Apart","Universal Records",10,66,35,"7299920"
70,"spotify:track:0Y4hwUppbGc8aIBmiTz30A","Liam Payne, J Balvin","Familiar","Capitol Records UK / EMI",57,62,5,"7285501"
71,"spotify:track:09IOPhEh1OMe0HD9b36FJk","Post Malone","Over Now","Republic Records",13,48,4,"7068952"
72,"spotify:track:3soOPBuMK8YMdWnV7xpEyf","Sean Paul, David Guetta, Becky G","Mad Love","Universal-Island Records Ltd.",38,58,12,"6963064"
73,"spotify:track:7Fg342AJtNsIDdwCfX0paC","ZAYN","Let Me","RCA Records Label",28,67,6,"6815526"
74,"spotify:track:1YNQscOx6OqBQjxgJVhEeW","Rita Ora, Bebe Rexha, Charli xcx, Cardi B","Girls (feat. Cardi B, Bebe Rexha & Charli XCX)","Atlantic Records UK",52,52,2,"6799572"
75,"spotify:track:1lsBTdE6MGsKeZCD6llNu7","Charlie Puth, Kehlani","Done for Me (feat. Kehlani)","Artist Partner",75,100,6,"6653171"
76,"spotify:track:1j6xOGusnyXq3l6IryKF3G","Piso 21, Manuel Turizo","Déjala Que Vuelva (feat. Manuel Turizo)","WM Mexico",33,73,29,"6583785"
77,"spotify:track:7Izh7zLJGw1Nscd62Exxj4","Imagine Dragons","Believer","Kid Ina Korner / Interscope",16,80,68,"6573588"
78,"spotify:track:7GX5flRQZVHRAGd6B4TmDO","Lil Uzi Vert","XO Tour Llif3","Generation Now/Atlantic",10,77,61,"6509694"
79,"spotify:track:6g1NlCpW7fgqDnWbCCDrHl","Avicii","Wake Me Up","Pophouse Entertainment Group",13,70,5,"6452407"
80,"spotify:track:26gceVsA1ybT8qsX3aYLEn","Imagine Dragons","Thunder","Kid Ina Korner / Interscope",8,82,56,"6446924"
81,"spotify:track:1D2L6MefbXon28PzIk9I3r","Post Malone","92 Explorer","Republic Records",23,59,4,"6372807"
82,"spotify:track:1trFxVLL8WKhYap543e74l","BTS","Airplane pt.2","BIGHIT MUSIC",82,-1,1,"6348328"
83,"spotify:track:2RVrdr062uLFxXwIxwdXPH","Piso 21, Paulo Londra","Te Amo","WM Mexico",83,93,9,"6284517"
84,"spotify:track:5lZZmityu9TAjNvSY6GLhR","Post Malone","Zack And Codeine","Republic Records",16,56,4,"6281663"
85,"spotify:track:0SaYeGhSXN0dDWstyNTQ56","Wolfine, Maluma","Bella - Remix","LOMIORECORDS",85,134,3,"6270126"
86,"spotify:track:3H2JThgdBxezwj1wwafQS8","Juice WRLD","All Girls Are The Same","Juice WRLD Mixtape / ISR P&D",86,135,2,"6199603"
87,"spotify:track:0r9d60ZYPAlFHq8qnUtkXN","Cosculluela, Bad Bunny","Madura","Rottweilas, Inc.",87,108,6,"6198334"
88,"spotify:track:4kWO6O1BUXcZmaxitpVUwp","Tiësto, Dzeko, Preme, Post Malone","Jackie Chan","Universal Music, a division of Universal International Music BV",88,-1,1,"6187577"
89,"spotify:track:4eWQlBRaTjPPUlzacqEeoQ","Camila Cabello","Never Be the Same","Syco Music/Epic",4,84,24,"6164768"
90,"spotify:track:688QpQAwqsLdBR6lr13wK1","Post Malone, G-Eazy, YG","Same Bitches (feat. G-Eazy & YG)","Republic Records",18,60,4,"6159836"
91,"spotify:track:2BJSMvOGABRxokHKB0OI8i","Playboi Carti, Lil Uzi Vert","Shoota (feat. Lil Uzi Vert)","AWGE Label",86,86,2,"6126261"
92,"spotify:track:7EmGUiUaOSGDnUUQUDrOXC","Selena Gomez, Marshmello","Wolves","Selena Gomez PS",3,85,31,"6090048"
93,"spotify:track:0CZ8lquoTX2Dkg7Ak2inwA","King Princess","1950","Zelig Records, LLC./Columbia Records",61,87,10,"6082094"
94,"spotify:track:1LhMopPAallLeaeNutqbgS","Justin Timberlake, Chris Stapleton","Say Something (feat. Chris Stapleton)","RCA Records Label",25,83,17,"6078711"
95,"spotify:track:6Za3190Sbw39BBC77WSS1C","NATTI NATASHA, Ozuna","Criminal","Pina Records",21,89,36,"6062530"
96,"spotify:track:18W92Zm1KjLCbUIszOhpkD","NOTD, Bea Miller","I Wanna Know (feat. Bea Miller)","Universal Music AB",74,90,7,"5989763"
97,"spotify:track:2RttW7RAu5nOAfq6YFvApB","Ed Sheeran","Happier","Atlantic Records UK",10,113,54,"5964463"
98,"spotify:track:5cepAtqnEQ6yVG6088zMMu","Maluma, Nego do Borel","Corazón (feat. Nego do Borel)","Sony Music Latin",17,109,29,"5901993"
99,"spotify:track:2gTYVoQCUh0QNUaFix01ld","Nicki Minaj","Chun-Li","Young Money/Cash Money Records",58,96,6,"5835254"
100,"spotify:track:2alIsNw1mqEShbWyO1HXZZ","Sebastian Yatra, Luis Figueroa, Lary Over","Por Perro","UMLE - Latino",100,131,3,"5810296"
101,"spotify:track:5ffntNJnJOeFv7b7DCd0Bw","Post Malone","Takin' Shots","Republic Records",19,68,4,"5799651"
102,"spotify:track:2EzRdhuoPyNJDlep7lnNf2","Danny Ocean","Dembow","Atlantic Records",65,104,19,"5781163"
103,"spotify:track:6QgjcU0zLnzq5OrUoSZ3OK","Portugal. The Man","Feel It Still","Atlantic Records",18,97,45,"5779153"
104,"spotify:track:7KXjTSCq5nL1LoYtL7XAwS","Kendrick Lamar","HUMBLE.","Aftermath",1,106,60,"5739930"
105,"spotify:track:1mXVgsBdtIVeCLJnSnmtdV","Sam Smith","Too Good At Goodbyes","PLG - Capitol",1,107,37,"5657908"
106,"spotify:track:3a1lNhkSLSkpJE4MSHpDu9","Post Malone, Quavo","Congratulations","Universal Records",20,110,70,"5652955"
107,"spotify:track:4lRwa7PKcGIuJMwtPIYKdy","BTS","Anpanman","BIGHIT MUSIC",107,-1,1,"5652913"
108,"spotify:track:7m9OqQk4RVRkw9JJdeAw96","XXXTENTACION","Jocelyn Flores","Bad Vibes Forever / EMPIRE",15,112,39,"5623279"
109,"spotify:track:7vGuf3Y35N4wmASOKLUVVU","Marshmello, Khalid","Silence","Joytime Collective/RCA Records",8,111,41,"5617805"
110,"spotify:track:7CneiDesUKFJO3Ix01dnfr","Taylor Swift","Delicate","Taylor Swift",26,81,13,"5617416"
111,"spotify:track:44KKhCyI0BGS6LvVyDqJtH","Lil Pump","Esskeetit","Warner Records",51,99,6,"5609626"
112,"spotify:track:51rXHuKN8Loc4sUlKPODgH","Jay Rock, Kendrick Lamar, Future, James Blake","King's Dead (with Kendrick Lamar, Future & James Blake)","Black Panther (TDE/DMG) PS",29,92,19,"5591414"
113,"spotify:track:6WbADFqMvR8N5u0BvtsWQE","Avicii, Sandro Cavazza","Without You","Universal Music AB",20,94,33,"5576945"
114,"spotify:track:01dmH2IPkrLNWIMPNXlreE","BTS","Paradise","BIGHIT MUSIC",114,-1,1,"5560683"
115,"spotify:track:083Qf6hn6sFL6xiOHlZUyn","Jess Glynne","I'll Be There","Atlantic Records UK",115,118,3,"5552247"
116,"spotify:track:2Yl4OmDby9iitgNWZPwxkd","Cardi B","Be Careful","Atlantic/KSR",27,101,8,"5538265"
117,"spotify:track:22ryCgQttpV7oCrn7llGRu","BTS","Magic Shop","BIGHIT MUSIC",117,-1,1,"5487460"
118,"spotify:track:0JP9xo3adEtGSdUEISiszL","XXXTENTACION","Moonlight","Bad Vibes Forever, LLC",14,95,10,"5477467"
119,"spotify:track:645YBsxhFPSOKxGep3uHLv","BTS","Love Maze","BIGHIT MUSIC",119,-1,1,"5462723"
120,"spotify:track:73F87Sqh6jQWucOOvz1WFx","Sia, Diplo, Labrinth, LSD","Genius (feat. Sia, Diplo, and Labrinth)","Records/Columbia",66,79,3,"5446465"
121,"spotify:track:4ofvoCdXq99vpMZO4Cfp8x","The Weeknd, Kendrick Lamar","Pray For Me","Universal Republic Records",3,105,16,"5438721"
122,"spotify:track:3Vo4wInECJQuz9BIBMOu8i","Bruno Mars, Cardi B","Finesse - Remix; feat. Cardi B","Atlantic Records",4,98,20,"5406589"
123,"spotify:track:5mqzhMuUpvnMfwNz6iepmO","Diplo, French Montana, Lil Pump, Zhavia","Welcome to the Party (with French Montana & Lil Pump, feat. Zhavia Ward) - from Deadpool 2","Columbia",123,-1,1,"5372588"
124,"spotify:track:38td8VabuKlQt72Q2VnhbO","BTS","134340","BIGHIT MUSIC",124,-1,1,"5367758"
125,"spotify:track:5Z3GHaZ6ec9bsiI5BenrbY","Khalid","Young Dumb & Broke","Right Hand Music Group, LLC/RCA Records",12,117,48,"5311115"
126,"spotify:track:5cuRYDNIcSu5noyXQpULKg","Shawn Mendes","Where Were You In The Morning?","Island Records",126,-1,1,"5294083"
127,"spotify:track:3ITvHA9zhZZdBJsOsAUegF","Bad Bunny","Amorfoda","Rimas Entertainment LLC",10,116,14,"5165474"
128,"spotify:track:3Ga6eKrUFf12ouh9Yw3v2D","Anitta, J Balvin","Downtown","WM Brazil",21,122,27,"5153723"
129,"spotify:track:5uCax9HTNlzGybIStD3vDh","James Arthur","Say You Won't Let Go","Columbia",7,129,74,"5110959"
130,"spotify:track:3xcCix7Jv1Rp90YVmgo35D","Wolfine","Bella","LOMIORECORDS",28,88,22,"5098169"
131,"spotify:track:6ePyl2ns4b7MVYhjsj32ZK","BTS","Intro: Singularity","BIGHIT MUSIC",131,-1,1,"5084486"
132,"spotify:track:5IaHrVsrferBYDm0bDyABy","Tyga, Offset","Taste (feat. Offset)","Last Kings Music / EMPIRE",132,-1,1,"5077572"
133,"spotify:track:4qWCFTuNnmGNdY4egtb4ZY","Post Malone","Otherside","Republic Records",25,78,4,"5033982"
134,"spotify:track:5UEnHoDYpsxlfzWLZIc7LD","Eminem, Ed Sheeran","River (feat. Ed Sheeran)","Eminem Catalog PS",2,127,23,"5003698"
135,"spotify:track:6mrKP2jyIQmM0rw6fQryjr","NF","Let You Down","NF Real Music",9,124,33,"4983703"
136,"spotify:track:2UVbBKQOdFAekPTRsnkzcf","Migos","Stir Fry","Quality Control Music, LLC",16,121,21,"4962394"
137,"spotify:track:4CvId64YZSB0RfRdfzPIQU","BTS","So What","BIGHIT MUSIC",137,-1,1,"4917683"
138,"spotify:track:1xznGGDReH1oQq0xzbwXa3","Drake, Wizkid, Kyla","One Dance","Cash Money Records/Young Money Ent./Universal Rec.",12,142,74,"4881924"
139,"spotify:track:5hcisvFMidkMJlElTO9Qmw","Bad Bunny, Prince Royce, J Balvin, Mambo Kingz, DJ Luian","Sensualidad","Hear This Music",21,130,29,"4870154"
140,"spotify:track:3B54sVLJ402zGa6Xm4YGNe","French Montana, Swae Lee","Unforgettable","Bad Boy Entertainment/Epic Records",3,136,59,"4854193"
141,"spotify:track:5cF0dROlMOK5uNZtivgu50","Charlie Puth","Attention","Artist Partner",5,114,57,"4836229"
142,"spotify:track:6RUKPb4LETWmmr3iAEQktW","The Chainsmokers, Coldplay","Something Just Like This","Disruptor Records/Columbia",2,148,66,"4792727"
143,"spotify:track:1j4kHkkpqZRBwE0A4CN4Yv","ZAYN, Sia","Dusk Till Dawn (feat. Sia) - Radio Edit","RCA Records Label",4,141,37,"4783964"
144,"spotify:track:2xGjteMU3E1tkEPVFBO08U","Keala Settle, The Greatest Showman Ensemble","This Is Me","Atlantic Records",30,146,21,"4773107"
145,"spotify:track:1HagMz5nWk1HmevNCBOxF3","Banx & Ranx, Ella Eyre, Yxng Bane","Answerphone (feat. Yxng Bane)","Parlophone UK",125,126,5,"4760162"
146,"spotify:track:4EAV2cKiqKP5UPZmY6dejk","Logic, Marshmello","Everyday","Def Jam Recordings",16,132,12,"4756620"
147,"spotify:track:1bhUWB0zJMIKr9yVPrkEuI","Ed Sheeran, Beyoncé","Perfect Duet (Ed Sheeran & Beyoncé)","Atlantic Records UK",3,152,25,"4742104"
148,"spotify:track:2OALaHcDdKkjYEpAr0Qzab","Avicii, Rita Ora","Lonely Together","Universal Music AB",19,133,37,"4739883"
149,"spotify:track:3hBBKuWJfxlIlnd9QFoC8k","Maroon 5, SZA","What Lovers Do (feat. SZA)","Interscope Records*",5,144,38,"4723711"
150,"spotify:track:19MBk3PbNFE36wqIqkMq9H","Alvaro Soler","La Cintura","Airforce1",150,172,2,"4721652"
151,"spotify:track:630sXRhIcfwr2e4RdNtjKN","Zac Efron, Zendaya","Rewrite The Stars","Atlantic Records",20,149,21,"4716949"
152,"spotify:track:7rwX0O3RlxqqIjQM8evm5E","Ozuna, Mambo Kingz, DJ Luian, Bad Bunny, Wisin, Almighty","Solita","Hear This Music",75,150,17,"4649815"
153,"spotify:track:7AFASza1mXqntmGtbxXprO","XXXTENTACION","changes","Bad Vibes Forever, LLC",27,151,12,"4634161"
154,"spotify:track:6gBFPUFcJLzWGx4lenP6h2","Travis Scott","goosebumps","Cactus Jack / Epic",60,154,73,"4630770"
155,"spotify:track:6tvQzeCPwOytDlBYCIOY0n","Jax Jones, Ina Wroldsen","Breathe (feat. Ina Wroldsen)","Polydor Records",48,140,19,"4599957"
156,"spotify:track:7F3uo3304R2CTvOseU3H7u","Imagine Dragons","Whatever It Takes","Kid Ina Korner / Interscope",51,158,41,"4584216"
157,"spotify:track:0dSIrRkA4PadGll16TgbnV","Famous Dex, A$AP Rocky","PICK IT UP (feat. A$AP Rocky)","300 Entertainment",60,161,28,"4578610"
158,"spotify:track:6nO3tr47nr2P7f3hXb8JIo","NAV, Travis Scott","Champion (feat. Travis Scott)","Republic Records",158,-1,1,"4576062"
159,"spotify:track:54OB85nuxYGfl7qRQXuz7c","J Balvin","Ahora","UMLE - Latino",109,157,11,"4559539"
160,"spotify:track:3kxfsdsCpFgN412fpnW85Y","Childish Gambino","Redbone","Glassnote - VMG",35,123,70,"4542592"
161,"spotify:track:2xmrfQpmS2iJExTlklLoAL","Clean Bandit, Julia Michaels","I Miss You (feat. Julia Michaels)","Atlantic Records UK",23,153,30,"4526759"
162,"spotify:track:7BKLCZ1jbUBVqRi2FVlTVw","The Chainsmokers, Halsey","Closer","Disruptor Records/Columbia",2,164,74,"4501555"
163,"spotify:track:1ZemPoaj7LBj1RAQrb89EC","Post Malone","Blame It On Me","Republic Records",27,102,4,"4486919"
164,"spotify:track:152lZdxL1OR0ZMW6KquMif","Khalid","Location","Right Hand Music Group, LLC/RCA Records",34,160,68,"4485493"
165,"spotify:track:1wjzFQodRWrPcQ0AnYnvQ9","Lauv","I Like Me Better","Lauv",29,166,51,"4484607"
166,"spotify:track:7uYgVgRSgqluZclLS7wpp4","Ozuna, Romeo Santos","El Farsante - Remix","VP Records Corp/Dimelo Vi",102,165,16,"4456024"
167,"spotify:track:2374M0fQpWi3dLnB54qaLX","TOTO","Africa","Columbia",164,176,10,"4448563"
168,"spotify:track:5tz69p7tJuGPeMGwNTxYuV","Logic, Alessia Cara, Khalid","1-800-273-8255","Def Jam Recordings",5,162,56,"4419716"
169,"spotify:track:71bBFbfn2OBK5QwUJSLS44","Axwell /\ Ingrosso, Axwell, Sebastian Ingrosso","More Than You Know","Pophouse Entertainment Group",15,167,52,"4395902"
170,"spotify:track:5p10VwQ8LRoyTc8LFrvPw6","BTS","Outro: Tear","BIGHIT MUSIC",170,-1,1,"4360971"
171,"spotify:track:2vvdTrdryjsl8DmPIMDWZU","Enrique Iglesias, Bad Bunny","EL BAÑO","RCA Records/Sony Music International/Sony Music Latin",38,159,19,"4348621"
172,"spotify:track:2rb5MvYT7ZIxbKW5hfcHx8","J Balvin, Willy William","Mi Gente","Scorpio Music (FR)",1,171,47,"4337240"
173,"spotify:track:5AEtlRudpgdT5FtNiuly6Y","Hailee Steinfeld, Alesso, Florida Georgia Line, WATT","Let Me Go (with Alesso, Florida Georgia Line & watt)","Universal Records",16,145,37,"4332725"
174,"spotify:track:6De0lHrwBfPfrhorm9q1Xl","Danny Ocean","Me Rehúso","Atlantic Records",20,174,66,"4306258"
175,"spotify:track:0MrRAUcB8AZiB9ue2VOBYe","Post Malone","Sugar Wraith","Republic Records",33,120,4,"4301892"
176,"spotify:track:2fQrGHiQOvpL9UgPvtYy6G","21 Savage","Bank Account","Slaughter Gang, LLC/Epic Records",22,163,46,"4293685"
177,"spotify:track:794QVQtFNy7hvtjQP1keQd","G-Eazy, Yo Gotti, YBN Nahmir","1942 (feat. Yo Gotti & YBN Nahmir)","BPG/RVG/RCA Records",108,192,6,"4260222"
178,"spotify:track:6KBYefIoo7KydImq1uUQlL","Cardi B","Bodak Yellow","Atlantic/KSR",21,168,43,"4256006"
179,"spotify:track:3TnhQSRwT3AVMdXw5JPq0x","Paulo Londra, Lenny Tavárez","Nena Maldición (feat. Lenny Tavárez)","WEA Latina",170,170,4,"4207102"
180,"spotify:track:31M5m42C3EGlbydf9XB5to","Leslie Grace, Noriel","Duro y Suave","Sony Music Latin",180,195,2,"4200257"
181,"spotify:track:1Nj2oBISdFDSF8eDuXcALz","OneRepublic, Logic","Start Again (feat. Logic)","UMGRI Interscope",181,-1,1,"4195945"
182,"spotify:track:24MGEzm6xAO1nFgVVp37YI","Lord Huron","The Night We Met","Play It Again Sam",55,-1,24,"4194306"
183,"spotify:track:3m660poUr1chesgkkjQM7P","Demi Lovato","Sorry Not Sorry","Island Records",7,173,46,"4193076"
184,"spotify:track:3S0OXQeoh0w6AY8WQVckRW","Jason Mraz","I'm Yours","Atlantic Records/ATG",175,187,8,"4191484"
185,"spotify:track:1Slwb6dOYkBlWal1PGtnNg","Ed Sheeran","Thinking out Loud","Atlantic Records UK",58,188,74,"4184956"
186,"spotify:track:5CtI0qwDJkDQGwXD1H1cLb","Luis Fonsi, Daddy Yankee, Justin Bieber","Despacito - Remix","UMLE - Latino",1,182,58,"4170781"
187,"spotify:track:6wmAHw1szh5RCKSRjiXhPe","Charlie Puth","How Long","Artist Partner",15,143,33,"4160345"
188,"spotify:track:5qqabIl2vWzo9ApSC317sa","Oasis","Wonderwall - Remastered","Big Brother",152,-1,32,"4152951"
189,"spotify:track:79cuOz3SPQTuFrp8WgftAu","Shawn Mendes","There's Nothing Holdin' Me Back","Island Records",5,-1,55,"4113818"
190,"spotify:track:3IPJg1sdqLj12kFIndaonN","Sebastian Yatra","No Hay Nadie Más","UMLE - Latino",190,-1,2,"4108636"
191,"spotify:track:0TCnOEVeLQMXOUrpPlM7uY","Rae Sremmurd, Swae Lee, Slim Jxmmi","Guatemala - From Swaecation","Mike WiLL Made-It",111,155,5,"4098143"
192,"spotify:track:7boPPE857KEqCIHNwFkDop","Sia, Diplo, Labrinth, LSD","Audio (feat. Sia, Diplo, and Labrinth)","Records/Columbia",119,119,2,"4093327"
193,"spotify:track:5k38wzpLb15YgncyWdTZE4","G-Eazy, Halsey","Him & I (with Halsey)","BPG/RVG/RCA Records",7,175,25,"4076368"
194,"spotify:track:5LciLoxa1gK70yIUeoHgRx","Bomba Estéreo, Tainy","To My Love - Tainy Remix","Sony Music Latin",149,181,7,"4058161"
195,"spotify:track:6fxVffaTuwjgEk5h9QyRjy","Ed Sheeran","Photograph","Atlantic Records UK",41,-1,73,"3992856"
196,"spotify:track:7EI6Iki24tBHAMxtb4xQN2","Rita Ora","Anywhere","Atlantic Records UK",39,189,31,"3976696"
197,"spotify:track:7AQim7LbvFVZJE3O8TYgf2","XXXTENTACION, Trippie Redd","Fuck Love","Bad Vibes Forever / EMPIRE",41,184,39,"3970794"
198,"spotify:track:3ZhTT6yjZwpPph5MIJ53XY","Lil Skies, Landon Cube","Red Roses (feat. Landon Cube)","All We Got Ent.",133,-1,13,"3970058"
199,"spotify:track:0KKkJNfGyhkQ5aFogxQAPU","Bruno Mars","That's What I Like","Atlantic Records",6,198,73,"3946959"
200,"spotify:track:2GGGm4MLQynB3I4E4ycIYC","Seeb, Dagny","Drink About","Universal Music AS",151,183,5,"3941818"
