﻿rank,uri,artist_names,track_name,source,peak_rank,previous_rank,weeks_on_chart,streams
1,"spotify:track:5CtI0qwDJkDQGwXD1H1cLb","Luis Fonsi, Daddy Yankee, Justin Bieber","Despacito - Remix","UMLE - Latino",1,1,7,"51033858"
2,"spotify:track:3DXncPQOG4VBw3QHh3S817","DJ Khaled, Justin Bieber, Quavo, Chance the Rapper, Lil Wayne","I'm the One (feat. Justin Bieber, Quavo, Chance the Rapper & Lil Wayne)","Epic/We The Best",2,2,5,"36792183"
3,"spotify:track:7qiZfU4dY1lWllzX7mPBI3","Ed Sheeran","Shape of You","Atlantic Records UK",1,3,21,"29634907"
4,"spotify:track:7KXjTSCq5nL1LoYtL7XAwS","Kendrick Lamar","HUMBLE.","Aftermath",1,4,9,"26122191"
5,"spotify:track:4aWmUDTfIPGksMNLV2rQP2","Luis Fonsi, Daddy Yankee","Despacito","UMLE - Latino",4,13,20,"23378508"
6,"spotify:track:6kex4EBAj0WHXDKZMEJaaF","Jason Derulo, Nicki Minaj, Ty Dolla $ign","Swalla (feat. Nicki Minaj & Ty Dolla $ign)","Beluga Heights/Warner Records",6,9,14,"21854116"
7,"spotify:track:79cuOz3SPQTuFrp8WgftAu","Shawn Mendes","There's Nothing Holdin' Me Back","Island Records",5,5,6,"21506864"
8,"spotify:track:4iLqG9SeJSnt0cSPICSjxv","Charlie Puth","Attention","Artist Partner",8,11,6,"21382203"
9,"spotify:track:0dA2Mk56wEzDgegdC6R17g","Zedd, Alessia Cara","Stay","UMGRI Interscope",7,10,14,"20224386"
10,"spotify:track:3eR23VReFzcdmS7TYCrhCe","Kygo, Selena Gomez","It Ain't Me (with Selena Gomez)","Kygo",2,12,15,"19894904"
11,"spotify:track:2habSXqcJGExM6JJyskY7O","Miley Cyrus","Malibu","RCA Records Label",7,7,3,"19650210"
12,"spotify:track:6RUKPb4LETWmmr3iAEQktW","The Chainsmokers, Coldplay","Something Just Like This","Disruptor Records/Columbia",2,14,15,"19446030"
13,"spotify:track:0KKkJNfGyhkQ5aFogxQAPU","Bruno Mars","That's What I Like","Atlantic Records",6,15,23,"19239281"
14,"spotify:track:3B54sVLJ402zGa6Xm4YGNe","French Montana, Swae Lee","Unforgettable","Bad Boy Entertainment/Epic Records",14,17,8,"19175111"
15,"spotify:track:3rOSwuTsUlJp0Pu0MkN8r8","Future","Mask Off","Epic/Freebandz/A1",5,8,15,"18661678"
16,"spotify:track:1x5sYLZiu9r5E43kMlt9f8","Clean Bandit, Zara Larsson","Symphony (feat. Zara Larsson)","Atlantic Records UK",11,16,11,"18545788"
17,"spotify:track:2eMwDehkIC1j68U6FA3Eiq","Lil Uzi Vert","XO Tour Llif3","Generation Now/Atlantic",16,20,10,"17634568"
18,"spotify:track:0qYTZCo5Bwh1nsUFGZP3zn","Maluma","Felices los 4","Sony Music Latin",17,19,6,"16661565"
19,"spotify:track:0tKcYR2II1VCQWT79i5NrW","Imagine Dragons","Thunder","Kid Ina Korner / Interscope",19,22,5,"16661005"
20,"spotify:track:6EpRaXYhGOB3fj4V2uDkMJ","Liam Payne, Quavo","Strip That Down (feat. Quavo)","Capitol Records UK / EMI",20,30,2,"16497946"
21,"spotify:track:1sCxVKWImDZSZKvG0U9B23","Selena Gomez","Bad Liar","Selena Gomez PS",6,6,3,"16420214"
22,"spotify:track:2Gl0FzuLxflY6nPifJp5Dr","Kygo, Ellie Goulding","First Time","Kygo",19,21,5,"15356523"
23,"spotify:track:5Ohxk2dO5COHF1krpoPigN","Harry Styles","Sign of the Times","Columbia",14,18,8,"15152071"
24,"spotify:track:1NDxZ7cFAo481dtYWdrUnR","Maggie Lindemann, Cheat Codes, CADE","Pretty Girl - Cheat Codes X CADE Remix","300 Entertainment",24,25,9,"14741269"
25,"spotify:track:1louJpMmzEicAn7lzDalPW","Cheat Codes, Demi Lovato","No Promises (feat. Demi Lovato)","Parlophone UK",24,24,9,"14526051"
26,"spotify:track:7hDc8b7IXETo14hHIHdnhd","Drake","Passionfruit","Cash Money Records/Young Money Ent./Universal Rec.",2,23,11,"14185730"
27,"spotify:track:6jA8HL9i4QGzsj6fjoxp8Y","Martin Garrix, Troye Sivan","There for You","Epic Amsterdam",27,-1,1,"14123613"
28,"spotify:track:6D0b04NJIKfEMg040WioJQ","Julia Michaels","Issues","J/Republic",9,26,20,"13841685"
29,"spotify:track:3a1lNhkSLSkpJE4MSHpDu9","Post Malone, Quavo","Congratulations","Universal Records",27,32,19,"13239732"
30,"spotify:track:7tr2za8SQg2CI8EDgrdtNl","Calvin Harris, Frank Ocean, Migos, Funk Wav","Slide (feat. Frank Ocean & Migos)","Columbia",13,28,14,"13178817"
31,"spotify:track:0afhq8XCExXpqazXczTSve","Ed Sheeran","Galway Girl","Atlantic Records UK",2,29,13,"13006755"
32,"spotify:track:7nKBxz47S9SD79N086fuhn","Enrique Iglesias, Descemer Bueno, Zion & Lennox","SUBEME LA RADIO","RCA Records/Sony Music International/Sony Music Latin",32,33,14,"12845621"
33,"spotify:track:5tz69p7tJuGPeMGwNTxYuV","Logic, Alessia Cara, Khalid","1-800-273-8255","Def Jam Recordings",27,27,5,"12816496"
34,"spotify:track:0NiXXAI876aGImAd6rTj8w","Jonas Blue, William Singe","Mama","UMOD (Universal Music On Demand)",34,52,4,"12790365"
35,"spotify:track:6De0lHrwBfPfrhorm9q1Xl","Danny Ocean","Me Rehúso","Atlantic Records",28,34,15,"12517785"
36,"spotify:track:6HZILIRieu8S0iqY8kIKhj","Kendrick Lamar","DNA.","Aftermath",3,31,7,"12180795"
37,"spotify:track:3ebXMykcMXOcLeJ9xZ17XH","Martin Garrix, Dua Lipa","Scared to Be Lonely","Epic Amsterdam",5,35,18,"11643572"
38,"spotify:track:167NczpNbRF7oWakJaY3Hh","Niall Horan","Slow Hands","Capitol Records (US1A)",36,36,4,"11577938"
39,"spotify:track:7i2DJ88J7jQ8K7zqFX2fW8","Halsey","Now Or Never","Astralwerks (ASW)",38,39,8,"10919964"
40,"spotify:track:51PIvodunv6NmX5250zxAh","Lady Gaga","The Cure","Interscope",33,37,7,"10737759"
41,"spotify:track:152lZdxL1OR0ZMW6KquMif","Khalid","Location","Right Hand Music Group, LLC/RCA Records",34,41,17,"10617651"
42,"spotify:track:2EEeOnHehOozLq4aS0n6SL","KYLE, Lil Yachty","iSpy (feat. Lil Yachty)","independently popular.",21,40,23,"10491707"
43,"spotify:track:1SJtlNRJDeYHioymcvsqev","Camila Cabello","Crying in the Club","Syco Music/Epic",43,44,2,"10365858"
44,"spotify:track:0CcQNd8CINkwQfe1RDtGV6","Imagine Dragons","Believer","Kid Ina Korner / Interscope",19,42,17,"10244095"
45,"spotify:track:1Eck97uRMlprKOOJN9oO1E","G-Eazy, Kehlani","Good Life (with G-Eazy & Kehlani)","Artist Partner",25,38,10,"10220070"
46,"spotify:track:0lMbuWUpfTWhEmOKxppEau","Calvin Harris, Future, Khalid, Funk Wav","Rollin (feat. Future & Khalid)","Columbia",43,43,3,"9779738"
47,"spotify:track:5knuzwU65gJK7IF5yJsuaW","Clean Bandit, Anne-Marie, Sean Paul","Rockabye (feat. Sean Paul & Anne-Marie)","Atlantic Records UK",3,45,23,"9607866"
48,"spotify:track:2cnKEkpVUSV4wnjQiTWfH6","Wisin, Ozuna","Escápate Conmigo (feat. Ozuna)","Sony Music Latin",48,48,8,"9591864"
49,"spotify:track:72jbDTw1piOOj770jWNeaG","The Chainsmokers","Paris","Disruptor Records/Columbia",2,46,20,"9200751"
50,"spotify:track:22eADXu8DfOAUEDw4vU8qy","Chris Jedi, J Balvin, Ozuna, Arcángel","Ahora Dice","UMLE - Latino",50,55,8,"8786577"
51,"spotify:track:3umS4y3uQDkqekNjVpiRUs","Nicky Jam","El Amante","Sony Music Latin",32,51,19,"8597179"
52,"spotify:track:3NdDpSvN911VPGivFlV5d0","ZAYN, Taylor Swift","I Don’t Wanna Live Forever (Fifty Shades Darker)","Taylor Swift",2,50,23,"8556450"
53,"spotify:track:3kxfsdsCpFgN412fpnW85Y","Childish Gambino","Redbone","Glassnote - VMG",53,79,23,"8430189"
54,"spotify:track:2kVHAQKVtczchKctctzbtK","Katy Perry, Nicki Minaj","Swish Swish","Capitol Records (CAP)",53,53,2,"8330604"
55,"spotify:track:5GXAXm5YOmYT0kL5jHvYBt","The Weeknd, Daft Punk","I Feel It Coming","Universal Republic Records",9,49,23,"8258359"
56,"spotify:track:2mfUa8bLs2s5N4VaqJZ4lZ","Hailee Steinfeld","Most Girls","Universal Records",54,54,5,"8174423"
57,"spotify:track:5uCax9HTNlzGybIStD3vDh","James Arthur","Say You Won't Let Go","Columbia",7,59,23,"7736414"
58,"spotify:track:00lNx0OcTJrS3MKHcB80HY","Jax Jones, RAYE","You Don't Know Me (feat. RAYE)","Polydor Records",17,56,21,"7589360"
59,"spotify:track:7abpmGpF7PGep2rDU68GBR","Burak Yeter, Danelle Sandoval","Tuesday","SBA Production",58,58,16,"7580815"
60,"spotify:track:6HUnnBwYZqcED1eQztxMBN","Martin Jensen","Solo Dance","Intercord",25,62,23,"7562998"
61,"spotify:track:7BKLCZ1jbUBVqRi2FVlTVw","The Chainsmokers, Halsey","Closer","Disruptor Records/Columbia",2,63,23,"7559994"
62,"spotify:track:2Vdub5mY4lad7w64bFPUez","Pitbull, J Balvin, Camila Cabello","Hey Ma (with Pitbull & J Balvin feat. Camila Cabello)","Artist Partner",62,65,12,"7372802"
63,"spotify:track:6PGoSes0D9eUDeeAafB2As","Kendrick Lamar, Zacari","LOVE. FEAT. ZACARI.","Aftermath",14,57,7,"7353681"
64,"spotify:track:6gBFPUFcJLzWGx4lenP6h2","Travis Scott","goosebumps","Cactus Jack / Epic",64,68,22,"7326077"
65,"spotify:track:2bjwRfXMk4uRgOD9IBYl9h","Drake, Quavo, Travis Scott","Portland","Cash Money Records/Young Money Ent./Universal Rec.",13,60,11,"7209457"
66,"spotify:track:209gZgcfLq2aUuu51vOWBl","CNCO, Yandel","Hey DJ","Sony Music Latin",66,75,6,"7059876"
67,"spotify:track:61WbtB6ujkpNAsAf5LjF4b","Katy Perry, Migos","Bon Appétit","Capitol Records (CAP)",47,47,5,"6997442"
68,"spotify:track:78rIJddV4X0HkNAInEcYde","Starley, Ryan Riback","Call on Me - Ryan Riback Remix","Central Station Records",13,64,23,"6913336"
69,"spotify:track:6mORGLOz79w6VsCRLWYYuK","Lord Huron","The Night We Met","Play It Again Sam",55,61,8,"6898049"
70,"spotify:track:5aAx2yezTd8zXrkmtKl66Z","The Weeknd, Daft Punk","Starboy","Universal Republic Records",1,72,23,"6871909"
71,"spotify:track:4Q3N4Ct4zCuIHuZ65E3BD4","Kodak Black","Tunnel Vision","Atlantic Records",39,69,15,"6853540"
72,"spotify:track:6PCUP3dWmTjcTtXY02oFdT","Ed Sheeran","Castle on the Hill","Atlantic Records UK",2,70,21,"6833735"
73,"spotify:track:6dVZCbi9CYtD9LjAHXRjIG","Future, Kendrick Lamar","Mask Off (feat. Kendrick Lamar) - Remix","Epic/Freebandz/A1",73,-1,1,"6660603"
74,"spotify:track:4c2W3VKsOFoIg2SFaO6DY5","Rita Ora","Your Song","Atlantic Records UK",74,-1,1,"6563732"
75,"spotify:track:6mICuAdrwEjh6Y6lroV2Kg","Shakira, Maluma","Chantaje (feat. Maluma)","Sony Music Latin",13,73,23,"6505503"
76,"spotify:track:6qDF4wWL49CAVbgT7yuHl8","J Balvin","Sigo Extrañándote","UMLE - Latino",72,78,13,"6501493"
77,"spotify:track:1xznGGDReH1oQq0xzbwXa3","Drake, Wizkid, Kyla","One Dance","Cash Money Records/Young Money Ent./Universal Rec.",12,77,23,"6477683"
78,"spotify:track:6SwRhMLwNqEi6alNPVG00n","Kendrick Lamar, Rihanna","LOYALTY. FEAT. RIHANNA.","Aftermath",8,67,7,"6463571"
79,"spotify:track:000xQL6tZNLJzIrtIgxqSl","ZAYN, PARTYNEXTDOOR","Still Got Time (feat. PARTYNEXTDOOR)","RCA Records Label",46,74,10,"6426734"
80,"spotify:track:7mldq42yDuxiUNn08nvzHO","Sam Hunt","Body Like A Back Road","MCA Nashville",63,84,17,"6372403"
81,"spotify:track:6XOYVSmNDjKUNMXooU4s4z","OneRepublic","No Vacancy","Mosley / Interscope",76,76,5,"6346290"
82,"spotify:track:5NNlUMcOEOdoOIwwaWXv0k","Maroon 5, Future","Cold (feat. Future)","Interscope Records*",19,71,15,"6300072"
83,"spotify:track:4Q5yMlwAfAoitqg4r9oZHN","Cashmere Cat, Ariana Grande","Quit (feat. Ariana Grande)","Benny Blanco Major",66,66,5,"6268549"
84,"spotify:track:3bWAqKDWg6u1davspr5IkS","Robin Schulz, James Blunt","OK","WM Germany",84,125,2,"6096928"
85,"spotify:track:4Km5HrUvYTaSUfiSGPJeQR","Migos, Lil Uzi Vert","Bad and Boujee (feat. Lil Uzi Vert)","Quality Control Music",9,81,23,"6077959"
86,"spotify:track:4qknM1pQz53QOyfDVTjcM9","Shakira","Me Enamoré","Sony Music Latin",86,101,7,"5901313"
87,"spotify:track:6p8NuHm8uCGnn2Dtbtf7zE","Migos, Gucci Mane","Slippery (feat. Gucci Mane)","Quality Control Music",86,86,9,"5888285"
88,"spotify:track:2Ce5IyMlVRVvN997ZJjJJA","Future, Rihanna","Selfish (feat. Rihanna)","Epic/Freebandz/A1",45,80,14,"5860888"
89,"spotify:track:0Szp49tpFasIjX04Mcsydp","Ozuna","Tú Foto","VP Records Corp/Dimelo Vi",89,99,5,"5801242"
90,"spotify:track:0tgVpDi06FyKpA1z0VMD4v","Ed Sheeran","Perfect","Atlantic Records UK",7,83,13,"5721556"
91,"spotify:track:4okba5wu9mMLXx79DXLKi3","Daddy Yankee, Ozuna","La Rompe Corazones","Craft Latino",73,95,17,"5673603"
92,"spotify:track:6Q2FftbUG530lCtBI74bMH","A Boogie Wit da Hoodie, Kodak Black","Drowning (feat. Kodak Black)","Highbridge The Label",92,108,7,"5658615"
93,"spotify:track:0SGkqnVQo9KPytSri1H6cF","Big Sean","Bounce Back","Getting Out Our Dreams Inc. (G.O.O.D.) Music / IDJ",21,91,23,"5619113"
94,"spotify:track:4ARPvK8DHLwt4oX65ZAFMw","XXXTENTACION","Look At Me!","Bad Vibes Forever / EMPIRE",70,85,13,"5596061"
95,"spotify:track:6b8Be6ljOzmkOmFslEb23P","Bruno Mars","24K Magic","Atlantic Records",9,100,23,"5587399"
96,"spotify:track:3Q3myFA7q4Op95DOpHplaY","blackbear","do re mi","Alamo",77,96,8,"5579121"
97,"spotify:track:4pdPtRcBmOSQDlJ3Fk945m","DJ Snake, Justin Bieber","Let Me Love You","DJ Snake Def Jam",4,92,23,"5576140"
98,"spotify:track:343YBumqHu19cGoGARUTsd","Drake","Fake Love","Cash Money Records/Young Money Ent./Universal Rec.",7,88,23,"5573179"
99,"spotify:track:3QwBODjSEzelZyVjxPOHdq","Zion & Lennox, J Balvin","Otra Vez (feat. J Balvin)","WEA Latina",50,94,23,"5549053"
100,"spotify:track:6UjfByV1lDLW0SOVQA4NAi","Drake","Gyalchester","Cash Money Records/Young Money Ent./Universal Rec.",23,105,11,"5530276"
101,"spotify:track:4IWAyPf1KMq7JCyGeCjTeH","Imagine Dragons","Whatever It Takes","Kid Ina Korner / Interscope",89,89,3,"5476472"
102,"spotify:track:6520aj0B4FSKGVuKNsOCOi","Katy Perry, Skip Marley","Chained To The Rhythm","Capitol Records (CAP)",7,87,16,"5416015"
103,"spotify:track:1e1JKLEDKP7hEQzJfNAgPl","Playboi Carti","Magnolia","AWGE Label",103,111,4,"5370442"
104,"spotify:track:0wfbD5rAksdXUzRvMfM3x5","The Chainsmokers","The One","Disruptor Records/Columbia",18,93,9,"5334972"
105,"spotify:track:1qOLh0tI7trd1zdDKxYZTe","Hailee Steinfeld, Grey, Zedd","Starving","UME - Global Clearing House",20,104,23,"5230875"
106,"spotify:track:5q2JbCNi4FcnglgPfxcV65","Anuel AA, Daddy Yankee, Zion & Lennox, Farruko, Wisin","Sola (Remix)","Spiff TV, LLC / Real Hasta La Muerte, Inc.",91,106,18,"5224427"
107,"spotify:track:5Ua3GXyHwiSfpNTMjq6m2z","Little Mix","Touch","Syco Music",59,98,22,"5176517"
108,"spotify:track:7KOlJ92bu51cltsD9KU5I7","Migos","T-Shirt","Quality Control Music",38,107,20,"5164766"
109,"spotify:track:5q5gzmbBS5yQzos2BvVr1t","MØ","Nights With You","Chess Club/RCA Victor",109,114,5,"5100138"
110,"spotify:track:3EfugazgSddQvzZpkof5I4","Anne-Marie","Ciao Adios","Atlantic Records UK",101,109,10,"5093013"
111,"spotify:track:3E2Zh20GDCR9B1EYjfXWyv","AJR","Weak","Black Butter",25,103,23,"5030176"
112,"spotify:track:3AEZUABDXNtecAOSC1qTfo","CNCO","Reggaetón Lento (Bailemos)","Sony Music Latin",32,112,23,"4996624"
113,"spotify:track:11EDhDAVDtGPoSar6ootYA","Halsey, Lauren Jauregui","Strangers","Astralwerks (ASW)",113,-1,1,"4966613"
114,"spotify:track:3QWjljChcOMkRDYSzF33Qr","Kiiara, Felix Snow","Whippin (feat. Felix Snow)","Atlantic Records",102,102,5,"4964441"
115,"spotify:track:0QsvXIfqM0zZoerQfsI9lm","The Chainsmokers, Daya","Don't Let Me Down","Disruptor Records/Columbia",25,113,23,"4925426"
116,"spotify:track:0gbBzIqrECJOEPvQJIBFs5","Lorde","Green Light","Universal Music New Zealand Limited",24,110,13,"4916324"
117,"spotify:track:3b5Li4QKDVBx1x7fQuu54a","Alan Walker, Gavin James","Tired","Kreatell Music",117,117,2,"4903079"
118,"spotify:track:1EaKU4dMbesXXd3BrLCtYG","Kendrick Lamar","ELEMENT.","Aftermath",10,97,7,"4876465"
119,"spotify:track:5hEM0JchdVzQ5PwvSfITeX","Piso 21, Maluma","Me Llamas (feat. Maluma) - Remix","WM Mexico",87,116,23,"4782461"
120,"spotify:track:5kRPPEWFJIMox5qIkQkiz5","Harry Styles","Sweet Creature","Columbia",54,82,4,"4659952"
121,"spotify:track:4pLwZjInHj3SimIyN9SnOz","Ariana Grande, Nicki Minaj","Side To Side","Universal Records",18,124,23,"4618865"
122,"spotify:track:6mapJIPnQ23RTAevUoE0DL","Rae Sremmurd","Swang","Mike WiLL Made-It",71,122,23,"4610844"
123,"spotify:track:04DwTuZ2VBdJCCC5TROn7L","Martin Garrix, Bebe Rexha","In the Name of Love","Epic Amsterdam",16,130,23,"4547368"
124,"spotify:track:6fxVffaTuwjgEk5h9QyRjy","Ed Sheeran","Photograph","Atlantic Records UK",41,121,23,"4537676"
125,"spotify:track:1a5Yu5L18qNxVhXx38njON","Alok, Zeeba, Bruno Martini","Hear Me Now","Spinnin' Records",27,119,23,"4512883"
126,"spotify:track:1yxgsra98r3qAtxqiGZPiX","Travis Scott","BUTTERFLY EFFECT","Cactus Jack / Epic",126,164,2,"4455911"
127,"spotify:track:0FuTx2s3YH1ppmtiM6l0zI","JP Cooper","September Song","Universal-Island Records Ltd.",53,90,22,"4420148"
128,"spotify:track:6JV2JOEocMgcZxYSZelKcc","Justin Timberlake","CAN'T STOP THE FEELING! (from DreamWorks Animation's ""TROLLS"")","Villa 40/RCA Records",28,123,23,"4416485"
129,"spotify:track:7DM4BPaS7uofFul3ywMe46","Ricky Martin, Maluma","Vente Pa' Ca (feat. Maluma)","Sony Music Latin",49,127,23,"4399238"
130,"spotify:track:68EMU2RD1ECNeOeJ5qAXCV","Charlie Puth, Selena Gomez","We Don't Talk Anymore (feat. Selena Gomez)","Artist Partner",39,133,23,"4358848"
131,"spotify:track:4Hf7WnR761jpxPr5D46Bcd","Shawn Mendes","Treat You Better","Island Records",26,131,23,"4347306"
132,"spotify:track:2RttW7RAu5nOAfq6YFvApB","Ed Sheeran","Happier","Atlantic Records UK",10,118,13,"4319599"
133,"spotify:track:17Fd6Yb7mSbinKG8LoWfFl","Mike Posner, Seeb","I Took A Pill In Ibiza - Seeb Remix","Monster Mountain, LLC / Island",40,120,23,"4301543"
134,"spotify:track:6DNtNfH8hXkqOX1sjqmI7p","Major Lazer, Justin Bieber, MØ","Cold Water (feat. Justin Bieber & MØ)","Third Pardee Records",14,132,23,"4235625"
135,"spotify:track:0fg8CqpjdojMyXLNzM2PaJ","Major Lazer, PARTYNEXTDOOR, Nicki Minaj","Run Up (feat. PARTYNEXTDOOR & Nicki Minaj)","Third Pardee Records",17,115,18,"4229089"
136,"spotify:track:5GG3knKdxKWrNboRijxeKF","Bryson Tiller","Run Me Dry","TrapSoul/RCA Records",136,-1,1,"4212995"
137,"spotify:track:5MFzQMkrl1FOOng9tq6R9r","Maroon 5, Kendrick Lamar","Don't Wanna Know (feat. Kendrick Lamar)","Interscope Records*",5,129,23,"4106778"
138,"spotify:track:4gqMQftUs22F8pOGVn5Acr","Shawn Hook, Vanessa Hudgens","Reminding Me","Hollywood Records",138,-1,1,"4062511"
139,"spotify:track:1Slwb6dOYkBlWal1PGtnNg","Ed Sheeran","Thinking out Loud","Atlantic Records UK",58,138,23,"4023177"
140,"spotify:track:0pSBuHjILhNEo55xK1zrRt","Ayo & Teo","Rolex","Columbia",99,136,13,"4014743"
141,"spotify:track:7lRsNbdOGykkMAgsqs4R1C","Nacho","Báilame","UMLE - Latino",141,155,3,"4012663"
142,"spotify:track:5hYTyyh2odQKphUbMqc5gN","Alessia Cara, Disney","How Far I'll Go - From ""Vaiana""","Walt Disney Records",19,128,23,"3995968"
143,"spotify:track:5i50gKdLAjjIr7UxRT5IVy","Sebastian Yatra, Nacho, Wisin","Alguien Robo","UMLE - Latino",138,139,12,"3987983"
144,"spotify:track:3PEgB3fkiojxms35ntsTgs","Axwell /\ Ingrosso, Axwell, Sebastian Ingrosso","More Than You Know","Pophouse Entertainment Group",144,-1,1,"3955315"
145,"spotify:track:4ZJPwET9Jrgpkqi4Vo3Yg8","Bebe Rexha, Ty Dolla $ign","Bad Bitch (feat. Ty Dolla $ign)","Warner Records",126,126,7,"3896968"
146,"spotify:track:51ChrwmUPDJvedPQnIU8Ls","Ed Sheeran","Dive","Atlantic Records UK",11,134,13,"3882195"
147,"spotify:track:3caMfJGFp53NAH2TuigdNj","Galantis","Hunter","Big Beat Records",147,158,4,"3837191"
148,"spotify:track:6rQSrBHf7HlZjtcMZ4S4bO","J Balvin, Pharrell Williams, BIA, Sky Rompiendo","Safari","UMLE - Latino",43,142,23,"3810034"
149,"spotify:track:4TZy1wLyHec06pwgFYDh1a","Shawn Mendes","Mercy","Island Records",22,147,23,"3806944"
150,"spotify:track:3hB5DgAiMAQ4DzYbsMq1IT","Justin Bieber","Love Yourself","RBMG/Def Jam",62,145,23,"3764192"
151,"spotify:track:2XaInsPPUkZRkY4uFJ3AHK","Gucci Mane, Offset","Met Gala (feat. Offset)","Guwop Enterprises/Atlantic",151,-1,1,"3737828"
152,"spotify:track:6i0V12jOa3mr6uu4WYhUBr","Twenty One Pilots","Heathens","Atlantic Records",27,143,23,"3735909"
153,"spotify:track:4b4KcovePX8Ke2cLIQTLM0","The Vamps, Matoma","All Night","EMI",22,166,23,"3735263"
154,"spotify:track:7yyRTcZmCiyzzJlNzGC9Ol","DRAM, Lil Yachty","Broccoli (feat. Lil Yachty)","W.A.V.E. Recordings/EMPIRE/Atlantic",44,153,23,"3715987"
155,"spotify:track:3BY2mafsbsoKGqS380Xnuz","Don Omar, Zion & Lennox","Te Quiero Pa´Mi","UMLE - Machete",141,152,20,"3668653"
156,"spotify:track:7gHs73wELdeycvS48JfIos","Alan Walker","Faded","Kreatell Music",64,148,23,"3660813"
157,"spotify:track:59J5nzL1KniFHnU120dQzt","Playboi Carti, Lil Uzi Vert","wokeuplikethis*","AWGE Label",147,154,4,"3658081"
158,"spotify:track:3dQDid3IUNhZy1OehIfYfE","Wisin","Vacaciones","Sony Music Latin",79,151,23,"3655065"
159,"spotify:track:4tCtwWceOPWzenK2HAIJSb","Fifth Harmony, Ty Dolla $ign","Work from Home (feat. Ty Dolla $ign)","Syco Music/Epic",48,144,23,"3641457"
160,"spotify:track:27SdWb2rFzO6GWiYDBTD9j","Sia","Cheap Thrills","Monkey Puzzle Records/RCA Records",31,149,23,"3632642"
161,"spotify:track:6stYbAJgTszHAHZMPxWWCY","IAmChino, Pitbull, Yandel, El Chacal","Ay Mi Dios","Mr. 305 Records",74,156,23,"3607653"
162,"spotify:track:6eT7xZZlB2mwyzJ2sUKG6w","Post Malone","White Iverson","Universal Records",162,171,16,"3590123"
163,"spotify:track:4yN6xPLopmTLvc27pO9LIE","Nicky Jam, Wisin","Si Tú La Ves (feat. Wisin)","Sony Music Latin",163,167,5,"3571865"
164,"spotify:track:1cG0umU5TKStygKsPFZ9pY","Robin Schulz, David Guetta, Cheat Codes","Shed a Light","Tonspiel",30,192,23,"3524199"
165,"spotify:track:5J1c3M4EldCfNxXwrwt8mT","Sebastian Yatra","Traicionera","UMLE - Latino",84,174,23,"3521953"
166,"spotify:track:2pJZ1v8HezrAoZ0Fhzby92","Ed Sheeran","What Do I Know?","Atlantic Records UK",14,165,13,"3518972"
167,"spotify:track:42NpUvd0I2kdIuMXX4nobE","Nick Jonas, Anne-Marie, Mike Posner","Remember I Told You","Safehouse Records / Island Records",167,-1,1,"3488062"
168,"spotify:track:5pvVAwQbuFoR7LkcicrKnk","Vice, Jon Bellion","Obsession (feat. Jon Bellion)","Atlantic Records",119,140,8,"3487415"
169,"spotify:track:0azC730Exh71aQlOt9Zj3y","Calvin Harris, Rihanna","This Is What You Came For","Columbia",45,169,23,"3460589"
170,"spotify:track:0sXvAOmXgjR2QUqLK1MltU","Carlos Vives, Shakira","La Bicicleta","Sony Music Latin",80,195,21,"3458648"
171,"spotify:track:2aksifNn5ph8igDOkPBA02","Rihanna","Love On The Brain","Roc Nation / Rihanna",68,159,23,"3457824"
172,"spotify:track:6fujklziTHa8uoM5OQSfIo","Rae Sremmurd, Gucci Mane","Black Beatles","Mike WiLL Made-It",6,173,23,"3457665"
173,"spotify:track:3CRDbSIZ4r5MsZ0YwxuEkn","Twenty One Pilots","Stressed Out","Fueled By Ramen",63,162,23,"3452958"
174,"spotify:track:69bp2EbF7Q2rqc5N3ylezZ","Justin Bieber","Sorry","RBMG/Def Jam",65,168,23,"3449702"
175,"spotify:track:5bZtRlMBU76vHuDOb1GM5u","Jonas Blue, JP Cooper","Perfect Strangers","UMOD (Universal Music On Demand)",53,181,23,"3447236"
176,"spotify:track:1vvNmPOiUuyCbgWmtc6yfm","Calvin Harris","My Way","Columbia",23,172,23,"3420878"
177,"spotify:track:3NgCzSW98SsqBdpYcnm4kv","Camila Cabello","I Have Questions","Syco Music/Epic",177,-1,1,"3397575"
178,"spotify:track:1CnPYaKxTVb4LWOtiGOm0m","Jon Bellion","All Time Low","Capitol Records (CAP)",30,163,23,"3375413"
179,"spotify:track:3EmmCZoqpWOTY1g2GBwJoR","Steve Aoki, Louis Tomlinson","Just Hold On","Ultra Records, LLC",16,176,23,"3364762"
180,"spotify:track:0w5Bdu51Ka25Pf3hojsKHh","Paramore","Hard Times","Fueled By Ramen",87,137,6,"3364072"
181,"spotify:track:2rUwQj4SWaP2anuGDtNpYR","Bryson Tiller","Self-Made","TrapSoul/RCA Records",181,-1,1,"3358858"
182,"spotify:track:2Z8WuEywRWYTKe1NybPQEW","Twenty One Pilots","Ride","Fueled By Ramen",54,175,23,"3341925"
183,"spotify:track:0OVhQZkNe7lh0fQeH96EFW","Bryson Tiller","Don't Get Too High","TrapSoul/RCA Records",183,-1,1,"3329889"
184,"spotify:track:1FUViuNSldssMIawrOXF2i","Bebe Rexha","I Got You","Warner Records",55,-1,20,"3325684"
185,"spotify:track:58zsLZPvfflaiIbNWoA22O","Rag'n'Bone Man","Human","Best Laid Plans/Columbia",53,170,23,"3294699"
186,"spotify:track:13X0XdLMOdtbXVtAj2ox4h","Piso 21","Besándote","WM Mexico",186,199,2,"3253546"
187,"spotify:track:1PSBzsahR2AKwLJgx8ehBj","mgk, Camila Cabello","Bad Things (with Camila Cabello)","Bad Boy / Interscope",16,177,23,"3253295"
188,"spotify:track:2KklXplRtxMsBYo474Es0w","Ofenbach","Be Mine","Elektra France",188,189,2,"3250498"
189,"spotify:track:0prNGof3XqfTvNDxHonvdK","Alessia Cara","Scars To Your Beautiful","EP Entertainment, LLC / Def Jam",29,184,23,"3246573"
190,"spotify:track:6VHdcVbiKLYYOcMbIqBcuK","Cali Y El Dandee, Shaggy","Lumbra","Cali y El Dandee Catalog",174,180,8,"3244039"
191,"spotify:track:7cGFbx7MP0H23iHZTZpqMM","Logic","Everybody","Def Jam Recordings",83,146,7,"3241928"
192,"spotify:track:0kN8xEmgMW9mh7UmDYHlJP","Bruno Mars","Versace on the Floor","Atlantic Records",82,197,22,"3220647"
193,"spotify:track:5OOkp4U9P9oL23maHFHL1h","Desiigner","Panda","Getting Out Our Dreams Inc. (G.O.O.D.) Music / IDJ",66,183,23,"3214516"
194,"spotify:track:6y2Kaz9QI01XBKJ8mTb7Pf","Rag'n'Bone Man","Skin","Best Laid Plans/Columbia",95,178,16,"3194017"
195,"spotify:track:76Y0gxtTxN0FyDCYh5qYQj","Migos","Get Right Witcha","Quality Control Music",118,187,8,"3163665"
196,"spotify:track:5ZnJsoJGkQ5K15W7Rcr5JO","Little Mix, mgk","No More Sad Songs (feat. Machine Gun Kelly)","Syco Music",172,190,5,"3132611"
197,"spotify:track:1D3ODoXHBLpdxolZRHWV1j","Jonas Blue, RAYE","By Your Side","Positiva",34,-1,19,"3132580"
198,"spotify:track:7yHEDfrJNd0zWOfXwydNH0","Ariana Grande","Into You","Universal Records",82,-1,14,"3128949"
199,"spotify:track:7bJwvubZZaoGE1AGEfu8Fi","Ariana Grande","One Last Time","Universal Records",199,-1,1,"3126641"
200,"spotify:track:4L7Y2OAPiY2I2GndZjAs5K","Lana Del Rey, The Weeknd","Lust For Life (with The Weeknd)","Polydor Records",50,188,6,"3118017"
