﻿rank,uri,artist_names,track_name,source,peak_rank,previous_rank,weeks_on_chart,streams
1,"spotify:track:0VjIjW4GlUZAMYd2vXMi3b","The Weeknd","Blinding Lights","Republic Records",1,1,19,"45847200"
2,"spotify:track:127QTOFJsJQp5LbJbu3A1y","Drake","Toosie Slide","OVO",2,-1,1,"45292273"
3,"spotify:track:24Yi9hE78yPEbZ4kxyoXAI","SAINt JHN, Imanbek","Roses - Imanbek Remix","Columbia/B1 Recordings",3,3,17,"35360782"
4,"spotify:track:3PfIrDoz19wz7qK7tYeu62","Dua Lipa","Don't Start Now","Warner Records",2,2,23,"33990470"
5,"spotify:track:0nbXyq5TXYPCO7pr3N8S4I","Roddy Ricch","The Box","Atlantic Records",1,4,17,"30733614"
6,"spotify:track:7eJMfftS33KTjuF7lTsMCx","Powfu, beabadoobee","death bed (coffee for your head)","Columbia",6,6,8,"29768334"
7,"spotify:track:1rgnBhdG2JDFTbYkYRZAku","Tones And I","Dance Monkey","Elektra (NEK)",1,5,38,"29244907"
8,"spotify:track:22LAwLoDA5b4AaGSkg6bKW","Lil Mosey","Blueberry Faygo","Mogul Vision/Interscope Records",8,10,9,"25502966"
9,"spotify:track:3Dv1eDb0MEgF93GpLXlucZ","Doja Cat","Say So","Kemosabe Records/RCA Records",6,8,15,"23883417"
10,"spotify:track:4umIPjkehX1r7uhmGvXiSV","Justin Bieber, Quavo","Intentions (feat. Quavo)","RBMG/Def Jam",5,9,9,"21653442"
11,"spotify:track:017PF4Q3l4DBUiWoXk4OWT","Dua Lipa","Break My Heart","Warner Records",7,7,2,"21185887"
12,"spotify:track:2rRJrJEo19S2J82BDsQ3F7","Trevor Daniel","Falling","Alamo",5,13,21,"21126685"
13,"spotify:track:1Cv1YLb4q0RzL6pybtaMLo","Surfaces","Sunday Best","Surfaces Music / TenThousand Projects, LLC",13,15,12,"19466264"
14,"spotify:track:2DEZmgHKAvm41k4J3R2E9Y","Bad Bunny, Jowell & Randy, Ñengo Flow","Safaera","Rimas Entertainment LLC",9,11,6,"19310891"
15,"spotify:track:4nK5YrxbMGZstTLbvj6Gxw","BENEE, Gus Dapperton","Supalonely","Republic Records",15,17,5,"18931629"
16,"spotify:track:3AzjcOeAmA57TIOr9zF1ZW","Dua Lipa","Physical","Warner Records",12,12,10,"18252980"
17,"spotify:track:7szuecWAPwGoV1e5vGu8tl","The Weeknd","In Your Eyes","Republic Records",6,14,3,"17822647"
18,"spotify:track:0SqqAgdovOE24BzxIClpjw","Bad Bunny","Yo Perreo Sola","Rimas Entertainment LLC",18,24,6,"17807967"
19,"spotify:track:696DnlkuDOXcMAnKlTgXXK","Arizona Zervas","ROXANNE","Arizona Zervas",2,16,24,"17519646"
20,"spotify:track:7k4t7uLgtOxPwTpFmtJNTY","KAROL G, Nicki Minaj","Tusa","TUSA - Karol G & Nicki Minaj",3,18,22,"16816703"
21,"spotify:track:7qEHsqek33rTcFNT9PFqLf","Lewis Capaldi","Someone You Loved","Vertigo Berlin",4,19,66,"16783691"
22,"spotify:track:55CHeLEfn5iJ0IIkgaa4si","Megan Thee Stallion","Savage","300 Entertainment",22,28,3,"16579250"
23,"spotify:track:21jGcNKet2qwijlDFuPiPb","Post Malone","Circles","Republic Records",1,20,32,"15792978"
24,"spotify:track:78qd8dvwea0Gosb6Fe6j3k","Doja Cat","Boss Bitch","Atlantic Records",24,35,6,"14984982"
25,"spotify:track:380HmhwTE2NJgawn1NwkXi","J Balvin","Rojo","UMLE - Latino",14,21,6,"14527941"
26,"spotify:track:3jjujdWJ72nww5eGnfs2E7","Harry Styles","Adore You","Columbia",6,26,18,"14282796"
27,"spotify:track:2b8fOow8UzyDFAE27YhOZM","Maroon 5","Memories","Interscope Records*",2,27,29,"13783535"
28,"spotify:track:4HDCLYli2SUdkq9OjmvhSD","PARTYNEXTDOOR, Rihanna","BELIEVE IT","OVO Sound",22,22,2,"13640238"
29,"spotify:track:5yY9lUy8nbvjM1Uyo1Uqoc","Future, Drake","Life Is Good (feat. Drake)","Epic/Freebandz",3,36,13,"13260744"
30,"spotify:track:1jaTQ3nqY3oAAYyCTbIvnM","Jack Harlow","WHATS POPPIN","Generation Now/Atlantic",30,38,10,"13174460"
31,"spotify:track:7FIWs0pqAYbP91WWM0vlTQ","Eminem, Juice WRLD","Godzilla (feat. Juice WRLD)","Shady/Aftermath/Interscope Records",4,30,12,"12964861"
32,"spotify:track:1lGHa2pwYzxQHFBUynhLtO","DaBaby","FIND MY WAY","South Coast Music Group/Interscope Records",32,-1,1,"12955213"
33,"spotify:track:2Fxmhks0bxGSBdJ92vM42m","Billie Eilish","bad guy","Darkroom/Interscope Records",1,33,54,"12781658"
34,"spotify:track:3ZCTVFBt2Brf31RLEnCkWJ","Billie Eilish","everything i wanted","Darkroom/Interscope Records",2,34,22,"12200048"
35,"spotify:track:6NfrH0ANGmgBXyxgV2PeXt","Bad Bunny","La Difícil","Rimas Entertainment LLC",5,23,6,"12183541"
36,"spotify:track:2gMXnyrvIjhVBUZwvLZDMP","Lewis Capaldi","Before You Go","Vertigo Berlin",19,37,20,"12169219"
37,"spotify:track:6v3KW9xbzN5yKLt9YKDYA2","Shawn Mendes, Camila Cabello","Señorita","Island Records",1,41,42,"11481577"
38,"spotify:track:41wtwzCZkXwpnakmwJ239F","Bad Bunny","Si Veo a Tu Mamá","Rimas Entertainment LLC",7,31,6,"11321871"
39,"spotify:track:38RIEav39FGi86jppxO0du","Bad Bunny, Sech","Ignorantes","Rimas Entertainment LLC",6,32,8,"11272238"
40,"spotify:track:2alc8VZAzDgdAsL2QMk3hu","DripReport","Skechers","Arista Records",40,51,4,"11186423"
41,"spotify:track:2p8IUWQDrpjuFltbdgLOag","The Weeknd","After Hours","Republic Records",7,29,8,"11174275"
42,"spotify:track:0lSZh5W0wDeurkGzLYY6hf","NAV, Gunna, Travis Scott","Turks (feat. Travis Scott)","Republic Records",25,25,2,"11042300"
43,"spotify:track:16wAOAZ2OkqoIDN7TpChjR","Justin Bieber","Yummy","RBMG/Def Jam",2,40,14,"10573234"
44,"spotify:track:6zEgnpM0qYmHLDnh8WPejL","J Balvin","Amarillo","UMLE - Latino",26,39,3,"10463568"
45,"spotify:track:7na7Bk98usp84FaOJFPv3d","Rauw Alejandro","Tattoo","(SME US Latin) Duars Entertainment, Corp. (2)",45,45,7,"10234460"
46,"spotify:track:3frUvGrmGcay91lvFbOgsN","Kygo, Zara Larsson, Tyga","Like It Is","Kygo",43,43,2,"10057465"
47,"spotify:track:2kJwzbxV2ppxnQoYw4GLBZ","JP Saxe, Julia Michaels","If the World Was Ending (feat. Julia Michaels)","Arista Records",47,63,22,"9930473"
48,"spotify:track:2tnVG71enUj33Ic2nFN6kZ","Regard","Ride It","Ministry of Sound Recordings",12,57,31,"9743216"
49,"spotify:track:7sQKy5vlPQllr0k9IjYJv3","Arcángel, Sech, Dímelo Flow","Sigues Con El","Rimas Entertainment LLC.",21,44,16,"9680606"
50,"spotify:track:07KXEDMj78x68D884wgVEm","Roddy Ricch, Mustard","High Fashion (feat. Mustard)","Atlantic Records",29,53,13,"9516601"
51,"spotify:track:0u2P5u6lvoDfwTYjAADbn4","Billie Eilish, Khalid","lovely (with Khalid)","Darkroom",24,49,103,"9489732"
52,"spotify:track:35KmOEIUqAGn02t7n4qaIr","J Balvin","Morado","UMLE - Latino",33,42,13,"9322947"
53,"spotify:track:7CHi4DtfK4heMlQaudCuHK","MEDUZA, Becky Hill, Goodboys","Lose Control","Intercord",27,60,25,"9224480"
54,"spotify:track:0RiRZpuVRbi7oqRdSMwhQY","Post Malone, Swae Lee","Sunflower - Spider-Man: Into the Spider-Verse","Republic Records",1,59,77,"9022572"
55,"spotify:track:7lidXGPXPYLNThITAOTlkK","Halsey","You should be sad","Capitol Records",16,50,13,"8952479"
56,"spotify:track:6cy3ki60hLwimwIje7tALf","Black Eyed Peas, J Balvin","RITMO (Bad Boys For Life)","Epic/We The Best",9,56,26,"8703803"
57,"spotify:track:4cSSL3YafYjM3yjgFO1vJg","NLE Choppa, Roddy Ricch","Walk Em Down (feat. Roddy Ricch)","Warner Records",57,66,3,"8515185"
58,"spotify:track:7aiClxsDWFRQ0Kzk5KI5ku","blackbear","hot girl bummer","Alamo",9,62,33,"8504263"
59,"spotify:track:2n7ohqg1s68ToAHh4u9mcW","Bad Bunny","Vete","Rimas Entertainment LLC",10,48,20,"8322420"
60,"spotify:track:3yOlyBJuViE2YSGn3nVE1K","Camila Cabello, DaBaby","My Oh My (feat. DaBaby)","Syco Music/Epic",15,54,18,"8284229"
61,"spotify:track:6ap9lSRJ0iLriGLqoJ44cq","24kGoldn","CITY OF ANGELS","Records/Columbia",54,58,7,"8259795"
62,"spotify:track:3H7ihDc1dqLriiWXwsc2po","Topic, A7S","Breaking Me","Intercord",62,90,3,"8140087"
63,"spotify:track:3JHpk0DOTOzyh0777JFAky","Myke Towers","Diosa","2020 One World Music & Casablanca Records | Powered by GLAD Empire, LL",49,65,8,"8132355"
64,"spotify:track:0hVXuCcriWRGvwMV1r5Yn9","Ed Sheeran & Justin Bieber, Justin Bieber","I Don't Care (with Justin Bieber)","Atlantic Records UK",1,64,48,"8040187"
65,"spotify:track:69vlMrzHwATKzupwNcUPyK","Bad Bunny, Daddy Yankee","La Santa","Rimas Entertainment LLC",14,47,6,"8018671"
66,"spotify:track:2nC3QhMI9reBIOWutbU3Tj","Ashe","Moral of the Story","Mom+Pop Music",42,61,7,"7965623"
67,"spotify:track:6bnF93Rx87YqUBLSgjiMU8","The Weeknd","Heartless","Republic Records",4,46,20,"7944074"
68,"spotify:track:62aP9fBQKYKxi7PDXwcUAS","Surf Mesa, Emilee","ily (i love you baby) (feat. Emilee)","Astralwerks",68,121,2,"7854481"
69,"spotify:track:285pBltuF7vW8TeWk8hdRR","Juice WRLD","Lucid Dreams","Juice WRLD Mixtape / ISR P&D",3,74,100,"7771310"
70,"spotify:track:2wrJq5XKLnmhRXHIAf9xBa","Dan + Shay, Justin Bieber","10,000 Hours (with Justin Bieber)","Warner Records Nashville",5,75,27,"7696964"
71,"spotify:track:4EivmOT13NMpNSfTKn9p4s","Doja Cat, Gucci Mane","Like That (feat. Gucci Mane)","Kemosabe Records/RCA Records",71,79,4,"7546129"
72,"spotify:track:3kW4z2pIj5VY5fLjBrMRL5","Lil Uzi Vert","P2","Generation Now/Atlantic",21,72,5,"7296026"
73,"spotify:track:7vgv8KZBSo0TPzyIWG9yzV","Ava Max","Salt","Atlantic Records",73,157,2,"7293034"
74,"spotify:track:43zdsphuZLzwA9k4DJhU0I","Billie Eilish","when the party's over","Darkroom/Interscope Records",9,77,77,"7258985"
75,"spotify:track:70eFcWOvlMObDhURTqT4Fv","Ed Sheeran, Khalid","Beautiful People (feat. Khalid)","Atlantic Records UK",3,86,41,"7234159"
76,"spotify:track:2kJu14V7hbZw3I4K8L8SXb","Lady Gaga","Stupid Love","Interscope",13,67,6,"7220911"
77,"spotify:track:0TrPqhAMoaKUFLR7iYDokf","Khalid, Disclosure","Know Your Worth","Right Hand Music Group, LLC/RCA Records",36,82,9,"7204420"
78,"spotify:track:4S2uhQE8L9V6p7rj7SiauJ","YNW Melly, Juice WRLD","Suicidal (feat. Juice WRLD) - Remix","P2020",66,80,4,"7176697"
79,"spotify:track:5stPVcRqb4qixbafP9e8lt","Dalex, Lenny Tavárez, Chencho Corleone, Juhn, Dímelo Flow","Hola - Remix","Rich Music",29,78,21,"7091079"
80,"spotify:track:6Q3K9gVUZRMZqZKrXovbM2","Kygo, Sasha Alex Sloan","I'll Wait","Kygo",80,-1,1,"7059184"
81,"spotify:track:2VxeLyX666F8uXCJ0dZF8B","Lady Gaga, Bradley Cooper","Shallow","A Star is Born OST",3,89,80,"6917202"
82,"spotify:track:3eekarcy7kvN4yt5ZFzltW","Travis Scott","HIGHEST IN THE ROOM","Cactus Jack/Epic",1,88,27,"6915065"
83,"spotify:track:3QzAOrNlsabgbMwlZt7TAY","Mustard, Roddy Ricch","Ballin' (with Roddy Ricch)","10 Summers Records/Interscope Records",37,95,27,"6865277"
84,"spotify:track:61ZM92T2zaXIVsqncThQzC","Robin Schulz, Alida","In Your Eyes (feat. Alida)","WM Germany",84,91,4,"6742262"
85,"spotify:track:73SpzrcaHk0RQPFP73vqVR","Billie Eilish","No Time To Die","Darkroom/Interscope Records",4,73,8,"6672361"
86,"spotify:track:2ajzBr7vwHTEBeqDzcsNRC","Lil Uzi Vert","That Way - Bonus Track","Generation Now/Atlantic",16,81,6,"6558724"
87,"spotify:track:51Fjme0JiitpyXKuyQiCDo","Y2K, bbno$","Lalala","Columbia",4,93,42,"6540048"
88,"spotify:track:2ZlCGeK30BLRNSPC832pNZ","Justin Bieber, Post Malone, Clever","Forever (feat. Post Malone & Clever)","RBMG/Def Jam",15,84,8,"6517807"
89,"spotify:track:4wNIkl5XGiAACjFBlDWuSd","Jonas Brothers","What A Man Gotta Do","Republic Records",27,99,12,"6476057"
90,"spotify:track:3cqPu20DGTGUoZtbJH2Dmi","Ali Gatie","What If I Told You That I Love You","Warner Records",29,85,11,"6463175"
91,"spotify:track:5DqdesEfbRyOlSS3Tf6c29","Ali Gatie","It's You","Warner Records",27,97,43,"6391910"
92,"spotify:track:5QO79kh1waicV47BqGRL3g","The Weeknd","Save Your Tears","Republic Records",29,68,3,"6323405"
93,"spotify:track:0pqnGHJpmpxLKifKRmU6WP","Imagine Dragons","Believer","Kid Ina Korner / Interscope",16,104,166,"6289563"
94,"spotify:track:1ZMiCix7XSAbfAJlEZWMCp","Harry Styles","Falling","Columbia",29,100,17,"6282262"
95,"spotify:track:0e7ipj03S05BNilyu5bRzt","Post Malone, 21 Savage","rockstar (feat. 21 Savage)","Republic Records",1,102,134,"6224777"
96,"spotify:track:6ocbgoVGwYJhOv1GgI9NsF","Ariana Grande","7 rings","Republic Records",1,107,64,"6194150"
97,"spotify:track:56uXDJRCuoS7abX3SkzHKQ","Lil Uzi Vert","Myron","Generation Now/Atlantic",32,101,4,"6184424"
98,"spotify:track:4l0Mvzj72xxOpRrp6h8nHi","Selena Gomez","Lose You To Love Me","Interscope Records",1,106,25,"6160820"
99,"spotify:track:4PV0uE5pZSh44E3NqNNDEH","Madison Beer","Selfish","Epic/Sing It Loud",99,-1,1,"6150623"
100,"spotify:track:6UelLqGlWMcVH1E5c4H7lY","Harry Styles","Watermelon Sugar","Columbia",14,109,21,"6138046"
101,"spotify:track:5eEQCfq7MXQr6aHLNRUZLs","Anuel AA","Keii","2020 Real Hasta La Muerte, LLC",37,103,9,"6044843"
102,"spotify:track:4ZLzoOkj0MPWrTLvooIuaa","Kina, Snøw","Get You The Moon (feat. Snøw)","Columbia",95,110,43,"6019034"
103,"spotify:track:6Ozh9Ok6h4Oi1wUSLtBseN","DaBaby","BOP","South Coast Music Group/Interscope Records",23,112,28,"5984308"
104,"spotify:track:2dpaYNEQHiRxtZbfNsse99","Marshmello, Bastille","Happier","Joytime Collective",2,119,86,"5962384"
105,"spotify:track:1lOe9qE0vR9zwWQAOk6CoO","Lil Tecca","Ransom","Republic Records",3,135,45,"5957286"
106,"spotify:track:2grAr8pWMuLWn8ZYEE9wDV","Tones And I","Never Seen the Rain","Elektra (NEK)",74,87,15,"5940853"
107,"spotify:track:2ksOAxtIxY8yElEWw8RhgK","Anuel AA, Daddy Yankee, KAROL G, J Balvin, Ozuna","China","2019 Real Hasta La Muerte, LLC.",2,113,38,"5921520"
108,"spotify:track:7m9OqQk4RVRkw9JJdeAw96","XXXTENTACION","Jocelyn Flores","Bad Vibes Forever / EMPIRE",7,127,136,"5909439"
109,"spotify:track:6Gg1gjgKi2AK4e0qzsR7sd","Juice WRLD, YoungBoy Never Broke Again","Bandit (with YoungBoy Never Broke Again)","Grade A Productions/Interscope Records",14,120,27,"5902385"
110,"spotify:track:3ee8Jmje8o58CHK66QrVC2","XXXTENTACION","SAD!","Bad Vibes Forever, LLC",1,125,110,"5892177"
111,"spotify:track:50ZC4PM7hywH27RcCfViau","Rauw Alejandro, Dalex, Lenny Tavárez, Dímelo Flow","Elegí (feat. Dímelo Flow)","Sony Music Latin",111,-1,1,"5858708"
112,"spotify:track:6gi6y1xwmVszDWkUqab1qw","JACKBOYS, Travis Scott, Young Thug","OUT WEST (feat. Young Thug)","Cactus Jack/Epic",27,128,15,"5824932"
113,"spotify:track:7wsmIIm0xWmtP7TmACXkJn","Lil Yachty, DaBaby, Drake","Oprah’s Bank Account (Lil Yachty & DaBaby feat. Drake)","Quality Control Music/Motown Records",63,96,4,"5795503"
114,"spotify:track:1iSqfoUFnQwV0QW1EfUit8","YNW Melly","Suicidal","P2019",23,111,16,"5790542"
115,"spotify:track:6vBdBCoOhKHiYDDOcorfNo","Post Malone, Young Thug","Goodbyes (feat. Young Thug)","Republic Records",2,124,40,"5761296"
116,"spotify:track:4u7EnebtmKWzUH433cf5Qv","Queen","Bohemian Rhapsody - Remastered 2011","EMI",11,137,84,"5721494"
117,"spotify:track:0Snbzbd74RLfL0i4nn1vU5","Camilo","Favorito","Sony Music Latin",117,-1,1,"5629982"
118,"spotify:track:4Of7rzpRpV1mWRbhp5rAqG","Lewis Capaldi","Bruises","Vertigo Berlin",66,140,37,"5627787"
119,"spotify:track:6FZDfxM3a3UCqtzo5pxSLZ","Halsey","Without Me","Capitol Records",4,143,79,"5621672"
120,"spotify:track:2YpeDb67231RjR0MgVLzsG","Lil Nas X, Billy Ray Cyrus","Old Town Road (feat. Billy Ray Cyrus) - Remix","Columbia",2,141,53,"5600775"
121,"spotify:track:5Xhqh4lwJPtMUTsdBztN1a","Shakira, Anuel AA","Me Gusta","Sony Music Latin",47,129,12,"5588546"
122,"spotify:track:0fea68AdmYNygeTGI4RC18","J Balvin, Bad Bunny","LA CANCIÓN","Universal Music Latino / Rimas",17,130,41,"5558494"
123,"spotify:track:2lCkncy6bIB0LTMT7kvrD1","J Balvin","Azul","UMLE - Latino",61,133,3,"5546817"
124,"spotify:track:7qiZfU4dY1lWllzX7mPBI3","Ed Sheeran","Shape of You","Atlantic Records UK",1,150,170,"5546764"
125,"spotify:track:6KfoDhO4XUWSbnyKjNp9c4","Conan Gray","Maniac","Republic Records",112,115,15,"5530134"
126,"spotify:track:4VgYtXCVJ7IbWAZ5ryfvEQ","Nicky Jam, Daddy Yankee","Muévelo","Sony Music Latin",44,114,13,"5525562"
127,"spotify:track:2IHLaN6wwYKQ3S24NsQqpA","Demi Lovato","I Love Me","Island Records",46,126,5,"5449099"
128,"spotify:track:2w1rq80FIrbxeJy9WYURxw","KAROL G, Anuel AA","Follow","UMLE - Latino",128,-1,1,"5447151"
129,"spotify:track:5uCax9HTNlzGybIStD3vDh","James Arthur","Say You Won't Let Go","Columbia",7,148,170,"5413402"
130,"spotify:track:5iFwAOB2TFkPJk8sMlxP8g","PUBLIC","Make You Mine","Island Records",130,152,4,"5401769"
131,"spotify:track:58wyJLv6yH1La9NIZPl3ne","Kina, Adriana Proenza","Can We Kiss Forever?","Columbia",131,144,20,"5385627"
132,"spotify:track:5ry2OE6R2zPQFDO85XkgRb","Drake, Rick Ross","Money In The Grave (Drake ft. Rick Ross)","Republic Records",5,175,43,"5308830"
133,"spotify:track:6mAN61JH0dzyZpWslS11jy","Rauw Alejandro, Farruko","Fantasias","(SME US Latin) Duars Entertainment, Corp. (2)",28,145,28,"5305441"
134,"spotify:track:6U0FIYXCQ3TGrk4tFpLrEA","BROCKHAMPTON","SUGAR","Question Everything/RCA Records",38,147,15,"5271388"
135,"spotify:track:3jT2LKH0RSbQ8jIUNFzXm5","G Herbo, Lil Uzi Vert, Juice WRLD, Chance the Rapper","PTSD","Machine Entertainment Group - G Herbo",135,197,3,"5265832"
136,"spotify:track:5pXy29xzxR3aTB0SYRI590","J Balvin","Blanco","UMLE - Latino",74,108,20,"5258456"
137,"spotify:track:4r9jkMEnArtWGH2rL2FZl0","Bad Bunny","A Tu Merced","Rimas Entertainment LLC",52,123,6,"5257128"
138,"spotify:track:76nqCfJOcFFWBJN32PAksn","Ava Max","Kings & Queens","Atlantic Records",138,189,2,"5250604"
139,"spotify:track:0tgVpDi06FyKpA1z0VMD4v","Ed Sheeran","Perfect","Atlantic Records UK",4,159,161,"5230729"
140,"spotify:track:22vgEDb5hykfaTwLuskFGD","Jonas Brothers","Sucker","Jonas Brothers Recording",2,156,58,"5184922"
141,"spotify:track:6oJ6le65B3SEqPwMRNXWjY","Kygo, Whitney Houston","Higher Love","Kygo/RCA Records",31,170,40,"5182342"
142,"spotify:track:4R8BJggjosTswLxtkw8V7P","JHAYCO, J Balvin, Bad Bunny","No Me Conoce - Remix","N&E Entertainment LLC",20,146,46,"5182033"
143,"spotify:track:39LLxExYz6ewLAcYrzQQyP","Dua Lipa","Levitating","Warner Records",52,52,2,"5180245"
144,"spotify:track:74fV8TuLZKVzSIOOGu8wwI","Polo G, Stunna 4 Vegas, NLE Choppa, Mike WiLL Made-It","Go Stupid (feat. NLE Choppa & Mike WiLL Made-It)","Columbia",105,142,8,"5120913"
145,"spotify:track:7AzlLxHn24DxjgQX73F9fU","Don Toliver","No Idea","We Run It Ent./Cactus Jack/Atlantic",26,117,19,"5120410"
146,"spotify:track:7xQAfvXzm3AkraOtGPWIZg","Post Malone","Wow.","Republic Records",2,155,68,"5119605"
147,"spotify:track:5a6pdCHlWS2ekOOQ70QnAr","Noah Cyrus","July","Records/Columbia",77,151,22,"5087738"
148,"spotify:track:2TH65lNHgvLxCKXM3apjxI","Bad Bunny, Tainy","Callaita","Rimas Entertainment LLC",7,139,45,"5085359"
149,"spotify:track:6tCssnvTUREcperDOUTqvA","ITZY","WANNABE","Republic Records - ITZY",86,154,4,"5053800"
150,"spotify:track:2ZTYlnhhV1UAReg7wIGolx","Sam Smith","To Die For","PLG - Capitol",30,94,8,"5047846"
151,"spotify:track:6Hj9jySrnFppAI0sEMCZpJ","Juice WRLD","Robbery","Grade A Productions/Interscope Records",18,158,38,"5044279"
152,"spotify:track:3iQOfefMGDVDwo8dZoco8T","Feid, Justin Quiles","PORFA","JP Entertainment (Jorge Pino)",152,-1,1,"5033528"
153,"spotify:track:0JjM9bKm4wrwohMslcm892","G-Eazy, Tory Lanez, Tyga","Still Be Friends (feat. Tory Lanez & Tyga)","BPG/RVG/RCA Records",109,-1,6,"4993418"
154,"spotify:track:25sgk305KZfyuqVBQIahim","Ava Max","Sweet but Psycho","Atlantic Records",6,174,80,"4984903"
155,"spotify:track:2uIX8YMNjGMD7441kqyyNU","Billie Eilish","ocean eyes","Darkroom",101,160,65,"4960457"
156,"spotify:track:79s5XnCN4TJKTVMSmOx8Ep","Pop Smoke","Dior","Victor Victor Worldwide/Republic Records",118,164,7,"4940450"
157,"spotify:track:1DFD5Fotzgn6yYXkYsKiGs","MEDUZA, Goodboys","Piece Of Your Heart","Intercord",14,182,52,"4930446"
158,"spotify:track:5m3jpKkgkfoMcym1qjToFg","Alex Rose, Rafa Pabön","Jangueo","Los Oidos Fresh/ Los Proximos",158,172,4,"4917096"
159,"spotify:track:6gBFPUFcJLzWGx4lenP6h2","Travis Scott","goosebumps","Cactus Jack / Epic",60,167,139,"4912306"
160,"spotify:track:7FGq80cy8juXBCD2nrqdWU","benny blanco, Halsey, Khalid","Eastside (with Halsey & Khalid)","Friends Keep Secrets/Interscope Records",4,177,90,"4907160"
161,"spotify:track:6b2RcmUt1g9N9mQ3CbjX2Y","Sam Smith","How Do You Sleep?","PLG - Capitol",7,162,38,"4904728"
162,"spotify:track:0A37XY67wSdGqkGjtfW6aV","Rauw Alejandro, Anuel AA, NATTI NATASHA, Farruko, Lunay","Fantasias - Remix","(SME US Latin) Duars Entertainment, Corp. (2)",139,173,4,"4896958"
163,"spotify:track:0JP9xo3adEtGSdUEISiszL","XXXTENTACION","Moonlight","Bad Vibes Forever, LLC",2,163,106,"4878125"
164,"spotify:track:0bMbDctzMmTyK2j74j3nF3","Alan Walker, Ava Max","Alone, Pt. II","Kreatell Music",80,169,15,"4839355"
165,"spotify:track:0Odu228D0yGcFySGuxU4rY","Tory Lanez, Chris Brown","The Take (feat. Chris Brown)","Mad Love/Interscope Records",165,171,3,"4822030"
166,"spotify:track:2xLMifQCjDGFmkHkpNLD9h","Travis Scott","SICKO MODE","Cactus Jack / Epic",2,166,88,"4803766"
167,"spotify:track:6K4t31amVTZDgR3sKmwUJJ","Tame Impala","The Less I Know The Better","Universal Music Australia Pty. Ltd.",160,179,13,"4770581"
168,"spotify:track:1nYeVF5vIBxMxfPoL0SIWg","Dua Lipa","Hallucinate","Warner Records",55,55,2,"4752818"
169,"spotify:track:6Qs4SXO9dwPj5GKvVOv8Ki","Sam Smith, Normani","Dancing With A Stranger (with Normani)","PLG - Capitol",7,185,65,"4748666"
170,"spotify:track:4POHzEwNTCYaIvqCUp3NnO","5 Seconds of Summer","Old Me","5 Seconds Of Summer/Interscope",103,105,4,"4724056"
171,"spotify:track:2qxmye6gAegTMjLKEBoR3d","Alec Benjamin","Let Me Down Slowly","2018",27,184,64,"4716311"
172,"spotify:track:3tv697PZNnaQN0Mn2zGhS5","Gusttavo Lima","A Gente Fez Amor - Ao Vivo","Sony Music Entertainment",168,181,4,"4679519"
173,"spotify:track:75pQqzwgCjUOSSy5CpmAjy","Bad Bunny","Pero Ya No","Rimas Entertainment LLC",29,131,6,"4666658"
174,"spotify:track:5qrSlOut2rNAWv3ubArkNy","Dean Lewis","Be Alright","Universal Music Australia Pty. Ltd.",12,191,86,"4664458"
175,"spotify:track:3U4isOIWM3VvDubwSI3y7a","John Legend","All of Me","G.O.O.D. Music/Columbia",143,178,61,"4655650"
176,"spotify:track:4jAIqgrPjKLTY9Gbez25Qb","Harry Styles","Lights Up","Columbia",5,176,26,"4644754"
177,"spotify:track:0uI7yAKUf52Cn7y3sYyjiX","Dominic Fike","3 Nights","Columbia",51,195,48,"4614427"
178,"spotify:track:3g0mEQx3NTanacLseoP0Gw","The Chainsmokers, ILLENIUM, Lennon Stella","Takeaway","Disruptor Records/Columbia",28,183,33,"4572676"
179,"spotify:track:2iUXsYOEPhVqEBwsqP70rE","5 Seconds of Summer","Youngblood","Capitol",8,190,100,"4571401"
180,"spotify:track:6kls8cSlUyHW2BUOkDJIZE","Ellie Goulding, Juice WRLD","Hate Me (with Juice WRLD)","Polydor Records",46,180,34,"4566449"
181,"spotify:track:6kWxIqQDsKFYCJGbU4AjCX","The Weeknd","Hardest To Love","Republic Records",24,83,3,"4553544"
182,"spotify:track:2P91MQbaiQOfbiz9VqhqKQ","Lauv","I Like Me Better","Lauv",29,194,147,"4526997"
183,"spotify:track:6RUKPb4LETWmmr3iAEQktW","The Chainsmokers, Coldplay","Something Just Like This","Disruptor Records/Columbia",2,-1,131,"4520566"
184,"spotify:track:2bT1PH7Cw3J9p3t7nlXCdh","Shawn Mendes","If I Can't Have You","Island Records",4,-1,44,"4503561"
185,"spotify:track:7dt6x5M1jzdTEt8oCbisTK","Post Malone","Better Now","Republic Records",1,186,102,"4503490"
186,"spotify:track:7fa9MBXhVfQ8P8Df9OEbD8","Maroon 5, Cardi B","Girls Like You (feat. Cardi B) - Cardi B Version","Interscope Records*",2,-1,96,"4496948"
187,"spotify:track:6DCZcSspjsKoFjzjrWoCdn","Drake","God's Plan","Cash Money/Drake LP6",1,-1,100,"4493795"
188,"spotify:track:3e9HZxeyfWwjeyPAMmWSSQ","Ariana Grande","thank u, next","Republic Records",1,196,75,"4478284"
189,"spotify:track:1rqqCSm0Qe4I9rUvWncaom","Panic! At The Disco","High Hopes","DCD2 / Fueled By Ramen",9,-1,89,"4474141"
190,"spotify:track:6fWa5CRgy0z30OeGZyMBvD","Rod Wave","Heart On Ice","Alamo",190,-1,1,"4465139"
191,"spotify:track:2WlZuBDgLfT7Kc0admhFdg","Luísa Sonza","BRABA","Universal Music Ltda.",191,200,2,"4452819"
192,"spotify:track:02RCbjb9czvQKNGBmEmWob","Lil Baby","Woah","Quality Control/Motown Records",56,-1,21,"4425610"
193,"spotify:track:7AFASza1mXqntmGtbxXprO","XXXTENTACION","changes","Bad Vibes Forever, LLC",9,198,68,"4424287"
194,"spotify:track:2tGENA8xef0wABdHvyXwv9","Lunay, Ozuna, Myke Towers, Chencho Corleone, Rauw Alejandro","La Cama (Remix)","round2media - LaFamilia",194,-1,1,"4402934"
195,"spotify:track:2rjjNUYONZqC7wSd1i6OFq","Lizzo, Ariana Grande","Good as Hell (feat. Ariana Grande)","Nice Life/Atlantic",29,-1,23,"4382025"
196,"spotify:track:665AK0ovB11McZRwfa852G","Vicetone, Tony Igy","Astronomia","Columbia International",196,-1,1,"4379873"
197,"spotify:track:7GX5flRQZVHRAGd6B4TmDO","Lil Uzi Vert","XO Tour Llif3","Generation Now/Atlantic",10,199,116,"4343510"
198,"spotify:track:1y4jsQt7MjnZhiD1L6qFBC","Sub Urban","Cradles","NCS",192,192,2,"4335261"
199,"spotify:track:6DXZiYUbrYgrVIhfX3U9Z2","Dua Lipa","Pretty Please","Warner Records",69,69,2,"4305034"
200,"spotify:track:4a6q8CR2hzLk2plDkSxkfD","Bazzi","I.F.L.Y.","iamcosmic",47,-1,31,"4284951"
