﻿rank,uri,artist_names,track_name,source,peak_rank,previous_rank,weeks_on_chart,streams
1,"spotify:track:4S8d14HvHb70ImctNgVzQQ","Kanye West, Lil Pump","I Love It (& Lil Pump)","Getting Out Our Dreams, Inc./Def Jam Recordings",1,-1,1,"28516766"
2,"spotify:track:2G7V7zsVDxg1yRsu7Ew9RJ","Drake","In My Feelings","Cash Money/Drake LP6",1,2,11,"27863504"
3,"spotify:track:60SdxE8apGAxMiRrpbmLY0","Eminem, Joyner Lucas","Lucky You (feat. Joyner Lucas)","Eminem Catalog PS",1,1,2,"26963023"
4,"spotify:track:0d2iYfpKoM0QCKvcLCkBao","benny blanco, Halsey, Khalid","Eastside (with Halsey & Khalid)","Benny Blanco Solo Album PS",4,4,9,"24227312"
5,"spotify:track:5N5k9nd479b1xpDZ4usjrg","Calvin Harris, Sam Smith, Jessie Reyez","Promises (with Sam Smith)","Columbia",5,10,4,"23666223"
6,"spotify:track:7fa9MBXhVfQ8P8Df9OEbD8","Maroon 5, Cardi B","Girls Like You (feat. Cardi B) - Cardi B Version","Interscope Records*",2,5,15,"21481286"
7,"spotify:track:0E9ZjEAyAwOXZ7wJC0PD33","Dynoro, Gigi D'Agostino","In My Mind","Columbia/B1 Recordings",7,9,10,"21439591"
8,"spotify:track:2dpaYNEQHiRxtZbfNsse99","Marshmello, Bastille","Happier","Joytime Collective",8,15,4,"21422869"
9,"spotify:track:2E124GmJRnBJuXbTb4cPUB","6ix9ine, Nicki Minaj, Murda Beatz","FEFE (feat. Nicki Minaj & Murda Beatz)","ScumGang Records / TenThousand Projects, LLC",2,6,8,"20365210"
10,"spotify:track:2xLMifQCjDGFmkHkpNLD9h","Travis Scott","SICKO MODE","Cactus Jack / Epic",2,8,6,"20170718"
11,"spotify:track:0s3nnoMeVWz3989MkNQiRf","Juice WRLD","Lucid Dreams","Juice WRLD Mixtape / ISR P&D",3,11,18,"19858246"
12,"spotify:track:5WvAo7DNuPRmk4APhdPzi8","DJ Khaled, Justin Bieber, Quavo, Chance the Rapper","No Brainer","Epic/We The Best",2,13,7,"17791581"
13,"spotify:track:2jt2WxXMCD4zjACthkJQVE","Eminem","The Ringer","Eminem Catalog PS",3,3,2,"17126144"
14,"spotify:track:3EPXxR3ImUwfayaurPi3cm","Dean Lewis","Be Alright","Universal Music Australia Pty. Ltd.",14,24,8,"16900938"
15,"spotify:track:5IaHrVsrferBYDm0bDyABy","Tyga, Offset","Taste (feat. Offset)","Last Kings Music / EMPIRE",6,18,17,"16636602"
16,"spotify:track:58q2HKrzhC3ozto2nDdN4z","Cardi B, Bad Bunny, J Balvin","I Like It","Atlantic/KSR",2,19,23,"16225457"
17,"spotify:track:3ee8Jmje8o58CHK66QrVC2","XXXTENTACION","SAD!","Bad Vibes Forever, LLC",1,21,28,"16095099"
18,"spotify:track:48zFZh27QU5qsrBjn4C2FA","Ozuna, Manuel Turizo","Vaina Loca","VP Records Corp/Dimelo Vi",18,22,11,"15602448"
19,"spotify:track:5N4erncE7kuUccm7zEmwzk","Silk City, Dua Lipa, Mark Ronson, Diplo","Electricity","Columbia",19,-1,1,"15553196"
20,"spotify:track:4OafepJy2teCjYJbvFE60J","Ariana Grande","breathin","Republic Records",2,20,4,"15476708"
21,"spotify:track:5OCJzvD7sykQEKHH7qAC3C","Ariana Grande","God is a woman","Republic Records",2,17,9,"15275496"
22,"spotify:track:7ATATJztoWLcqDAcVVof0C","6ix9ine, Anuel AA","BEBE (feat. Anuel AA)","ScumGang Records / TenThousand Projects, LLC",22,30,2,"15167729"
23,"spotify:track:7dt6x5M1jzdTEt8oCbisTK","Post Malone","Better Now","Republic Records",1,27,20,"14521798"
24,"spotify:track:3u1S1OmAUhx5DRlLrXqyp3","Jonas Blue, Jack & Jack","Rise","Positiva",12,26,15,"14437255"
25,"spotify:track:7K7MUBCnzgBAvMVW2RTWNs","Loud Luxury, Brando","Body","Armada Music",19,25,15,"14388680"
26,"spotify:track:58QhkbaAkLFnn7JwAnAato","Eminem","Fall","Eminem Catalog PS",14,14,2,"14003282"
27,"spotify:track:4zIO3ilp5HvTeK3HJHxhMP","Imagine Dragons","Natural","Kid Ina Korner / Interscope",27,40,8,"13765244"
28,"spotify:track:6kPJZM97LwdG9QIsT7khp6","Clean Bandit, Demi Lovato","Solo (feat. Demi Lovato)","Atlantic Records UK",8,29,17,"13717976"
29,"spotify:track:2iUXsYOEPhVqEBwsqP70rE","5 Seconds of Summer","Youngblood","Capitol",8,32,22,"13585841"
30,"spotify:track:3V8UKqhEK5zBkBb6d6ub8i","Nio Garcia, Casper Magico, Bad Bunny, Darell, Ozuna, Nicky Jam","Te Boté - Remix","Flow La Movie, Inc.",8,33,22,"13346931"
31,"spotify:track:4kWO6O1BUXcZmaxitpVUwp","Tiësto, Dzeko, Preme, Post Malone","Jackie Chan","Universal Music, a division of Universal International Music BV",11,31,17,"13106747"
32,"spotify:track:0TlLq3lA83rQOYtrqBqSct","Drake","Nonstop","Cash Money/Drake LP6",1,38,11,"13039860"
33,"spotify:track:0JP9xo3adEtGSdUEISiszL","XXXTENTACION","Moonlight","Bad Vibes Forever, LLC",2,35,26,"12812466"
34,"spotify:track:7ef4DlsgrMEH11cDZd32M6","Calvin Harris, Dua Lipa","One Kiss (with Dua Lipa)","Sony Music UK",2,36,23,"11973698"
35,"spotify:track:4VUwkH455At9kENOfzTqmF","Bazzi, Camila Cabello","Beautiful (feat. Camila Cabello)","iamcosmic",30,41,6,"11960600"
36,"spotify:track:28FGV3ORH14MYORd7s5dlU","Eminem, Royce Da 5'9""","Not Alike (feat. Royce Da 5'9)","Eminem Catalog PS",12,12,2,"11960552"
37,"spotify:track:5a8RPWgKSmcGBGcffmIrUi","Sia, Diplo, Labrinth, LSD","Thunderclouds (feat. Sia, Diplo, and Labrinth)","Records/Columbia",37,54,5,"11400387"
38,"spotify:track:5qFeMRz4TvetPmzjre9Dq7","J Balvin, Zion & Lennox","No Es Justo","UMLE - Latino",30,46,12,"11109048"
39,"spotify:track:4ofwffwvvnbSkrMSCKQDaC","George Ezra","Shotgun","Columbia",35,49,12,"11090207"
40,"spotify:track:2XTquzYQAdT1Hk78bOUwsv","Eminem","Greatest","Eminem Catalog PS",7,7,2,"10985688"
41,"spotify:track:4keoy2fqgwGnbWlm3ZVZFa","Zedd, Elley Duhé","Happy Now","UMGRI Interscope",27,43,8,"10946851"
42,"spotify:track:2ijef6ni2amuunRoKTlgww","Becky G, NATTI NATASHA","Sin Pijama","Sony Music Latin",22,42,20,"10852138"
43,"spotify:track:5bJ1DrEM4hNCafcDd1oxHx","Mac Miller","Self Care","Warner Records",43,-1,2,"10776937"
44,"spotify:track:6DCZcSspjsKoFjzjrWoCdn","Drake","God's Plan","Cash Money/Drake LP6",1,47,34,"10415748"
45,"spotify:track:7m9OqQk4RVRkw9JJdeAw96","XXXTENTACION","Jocelyn Flores","Bad Vibes Forever / EMPIRE",7,51,55,"10119571"
46,"spotify:track:2qT1uLXPVPzGgFOx4jtEuo","Ariana Grande","no tears left to cry","Republic Records",2,48,21,"10024278"
47,"spotify:track:3DGar7krWlmrXRFHBcQF6z","Kris Kross Amsterdam, The Boy Next Door, Conor Maynard","Whenever (feat. Conor Maynard)","Spinnin' Records",47,52,7,"10007070"
48,"spotify:track:2gsNpSn7VvvJuSrIDfRoYy","Eminem","Kamikaze","Eminem Catalog PS",16,16,2,"9873578"
49,"spotify:track:7wBJfHzpfI3032CSD7CE2m","Travis Scott","STARGAZING","Cactus Jack / Epic",3,50,6,"9383126"
50,"spotify:track:0e7ipj03S05BNilyu5bRzt","Post Malone, 21 Savage","rockstar (feat. 21 Savage)","Republic Records",1,53,52,"9370893"
51,"spotify:track:7AFASza1mXqntmGtbxXprO","XXXTENTACION","changes","Bad Vibes Forever, LLC",9,55,28,"9122729"
52,"spotify:track:1rqqCSm0Qe4I9rUvWncaom","Panic! At The Disco","High Hopes","DCD2 / Fueled By Ramen",49,56,12,"8796903"
53,"spotify:track:2XXMDz7SPZ4mSFN1PXfHUy","Becky G, Paulo Londra","Cuando Te Besé","Sony Music Latin",53,66,6,"8711502"
54,"spotify:track:7ycWLEP1GsNjVvcjawXz3z","A$AP Rocky, Skepta","Praise The Lord (Da Shine) (feat. Skepta)","A$AP Worldwide/Polo Grounds Music/RCA Records",25,62,16,"8625273"
55,"spotify:track:3swc6WTsr7rl9DqQKQA55C","Post Malone, Ty Dolla $ign","Psycho (feat. Ty Dolla $ign)","Republic Records",2,57,29,"8432164"
56,"spotify:track:62o8KoI44JfN7aYxgTnPvh","Maluma","Mala Mía","Sony Music Latin",56,72,5,"8413067"
57,"spotify:track:7DrluKkTviBwCc8AV3VGmf","Shakira, Maluma","Clandestino","Sony Music Latin",39,60,14,"8173844"
58,"spotify:track:2lYTJK94hb0fd1LQtb6Dhk","David Guetta, Anne-Marie","Don't Leave Me Alone (feat. Anne-Marie)","Parlophone (France)",54,61,7,"8104384"
59,"spotify:track:7qiZfU4dY1lWllzX7mPBI3","Ed Sheeran","Shape of You","Atlantic Records UK",1,68,88,"8078738"
60,"spotify:track:6vN77lE9LK6HP2DewaN6HZ","Lil Baby, Drake","Yes Indeed","Quality Control Music, LLC",12,70,18,"7931027"
61,"spotify:track:63SevszngYpZOwf63o61K4","Dennis Lloyd","Nevermind","WM Italy",18,59,26,"7887150"
62,"spotify:track:7AQim7LbvFVZJE3O8TYgf2","XXXTENTACION, Trippie Redd","Fuck Love","Bad Vibes Forever / EMPIRE",19,71,52,"7829647"
63,"spotify:track:2BgEsaKNfHUdlh97KmvFyo","Anne-Marie","2002","Atlantic Records UK",27,58,21,"7812846"
64,"spotify:track:3rPAD722s5FFNnwjC91t7Z","Anuel AA","Quiere Beber","2018 Real Hasta La Muerte, Inc.",64,95,4,"7725331"
65,"spotify:track:3CA9pLiwRIGtUBiMjbZmRw","Drake","Nice For What","Cash Money/Drake LP6",1,65,23,"7566994"
66,"spotify:track:0kHyKhJMukHEPfeh8s7rdM","Kygo, Imagine Dragons","Born To Be Yours","Kygo",25,63,13,"7552189"
67,"spotify:track:3nc420PXjTdBV5TN0gCFkS","Martin Garrix, Khalid","Ocean (feat. Khalid)","Epic Amsterdam",15,64,13,"7514015"
68,"spotify:track:04ZTP5KsCypmtCmQg5tH9R","Bebe Rexha","I'm a Mess","Warner Records",52,69,12,"7487502"
69,"spotify:track:55GiOwtxNajXVbpjjIzMnD","Tyga","SWISH","Last Kings Music / EMPIRE",51,74,7,"7483200"
70,"spotify:track:00EPIEnX1JFjff8sC6bccd","Thalia, NATTI NATASHA","No Me Acuerdo","Sony Music Latin",66,73,8,"7460620"
71,"spotify:track:3QybPutx0Tjk472bBKjNWn","Sheck Wes","Mo Bamba","Cactus Jack Records/ G.O.O.D. Music/ Interscope Records",71,83,4,"7419155"
72,"spotify:track:0evt4UZbdhnHtcAnxkm6A1","Eminem","Normal","Eminem Catalog PS",23,23,2,"7356088"
73,"spotify:track:4hQ6UGyWQIGJmHSo0J88JW","Selena Gomez","Back To You - From 13 Reasons Why – Season 2 Soundtrack","UMGRI Interscope",4,67,18,"7330641"
74,"spotify:track:60Z57Wdrn0pEVpHI7d7GAX","Eminem","Stepping Stone","Eminem Catalog PS",28,28,2,"7203220"
75,"spotify:track:6rbhaJsE4uLzpPf8WYSHDK","Brytiago, Darell","Asesina","Business Music",73,76,11,"7188038"
76,"spotify:track:2SL6oP2YAEQbqsrkOzRGO4","Eminem","Venom - Music From The Motion Picture","Eminem Catalog PS",34,34,2,"7163245"
77,"spotify:track:0pqnGHJpmpxLKifKRmU6WP","Imagine Dragons","Believer","Kid Ina Korner / Interscope",16,75,84,"7106615"
78,"spotify:track:1snWlbcbgQpJfknoI30DWG","Alan Walker, Au/Ra, Tomine Harket","Darkside","Kreatell Music",67,84,7,"7011118"
79,"spotify:track:5Xn4IyTtW6FUGIUyWjbUHG","Jason Derulo, David Guetta, Nicki Minaj, Willy William","Goodbye (feat. Nicki Minaj & Willy William)","Beluga Heights/Warner Records",79,86,3,"7010255"
80,"spotify:track:76cy1WJvNGJTj78UqeA5zr","Dua Lipa","IDGAF","Warner Records",4,78,37,"6901226"
81,"spotify:track:1rfofaqEpACxVEHIZBJe6W","Camila Cabello, Young Thug","Havana (feat. Young Thug)","Syco Music/Epic",1,77,58,"6888575"
82,"spotify:track:39NDBdU5Xkm5pCFGa5kZtI","Mac Miller","Ladders","Warner Records",82,-1,1,"6867828"
83,"spotify:track:0u2P5u6lvoDfwTYjAADbn4","Billie Eilish, Khalid","lovely (with Khalid)","Darkroom",24,80,21,"6705849"
84,"spotify:track:6jreFSOTUAViWjKyzOC4Kg","Alesso","REMEDY","10:22 pm",84,149,2,"6643586"
85,"spotify:track:7d6XJZjnm7iWcKwYL9z5kC","Lil Mosey","Noticed","Mogul Vision/Interscope Records",85,153,2,"6562408"
86,"spotify:track:2ekn2ttSfGqwhhate0LSR0","Dua Lipa","New Rules","Warner Records",2,91,62,"6540061"
87,"spotify:track:6jA8JUuPCGYjFcgw0AoM5T","Reik, Ozuna, Wisin","Me Niego (feat. Ozuna & Wisin)","Columbia",22,79,30,"6533616"
88,"spotify:track:29tc0GbW0pTSBZSCZF3NWk","Juice WRLD","Lean Wit Me","Juice WRLD Mixtape / ISR P&D",84,94,6,"6499845"
89,"spotify:track:4g32MdRoqwGKQd3NXIRhpU","Eminem, Jessie Reyez","Good Guy (feat. Jessie Reyez)","Eminem Catalog PS",39,39,2,"6481179"
90,"spotify:track:08bNPGLD8AhKpnnERrAc6G","Marshmello, Anne-Marie","FRIENDS","Joytime Collective",4,82,31,"6450902"
91,"spotify:track:1zB4vmk8tFRmM9UULNzbLB","Imagine Dragons","Thunder","Kid Ina Korner / Interscope",8,90,72,"6405308"
92,"spotify:track:0XySogm94T51XF5F2jumXm","Juice WRLD","All Girls Are The Same","Juice WRLD Mixtape / ISR P&D",48,88,18,"6386825"
93,"spotify:track:4ut5G4rgB1ClpMTMfjoIuy","Martin Garrix, Bonn","High On Life (feat. Bonn)","Epic Amsterdam",93,97,6,"6309163"
94,"spotify:track:09IStsImFySgyp0pIQdqAc","Zedd, Maren Morris, Grey","The Middle","UMGRI Interscope",6,85,33,"6285143"
95,"spotify:track:0tgVpDi06FyKpA1z0VMD4v","Ed Sheeran","Perfect","Atlantic Records UK",4,96,80,"6262274"
96,"spotify:track:6JjPBQfI2Y8nIjnm65X6Pw","Nicky Jam, J Balvin, Maluma, Ozuna","X (feat. Maluma & Ozuna) - Remix","Sony Music Latin",37,87,11,"6246595"
97,"spotify:track:7p4vHnYXkxlzvfePJVpcTr","Childish Gambino","Feels Like Summer","Wolf+Rothstein/RCA Records",97,198,3,"6224512"
98,"spotify:track:0VKkyBKCXyR99navhVRqcP","Zion & Lennox","La player (Bandolera)","WEA Latina",56,89,26,"6137485"
99,"spotify:track:2zDj4WjbNDmrRL6Z4YjjCA","Reik, Maluma","Amigos Con Derechos","Columbia",99,133,2,"6118597"
100,"spotify:track:4qKcDkK6siZ7Jp1Jb4m0aL","BlocBoy JB, Drake","Look Alive (feat. Drake)","Bloc Nation",6,93,31,"6115104"
101,"spotify:track:45Egmo7icyopuzJN0oMEdk","Khalid, Normani","Love Lies","RCA Records Label",11,104,30,"5971814"
102,"spotify:track:3GVkPk8mqxz0itaAriG1L7","XXXTENTACION","Everybody Dies In Their Nightmares","Bad Vibes Forever / EMPIRE",24,100,39,"5956261"
103,"spotify:track:7nD2JPaxIKUdxd2UWgnaGL","Alex Rose, Rauw Alejandro, Lenny Tavárez, Cazzu, Lyanno","Toda - Remix","WK Records LLC",103,113,8,"5938790"
104,"spotify:track:0ZNrc4kNeQYD9koZ3KvCsy","YG, 2 Chainz, Big Sean, Nicki Minaj","BIG BANK (feat. 2 Chainz, Big Sean, Nicki Minaj)","Def Jam Recordings",81,103,11,"5920134"
105,"spotify:track:2P91MQbaiQOfbiz9VqhqKQ","Lauv","I Like Me Better","Lauv",29,99,67,"5889980"
106,"spotify:track:39N9RPD9MRb5WmoLzNzPeA","Nicky Jam, J Balvin","X","Sony Music Latin",4,92,28,"5870993"
107,"spotify:track:5p7GiBZNL1afJJDUrOA6C8","Mac Miller","Hurt Feelings","Warner Records",107,-1,1,"5845682"
108,"spotify:track:6G8kHiVZ1jW7vHMPVRNZU0","Drake, Michael Jackson","Don’t Matter To Me (with Michael Jackson)","Cash Money/Drake LP6",2,81,11,"5832700"
109,"spotify:track:75ZvA4QfFiZvzhj2xkaWAh","Post Malone","I Fall Apart","Universal Records",10,105,51,"5784369"
110,"spotify:track:01z2fBGB8Hl3Jd3zXe4IXR","Mac Miller","Come Back to Earth","Warner Records",110,-1,1,"5713873"
111,"spotify:track:4kuexchmxuc5NXmokfo1WH","Frenna, Lil Kleine","Verleden Tijd","777 Records BV / Top Notch Music BV",111,-1,1,"5689674"
112,"spotify:track:0tp6mwUt99QnfY95T30Lqj","Armin van Buuren","Blah Blah Blah","Armada Music Albums",112,139,4,"5679347"
113,"spotify:track:6eYxmK9fdL4hwLnXG2zY3s","XXXTENTACION","Look At Me!","Bad Vibes Forever / EMPIRE",39,108,56,"5586597"
114,"spotify:track:7lAK3oHbfEnvUQWosrMMpR","Travis Scott","YOSEMITE","Cactus Jack / Epic",24,98,6,"5579146"
115,"spotify:track:3obgSF06ki98lYNLNq5vCB","Juice WRLD, Lil Uzi Vert","Wasted (feat. Lil Uzi Vert)","Juice WRLD Mixtape / ISR P&D",80,107,9,"5543501"
116,"spotify:track:7GX5flRQZVHRAGd6B4TmDO","Lil Uzi Vert","XO Tour Llif3","Generation Now/Atlantic",10,112,77,"5530705"
117,"spotify:track:4QtiVmuA88tPQiCOHZuQ5b","Sofía Reyes, Jason Derulo, De La Ghetto","1, 2, 3 (feat. Jason Derulo & De La Ghetto)","WEA Latina",31,101,30,"5506791"
118,"spotify:track:0OgGn1ofaj55l2PcihQQGV","Bryce Vine","Drew Barrymore","Sire",118,129,3,"5487518"
119,"spotify:track:7uQmJ1jgNzBpATSoWKSPFu","Sebastian Yatra, Mau y Ricky","Ya No Tiene Novio","UMLE - Latino",119,155,2,"5478473"
120,"spotify:track:33b2wX9d0kxqxhi7lcsC1A","Ozuna","Unica","VP Records Corp/Dimelo Vi",63,102,16,"5435013"
121,"spotify:track:33tNYw9oMtSkGe27NpgS64","Quavo","WORKIN ME","Quality Control Music/Motown Records/Capitol Records",109,111,5,"5389145"
122,"spotify:track:4zRZAmBQP8vhNPf9i9opXt","Why Don't We","8 Letters","Atlantic Records",120,120,2,"5381022"
123,"spotify:track:09FfQO3PqHO4HIJL511Ksi","Eminem, Jessie Reyez","Nice Guy (with Jessie Reyez)","Eminem Catalog PS",44,44,2,"5330151"
124,"spotify:track:6XBjCetHKdO5L9cwMDVffw","Anuel AA, Zion","Hipócrita","2018 Real Hasta La Muerte, Inc.",112,115,7,"5329648"
125,"spotify:track:5CLGzJsGqhCEECcpnFQA8x","Rudimental, Jess Glynne, Macklemore, Dan Caplen","These Days (feat. Jess Glynne, Macklemore & Dan Caplen)","Atlantic Records UK",9,109,34,"5309404"
126,"spotify:track:3OtQmFLS5b3pTgIf44GQFJ","The Chainsmokers, Emily Warren","Side Effects","Disruptor Records/Columbia",88,106,7,"5225316"
127,"spotify:track:0Uv5Kp8sEnriJjkX4oLfNI","Paul Rosenberg","Paul - Skit","Eminem Catalog PS",37,37,2,"5139520"
128,"spotify:track:4mHgYpuGHu99Mw69E83CP2","Trippie Redd","Taking A Walk","TenThousand Projects, LLC",42,110,5,"5132381"
129,"spotify:track:7BKLCZ1jbUBVqRi2FVlTVw","The Chainsmokers, Halsey","Closer","Disruptor Records/Columbia",2,127,90,"5117441"
130,"spotify:track:3S0OXQeoh0w6AY8WQVckRW","Jason Mraz","I'm Yours","Atlantic Records/ATG",124,128,24,"5114458"
131,"spotify:track:4e4fqjx0Izh4svvTef1z7e","Bebe Rexha, Florida Georgia Line","Meant to Be (feat. Florida Georgia Line)","Warner Records",18,119,52,"5078761"
132,"spotify:track:38QmUDpkoYlNbMKvpvAsrE","KAROL G, J Balvin, Nicky Jam","Mi Cama - Remix","UMLE - Latino",76,117,7,"5039202"
133,"spotify:track:7uzmGiiJyRfuViKKK3lVmR","Bazzi","Mine","iamcosmic",3,123,34,"4995201"
134,"spotify:track:1mXVgsBdtIVeCLJnSnmtdV","Sam Smith","Too Good At Goodbyes","PLG - Capitol",1,130,53,"4994401"
135,"spotify:track:33IOhptvC2Qoy2UhjiHXLV","David Guetta, Sia","Flames","Parlophone (France)",20,116,25,"4980876"
136,"spotify:track:0r9d60ZYPAlFHq8qnUtkXN","Cosculluela, Bad Bunny","Madura","Rottweilas, Inc.",70,122,22,"4939664"
137,"spotify:track:6U2NuJILEOEpW2tVCuqKHb","Daddy Yankee, NATTI NATASHA, Becky G, Bad Bunny","Dura - Remix","Craft Latino",52,126,20,"4883087"
138,"spotify:track:5uCax9HTNlzGybIStD3vDh","James Arthur","Say You Won't Let Go","Columbia",7,135,90,"4881499"
139,"spotify:track:63TyoT9Ee03rQxv8xmdJ2l","mgk","RAP DEVIL","Bad Boy / Interscope",139,-1,1,"4879445"
140,"spotify:track:03iCbZaM4OkRR4We6wIzvx","BTS, Nicki Minaj","IDOL","BIGHIT MUSIC",59,114,3,"4872893"
141,"spotify:track:2alIsNw1mqEShbWyO1HXZZ","Sebastian Yatra, Luis Figueroa, Lary Over","Por Perro","UMLE - Latino",84,118,19,"4864855"
142,"spotify:track:2RttW7RAu5nOAfq6YFvApB","Ed Sheeran","Happier","Atlantic Records UK",10,131,70,"4856243"
143,"spotify:track:4UKCKdYiLN6IMA5ZESUTL7","XXXTENTACION","the remedy for a broken heart (why am I so in love)","Bad Vibes Forever, LLC",27,132,18,"4829847"
144,"spotify:track:7glCSQqV5o6NU88Cn4zPZn","Bad Bunny","Estamos Bien","Rimas Entertainment LLC",88,125,11,"4825250"
145,"spotify:track:2374M0fQpWi3dLnB54qaLX","TOTO","Africa","Columbia",137,146,26,"4753506"
146,"spotify:track:17UUYZ290omPaJY4wKeyHh","Ozuna","Me Dijeron","VP Records Corp/Dimelo Vi",111,143,3,"4744625"
147,"spotify:track:6Hgh47WXVKtXN5zGOu0hjI","Khalid, 6LACK, Ty Dolla $ign","OTW","Right Hand Music Group, LLC/RCA Records",24,136,21,"4700370"
148,"spotify:track:7IBSffWIu7P2MC7kMwy2FM","Wiz Khalifa, Swae Lee","Hopeless Romantic (feat. Swae Lee)","Taylor Gang/Atlantic",87,140,9,"4678787"
149,"spotify:track:4QVS8YCpK71R4FsxSMCjhP","Gryffin, Elley Duhé","Tie Me Down (with Elley Duhé)","Darkroom",101,124,5,"4667716"
150,"spotify:track:2dgrYdgguVZKeCsrVb9XEs","Mac Miller","What's the Use?","Warner Records",150,-1,1,"4664654"
151,"spotify:track:2ZRo7axmMPeSVUvDbGkJah","XXXTENTACION","Hope","Bad Vibes Forever, LLC",42,156,15,"4662402"
152,"spotify:track:7KXjTSCq5nL1LoYtL7XAwS","Kendrick Lamar","HUMBLE.","Aftermath",1,148,76,"4616598"
153,"spotify:track:1gm616Plq4ScqNi7TVkZ5N","The Weeknd","Call Out My Name","Universal Republic Records",1,142,24,"4615228"
154,"spotify:track:7sO5G9EABYOXQKNPNiE9NR","Offset, Metro Boomin","Ric Flair Drip (with Metro Boomin)","Slaughter Gang, LLC/Epic/Quality Control Music/Motown/Capitol/Boominati Worldwide/Republic",32,152,46,"4603928"
155,"spotify:track:4R5xvs5X0phd0EYWyGigju","Anitta","Medicina","WM Brazil",95,197,8,"4566897"
156,"spotify:track:3a1lNhkSLSkpJE4MSHpDu9","Post Malone, Quavo","Congratulations","Universal Records",20,145,86,"4520542"
157,"spotify:track:7noud145AHZGg74vpWOsCa","Ella Mai","Trip","10 Summers / Interscope PS",157,-1,1,"4484184"
158,"spotify:track:2QZ7WLBE8h2y1Y5Fb8RYbH","Shawn Mendes","In My Blood","Island Records",7,137,25,"4472554"
159,"spotify:track:14mHfNsSHN0FbLftyjrV9g","Flipp Dinero","Leave Me Alone","Cinematic/Epic/We The Best",159,-1,1,"4464413"
160,"spotify:track:70khXICDeTTxgYtw3EysKH","Ariana Grande","sweetener","Republic Records",29,121,4,"4421848"
161,"spotify:track:6xcJyGpfZbuuiequtnlKt4","Travis Scott","BUTTERFLY EFFECT","Cactus Jack / Epic",38,141,58,"4390052"
162,"spotify:track:1yYzuNd0KRyHVJ3NH8apBt","Mac Miller","Donald Trump","Rostrum Records",162,-1,1,"4355164"
163,"spotify:track:33zcmmElV1YbRZe57biUjg","Lele Pons","Celoso","10:22 PM / UMLE",139,173,4,"4353675"
164,"spotify:track:6B3zy3LOKHndqsviCr2z15","Eminem","Em Calls Paul - Skit","Eminem Catalog PS",45,45,2,"4351393"
165,"spotify:track:2r77vqSZkOktTSgmAOoHsV","Paulo Londra","Chica Paranormal","WEA Latina",158,158,6,"4349263"
166,"spotify:track:5qqabIl2vWzo9ApSC317sa","Oasis","Wonderwall - Remastered","Big Brother",152,164,48,"4307662"
167,"spotify:track:6RUKPb4LETWmmr3iAEQktW","The Chainsmokers, Coldplay","Something Just Like This","Disruptor Records/Columbia",2,159,82,"4274293"
168,"spotify:track:3RD0PGolM0mETGHaprwgMn","Manuel Turizo","Culpables","Sony Music Latin/La Industria",165,165,3,"4272511"
169,"spotify:track:6r3baE6njwU4aoJq6zPukG","Lukas Graham","Love Someone","Universal Music A/S",169,-1,1,"4230082"
170,"spotify:track:3qN5qMTKyEEmiTZD38BNTT","Drake","I'm Upset","Cash Money/Drake LP6",7,147,16,"4227212"
171,"spotify:track:6X6SdJzxyw7GzxwP2fr9WV","Jess Glynne","All I Am","Atlantic Records UK",171,-1,1,"4222580"
172,"spotify:track:6Qn5zhYkTa37e91HC1D7lb","Imagine Dragons","Whatever It Takes","Kid Ina Korner / Interscope",51,182,57,"4216611"
173,"spotify:track:1ZAyjvIk9YiD76yYy0TEG6","Rich The Kid","Plug Walk","Rich The Kid / (TDE/ISR PS)",19,161,28,"4199271"
174,"spotify:track:7rC5Pl8rQSX4myONQHYPBK","Drake","Mob Ties","Cash Money/Drake LP6",11,150,11,"4174071"
175,"spotify:track:2CvOqDpQIMw69cCzWqr5yr","Beyoncé","Halo","Music World Music/Columbia",149,184,17,"4165720"
176,"spotify:track:6gBFPUFcJLzWGx4lenP6h2","Travis Scott","goosebumps","Cactus Jack / Epic",60,170,89,"4152054"
177,"spotify:track:6pGuOWYOFDcSgmVvFWRWSv","Russ","The Flute Song","Columbia",177,-1,1,"4133199"
178,"spotify:track:1Slwb6dOYkBlWal1PGtnNg","Ed Sheeran","Thinking out Loud","Atlantic Records UK",58,168,90,"4133120"
179,"spotify:track:4h8VwCb1MTGoLKueQ1WgbD","Avicii","Wake Me Up","Pophouse Entertainment Group",13,177,21,"4130799"
180,"spotify:track:6xTU6B6nFwKKTSZ9ySXS80","Kygo, Miguel","Remind Me to Forget","Kygo",29,154,26,"4130554"
181,"spotify:track:5bITfqKGaPakO1l99hOMsI","Justin Quiles, Zion & Lennox","No Quiero Amarte (feat. Zion & Lennox)","WEA Latina",153,178,10,"4111293"
182,"spotify:track:2Yer0p7uB2lVBUAtANuuQp","Social House, Lil Yachty","Magic In The Hamptons (feat. Lil Yachty)","Silent Records / Social House",182,191,2,"4096102"
183,"spotify:track:0GxQ1A5L9xnMOytbP6eKBG","Maroon 5, SZA","What Lovers Do (feat. SZA)","Interscope Records*",5,167,54,"4095468"
184,"spotify:track:3GCdLUSnKSMJhs4Tj6CV3s","Kendrick Lamar, SZA","All The Stars (with SZA) - From ""Black Panther: The Album""","Black Panther (TDE/DMG) PS",2,174,36,"4094544"
185,"spotify:track:1zi7xx7UVEFkmKfv06H8x0","Drake, Wizkid, Kyla","One Dance","Cash Money Records/Young Money Ent./Universal Rec.",12,172,90,"4061020"
186,"spotify:track:6n4U3TlzUGhdSFbUUhTvLP","Migos, Drake","Walk It Talk It","Quality Control Music, LLC",22,169,33,"4060960"
187,"spotify:track:355kY0VYYf2AUOnUsU56Xq","Alvaro Soler","La Cintura","Airforce1",42,157,18,"4054038"
188,"spotify:track:7tFiyTwD0nx5a1eklYtX2J","Queen","Bohemian Rhapsody - Remastered 2011","EMI",183,196,5,"4032727"
189,"spotify:track:6QgjcU0zLnzq5OrUoSZ3OK","Portugal. The Man","Feel It Still","Atlantic Records",18,176,61,"4023231"
190,"spotify:track:6fxVffaTuwjgEk5h9QyRjy","Ed Sheeran","Photograph","Atlantic Records UK",41,192,83,"3976592"
191,"spotify:track:6IaieqiCVvsNvEt6Y7yOFa","Post Malone, Nicki Minaj","Ball For Me (feat. Nicki Minaj)","Republic Records",15,162,20,"3975632"
192,"spotify:track:3B54sVLJ402zGa6Xm4YGNe","French Montana, Swae Lee","Unforgettable","Bad Boy Entertainment/Epic Records",3,188,75,"3969261"
193,"spotify:track:3uhBIQ7tv8j1FME8cFGEfG","John Legend","All of Me","G.O.O.D. Music/Columbia",147,195,20,"3957990"
194,"spotify:track:7vGuf3Y35N4wmASOKLUVVU","Marshmello, Khalid","Silence","Joytime Collective/RCA Records",8,190,57,"3951525"
195,"spotify:track:1bhUWB0zJMIKr9yVPrkEuI","Ed Sheeran, Beyoncé","Perfect Duet (Ed Sheeran & Beyoncé)","Atlantic Records UK",3,183,41,"3945937"
196,"spotify:track:10Igtw8bSDyyFs7KIsKngZ","Lil Dicky, Chris Brown","Freaky Friday (feat. Chris Brown)","Commission/BMG",7,171,26,"3940970"
197,"spotify:track:1h9P5WJwyvK8OB7O2YiXgp","Ozuna, Romeo Santos","Ibiza","VP Records Corp/Dimelo Vi",133,-1,2,"3934406"
198,"spotify:track:6GnhWMhgJb7uyiiPEiEkDA","Mac Miller, Miguel","Weekend (feat. Miguel)","Warner Records",198,-1,1,"3932201"
199,"spotify:track:2RVrdr062uLFxXwIxwdXPH","Piso 21, Paulo Londra","Te Amo","WM Mexico",76,179,25,"3928750"
200,"spotify:track:3KYOGt8IO6j8wptkG9THag","Hozier","Take Me To Church","Universal-Island Records Ltd.",166,-1,5,"3925803"
