﻿rank,uri,artist_names,track_name,source,peak_rank,previous_rank,weeks_on_chart,streams
1,"spotify:track:7wGoVu4Dady5GV0Sv4UIsx","Post Malone, 21 Savage","rockstar (feat. 21 Savage)","Republic Records",1,1,8,"40508703"
2,"spotify:track:0ofbQMrRDsUaVKq2mGLEAb","Camila Cabello, Young Thug","Havana (feat. Young Thug)","Syco Music/Epic",2,2,14,"32640848"
3,"spotify:track:1mXVgsBdtIVeCLJnSnmtdV","Sam Smith","Too Good At Goodbyes","PLG - Capitol",1,8,9,"28527847"
4,"spotify:track:2ekn2ttSfGqwhhate0LSR0","Dua Lipa","New Rules","Warner Records",2,3,18,"25708980"
5,"spotify:track:3hBBKuWJfxlIlnd9QFoC8k","Maroon 5, SZA","What Lovers Do (feat. SZA)","Interscope Records*",5,5,10,"23951075"
6,"spotify:track:7EmGUiUaOSGDnUUQUDrOXC","Selena Gomez, Marshmello","Wolves","Selena Gomez PS",4,4,3,"22650169"
7,"spotify:track:0tgVpDi06FyKpA1z0VMD4v","Ed Sheeran","Perfect","Atlantic Records UK",7,7,36,"21203902"
8,"spotify:track:1j4kHkkpqZRBwE0A4CN4Yv","ZAYN, Sia","Dusk Till Dawn (feat. Sia) - Radio Edit","RCA Records Label",4,6,9,"20876331"
9,"spotify:track:7vGuf3Y35N4wmASOKLUVVU","Marshmello, Khalid","Silence","Joytime Collective/RCA Records",8,9,13,"19663089"
10,"spotify:track:43ZyHQITOjhciSUUNPVRHc","Lil Pump","Gucci Gang","Warner Records",10,12,9,"19437618"
11,"spotify:track:6mrKP2jyIQmM0rw6fQryjr","NF","Let You Down","NF Real Music",11,11,5,"18888486"
12,"spotify:track:5tz69p7tJuGPeMGwNTxYuV","Logic, Alessia Cara, Khalid","1-800-273-8255","Def Jam Recordings",5,10,28,"17357816"
13,"spotify:track:75ZvA4QfFiZvzhj2xkaWAh","Post Malone","I Fall Apart","Universal Records",10,13,7,"16962991"
14,"spotify:track:5Z3GHaZ6ec9bsiI5BenrbY","Khalid","Young Dumb & Broke","Right Hand Music Group, LLC/RCA Records",12,14,20,"15131223"
15,"spotify:track:0Zbbxnx4SGGHoIow4PpISP","Kygo, Justin Jesso","Stargazing","Kygo",15,22,7,"14648618"
16,"spotify:track:32DGGj6KlNuBr6WaqRxpxi","Charlie Puth","How Long","Artist Partner",16,19,5,"14554590"
17,"spotify:track:7qiZfU4dY1lWllzX7mPBI3","Ed Sheeran","Shape of You","Atlantic Records UK",1,17,44,"13619554"
18,"spotify:track:6QgjcU0zLnzq5OrUoSZ3OK","Portugal. The Man","Feel It Still","Atlantic Records",18,18,17,"13537718"
19,"spotify:track:3m660poUr1chesgkkjQM7P","Demi Lovato","Sorry Not Sorry","Island Records",7,15,18,"13525103"
20,"spotify:track:2rb5MvYT7ZIxbKW5hfcHx8","J Balvin, Willy William","Mi Gente","Scorpio Music (FR)",1,16,19,"12976982"
21,"spotify:track:3B54sVLJ402zGa6Xm4YGNe","French Montana, Swae Lee","Unforgettable","Bad Boy Entertainment/Epic Records",3,21,31,"12853980"
22,"spotify:track:5AEtlRudpgdT5FtNiuly6Y","Hailee Steinfeld, Alesso, Florida Georgia Line, WATT","Let Me Go (with Alesso, Florida Georgia Line & watt)","Universal Records",22,28,9,"12547566"
23,"spotify:track:2OALaHcDdKkjYEpAr0Qzab","Avicii, Rita Ora","Lonely Together","Universal Music AB",23,26,13,"12520151"
24,"spotify:track:7GX5flRQZVHRAGd6B4TmDO","Lil Uzi Vert","XO Tour Llif3","Generation Now/Atlantic",10,23,33,"12492537"
25,"spotify:track:0tKcYR2II1VCQWT79i5NrW","Imagine Dragons","Thunder","Kid Ina Korner / Interscope",8,24,28,"12283875"
26,"spotify:track:0CokSRCu5hZgPxcZBaEzVE","Macklemore, Skylar Grey","Glorious (feat. Skylar Grey)","Bendo LLC",14,20,18,"11991887"
27,"spotify:track:2fQrGHiQOvpL9UgPvtYy6G","21 Savage","Bank Account","Slaughter Gang, LLC/Epic Records",22,25,18,"11951063"
28,"spotify:track:7DsX5K72fewVGb47qj7Tbg","Sam Smith","Pray","PLG - Capitol",28,119,5,"11500141"
29,"spotify:track:3a1lNhkSLSkpJE4MSHpDu9","Post Malone, Quavo","Congratulations","Universal Records",20,29,42,"11463713"
30,"spotify:track:2SmgFAhQkQCQPyBiBxR6Te","NATTI NATASHA, Ozuna","Criminal","Pina Records",30,33,8,"11279879"
31,"spotify:track:7nZmah2llfvLDiUjm0kiyz","Justin Bieber, BloodPop®","Friends (with BloodPop®)","BloodPop/DJ/RMBG/Republic",2,27,12,"10623984"
33,"spotify:track:0Qh38w01QRXK6KHIv0e3hb","P!nk","What About Us","RCA Records Label",18,31,13,"10580404"
34,"spotify:track:1YZfcVLbbJwfizR5cDOp3q","Migos, Nicki Minaj, Cardi B","MotorSport","Quality Control Music, LLC",34,45,2,"10535180"
35,"spotify:track:7fwXWKdDNI5IutOMc5OKYw","J Balvin, Willy William, Beyoncé","Mi Gente Feat. Beyoncé","Scorpio Music",15,30,6,"10508429"
36,"spotify:track:5u6vkDnOyaf8LsteDAj2ub","21 Savage, Offset, Metro Boomin, Travis Scott","Ghostface Killers (feat. Travis Scott)","Slaughter Gang, LLC/Epic/Quality Control Music/Motown/Capitol/Boominati Worldwide/Republic",36,86,2,"10486087"
37,"spotify:track:6De0lHrwBfPfrhorm9q1Xl","Danny Ocean","Me Rehúso","Atlantic Records",20,36,38,"10312797"
38,"spotify:track:4iLqG9SeJSnt0cSPICSjxv","Charlie Puth","Attention","Artist Partner",5,34,29,"10303047"
39,"spotify:track:2771LMNxwf62FTAdpJMQfM","Cardi B","Bodak Yellow","KSR/Atlantic",21,32,15,"10302449"
40,"spotify:track:7JNh1cfm0eXjqFVOzKLyau","Becky G, Bad Bunny","Mayores","Kemosabe Records/RCA Records/Sony Music Latin",39,39,15,"9844788"
41,"spotify:track:7m9OqQk4RVRkw9JJdeAw96","XXXTENTACION","Jocelyn Flores","Bad Vibes Forever / EMPIRE",15,38,11,"9815267"
42,"spotify:track:1wjzFQodRWrPcQ0AnYnvQ9","Lauv","I Like Me Better","Lauv",29,41,23,"9370478"
43,"spotify:track:3PEgB3fkiojxms35ntsTgs","Axwell /\ Ingrosso, Axwell, Sebastian Ingrosso","More Than You Know","Pophouse Entertainment Group",15,40,24,"9306123"
44,"spotify:track:4v094LQ9eF10k2O2Te2ngK","Niall Horan","Too Much To Ask","Capitol Records (US1A)",37,44,8,"9214291"
45,"spotify:track:7KXjTSCq5nL1LoYtL7XAwS","Kendrick Lamar","HUMBLE.","Aftermath",1,42,32,"9189078"
46,"spotify:track:5bcTCxgc7xVfSaMV3RuVke","Calvin Harris, Pharrell Williams, Katy Perry, Big Sean, Funk Wav","Feels (feat. Pharrell Williams, Katy Perry & Big Sean)","Columbia",5,43,21,"8864734"
47,"spotify:track:0tDfp0vFR95Gg6Mrhza3lX","Taylor Swift","Call It What You Want","Taylor Swift",47,-1,1,"8832057"
48,"spotify:track:7sO5G9EABYOXQKNPNiE9NR","Offset, Metro Boomin","Ric Flair Drip (with Metro Boomin)","Slaughter Gang, LLC/Epic/Quality Control Music/Motown/Capitol/Boominati Worldwide/Republic",48,148,2,"8551080"
49,"spotify:track:6uFsE1JgZ20EXyU0JQZbUR","Taylor Swift","Look What You Made Me Do","Taylor Swift",1,37,11,"8546922"
50,"spotify:track:2Xqd0wUttjueBfdcltADOv","G-Eazy, A$AP Rocky, Cardi B","No Limit","BPG/RVG/RCA Records",50,88,6,"8473284"
51,"spotify:track:70lnL3QaSOIIyMa2X9aVRL","Shakira, Nicky Jam","Perro Fiel (feat. Nicky Jam)","Sony Music Latin",51,52,5,"8377408"
52,"spotify:track:6WbADFqMvR8N5u0BvtsWQE","Avicii, Sandro Cavazza","Without You","Universal Music AB",21,46,13,"8274760"
53,"spotify:track:7iDa6hUg2VgEL1o1HjmfBn","Bebe Rexha, Florida Georgia Line","Meant to Be (feat. Florida Georgia Line)","Warner Records",53,55,8,"7817895"
54,"spotify:track:1XRgIKC5TPwo7nWGyKqgG0","Gucci Mane, Migos","I Get the Bag (feat. Migos)","Guwop Enterprises/Atlantic",45,49,12,"7756436"
55,"spotify:track:2xmrfQpmS2iJExTlklLoAL","Clean Bandit, Julia Michaels","I Miss You (feat. Julia Michaels)","Atlantic Records UK",55,74,2,"7674490"
56,"spotify:track:4dVpf9jZjcORqGTLUaeYj9","A$AP Ferg","Plain Jane","RCA Records Label",56,59,8,"7600929"
57,"spotify:track:5CtI0qwDJkDQGwXD1H1cLb","Luis Fonsi, Daddy Yankee, Justin Bieber","Despacito - Remix","UMLE - Latino",1,48,30,"7578703"
58,"spotify:track:42CeaId2XNlxugDvyqHfDf","Post Malone","Candy Paint","Republic Records",58,87,8,"7491998"
59,"spotify:track:7ofxPmTNMj2GP07g1VZa0O","Alex Sensation, Ozuna","Que Va","JP Entertainment (Jorge Pino)",59,61,11,"7481992"
60,"spotify:track:693iqPOQvhI7PobtR8CC8v","J Balvin, Jowell & Randy","Bonita","Rimas (J Balvin - Jowell & Randy)",42,53,22,"7458644"
61,"spotify:track:2nUJvBO87SkxCViQsLc9Zr","Big Shaq","Man's Not Hot","Universal-Island Records Ltd.",61,92,5,"7456409"
62,"spotify:track:2mb6YdoavL6db22p7XKJQZ","Sam Smith","Burning","PLG - Capitol",62,143,2,"7370127"
63,"spotify:track:79cuOz3SPQTuFrp8WgftAu","Shawn Mendes","There's Nothing Holdin' Me Back","Island Records",5,50,29,"7288942"
64,"spotify:track:0qYTZCo5Bwh1nsUFGZP3zn","Maluma","Felices los 4","Sony Music Latin",17,58,29,"7288746"
65,"spotify:track:0CcQNd8CINkwQfe1RDtGV6","Imagine Dragons","Believer","Kid Ina Korner / Interscope",16,62,40,"7267577"
66,"spotify:track:6RUKPb4LETWmmr3iAEQktW","The Chainsmokers, Coldplay","Something Just Like This","Disruptor Records/Columbia",2,64,38,"7247533"
67,"spotify:track:3VClLWqNn80Llv0PJOsKgr","Nacho, Yandel, Bad Bunny, Mambo Kingz, DJ Luian","Báilame - Remix","UMLE - Latino",58,65,12,"7175973"
68,"spotify:track:3zoYkqS4y2BsGVShPL2nTE","CNCO, Little Mix","Reggaetón Lento (Remix)","Sony Music Latin",56,60,12,"7076974"
69,"spotify:track:2Za1AlJNvksouPPWbXpR2X","Macklemore, Kesha","Good Old Days (feat. Kesha)","Bendo LLC",56,56,7,"7030049"
70,"spotify:track:3ojTJaonfkL96iIWa47SU3","Chris Brown","Questions","RCA Records Label",56,72,12,"6940166"
71,"spotify:track:1yxgsra98r3qAtxqiGZPiX","Travis Scott","BUTTERFLY EFFECT","Cactus Jack / Epic",40,67,25,"6908799"
72,"spotify:track:7y9iMe8SOB6z3NoHE2OfXl","Halsey","Bad At Love","Astralwerks (ASW)",68,68,11,"6902743"
73,"spotify:track:01uk7IzZyFNfQTDBXxx6NB","Sam Smith","One Last Song","PLG - Capitol",73,-1,1,"6829965"
74,"spotify:track:4lUnFLtn8w3W76FiYDRzmO","Maroon 5","Wait","Interscope Records*",74,-1,1,"6797740"
75,"spotify:track:2cnKEkpVUSV4wnjQiTWfH6","Wisin, Ozuna","Escápate Conmigo (feat. Ozuna)","Sony Music Latin",38,70,31,"6692975"
76,"spotify:track:5TysCiZtv1HnSWcTcUFusI","Joey Montana, Sebastian Yatra","Suena El Dembow","UMLE - Latino",76,77,8,"6563325"
77,"spotify:track:1OAh8uOEOvTDqkKFsKksCi","DJ Khaled, Rihanna, Bryson Tiller","Wild Thoughts (feat. Rihanna & Bryson Tiller)","Epic/We The Best",2,51,21,"6516503"
78,"spotify:track:0Wv5wuenRLI3BcwgT3HPIP","DJ Snake, Lauv","A Different Way (with Lauv)","Geffen",66,66,7,"6400344"
79,"spotify:track:6gBFPUFcJLzWGx4lenP6h2","Travis Scott","goosebumps","Cactus Jack / Epic",60,73,45,"6390341"
80,"spotify:track:152lZdxL1OR0ZMW6KquMif","Khalid","Location","Right Hand Music Group, LLC/RCA Records",34,78,40,"6360103"
81,"spotify:track:4K1vOdIFqskQv3zoI0FdAk","Sam Smith","Say It First","PLG - Capitol",81,-1,1,"6347582"
82,"spotify:track:0NiXXAI876aGImAd6rTj8w","Jonas Blue, William Singe","Mama","UMOD (Universal Music On Demand)",11,71,27,"6311804"
83,"spotify:track:69Naniu2KjKjaQOBUagE8U","Lorde, Khalid, Post Malone, SZA","Homemade Dynamite (Feat. Khalid, Post Malone & SZA) - REMIX","Universal Music New Zealand Limited",54,54,8,"6304996"
84,"spotify:track:6EpRaXYhGOB3fj4V2uDkMJ","Liam Payne, Quavo","Strip That Down (feat. Quavo)","Capitol Records UK / EMI",9,69,25,"6301808"
85,"spotify:track:4z3GJkrtH97Bj6fRta983T","Carlos Vives, Sebastian Yatra","Robarte un Beso","Sony Music Latin",61,76,14,"6290255"
86,"spotify:track:2eAZfqOm4EnOF9VvN50Tyc","Lil Uzi Vert, Oh Wonder","The Way Life Goes (feat. Oh Wonder)","Generation Now/Atlantic",44,57,11,"6274721"
87,"spotify:track:5yuShbu70mtHXY0yLzCQLQ","Post Malone","Go Flex","Universal Records",52,63,18,"6216167"
88,"spotify:track:0lJCqIx5BhZtf6QtYI2fbv","Daddy Yankee, Bad Bunny","Vuelve","Craft Latino",85,85,5,"6155898"
89,"spotify:track:7F9vK8hNFMml4GtHsaXui6","Louis Tomlinson, Bebe Rexha, Digital Farm Animals","Back to You (feat. Bebe Rexha & Digital Farm Animals)","Syco Music",15,75,16,"6103404"
90,"spotify:track:5uCax9HTNlzGybIStD3vDh","James Arthur","Say You Won't Let Go","Columbia",7,82,46,"6071895"
91,"spotify:track:1pZdegOXTZ2ftINo3oUuRZ","Liam Payne","Bedroom Floor","Capitol Records UK / EMI",71,80,3,"6052934"
92,"spotify:track:6tUgfsOa8PLkoede5nOR7D","N.E.R.D, Rihanna, Pharrell Williams","Lemon","Columbia",92,-1,1,"5984971"
93,"spotify:track:5hcisvFMidkMJlElTO9Qmw","Bad Bunny, Prince Royce, J Balvin, Mambo Kingz, DJ Luian","Sensualidad","Hear This Music",93,-1,1,"5927372"
94,"spotify:track:7EI6Iki24tBHAMxtb4xQN2","Rita Ora","Anywhere","Atlantic Records UK",94,103,3,"5903622"
95,"spotify:track:38yBBH2jacvDxrznF7h08J","Niall Horan","Slow Hands","Capitol Records (US1A)",29,79,27,"5863238"
96,"spotify:track:3DXncPQOG4VBw3QHh3S817","DJ Khaled, Justin Bieber, Quavo, Chance the Rapper, Lil Wayne","I'm the One (feat. Justin Bieber, Quavo, Chance the Rapper & Lil Wayne)","Epic/We The Best",2,81,28,"5795250"
97,"spotify:track:4aWmUDTfIPGksMNLV2rQP2","Luis Fonsi, Daddy Yankee","Despacito","UMLE - Latino",4,83,43,"5744433"
98,"spotify:track:7MHN1aCFtLXjownGhvEQlF","Manuel Turizo","Una Lady Como Tú","Sony Music Latin/La Industria",38,84,23,"5722314"
99,"spotify:track:5yFSF6qQA1rcLsQRnBsZgb","Alan Walker, Noah Cyrus, Digital Farm Animals, Juliander","All Falls Down (feat. Juliander)","Kreatell Music",99,106,2,"5684836"
100,"spotify:track:7AQim7LbvFVZJE3O8TYgf2","XXXTENTACION, Trippie Redd","Fuck Love","Bad Vibes Forever / EMPIRE",41,94,11,"5678656"
101,"spotify:track:40oKW22ZNNkEdZLJTScaQI","Kodak Black, XXXTENTACION","Roll in Peace (feat. XXXTENTACION)","Atlantic Records",79,91,12,"5598783"
102,"spotify:track:5Gd19NupVe5X8bAqxf9Iaz","Taylor Swift","Gorgeous","Taylor Swift",11,47,3,"5558855"
103,"spotify:track:19WjVVgXjdKXfLXoaDPwTM","Taylor Swift","...Ready For It?","Taylor Swift",13,93,10,"5458804"
104,"spotify:track:6kex4EBAj0WHXDKZMEJaaF","Jason Derulo, Nicki Minaj, Ty Dolla $ign","Swalla (feat. Nicki Minaj & Ty Dolla $ign)","Beluga Heights/Warner Records",6,89,37,"5383004"
105,"spotify:track:1A85fOmviQuGgkF6Lww6Nd","Sam Smith","Midnight Train","PLG - Capitol",105,-1,1,"5370666"
106,"spotify:track:6eUncuJutsFi9BGO1JaBHh","Jason Derulo","If I'm Lucky","Beluga Heights/Warner Records",82,90,10,"5337447"
107,"spotify:track:22eADXu8DfOAUEDw4vU8qy","Chris Jedi, J Balvin, Ozuna, Arcángel","Ahora Dice","UMLE - Latino",46,98,31,"5304873"
108,"spotify:track:6p8NuHm8uCGnn2Dtbtf7zE","Migos, Gucci Mane","Slippery (feat. Gucci Mane)","Quality Control Music",71,101,32,"5270558"
109,"spotify:track:1x5sYLZiu9r5E43kMlt9f8","Clean Bandit, Zara Larsson","Symphony (feat. Zara Larsson)","Atlantic Records UK",11,99,34,"5245422"
110,"spotify:track:4hKWUzhQWsOkgT6LnDEASe","Bausa","Was du Liebe nennst","WM Germany",96,96,4,"5230425"
111,"spotify:track:5ZX1X9Rl4zbx1Wwyn3idVD","Sam Smith, Yebba","No Peace","PLG - Capitol",111,-1,1,"5228688"
112,"spotify:track:5uu28fUesZMl89lf9CLrgN","Cheat Codes, Fetty Wap, Sean Jacobs","Feels Great (feat. Fetty Wap & Sean Jacobs)","Parlophone UK",110,111,4,"5194784"
113,"spotify:track:1Bxzw8ag71snOU9IbhXVD6","Kygo, The Night Game","Kids in Love (feat. The Night Game)","Kygo",61,97,3,"5189475"
114,"spotify:track:3A7qX2QjDlPnazUsRk5y0M","David Guetta, Justin Bieber","2U (feat. Justin Bieber)","Parlophone (France)",3,95,22,"5152692"
115,"spotify:track:5zSOVwaY3sVjnmLhuEfsuf","Ozuna","Tú Foto","VP Records Corp/Dimelo Vi",72,102,28,"5074662"
116,"spotify:track:0VgkVdmE4gld66l8iyGjgx","Future","Mask Off","Epic/Freebandz/A1",5,100,38,"5037701"
117,"spotify:track:3AFPGvRzeKeNJbIbLwcz4G","Sam Smith","HIM","PLG - Capitol",117,-1,1,"5027866"
118,"spotify:track:1p1SbqeipOd4ezKUpxqaz6","Sam Smith","Baby, You Make Me Crazy","PLG - Capitol",118,-1,1,"5022196"
119,"spotify:track:3eR23VReFzcdmS7TYCrhCe","Kygo, Selena Gomez","It Ain't Me (with Selena Gomez)","Kygo",2,107,38,"5000131"
120,"spotify:track:4S2WtfT03YDIlXEwSX4Tjd","Sam Smith","Nothing Left For You","PLG - Capitol",120,-1,1,"4953525"
121,"spotify:track:0afhq8XCExXpqazXczTSve","Ed Sheeran","Galway Girl","Atlantic Records UK",2,108,36,"4949190"
122,"spotify:track:1LszjjoVwDDZcWUQbzeDLG","Yandel, Bad Bunny","Explícale (feat. Bad Bunny)","Sony Music Latin",101,109,10,"4928662"
123,"spotify:track:6eT7xZZlB2mwyzJ2sUKG6w","Post Malone","White Iverson","Universal Records",100,110,38,"4920296"
124,"spotify:track:4c2W3VKsOFoIg2SFaO6DY5","Rita Ora","Your Song","Atlantic Records UK",29,104,24,"4887554"
125,"spotify:track:0KKkJNfGyhkQ5aFogxQAPU","Bruno Mars","That's What I Like","Atlantic Records",6,105,46,"4860422"
126,"spotify:track:0yyZN5ASdrYu0XYWFzfxUu","Jesse & Joy, Gente De Zona","3 A.M.","WM Mexico",116,117,8,"4793256"
127,"spotify:track:7BKLCZ1jbUBVqRi2FVlTVw","The Chainsmokers, Halsey","Closer","Disruptor Records/Columbia",2,112,46,"4780039"
128,"spotify:track:3NdDpSvN911VPGivFlV5d0","ZAYN, Taylor Swift","I Don’t Wanna Live Forever (Fifty Shades Darker)","Taylor Swift",2,123,46,"4765402"
129,"spotify:track:7y4JznkAv2W3IKw9T1o2VK","Daya","New","UMGRI Interscope",126,126,3,"4689243"
130,"spotify:track:0tdCy39PgWN8LFWu34ORn3","21 Savage, Offset, Metro Boomin, Quavo","Rap Saved Me (feat. Quavo)","Slaughter Gang, LLC/Epic/Quality Control Music/Motown/Capitol/Boominati Worldwide/Republic",130,192,2,"4685789"
131,"spotify:track:1louJpMmzEicAn7lzDalPW","Cheat Codes, Demi Lovato","No Promises (feat. Demi Lovato)","Parlophone UK",24,114,32,"4649803"
132,"spotify:track:1f5cbQtDrykjarZVrShaDI","A Boogie Wit da Hoodie, Kodak Black","Drowning (feat. Kodak Black)","Highbridge The Label",90,115,30,"4635621"
133,"spotify:track:4lESS6vuruP6a79KWRaQou","Maluma, Nego do Borel","Corazón (feat. Nego do Borel)","Sony Music Latin",133,-1,1,"4622052"
134,"spotify:track:6jA8HL9i4QGzsj6fjoxp8Y","Martin Garrix, Troye Sivan","There for You","Epic Amsterdam",18,116,24,"4599100"
135,"spotify:track:0tPQPaOKM32WgMSbPCYyRH","David Guetta, AFROJACK, Charli xcx, French Montana","Dirty Sexy Money (feat. Charli XCX & French Montana)","Parlophone (France)",135,-1,1,"4584851"
136,"spotify:track:4knL4iPxPOZjQzTUlELGSY","Yo Gotti, Nicki Minaj","Rake It Up (feat. Nicki Minaj)","Epic/CMG",78,113,15,"4578543"
137,"spotify:track:5EId1m4DNwTf3at31w8bPJ","Ozuna","El Farsante","VP Records Corp/Dimelo Vi",105,122,13,"4535915"
138,"spotify:track:5YzA563GXTuwQaRq24z1k5","Yandel, Wisin","Como Antes (feat. Wisin)","Sony Music Latin",137,138,8,"4535036"
139,"spotify:track:0ERbK7qVqveCaBWIiYCrl3","Romeo Santos, Daddy Yankee, Nicky Jam","Bella y Sensual","Sony Music Latin",106,125,15,"4519859"
140,"spotify:track:6fxVffaTuwjgEk5h9QyRjy","Ed Sheeran","Photograph","Atlantic Records UK",41,128,46,"4516498"
141,"spotify:track:3kxfsdsCpFgN412fpnW85Y","Childish Gambino","Redbone","Glassnote - VMG",35,127,46,"4504310"
142,"spotify:track:209gZgcfLq2aUuu51vOWBl","CNCO, Yandel","Hey DJ","Sony Music Latin",52,121,29,"4488928"
143,"spotify:track:0dA2Mk56wEzDgegdC6R17g","Zedd, Alessia Cara","Stay","UMGRI Interscope",7,124,37,"4479343"
144,"spotify:track:1NDxZ7cFAo481dtYWdrUnR","Maggie Lindemann, Cheat Codes, CADE","Pretty Girl - Cheat Codes X CADE Remix","300 Entertainment",23,118,32,"4412540"
145,"spotify:track:1Slwb6dOYkBlWal1PGtnNg","Ed Sheeran","Thinking out Loud","Atlantic Records UK",58,131,46,"4411110"
146,"spotify:track:5aAx2yezTd8zXrkmtKl66Z","The Weeknd, Daft Punk","Starboy","Universal Republic Records",1,130,46,"4304342"
147,"spotify:track:3GVkPk8mqxz0itaAriG1L7","XXXTENTACION","Everybody Dies In Their Nightmares","Bad Vibes Forever / EMPIRE",52,129,11,"4301091"
148,"spotify:track:1xznGGDReH1oQq0xzbwXa3","Drake, Wizkid, Kyla","One Dance","Cash Money Records/Young Money Ent./Universal Rec.",12,120,46,"4255403"
149,"spotify:track:5TmZYdHW6HJ9gt7Aokuql5","Sebastian Yatra, Dalmata","SUTRA","UMLE - Latino",149,167,2,"4227043"
150,"spotify:track:2D2w9943rsnJOGCrI4aMQp","21 Savage, Metro Boomin","My Choppa Hate Niggas","Slaughter Gang, LLC/Epic/Quality Control Music/Motown/Capitol/Boominati Worldwide/Republic",150,-1,1,"4219006"
151,"spotify:track:6HZILIRieu8S0iqY8kIKhj","Kendrick Lamar","DNA.","Aftermath",3,133,30,"4202427"
152,"spotify:track:5Db9VIdDsN5yu3Eu7CT0i4","Sam Smith","Stay With Me","PLG - Capitol",148,187,14,"4183599"
153,"spotify:track:4IWAyPf1KMq7JCyGeCjTeH","Imagine Dragons","Whatever It Takes","Kid Ina Korner / Interscope",51,157,13,"4139869"
154,"spotify:track:3zesxb7sOGbeSwUrzLUP0f","Sam Smith","Palace","PLG - Capitol",154,-1,1,"4062450"
155,"spotify:track:6D0b04NJIKfEMg040WioJQ","Julia Michaels","Issues","J/Republic",9,134,43,"4052273"
156,"spotify:track:4N1c5rmWOzRmB9SMacr5wB","Abraham Mateo, Farruko, Christian Daniel","Loco Enamorado","Sony Music Entertainment",132,135,14,"4024605"
157,"spotify:track:7floNISpH8VF4z4459Qo18","XXXTENTACION","Look At Me!","Bad Vibes Forever / EMPIRE",70,136,36,"4015815"
158,"spotify:track:6t4rYZeShwJai1YSs0tWOQ","Sam Smith","Scars","PLG - Capitol",158,-1,1,"4000891"
159,"spotify:track:6TwcRSQgztJFw8tQDrs35D","Sam Smith","The Thrill Of It All","PLG - Capitol",159,-1,1,"3991190"
160,"spotify:track:6PGoSes0D9eUDeeAafB2As","Kendrick Lamar, Zacari","LOVE. FEAT. ZACARI.","Aftermath",14,153,30,"3989144"
161,"spotify:track:3ebXMykcMXOcLeJ9xZ17XH","Martin Garrix, Dua Lipa","Scared to Be Lonely","Epic Amsterdam",5,140,41,"3974968"
162,"spotify:track:0XLOf9LhyazPX9Ld8jPiUq","Selena Gomez, Gucci Mane","Fetish (feat. Gucci Mane)","Selena Gomez PS",10,147,17,"3960141"
163,"spotify:track:6NWl2m8asvH83xjuXVNsuG","Lil Xan","Betrayed","Columbia",163,-1,1,"3935195"
164,"spotify:track:0fioLzGM8ngbD1w6fMmm45","Sam Smith","I'm Not The Only One","PLG - Capitol",164,-1,3,"3891702"
165,"spotify:track:5RCfvwDewu6p2x1mEI6smX","Tay-K","The Race","88 Classic",114,137,10,"3888633"
166,"spotify:track:5GXAXm5YOmYT0kL5jHvYBt","The Weeknd, Daft Punk","I Feel It Coming","Universal Republic Records",9,151,46,"3884719"
167,"spotify:track:7hDc8b7IXETo14hHIHdnhd","Drake","Passionfruit","Cash Money Records/Young Money Ent./Universal Rec.",2,146,34,"3881698"
168,"spotify:track:7FfpP3YZ6fOWMdxkIAtud9","Farruko, Bad Bunny, Rvssian","Krippy Kush","Sony Music Latin",79,141,13,"3843008"
169,"spotify:track:4yN6xPLopmTLvc27pO9LIE","Nicky Jam, Wisin","Si Tú La Ves (feat. Wisin)","Sony Music Latin",117,156,28,"3838835"
170,"spotify:track:3bWAqKDWg6u1davspr5IkS","Robin Schulz, James Blunt","OK","WM Germany",55,139,25,"3832845"
171,"spotify:track:2RttW7RAu5nOAfq6YFvApB","Ed Sheeran","Happier","Atlantic Records UK",10,160,36,"3752286"
172,"spotify:track:1uL78kFWxhz3umTMWJu8n5","Lil Uzi Vert","Sauce It Up","Generation Now/Atlantic",83,142,11,"3744898"
173,"spotify:track:5knuzwU65gJK7IF5yJsuaW","Clean Bandit, Anne-Marie, Sean Paul","Rockabye (feat. Sean Paul & Anne-Marie)","Atlantic Records UK",3,155,46,"3739729"
174,"spotify:track:1e1JKLEDKP7hEQzJfNAgPl","Playboi Carti","Magnolia","AWGE Label",59,152,27,"3725651"
175,"spotify:track:5gx2E5aIXMRBellPZW1up5","Chris Brown, Yo Gotti, A Boogie Wit da Hoodie, Kodak Black","Pills & Automobiles (feat. Yo Gotti, A Boogie Wit Da Hoodie & Kodak Black)","RCA Records Label",173,173,2,"3725161"
176,"spotify:track:5Ohxk2dO5COHF1krpoPigN","Harry Styles","Sign of the Times","Columbia",14,171,31,"3721598"
177,"spotify:track:0jdny0dhgjUwoIp5GkqEaA","Kesha","Praying","Kemosabe Records/RCA Records",37,162,18,"3677914"
178,"spotify:track:1WIZiOuNO3woKfdlSK2gNn","Kodak Black","Transportin'","Atlantic Records",110,145,9,"3672083"
179,"spotify:track:7aF09WaavZAmAWuUeYxlYD","OneRepublic, Seeb","Rich Love (with Seeb)","Mosley / Interscope",49,150,17,"3667366"
180,"spotify:track:5q2JbCNi4FcnglgPfxcV65","Anuel AA, Daddy Yankee, Zion & Lennox, Farruko, Wisin","Sola (Remix)","Spiff TV, LLC / Real Hasta La Muerte, Inc.",91,158,41,"3666263"
181,"spotify:track:68EMU2RD1ECNeOeJ5qAXCV","Charlie Puth, Selena Gomez","We Don't Talk Anymore (feat. Selena Gomez)","Artist Partner",39,163,46,"3633353"
182,"spotify:track:53mrVsi49rLHIaKBiSvElG","blackbear, Gucci Mane","do re mi (feat. Gucci Mane)","Alamo",131,149,14,"3619087"
183,"spotify:track:33bnxcjePIkcmNjEFTJX0l","Piso 21, Manuel Turizo","Déjala Que Vuelva (feat. Manuel Turizo)","WM Mexico",183,-1,1,"3604364"
184,"spotify:track:6AUuRg513AfT50d52O60fS","Sam Smith","One Day At A Time","PLG - Capitol",184,-1,1,"3575404"
185,"spotify:track:7mldq42yDuxiUNn08nvzHO","Sam Hunt","Body Like A Back Road","MCA Nashville",62,172,40,"3566056"
186,"spotify:track:2mfUa8bLs2s5N4VaqJZ4lZ","Hailee Steinfeld","Most Girls","Universal Records",54,159,28,"3550236"
187,"spotify:track:0q75NwOoFiARAVp4EXU4Bs","SZA, Travis Scott","Love Galore (feat. Travis Scott)","Top Dawg Entertainment/RCA Records",73,165,22,"3546900"
188,"spotify:track:6PCUP3dWmTjcTtXY02oFdT","Ed Sheeran","Castle on the Hill","Atlantic Records UK",2,164,44,"3530715"
189,"spotify:track:4Km5HrUvYTaSUfiSGPJeQR","Migos, Lil Uzi Vert","Bad and Boujee (feat. Lil Uzi Vert)","Quality Control Music",9,168,46,"3514266"
190,"spotify:track:7w9bgPAmPTtrkt2v16QWvQ","Eminem","Lose Yourself","Eminem Catalog PS",145,170,34,"3499513"
191,"spotify:track:1UZOjK1BwmwWU14Erba9CZ","Miley Cyrus","Malibu","RCA Records Label",7,178,26,"3493712"
192,"spotify:track:7oK9VyNzrYvRFo7nQEYkWN","The Killers","Mr. Brightside","Island Records",148,161,11,"3480363"
193,"spotify:track:75JFxkI2RXiU7L9VXzMkle","Coldplay","The Scientist","Parlophone Records Limited",160,193,20,"3470486"
194,"spotify:track:25oOaleife6E2MIKmFkPvg","Young Thug, Future","Relationship (feat. Future)","Atlantic Records",142,169,11,"3464089"
195,"spotify:track:5qqabIl2vWzo9ApSC317sa","Oasis","Wonderwall - Remastered","Big Brother",152,180,16,"3457370"
196,"spotify:track:5gIRPQWULwrvIt0F6pY7ph","Kygo, OneRepublic","Stranger Things (feat. OneRepublic)","Kygo",196,-1,1,"3429228"
197,"spotify:track:0Gux2yTMWYOlcBUNjGJu5p","Big Sean, Metro Boomin, 21 Savage","Pull Up N Wreck (& Metro Boomin)","Republic/MB/Big Sean",197,-1,1,"3416819"
198,"spotify:track:6H0AwSQ20mo62jGlPGB8S6","2 Chainz, Ty Dolla $ign, Trey Songz, Jhené Aiko","It's A Vibe","2Chainz PS/Def Jam",106,176,21,"3404524"
199,"spotify:track:2EEeOnHehOozLq4aS0n6SL","KYLE, Lil Yachty","iSpy (feat. Lil Yachty)","independently popular.",21,179,46,"3384421"
200,"spotify:track:3hB5DgAiMAQ4DzYbsMq1IT","Justin Bieber","Love Yourself","RBMG/Def Jam",62,200,46,"3374997"
