﻿rank,uri,artist_names,track_name,source,peak_rank,previous_rank,weeks_on_chart,streams
1,"spotify:track:1cTZMwcBJT0Ka3UJPXOeeN","Drake","Nice For What","Cash Money/Drake LP6",1,2,2,"41781391"
2,"spotify:track:2XW4DbS6NddZxRPm5rMCeY","Drake","God's Plan","Cash Money/Drake LP6",1,1,13,"36157777"
3,"spotify:track:65NwOZqoXny4JxqAPlfxRF","Post Malone, Ty Dolla $ign","Psycho (feat. Ty Dolla $ign)","Republic Records",2,4,8,"27236788"
4,"spotify:track:1gm616Plq4ScqNi7TVkZ5N","The Weeknd","Call Out My Name","Universal Republic Records",1,3,3,"27130921"
5,"spotify:track:7ef4DlsgrMEH11cDZd32M6","Calvin Harris, Dua Lipa","One Kiss (with Dua Lipa)","Sony Music UK",5,13,2,"26780190"
6,"spotify:track:08bNPGLD8AhKpnnERrAc6G","Marshmello, Anne-Marie","FRIENDS","Joytime Collective",4,5,10,"25445991"
7,"spotify:track:39N9RPD9MRb5WmoLzNzPeA","Nicky Jam, J Balvin","X","Sony Music Latin",4,6,7,"25335647"
8,"spotify:track:10Igtw8bSDyyFs7KIsKngZ","Lil Dicky, Chris Brown","Freaky Friday (feat. Chris Brown)","Commission/BMG",7,7,5,"23545449"
9,"spotify:track:58q2HKrzhC3ozto2nDdN4z","Cardi B, Bad Bunny, J Balvin","I Like It","Atlantic/KSR",9,26,2,"21715443"
10,"spotify:track:2ARqIya5NAuvFVHSN3bL0m","Zedd, Maren Morris, Grey","The Middle","UMGRI Interscope",6,10,12,"20689523"
11,"spotify:track:45Egmo7icyopuzJN0oMEdk","Khalid, Normani","Love Lies","RCA Records Label",11,12,9,"20042219"
12,"spotify:track:76cy1WJvNGJTj78UqeA5zr","Dua Lipa","IDGAF","Warner Records",4,9,16,"20008796"
13,"spotify:track:3ee8Jmje8o58CHK66QrVC2","XXXTENTACION","SAD!","Bad Vibes Forever, LLC",3,8,7,"19597992"
14,"spotify:track:4qKcDkK6siZ7Jp1Jb4m0aL","BlocBoy JB, Drake","Look Alive (feat. Drake)","Bloc Nation",6,11,10,"19425524"
15,"spotify:track:5CLGzJsGqhCEECcpnFQA8x","Rudimental, Jess Glynne, Macklemore, Dan Caplen","These Days (feat. Jess Glynne, Macklemore & Dan Caplen)","Atlantic Records UK",9,14,13,"17769573"
16,"spotify:track:7uzmGiiJyRfuViKKK3lVmR","Bazzi","Mine","iamcosmic",3,15,13,"17184516"
17,"spotify:track:3GCdLUSnKSMJhs4Tj6CV3s","Kendrick Lamar, SZA","All The Stars (with SZA) - From ""Black Panther: The Album""","Black Panther (TDE/DMG) PS",2,16,15,"16256472"
18,"spotify:track:2U7Hu2RaNQNRi7izoJyZaX","Post Malone, 21 Savage","rockstar (feat. 21 Savage)","Republic Records",1,18,31,"14920387"
19,"spotify:track:2j2fIJGh4PMdXt9ULI5Tlc","Daddy Yankee","Dura","Craft Latino",9,20,13,"14900160"
20,"spotify:track:63SevszngYpZOwf63o61K4","Dennis Lloyd","Nevermind","WM Italy",20,28,5,"14878985"
21,"spotify:track:79jX8RM5CgPqDKdGEKNW9K","Shawn Mendes","In My Blood","Island Records",7,17,4,"14806316"
22,"spotify:track:6n4U3TlzUGhdSFbUUhTvLP","Migos, Drake","Walk It Talk It","Quality Control Music, LLC",22,25,12,"14695037"
23,"spotify:track:6mAz8D1TmlTuef90dbNIiZ","Rich The Kid","Plug Walk","Rich The Kid / (TDE/ISR PS)",19,19,7,"14558225"
24,"spotify:track:6jA8JUuPCGYjFcgw0AoM5T","Reik, Ozuna, Wisin","Me Niego (feat. Ozuna & Wisin)","Columbia",22,23,9,"13396830"
25,"spotify:track:7iDa6hUg2VgEL1o1HjmfBn","Bebe Rexha, Florida Georgia Line","Meant to Be (feat. Florida Georgia Line)","Warner Records",18,22,31,"13375540"
26,"spotify:track:1rfofaqEpACxVEHIZBJe6W","Camila Cabello, Young Thug","Havana (feat. Young Thug)","Syco Music/Epic",1,21,37,"13265101"
27,"spotify:track:2Yl4OmDby9iitgNWZPwxkd","Cardi B","Be Careful","Atlantic/KSR",27,31,3,"12801702"
28,"spotify:track:7Fg342AJtNsIDdwCfX0paC","ZAYN","Let Me","RCA Records Label",28,-1,1,"12786831"
29,"spotify:track:6RnkFd8Fqqgk1Uni8RgqCQ","David Guetta, Martin Garrix, Brooks","Like I Do","Parlophone (France)",24,32,8,"12711427"
30,"spotify:track:6xTU6B6nFwKKTSZ9ySXS80","Kygo, Miguel","Remind Me to Forget","Kygo",30,36,5,"12021594"
31,"spotify:track:4QtiVmuA88tPQiCOHZuQ5b","Sofía Reyes, Jason Derulo, De La Ghetto","1, 2, 3 (feat. Jason Derulo & De La Ghetto)","WEA Latina",31,43,9,"11230528"
32,"spotify:track:6NFyWDv5CjfwuzoCkw47Xf","Taylor Swift","Delicate","Taylor Swift",26,29,8,"10987339"
33,"spotify:track:1LhMopPAallLeaeNutqbgS","Justin Timberlake, Chris Stapleton","Say Something (feat. Chris Stapleton)","RCA Records Label",25,39,12,"10849270"
34,"spotify:track:5PTG6rrL6EPFD9E2QMI2pl","Famous Dex","JAPAN","300 Entertainment",34,50,4,"10795322"
35,"spotify:track:3xcCix7Jv1Rp90YVmgo35D","Wolfine","Bella","LOMIORECORDS",28,34,17,"10762787"
36,"spotify:track:1zsG4eaZmkA1dvjDDsAGLK","Luis Fonsi, Demi Lovato","Échame La Culpa","UMLE - Latino",7,35,22,"10615086"
37,"spotify:track:2ekn2ttSfGqwhhate0LSR0","Dua Lipa","New Rules","Warner Records",2,33,41,"10600559"
38,"spotify:track:3soOPBuMK8YMdWnV7xpEyf","Sean Paul, David Guetta, Becky G","Mad Love","Universal-Island Records Ltd.",38,45,7,"10580375"
39,"spotify:track:72TyiiduRmczEbDIEtKQdR","The Weeknd","Wasted Times","Universal Republic Records",8,24,3,"10205437"
40,"spotify:track:7sO5G9EABYOXQKNPNiE9NR","Offset, Metro Boomin","Ric Flair Drip (with Metro Boomin)","Slaughter Gang, LLC/Epic/Quality Control Music/Motown/Capitol/Boominati Worldwide/Republic",32,41,25,"10193940"
41,"spotify:track:7qiZfU4dY1lWllzX7mPBI3","Ed Sheeran","Shape of You","Atlantic Records UK",1,40,67,"10182162"
42,"spotify:track:33bnxcjePIkcmNjEFTJX0l","Piso 21, Manuel Turizo","Déjala Que Vuelva (feat. Manuel Turizo)","WM Mexico",33,44,24,"9929712"
43,"spotify:track:33IOhptvC2Qoy2UhjiHXLV","David Guetta, Sia","Flames","Parlophone (France)",43,61,4,"9786283"
44,"spotify:track:0JP9xo3adEtGSdUEISiszL","XXXTENTACION","Moonlight","Bad Vibes Forever, LLC",14,37,5,"9740193"
45,"spotify:track:2qsQ8eVDPmobZpvDxQCVQu","Nicki Minaj","Barbie Tingz","Nicki Minaj/Cash Money",45,-1,1,"9712770"
46,"spotify:track:4eWQlBRaTjPPUlzacqEeoQ","Camila Cabello","Never Be the Same","Syco Music/Epic",4,30,19,"9665532"
47,"spotify:track:75ZvA4QfFiZvzhj2xkaWAh","Post Malone","I Fall Apart","Universal Records",10,46,30,"9543679"
48,"spotify:track:0tgVpDi06FyKpA1z0VMD4v","Ed Sheeran","Perfect","Atlantic Records UK",4,42,59,"9521312"
49,"spotify:track:5Y9fnynLlIvqtM710MHzfz","Ozuna","Síguelo Bailando","VP Records Corp/Dimelo Vi",43,52,16,"9455170"
50,"spotify:track:2yUbCEiaolfSMluDo9RMmG","Rae Sremmurd, Swae Lee, Slim Jxmmi, Juicy J","Powerglide (feat. Juicy J) - From SR3MM","Mike WiLL Made-It",50,54,7,"9381844"
51,"spotify:track:44KKhCyI0BGS6LvVyDqJtH","Lil Pump","Esskeetit","Warner Records",51,-1,1,"9300609"
52,"spotify:track:0QS5rZpm5zN9wV9lJgjyUE","Maluma","El Préstamo","Sony Music Latin",52,79,6,"8568607"
53,"spotify:track:7EmGUiUaOSGDnUUQUDrOXC","Selena Gomez, Marshmello","Wolves","Selena Gomez PS",3,48,26,"8465931"
54,"spotify:track:43cFjTTCD9Cni4aSL0sORz","KYLE, Kehlani","Playinwitme (feat. Kehlani)","independently popular.",54,110,2,"8451297"
55,"spotify:track:4EAV2cKiqKP5UPZmY6dejk","Logic, Marshmello","Everyday","Def Jam Recordings",16,53,7,"8340786"
56,"spotify:track:4ofvoCdXq99vpMZO4Cfp8x","The Weeknd, Kendrick Lamar","Pray For Me","Universal Republic Records",3,38,11,"8236545"
57,"spotify:track:2poOAWEj1CStqTVPgIHZ8s","The Weeknd","Try Me","Universal Republic Records",6,27,3,"8096885"
58,"spotify:track:2gTYVoQCUh0QNUaFix01ld","Nicki Minaj","Chun-Li","Young Money/Cash Money Records",58,-1,1,"8004520"
59,"spotify:track:5UEnHoDYpsxlfzWLZIc7LD","Eminem, Ed Sheeran","River (feat. Ed Sheeran)","Eminem Catalog PS",2,55,18,"7989586"
60,"spotify:track:6QgjcU0zLnzq5OrUoSZ3OK","Portugal. The Man","Feel It Still","Atlantic Records",18,59,40,"7955698"
61,"spotify:track:0CZ8lquoTX2Dkg7Ak2inwA","King Princess","1950","Zelig Records, LLC./Columbia Records",61,72,5,"7831034"
62,"spotify:track:3ITvHA9zhZZdBJsOsAUegF","Bad Bunny","Amorfoda","Rimas Entertainment LLC",10,49,9,"7774151"
63,"spotify:track:6Za3190Sbw39BBC77WSS1C","NATTI NATASHA, Ozuna","Criminal","Pina Records",21,67,31,"7718746"
64,"spotify:track:2UVbBKQOdFAekPTRsnkzcf","Migos","Stir Fry","Quality Control Music, LLC",16,56,16,"7688984"
65,"spotify:track:3Vo4wInECJQuz9BIBMOu8i","Bruno Mars, Cardi B","Finesse - Remix; feat. Cardi B","Atlantic Records",4,58,15,"7524369"
66,"spotify:track:739vCwA3EpBSkk3uDsI2wB","N.E.R.D, Rihanna, Drake","Lemon (feat. Drake) - Drake Remix","i am OTHER/Columbia",60,68,4,"7487054"
67,"spotify:track:26gceVsA1ybT8qsX3aYLEn","Imagine Dragons","Thunder","Kid Ina Korner / Interscope",8,65,51,"7438309"
68,"spotify:track:3Ga6eKrUFf12ouh9Yw3v2D","Anitta, J Balvin","Downtown","WM Brazil",21,69,22,"7390645"
69,"spotify:track:51rXHuKN8Loc4sUlKPODgH","Jay Rock, Kendrick Lamar, Future, James Blake","King's Dead (with Kendrick Lamar, Future & James Blake)","Black Panther (TDE/DMG) PS",29,62,14,"7287386"
70,"spotify:track:4lESS6vuruP6a79KWRaQou","Maluma, Nego do Borel","Corazón (feat. Nego do Borel)","Sony Music Latin",17,76,24,"7267595"
71,"spotify:track:6KBYefIoo7KydImq1uUQlL","Cardi B","Bodak Yellow","Atlantic/KSR",21,60,38,"7076568"
72,"spotify:track:7GX5flRQZVHRAGd6B4TmDO","Lil Uzi Vert","XO Tour Llif3","Generation Now/Atlantic",10,80,56,"7065158"
73,"spotify:track:1f5PNhkNgUpvDEeZfcIlO1","Cardi B, SZA","I Do (feat. SZA)","Atlantic/KSR",51,51,2,"7054826"
74,"spotify:track:0dIoGTQXDh1wVnhIiSyYEa","Cardi B, 21 Savage","Bartier Cardi (feat. 21 Savage)","Atlantic/KSR",22,57,17,"7012851"
75,"spotify:track:2EzRdhuoPyNJDlep7lnNf2","Danny Ocean","Dembow","Atlantic Records",65,85,14,"7003294"
76,"spotify:track:3V8UKqhEK5zBkBb6d6ub8i","Nio Garcia, Casper Magico, Bad Bunny, Darell, Ozuna, Nicky Jam","Te Boté - Remix","Flow La Movie, Inc.",76,-1,1,"7002517"
77,"spotify:track:6mrKP2jyIQmM0rw6fQryjr","NF","Let You Down","NF Real Music",9,71,28,"7001229"
78,"spotify:track:5AEtlRudpgdT5FtNiuly6Y","Hailee Steinfeld, Alesso, Florida Georgia Line, WATT","Let Me Go (with Alesso, Florida Georgia Line & watt)","Universal Records",16,74,32,"6989573"
79,"spotify:track:2qcG0nZ6S3zZV0UrkY5nFo","Cardi B, Migos","Drip (feat. Migos)","Atlantic/KSR",47,47,2,"6989357"
80,"spotify:track:7Izh7zLJGw1Nscd62Exxj4","Imagine Dragons","Believer","Kid Ina Korner / Interscope",16,83,63,"6915021"
81,"spotify:track:1mXVgsBdtIVeCLJnSnmtdV","Sam Smith","Too Good At Goodbyes","PLG - Capitol",1,84,32,"6864884"
82,"spotify:track:2JfXj2TERIkHwJpnG9f8uX","The Chainsmokers","Sick Boy","Disruptor Records/Columbia",14,73,13,"6709698"
83,"spotify:track:0VKkyBKCXyR99navhVRqcP","Zion & Lennox","La player (Bandolera)","WEA Latina",83,107,5,"6687588"
84,"spotify:track:3a1lNhkSLSkpJE4MSHpDu9","Post Malone, Quavo","Congratulations","Universal Records",20,87,65,"6607776"
85,"spotify:track:18W92Zm1KjLCbUIszOhpkD","NOTD, Bea Miller","I Wanna Know (feat. Bea Miller)","Universal Music AB",85,155,2,"6568416"
86,"spotify:track:7vGuf3Y35N4wmASOKLUVVU","Marshmello, Khalid","Silence","Joytime Collective/RCA Records",8,86,36,"6510322"
87,"spotify:track:2vvdTrdryjsl8DmPIMDWZU","Enrique Iglesias, Bad Bunny","EL BAÑO","RCA Records/Sony Music International/Sony Music Latin",38,91,14,"6462362"
88,"spotify:track:7m9OqQk4RVRkw9JJdeAw96","XXXTENTACION","Jocelyn Flores","Bad Vibes Forever / EMPIRE",15,89,34,"6407616"
89,"spotify:track:7wvYmO5QscgIDDT0eNwbYX","Shawn Mendes","Lost In Japan","Island Records",23,64,4,"6382087"
90,"spotify:track:5hcisvFMidkMJlElTO9Qmw","Bad Bunny, Prince Royce, J Balvin, Mambo Kingz, DJ Luian","Sensualidad","Hear This Music",21,92,24,"6381236"
91,"spotify:track:6tvQzeCPwOytDlBYCIOY0n","Jax Jones, Ina Wroldsen","Breathe (feat. Ina Wroldsen)","Polydor Records",48,88,14,"6348818"
92,"spotify:track:7KXjTSCq5nL1LoYtL7XAwS","Kendrick Lamar","HUMBLE.","Aftermath",1,100,55,"6328220"
93,"spotify:track:7AFASza1mXqntmGtbxXprO","XXXTENTACION","changes","Bad Vibes Forever, LLC",27,82,7,"6325521"
94,"spotify:track:2RVrdr062uLFxXwIxwdXPH","Piso 21, Paulo Londra","Te Amo","WM Mexico",94,137,4,"6247759"
95,"spotify:track:4zWO4gvuFtw6EJZC5FFGlr","MC Fioti, Future, J Balvin, Stefflon Don, Juan Magán","Bum Bum Tam Tam","Universal-Island Records Ltd.",66,98,18,"6095849"
96,"spotify:track:2xmrfQpmS2iJExTlklLoAL","Clean Bandit, Julia Michaels","I Miss You (feat. Julia Michaels)","Atlantic Records UK",23,93,25,"6019120"
97,"spotify:track:630sXRhIcfwr2e4RdNtjKN","Zac Efron, Zendaya","Rewrite The Stars","Atlantic Records",20,102,16,"5894013"
98,"spotify:track:0dSIrRkA4PadGll16TgbnV","Famous Dex, A$AP Rocky","PICK IT UP (feat. A$AP Rocky)","300 Entertainment",60,97,23,"5854356"
99,"spotify:track:5hM6sP0Gh1jD57drszNueC","Liam Payne, Rita Ora","For You (With Rita Ora)","Capitol Records UK / EMI",27,96,15,"5830583"
100,"spotify:track:5k38wzpLb15YgncyWdTZE4","G-Eazy, Halsey","Him & I (with Halsey)","BPG/RVG/RCA Records",7,95,20,"5829131"
101,"spotify:track:5Z3GHaZ6ec9bsiI5BenrbY","Khalid","Young Dumb & Broke","Right Hand Music Group, LLC/RCA Records",12,101,43,"5810708"
102,"spotify:track:1YmF9PvLhIISIANoMLIYGq","A$AP Rocky, Moby","A$AP Forever (feat. Moby)","A$AP Worldwide/Polo Grounds Music/RCA Records",70,70,2,"5762650"
103,"spotify:track:3hBBKuWJfxlIlnd9QFoC8k","Maroon 5, SZA","What Lovers Do (feat. SZA)","Interscope Records*",5,103,33,"5752221"
104,"spotify:track:2xGjteMU3E1tkEPVFBO08U","Keala Settle, The Greatest Showman Ensemble","This Is Me","Atlantic Records",30,99,16,"5734540"
105,"spotify:track:7uYgVgRSgqluZclLS7wpp4","Ozuna, Romeo Santos","El Farsante - Remix","VP Records Corp/Dimelo Vi",102,109,11,"5698509"
106,"spotify:track:3B54sVLJ402zGa6Xm4YGNe","French Montana, Swae Lee","Unforgettable","Bad Boy Entertainment/Epic Records",3,104,54,"5689696"
107,"spotify:track:3towKHKVOXCCcL1fHv6xFO","Hailee Steinfeld, BloodPop®","Capital Letters","Republic/Universal/FSF",34,94,13,"5663046"
108,"spotify:track:794QVQtFNy7hvtjQP1keQd","G-Eazy, Yo Gotti, YBN Nahmir","1942 (feat. Yo Gotti & YBN Nahmir)","BPG/RVG/RCA Records",108,-1,1,"5645775"
109,"spotify:track:54OB85nuxYGfl7qRQXuz7c","J Balvin","Ahora","UMLE - Latino",109,132,6,"5619271"
110,"spotify:track:7rwX0O3RlxqqIjQM8evm5E","Ozuna, Mambo Kingz, DJ Luian, Bad Bunny, Wisin, Almighty","Solita","Hear This Music",75,112,12,"5591749"
111,"spotify:track:6sTDhYVVXU3HSDuG7mBLRU","Rae Sremmurd, Swae Lee, Slim Jxmmi","Guatemala - From Swaecation","Mike WiLL Made-It",111,-1,1,"5580749"
112,"spotify:track:1bhUWB0zJMIKr9yVPrkEuI","Ed Sheeran, Beyoncé","Perfect Duet (Ed Sheeran & Beyoncé)","Atlantic Records UK",3,116,20,"5567240"
113,"spotify:track:5TVirkSwFEXF1nLJEebe2I","Bazzi","Beautiful","iamcosmic",113,138,7,"5564553"
114,"spotify:track:5DfWF0jqMgZDCiu9zJENTA","Cardi B, Kehlani","Ring (feat. Kehlani)","Atlantic/KSR",77,77,2,"5542695"
115,"spotify:track:42CeaId2XNlxugDvyqHfDf","Post Malone","Candy Paint","Republic Records",17,105,31,"5537100"
116,"spotify:track:1xy4apMFecGGkgBeaHFZ2M","Lauv","Chasing Fire","Lauv",116,147,3,"5476267"
117,"spotify:track:55S2PQgSMYAhgoTCcGCDfw","5 Seconds of Summer","Youngblood","Capitol",117,-1,1,"5451577"
118,"spotify:track:1nfyE13arjOuO54HH0zmqj","Manuel Turizo","Esperándote","Sony Music Latin/La Industria",107,127,13,"5418418"
119,"spotify:track:1j4kHkkpqZRBwE0A4CN4Yv","ZAYN, Sia","Dusk Till Dawn (feat. Sia) - Radio Edit","RCA Records Label",4,111,32,"5396855"
120,"spotify:track:1xznGGDReH1oQq0xzbwXa3","Drake, Wizkid, Kyla","One Dance","Cash Money Records/Young Money Ent./Universal Rec.",12,125,69,"5355454"
121,"spotify:track:5uCax9HTNlzGybIStD3vDh","James Arthur","Say You Won't Let Go","Columbia",7,114,69,"5353772"
122,"spotify:track:3pIigjAWkzwAonXpJ1fmSF","The Chainsmokers","Everybody Hates Me","Disruptor Records/Columbia",56,106,5,"5320985"
123,"spotify:track:6De0lHrwBfPfrhorm9q1Xl","Danny Ocean","Me Rehúso","Atlantic Records",20,124,61,"5227564"
124,"spotify:track:13wNEvWmBsWaWVtiLPRIW5","The Weeknd, Gesaffelstein","Hurt You","Universal Republic Records",16,63,3,"5199775"
125,"spotify:track:5tz69p7tJuGPeMGwNTxYuV","Logic, Alessia Cara, Khalid","1-800-273-8255","Def Jam Recordings",5,115,51,"5199599"
126,"spotify:track:7F3uo3304R2CTvOseU3H7u","Imagine Dragons","Whatever It Takes","Kid Ina Korner / Interscope",51,122,36,"5163312"
127,"spotify:track:6RUKPb4LETWmmr3iAEQktW","The Chainsmokers, Coldplay","Something Just Like This","Disruptor Records/Columbia",2,123,61,"5150646"
128,"spotify:track:6MNGxu8MprKGkchUchkJsy","J Balvin, Jeon, Anitta","Machika","UMLE - Latino",63,119,13,"5091980"
129,"spotify:track:4QfNOZN7vrQCQKK1ZJ3XPb","Julia Michaels","Heaven - From ""Fifty Shades Freed"" Soundtrack","UME - Global Clearing House",34,108,10,"4961987"
130,"spotify:track:1wjzFQodRWrPcQ0AnYnvQ9","Lauv","I Like Me Better","Lauv",29,121,46,"4958875"
131,"spotify:track:7EI6Iki24tBHAMxtb4xQN2","Rita Ora","Anywhere","Atlantic Records UK",39,120,26,"4951844"
132,"spotify:track:2fQrGHiQOvpL9UgPvtYy6G","21 Savage","Bank Account","Slaughter Gang, LLC/Epic Records",22,128,41,"4939055"
133,"spotify:track:4iLqG9SeJSnt0cSPICSjxv","Charlie Puth","Attention","Artist Partner",5,133,52,"4891424"
134,"spotify:track:0eHCArTPhwUxatY7cEXRiK","Rich The Kid, Kendrick Lamar","New Freezer (feat. Kendrick Lamar)","Rich The Kid / (TDE/ISR PS)",93,118,17,"4888962"
135,"spotify:track:27oFpFktCq9JIXjJQRuv7a","6ix9ine","GOTTI","Scumgang/TenThousand Projects",135,-1,1,"4842730"
136,"spotify:track:152lZdxL1OR0ZMW6KquMif","Khalid","Location","Right Hand Music Group, LLC/RCA Records",34,134,63,"4832515"
137,"spotify:track:2z4pcBLQXF2BXKFvd0BuB6","Jason Derulo, French Montana","Tip Toe (feat. French Montana)","Beluga Heights/Warner Records",45,135,23,"4797040"
138,"spotify:track:56d6kYZhfhzpoC3s1dRU2V","The Weeknd, Gesaffelstein","I Was Never There","Universal Republic Records",17,81,3,"4794498"
139,"spotify:track:3m660poUr1chesgkkjQM7P","Demi Lovato","Sorry Not Sorry","Island Records",7,130,41,"4793982"
140,"spotify:track:00B7TZ0Xawar6NZ00JFomN","Cardi B, Chance the Rapper","Best Life (feat. Chance The Rapper)","Atlantic/KSR",75,75,2,"4743908"
141,"spotify:track:1m69ELEgE6k5ZWsap40ozt","Ozuna","Se Preparó","VP Records Corp/Dimelo Vi",30,136,34,"4729264"
142,"spotify:track:6gBFPUFcJLzWGx4lenP6h2","Travis Scott","goosebumps","Cactus Jack / Epic",60,139,68,"4720217"
143,"spotify:track:5yFSF6qQA1rcLsQRnBsZgb","Alan Walker, Noah Cyrus, Digital Farm Animals, Juliander","All Falls Down (feat. Juliander)","Kreatell Music",52,141,25,"4720121"
144,"spotify:track:71bBFbfn2OBK5QwUJSLS44","Axwell /\ Ingrosso, Axwell, Sebastian Ingrosso","More Than You Know","Pophouse Entertainment Group",15,140,47,"4718930"
145,"spotify:track:7BKLCZ1jbUBVqRi2FVlTVw","The Chainsmokers, Halsey","Closer","Disruptor Records/Columbia",2,145,69,"4707939"
146,"spotify:track:3ZhTT6yjZwpPph5MIJ53XY","Lil Skies, Landon Cube","Red Roses (feat. Landon Cube)","All We Got Ent.",133,156,9,"4693640"
147,"spotify:track:7amMgNDcObIDkIXv4xcvc2","Ramz","Barking","Polydor Records",142,142,13,"4678700"
148,"spotify:track:17Yq72h0p15OhCbZ5lJ5gd","Cardi B","Bickenhead","Atlantic/KSR",78,78,2,"4666991"
149,"spotify:track:5LciLoxa1gK70yIUeoHgRx","Bomba Estéreo, Tainy","To My Love - Tainy Remix","Sony Music Latin",149,163,2,"4662086"
150,"spotify:track:32DGGj6KlNuBr6WaqRxpxi","Charlie Puth","How Long","Artist Partner",15,131,28,"4647839"
151,"spotify:track:4vaxvNDaLSoD36iZX515ug","Lil Xan","Betrayed","Columbia",55,126,24,"4644335"
152,"spotify:track:2VgJDTfkuwlm7WIHnvtRCQ","Calum Scott","You Are The Reason","Capitol Records (US1A)",152,165,3,"4625715"
153,"spotify:track:7AQim7LbvFVZJE3O8TYgf2","XXXTENTACION, Trippie Redd","Fuck Love","Bad Vibes Forever / EMPIRE",41,143,34,"4607600"
154,"spotify:track:2rb5MvYT7ZIxbKW5hfcHx8","J Balvin, Willy William","Mi Gente","Scorpio Music (FR)",1,148,42,"4607500"
155,"spotify:track:3VClLWqNn80Llv0PJOsKgr","Nacho, Yandel, Bad Bunny, Mambo Kingz, DJ Luian","Báilame - Remix","UMLE - Latino",58,149,35,"4591126"
156,"spotify:track:38zwkK6TtTjIW9tpYBfZ3D","George Ezra","Paradise","Columbia",156,180,4,"4524105"
157,"spotify:track:5CtI0qwDJkDQGwXD1H1cLb","Luis Fonsi, Daddy Yankee, Justin Bieber","Despacito - Remix","UMLE - Latino",1,162,53,"4520611"
158,"spotify:track:0RUTnY2B3s05fZuCHsNaUP","Sabrina Carpenter, Jonas Blue","Alien","Hollywood Records",158,177,3,"4463203"
159,"spotify:track:2DQ1ITjI0YoLFzuADN1ZBW","G-Eazy, A$AP Rocky, Cardi B","No Limit","BPG/RVG/RCA Records",18,144,29,"4424645"
160,"spotify:track:26Fqtv4Aa7kyd1WWGHai6A","The Weeknd","Privilege","Universal Republic Records",21,90,3,"4423107"
161,"spotify:track:2u7mxWSeoqTXndK5e08jMp","Lil Skies, Landon Cube","Nowadays (feat. Landon Cube)","All We Got Ent.",87,146,15,"4413345"
162,"spotify:track:11GGSyTB8cS9TgONHBOhEX","Madison Beer","Home with You","Access Records",162,-1,1,"4388702"
163,"spotify:track:1Slwb6dOYkBlWal1PGtnNg","Ed Sheeran","Thinking out Loud","Atlantic Records UK",58,154,69,"4328400"
164,"spotify:track:0MIcPSq9n2z5H8TAfEstri","Ozuna, J Balvin","Quiero Repetir","VP Records Corp/Dimelo Vi",86,159,16,"4325466"
165,"spotify:track:4dVpf9jZjcORqGTLUaeYj9","A$AP Ferg","Plain Jane","RCA Records Label",37,150,31,"4283582"
166,"spotify:track:1x5sYLZiu9r5E43kMlt9f8","Clean Bandit, Zara Larsson","Symphony (feat. Zara Larsson)","Atlantic Records UK",11,166,57,"4270833"
167,"spotify:track:5qqabIl2vWzo9ApSC317sa","Oasis","Wonderwall - Remastered","Big Brother",152,168,30,"4269737"
168,"spotify:track:6fxVffaTuwjgEk5h9QyRjy","Ed Sheeran","Photograph","Atlantic Records UK",41,164,69,"4260851"
169,"spotify:track:5mCPDVBb16L4XQwDdbRUpz","Drake","Passionfruit","Cash Money Records/Young Money Ent./Universal Rec.",2,167,56,"4256533"
170,"spotify:track:1yxgsra98r3qAtxqiGZPiX","Travis Scott","BUTTERFLY EFFECT","Cactus Jack / Epic",40,160,48,"4251547"
171,"spotify:track:5aAx2yezTd8zXrkmtKl66Z","The Weeknd, Daft Punk","Starboy","Universal Republic Records",1,172,69,"4223635"
172,"spotify:track:6PGoSes0D9eUDeeAafB2As","Kendrick Lamar, Zacari","LOVE. FEAT. ZACARI.","Aftermath",14,174,53,"4216535"
173,"spotify:track:79cuOz3SPQTuFrp8WgftAu","Shawn Mendes","There's Nothing Holdin' Me Back","Island Records",5,158,52,"4213844"
174,"spotify:track:4wFjTWCunQFKtukqrNijEt","Migos, Nicki Minaj, Cardi B","MotorSport","Quality Control Music, LLC",34,173,25,"4211175"
175,"spotify:track:0KKkJNfGyhkQ5aFogxQAPU","Bruno Mars","That's What I Like","Atlantic Records",6,169,69,"4192569"
176,"spotify:track:2374M0fQpWi3dLnB54qaLX","TOTO","Africa","Columbia",164,185,6,"4163556"
177,"spotify:track:0r9d60ZYPAlFHq8qnUtkXN","Cosculluela, Bad Bunny","Madura","Rottweilas, Inc.",177,-1,1,"4153767"
178,"spotify:track:0LKErfBZ5FbBiLB4OcZRbL","Prince Royce","El Clavo","Sony Music Latin",148,186,4,"4146396"
179,"spotify:track:0OlnLZY4cmQzT6ZGttvWBM","Martin Garrix, David Guetta, Jamie Scott, Romy Dya","So Far Away (feat. Jamie Scott & Romy Dya)","Epic Amsterdam",42,151,20,"4139051"
180,"spotify:track:7oK9VyNzrYvRFo7nQEYkWN","The Killers","Mr. Brightside","Island Records",148,176,23,"4133496"
181,"spotify:track:43ZyHQITOjhciSUUNPVRHc","Lil Pump","Gucci Gang","Warner Records",6,175,32,"4079892"
182,"spotify:track:7p2ewixAShLpjDZrnzZK7c","Cardi B","Get Up 10","Atlantic/KSR",66,66,2,"4064902"
183,"spotify:track:5lZsh9Qf7CbHI9Fcc7Zcsq","YBN Nahmir","Bounce Out With That","2018",113,153,11,"4057979"
184,"spotify:track:3S0OXQeoh0w6AY8WQVckRW","Jason Mraz","I'm Yours","Atlantic Records/ATG",175,183,4,"4039897"
185,"spotify:track:7Il2yWQmsqKgSkLQvHTPUI","Dan + Shay","Tequila","Warner Records",179,-1,2,"4026799"
186,"spotify:track:5yuShbu70mtHXY0yLzCQLQ","Post Malone","Go Flex","Universal Records",52,184,41,"4020135"
187,"spotify:track:24snQ8Ew7aIKYCt0ulXHvx","KAROL G","Pineapple","UMLE - Latino",187,-1,1,"4019705"
188,"spotify:track:6lOWoTqVnAWXchddtTH31W","Tom Walker","Leave a Light On","Relentless Records",169,181,9,"3979368"
189,"spotify:track:0OWZFobGSIW9GrSlQ9C5pc","Thomas Rhett","Marry Me","The Valory Music Co.",189,-1,1,"3959792"
190,"spotify:track:3GVkPk8mqxz0itaAriG1L7","XXXTENTACION","Everybody Dies In Their Nightmares","Bad Vibes Forever / EMPIRE",52,178,26,"3936133"
191,"spotify:track:3xWEI23MLJrD0dpDcDUTW6","Juan Magán, Belinda, Manuel Turizo, Snova, B-Case","Déjate Llevar","Universal Music Spain S.L.",97,170,16,"3928622"
192,"spotify:track:4UKCKdYiLN6IMA5ZESUTL7","XXXTENTACION","the remedy for a broken heart (why am I so in love)","Bad Vibes Forever, LLC",41,152,5,"3887505"
193,"spotify:track:3e7Y6sfFlIdBMJhX7wpqVO","Logic","44 More","Def Jam Recordings",30,157,8,"3881009"
194,"spotify:track:2CvOqDpQIMw69cCzWqr5yr","Beyoncé","Halo","Music World Music/Columbia",149,-1,5,"3877711"
195,"spotify:track:0Zbbxnx4SGGHoIow4PpISP","Kygo, Justin Jesso","Stargazing","Kygo",15,182,30,"3870877"
196,"spotify:track:5xzCzOAOfRi4DOttSzvznR","Sigala, Paloma Faith","Lullaby","Ministry of Sound Recordings",196,-1,1,"3843346"
197,"spotify:track:5FOCkGt7bp22nBVfQ4WSIT","Anitta","Indecente","WM Brazil",147,198,3,"3828506"
198,"spotify:track:0sPJELXHyWpFgkxlzvvRFI","Poo Bear, Justin Bieber, J A Y E L E C T R O N I C A","Hard 2 Face Reality","Bearthday Music, LLC",161,161,2,"3822808"
199,"spotify:track:6wos8Ds5FKMe33GjBHRake","Sebastian Yatra","No Hay Nadie Más","UMLE - Latino",199,-1,1,"3812830"
200,"spotify:track:3DXncPQOG4VBw3QHh3S817","DJ Khaled, Justin Bieber, Quavo, Chance the Rapper, Lil Wayne","I'm the One (feat. Justin Bieber, Quavo, Chance the Rapper & Lil Wayne)","Epic/We The Best",2,196,51,"3811167"
