﻿rank,uri,artist_names,track_name,source,peak_rank,previous_rank,weeks_on_chart,streams
1,"spotify:track:47EiUVwUp4C9fGccaPuUCS","Bad Bunny, JHAYCO","DÁKITI","Rimas Entertainment LLC",1,1,3,"50727034"
2,"spotify:track:54bFM56PmE4YLRnqpW6Tha","Billie Eilish","Therefore I Am","Darkroom/Interscope Records",2,-1,1,"35380663"
3,"spotify:track:35mvY5S1H3J2QZyna3TFe0","Ariana Grande","positions","Republic Records",1,2,4,"33470958"
4,"spotify:track:3tjFYV6RSFtuktYl3ZtYcq","24kGoldn, iann dior","Mood (feat. iann dior)","Records/Columbia",1,3,15,"30989530"
5,"spotify:track:7hxHWCCAIIxFLCzvDgnQHX","Internet Money, Gunna, Don Toliver, NAV","Lemonade (feat. NAV)","Internet Money Records / TenThousand Projects",2,4,14,"25874945"
6,"spotify:track:4y4spB9m0Q6026KfkAvy9Q","Justin Bieber, benny blanco","Lonely (with benny blanco)","Friends Keep Secrets/Def Jam Recordings/Interscope Records",5,5,5,"21896711"
7,"spotify:track:0t1kP63rueHleOhQkYSXFY","BTS","Dynamite","BIGHIT MUSIC",2,7,13,"21715255"
8,"spotify:track:1tkg4EHVoqnhR6iFEXb60y","Pop Smoke","What You Know Bout Love","Victor Victor Worldwide",6,6,11,"21674877"
9,"spotify:track:0VjIjW4GlUZAMYd2vXMi3b","The Weeknd","Blinding Lights","Republic Records",1,10,51,"19832063"
10,"spotify:track:4Oun2ylbjFKMPTiaSbbCih","Cardi B, Megan Thee Stallion","WAP (feat. Megan Thee Stallion)","Atlantic/KSR",1,8,15,"19108498"
11,"spotify:track:1yoMvmasuxZfqHEipJhRbp","Maluma","Hawái","Sony Music Latin",2,9,16,"18234806"
12,"spotify:track:6UelLqGlWMcVH1E5c4H7lY","Harry Styles","Watermelon Sugar","Columbia",4,13,53,"17617278"
13,"spotify:track:0PvFJmanyNQMseIFrU708S","Pop Smoke, Lil Baby, DaBaby","For The Night (feat. Lil Baby & DaBaby)","Victor Victor Worldwide",7,12,20,"17508814"
14,"spotify:track:5u1n1kITHCxxp8twBcZxWy","Justin Bieber, Chance the Rapper","Holy (feat. Chance The Rapper)","RBMG/Def Jam",4,11,9,"17348083"
15,"spotify:track:45bE4HXI0AwGZXfZtMp8JR","Tate McRae","you broke me first","RCA Records Label",13,14,19,"17229091"
16,"spotify:track:6cx06DFPPHchuUAcTxznu9","Joel Corry, MNEK","Head & Heart (feat. MNEK)","Atlantic Records UK",11,16,19,"16482416"
17,"spotify:track:6Im9k8u9iIzKMrmV7BWtlF","Ariana Grande","34+35","Republic Records",5,15,3,"16012938"
18,"spotify:track:7vrJn5hDSXRmdXoR30KgF1","KAROL G","BICHOTA","UMLE - Latino",18,49,4,"15687215"
19,"spotify:track:0GzuHFG4Ql6DoyxFRnIk3F","Maluma, The Weeknd","Hawái - Remix","Sony Music Latin",17,17,2,"15554656"
20,"spotify:track:3UoULw70kMsiVXxW0L3A33","Ariana Grande","pov","Republic Records",20,40,3,"14687854"
21,"spotify:track:35UUpTmrcFXNIVIN26ujXl","Sech, Daddy Yankee, J Balvin, ROSALÍA, Farruko","Relación - Remix","Rich Music",15,18,11,"14452521"
22,"spotify:track:5nujrmhLynf4yMoMtj8AQF","Dua Lipa, DaBaby","Levitating (feat. DaBaby)","Warner Records",22,27,7,"13873143"
23,"spotify:track:6AGOKlMZWLCaEJGnaROtF9","Ritt Momney","Put Your Records On","Columbia",18,19,10,"13813541"
24,"spotify:track:7ytR5pFWmSjzHJIeQkgog4","DaBaby, Roddy Ricch","ROCKSTAR (feat. Roddy Ricch)","South Coast Music Group/Interscope Records",1,20,31,"13808125"
25,"spotify:track:7ndTONDDRFGiPnnhOzOXxq","Manuel Turizo, Rauw Alejandro, Myke Towers","La Nota","Sony Music Latin/La Industria",21,21,6,"13699645"
26,"spotify:track:4xqrdfXkTW4T0RauPLv3WA","Conan Gray","Heather","Republic Records",12,22,17,"13692228"
27,"spotify:track:7qEHsqek33rTcFNT9PFqLf","Lewis Capaldi","Someone You Loved","Vertigo Berlin",4,26,98,"13123917"
28,"spotify:track:11EnQRgRMJwMAesfkB5pnu","Lele Pons, Guaynaa","Se Te Nota (with Guaynaa)","Shots Studios & Music/10:22pm/Interscope Records",24,24,9,"12945748"
29,"spotify:track:2SAqBLGA283SUiwJ3xOUVI","Drake, Lil Durk","Laugh Now Cry Later (feat. Lil Durk)","OVO",2,23,14,"12865724"
30,"spotify:track:15OjBeqNX3bShsGYQbteRv","Farruko","La Tóxica","Sony Music Latin",22,25,11,"12814236"
31,"spotify:track:73nAK3HgQK8dak83Y2WQ8F","Camilo","Vida de Rico","Sony Music Latin",25,28,8,"12385813"
32,"spotify:track:5KCbr5ndeby4y4ggthdiAb","Shawn Mendes","Wonder","Shawn Mendes LP4-5 PS/ Island",12,29,7,"12342636"
33,"spotify:track:59qrUpoplZxbIZxk6X0Bm3","Jason Derulo","Take You Dancing","Atlantic Records",30,33,17,"11802854"
34,"spotify:track:4HYDUMY0xSpeBr0AMY9cUz","Jay Wheeler, DJ Nelson, Myke Towers","La Curiosidad","Linked Music / Dynamic Records / EMPIRE",19,30,21,"11756917"
35,"spotify:track:3GtnId3Cm1Xa6joCj08nzW","Justin Quiles","Jeans","WEA Latina",35,36,12,"11499628"
36,"spotify:track:0EhpEsp4L0oRGM0vmeaN5e","J Balvin, Dua Lipa, Bad Bunny, Tainy","UN DIA (ONE DAY) (Feat. Tainy)","Universal Music Latino/ NEON16",10,32,17,"11478199"
37,"spotify:track:2bgcUk2A3jjKbCJ7KPquTi","Wisin, Myke Towers, Los Legendarios","Mi Niña","La Base Music Group/ WK Records",37,41,7,"11381359"
38,"spotify:track:5y7DaS3jAc9eZzcSOoUIwU","Ozuna, J Balvin, Chencho Corleone","Una Locura","Aura Music Corp.",34,34,10,"11372437"
39,"spotify:track:1xQ6trAsedVPCdbtDAmk0c","Jawsh 685, Jason Derulo","Savage Love (Laxed - Siren Beat)","Columbia",1,31,23,"11244881"
40,"spotify:track:4RJz8NfIe09gpKMiRUWKhJ","Maluma, Lenny Tavárez, Justin Quiles","Parce (feat. Justin Quiles)","Sony Music Latin",37,37,13,"11223908"
41,"spotify:track:2gMXnyrvIjhVBUZwvLZDMP","Lewis Capaldi","Before You Go","Vertigo Berlin",19,38,52,"11162935"
42,"spotify:track:21N4Buj4xsyLb218lYle61","Sebastian Yatra, Guaynaa","Chica Ideal","UMLE - Latino",42,56,4,"11108622"
43,"spotify:track:1rgnBhdG2JDFTbYkYRZAku","Tones And I","Dance Monkey","Elektra (NEK)",1,44,70,"10979435"
44,"spotify:track:2Wo6QQD1KMDWeFkkjLqwx5","SAINt JHN, Imanbek","Roses - Imanbek Remix","Columbia/B1 Recordings",3,39,49,"10944338"
45,"spotify:track:27ycaQnQAxaPiyeg3nr2aB","Miley Cyrus","Midnight Sky","RCA Records Label",14,43,14,"10900119"
46,"spotify:track:0bYg9bo50gSsH3LtXe2SQn","Mariah Carey","All I Want for Christmas Is You","Columbia",1,95,27,"10710928"
47,"spotify:track:45S5WTQEGOB1VHr1Q4FuPl","Harry Styles","Golden","Columbia",44,52,5,"10499402"
48,"spotify:track:3H7ihDc1dqLriiWXwsc2po","Topic, A7S","Breaking Me","Intercord",8,48,35,"10488799"
49,"spotify:track:7B3z0ySL9Rr0XvZEAjWZzM","Clairo","Sofia","FADER Label",49,53,7,"10388437"
50,"spotify:track:7x4ASXYEKfQBCewcZhK776","KAROL G","Ay, DiOs Mío!","UMLE - Latino",14,45,19,"9999589"
51,"spotify:track:3qgPpwtuRu5oP8EtFSj8HE","The Kid LAROI","SO DONE","Columbia",46,46,4,"9882029"
52,"spotify:track:6zFMeegAMYQo0mt8rXtrli","Lil Nas X","HOLIDAY","Columbia",52,-1,1,"9662219"
53,"spotify:track:2Y0wPrPQBrGhoLn14xRYCG","Juice WRLD, Marshmello","Come & Go (with Marshmello)","Grade A Productions/Interscope Records",4,55,19,"9426346"
54,"spotify:track:0JAZWvvqttGFm4UMDsPQXC","Ozuna, Camilo","Despeinada","Aura Music Corp.",37,50,11,"9312684"
55,"spotify:track:0AUvWawuP0ibk4SQ3sIZjk","Ashnikko","Daisy","Parlophone UK",45,57,9,"9307893"
56,"spotify:track:5vGLcdRuSbUhD8ScwsGSdA","CJ","Whoopty","CJ Music Group/T-Series",56,98,4,"9252247"
57,"spotify:track:0ofHAoxe9vBkTCp2UQIavz","Fleetwood Mac","Dreams - 2004 Remaster","Rhino/Warner Records",20,51,8,"9228613"
58,"spotify:track:0XinBYhf1X3kdvKQHOX971","C. Tangana, Niño de Elche, La Húngara","Tú Me Dejaste De Querer","Sony Music Entertainment",42,42,2,"9077208"
59,"spotify:track:4JUPEh2DVSXFGExu4Uxevz","BLACKPINK, Selena Gomez","Ice Cream (with Selena Gomez)","YG Entertainment/Interscope Records",5,54,12,"9057481"
60,"spotify:track:0u2P5u6lvoDfwTYjAADbn4","Billie Eilish, Khalid","lovely (with Khalid)","Darkroom",24,70,135,"8980598"
61,"spotify:track:3PfIrDoz19wz7qK7tYeu62","Dua Lipa","Don't Start Now","Warner Records",2,60,55,"8879219"
62,"spotify:track:4loQgPwJHocL3dFwLfjb1J","Rauw Alejandro, Anuel AA","Reloj","Sony Music Latin/Duars Entertainment",62,84,3,"8756762"
63,"spotify:track:4G3PTss3mU33Tau7t4KbwE","Rauw Alejandro, Camilo","Tattoo - Remix with Camilo","Sony Music Latin/Duars Entertainment",22,58,19,"8670922"
64,"spotify:track:55Am8neGJkdj2ADaM3aw5H","James Arthur","Train Wreck","Columbia",64,69,5,"8633301"
65,"spotify:track:0RiRZpuVRbi7oqRdSMwhQY","Post Malone, Swae Lee","Sunflower - Spider-Man: Into the Spider-Verse","Republic Records",1,86,109,"8605654"
66,"spotify:track:6EDO9iiTtwNv6waLwa1UUq","DJ Khaled, Drake","POPSTAR (feat. Drake)","OVO/We The Best/Epic",7,59,18,"8601540"
67,"spotify:track:6HlE9t71z9DjGi7KqSyEpA","Fousheé","Deep End","Not specified",67,68,5,"8585727"
68,"spotify:track:7eJMfftS33KTjuF7lTsMCx","Powfu, beabadoobee","death bed (coffee for your head)","Columbia",4,64,40,"8539254"
69,"spotify:track:4DuUwzP4ALMqpquHU0ltAB","Jack Harlow","Tyler Herro","Generation Now/Atlantic",62,63,4,"8388359"
70,"spotify:track:5rZlwNFl01HqLWBQGryKSm","Pop Smoke, Lil Tjay","Mood Swings (feat. Lil Tjay)","Victor Victor Worldwide",12,61,20,"8348808"
71,"spotify:track:2FRnf9qhLbvw8fu4IBXx78","Wham!","Last Christmas","Epic",2,158,22,"8260126"
72,"spotify:track:21jGcNKet2qwijlDFuPiPb","Post Malone","Circles","Republic Records",1,74,64,"8193572"
73,"spotify:track:6ft4hAq6yde8jPZY2i5zLr","MEDUZA, Dermot Kennedy","Paradise (feat. Dermot Kennedy)","Universal-Island Records Ltd.",73,97,3,"8077023"
74,"spotify:track:4Ws314Ylb27BVsvlZOy30C","BLACKPINK","Lovesick Girls","YG Entertainment/Interscope Records",6,62,7,"8071763"
75,"spotify:track:2U5WueTLIK5WJLD7mvDODv","Juice WRLD","Wishing Well","Grade A Productions/Interscope Records",7,73,19,"7967053"
76,"spotify:track:5zj8WNkBrEzlI5FKeYV4ol","Sech, J Balvin","La Luz","Rich Music",65,65,2,"7958671"
77,"spotify:track:4HBZA5flZLE435QTztThqH","Ariana Grande, Justin Bieber","Stuck with U (with Justin Bieber)","Ariana Grande & Justin Bieber ""Stuck With U""- Charity",2,77,28,"7945029"
78,"spotify:track:2b8fOow8UzyDFAE27YhOZM","Maroon 5","Memories","Interscope Records*",2,80,61,"7928012"
79,"spotify:track:285pBltuF7vW8TeWk8hdRR","Juice WRLD","Lucid Dreams","Juice WRLD Mixtape / ISR P&D",3,79,132,"7898359"
80,"spotify:track:4SFknyjLcyTLJFPKD2m96o","BLACKPINK","How You Like That","YG Entertainment/Interscope Records",4,71,21,"7883281"
81,"spotify:track:3jjujdWJ72nww5eGnfs2E7","Harry Styles","Adore You","Columbia",6,81,50,"7882349"
82,"spotify:track:2QjOHCTQ1Jl3zawyYOpxh6","The Neighbourhood","Sweater Weather","Columbia",82,93,12,"7857798"
83,"spotify:track:6f3Slt0GbA2bPZlz0aIFXN","Tiësto","The Business","Atlantic Records",83,130,3,"7840811"
84,"spotify:track:6fmQjRuo7XvRFCK2qex5hQ","Jerry Di","Mi Cuarto","Nacho",47,66,13,"7828142"
85,"spotify:track:6gBFPUFcJLzWGx4lenP6h2","Travis Scott","goosebumps","Cactus Jack / Epic",13,83,171,"7778620"
86,"spotify:track:22LAwLoDA5b4AaGSkg6bKW","Lil Mosey","Blueberry Faygo","Mogul Vision/Interscope Records",8,75,41,"7728404"
87,"spotify:track:1hJIbOjWpid6LtnozHmzRS","Sam Smith","Diamonds","PLG - Capitol",42,72,9,"7698923"
88,"spotify:track:2Fxmhks0bxGSBdJ92vM42m","Billie Eilish","bad guy","Darkroom/Interscope Records",1,104,86,"7607233"
89,"spotify:track:6bvfJf4KjonPMuPfGfy3S2","Nio Garcia, Anuel AA, Myke Towers, Brray, Juanka","La Jeepeta - Remix","Flow La Movie, Inc.",13,67,27,"7587108"
90,"spotify:track:6FuGJB290AQMAHTfjOYVaK","24kGoldn, Justin Bieber, J Balvin, iann dior","Mood (Remix) feat. Justin Bieber, J Balvin & iann dior","Records/Columbia",35,35,2,"7573978"
91,"spotify:track:6v3KW9xbzN5yKLt9YKDYA2","Shawn Mendes, Camila Cabello","Señorita","Island Records",1,88,74,"7447966"
92,"spotify:track:0nbXyq5TXYPCO7pr3N8S4I","Roddy Ricch","The Box","Atlantic Records",1,89,49,"7396703"
93,"spotify:track:5GkQIP5mWPi4KZLLXeuFTT","Ariana Grande, Doja Cat","motive (with Doja Cat)","Republic Records",14,47,3,"7333916"
94,"spotify:track:7kDUspsoYfLkWnZR7qwHZl","mgk, blackbear","my ex's best friend (with blackbear)","Bad Boy/Interscope Records",39,85,15,"7315922"
95,"spotify:track:0k7wmahjkn389wAZdz19Cv","Future, Lil Uzi Vert","Drankin N Smokin","Generation Now/Atlantic",95,-1,1,"7292247"
96,"spotify:track:3apeXzypBMnUfYcZYNX6DH","TWICE","I CAN'T STOP ME","Republic Records - TWICE",68,78,4,"7282297"
97,"spotify:track:7ju97lgwC2rKQ6wwsf9no9","Lady Gaga, Ariana Grande","Rain On Me (with Ariana Grande)","Interscope",1,82,26,"7270611"
98,"spotify:track:3F1P0QzdXtBz0MXy7KIO5w","Dua Lipa, Angèle","Fever","Warner Records",76,76,3,"7110457"
99,"spotify:track:6Hj9jySrnFppAI0sEMCZpJ","Juice WRLD","Robbery","Grade A Productions/Interscope Records",18,92,70,"7094519"
100,"spotify:track:1IIKrJVP1C9N7iPtG6eOsK","Chris Brown, Young Thug","Go Crazy","Chris Brown Entertainment/300 Entertainment/RCA Records",37,91,26,"7060433"
101,"spotify:track:0lizgQ7Qw35od7CYaoMBZb","Ariana Grande","Santa Tell Me","Universal Records",4,-1,19,"7008578"
102,"spotify:track:3eekarcy7kvN4yt5ZFzltW","Travis Scott","HIGHEST IN THE ROOM","Cactus Jack/Epic",1,99,59,"6988624"
103,"spotify:track:2VxeLyX666F8uXCJ0dZF8B","Lady Gaga, Bradley Cooper","Shallow","A Star is Born OST",3,100,112,"6900140"
104,"spotify:track:5Jm4w8jmPEBTLjI9vH4fXo","Ozuna","Caramelo","Aura Music Corp.",17,87,23,"6887479"
105,"spotify:track:2kJwzbxV2ppxnQoYw4GLBZ","JP Saxe, Julia Michaels","If the World Was Ending (feat. Julia Michaels)","Arista Records",38,103,54,"6796028"
106,"spotify:track:7aGyRfJWtLqgJaZoG9lJhE","salem ilese","Mad at Disney","10K Projects",46,94,11,"6775236"
107,"spotify:track:2rRJrJEo19S2J82BDsQ3F7","Trevor Daniel","Falling","Alamo",5,96,53,"6750563"
108,"spotify:track:1ZMiCix7XSAbfAJlEZWMCp","Harry Styles","Falling","Columbia",29,107,49,"6709701"
109,"spotify:track:3ZCTVFBt2Brf31RLEnCkWJ","Billie Eilish","everything i wanted","Darkroom/Interscope Records",2,141,54,"6628081"
110,"spotify:track:7k4t7uLgtOxPwTpFmtJNTY","KAROL G, Nicki Minaj","Tusa","TUSA - Karol G & Nicki Minaj",3,108,54,"6625820"
111,"spotify:track:5uCax9HTNlzGybIStD3vDh","James Arthur","Say You Won't Let Go","Columbia",7,115,202,"6582835"
112,"spotify:track:27u7t9d7ZQoyjsCROHuZJ3","Clean Bandit, Mabel, 24kGoldn","Tick Tock (feat. 24kGoldn)","Atlantic Records UK",82,105,10,"6574281"
113,"spotify:track:0pqnGHJpmpxLKifKRmU6WP","Imagine Dragons","Believer","Kid Ina Korner / Interscope",16,111,198,"6465882"
114,"spotify:track:2MbdDtCv5LUVjYy9RuGTgC","Jack Harlow, Tory Lanez, DaBaby, Lil Wayne","WHATS POPPIN (feat. DaBaby, Tory Lanez & Lil Wayne) - Remix","Generation Now/Atlantic",15,101,21,"6457029"
115,"spotify:track:017PF4Q3l4DBUiWoXk4OWT","Dua Lipa","Break My Heart","Warner Records",7,109,34,"6386713"
116,"spotify:track:22Sh5dlwbERqJAq1fZk5b2","Rauw Alejandro, J Balvin","De Cora <3","Sony Music Latin/Duars Entertainment",116,-1,1,"6374731"
117,"spotify:track:0lLdorYw7lVrJydTINhWdI","Michael Bublé","It's Beginning to Look a Lot like Christmas","Reprise",7,-1,18,"6347297"
118,"spotify:track:62aP9fBQKYKxi7PDXwcUAS","Surf Mesa, Emilee","ily (i love you baby) (feat. Emilee)","Astralwerks",9,110,34,"6286923"
119,"spotify:track:7m9OqQk4RVRkw9JJdeAw96","XXXTENTACION","Jocelyn Flores","Bad Vibes Forever / EMPIRE",7,126,168,"6284158"
120,"spotify:track:2EjXfH91m7f8HiJN1yQg97","Brenda Lee","Rockin' Around The Christmas Tree","MCA Nashville",9,-1,18,"6245707"
121,"spotify:track:1K5KBOgreBi5fkEHvg5ap3","Future, Drake","Life Is Good (feat. Drake)","Epic/Freebandz",3,123,45,"6221319"
122,"spotify:track:2lCkncy6bIB0LTMT7kvrD1","J Balvin","Azul","UMLE - Latino",61,112,35,"6200625"
123,"spotify:track:79s5XnCN4TJKTVMSmOx8Ep","Pop Smoke","Dior","Victor Victor Worldwide/Republic Records",40,116,36,"6192062"
124,"spotify:track:2xLMifQCjDGFmkHkpNLD9h","Travis Scott","SICKO MODE","Cactus Jack / Epic",2,118,120,"6152041"
125,"spotify:track:2GiJYvgVaD2HtM8GqD9EgQ","BØRNS","Electric Love","UMGRI Interscope",61,120,16,"6113429"
126,"spotify:track:3hBXvHLlTHvnbwrPbeoyAj","Bobby Helms","Jingle Bell Rock","Geffen",8,-1,17,"6085366"
127,"spotify:track:4VXIryQMWpIdGgYR4TrjT1","Juice WRLD","All Girls Are The Same","Juice WRLD Mixtape / ISR P&D",48,125,65,"6048028"
128,"spotify:track:466cKvZn1j45IpxDdYZqdA","Drake","Toosie Slide","OVO",2,121,33,"5951403"
129,"spotify:track:5f1joOtoMeyppIcJGZQvqJ","Kane Brown, Swae Lee, Khalid","Be Like That - feat. Swae Lee & Khalid","RCA Records Label Nashville",86,137,19,"5929062"
130,"spotify:track:6i7zAdNhzUN2k1HcrBxPHG","Ofenbach, Quarterhead, Norma Jean Martine","Head Shoulders Knees & Toes (feat. Norma Jean Martine)","Elektra France",130,135,10,"5927258"
131,"spotify:track:696DnlkuDOXcMAnKlTgXXK","Arizona Zervas","ROXANNE","Arizona Zervas",2,127,56,"5907534"
132,"spotify:track:2tnVG71enUj33Ic2nFN6kZ","Regard","Ride It","Ministry of Sound Recordings",12,138,63,"5819278"
133,"spotify:track:4umIPjkehX1r7uhmGvXiSV","Justin Bieber, Quavo","Intentions (feat. Quavo)","RBMG/Def Jam",5,113,41,"5812199"
134,"spotify:track:6ocbgoVGwYJhOv1GgI9NsF","Ariana Grande","7 rings","Republic Records",1,128,96,"5801183"
135,"spotify:track:5E30LdtzQTGqRvNd7l6kG5","The Neighbourhood","Daddy Issues","Columbia",135,146,7,"5787773"
136,"spotify:track:1VLtjHwRWOVJiE5Py7JxoQ","Polo G","Martin & Gina","Columbia",116,133,13,"5786784"
137,"spotify:track:0tgVpDi06FyKpA1z0VMD4v","Ed Sheeran","Perfect","Atlantic Records UK",4,143,193,"5784652"
138,"spotify:track:43zdsphuZLzwA9k4DJhU0I","Billie Eilish","when the party's over","Darkroom/Interscope Records",9,174,109,"5767551"
139,"spotify:track:1pqnQ41XbfKjaFu6M0eGJp","Tainy, J Balvin","Agua (with J Balvin)","NEON16/Interscope Records",19,119,19,"5676625"
140,"spotify:track:1H7KnK26kc1YyellpbINEn","Pop Smoke, 50 Cent, Roddy Ricch","The Woo (feat. 50 Cent & Roddy Ricch)","Victor Victor Worldwide",17,129,20,"5663383"
141,"spotify:track:5SWnsxjhdcEDc7LJjq9UHk","21 Savage, Metro Boomin","Runnin","Slaughter Gang, LLC/Epic/Boominati Worldwide/Republic",24,148,7,"5651332"
142,"spotify:track:2MlOUXmcofMackX3bxfSwi","Master KG, Nomcebo Zikode","Jerusalema (feat. Nomcebo Zikode)","Elektra France",88,139,11,"5630426"
143,"spotify:track:6juLaduD4STCUDWT0AYun4","K/DA, Madison Beer, i-dle, Lexie Liu, Jaira Burns, Seraphine, League of Legends","MORE","Riot Games",74,90,3,"5602168"
144,"spotify:track:1InCpEliLCkWHOBdXW7XSx","Ava Max","Kings & Queens","Atlantic Records",41,106,34,"5593875"
145,"spotify:track:2f0pn9DkEJwAzXApnFh5cr","BANNERS","Someone To You","Island Records",123,134,14,"5591099"
146,"spotify:track:0S9ZVNTNRzLMgb96tmmG1u","Rauw Alejandro","Enchule","Sony Music Latin/Duars Entertainment",140,150,5,"5561227"
147,"spotify:track:2JTir3y1VuJQmexiTCMcTP","Os Barões Da Pisadinha","Recairei - Ao Vivo","Sony Music Entertainment",137,145,6,"5529129"
148,"spotify:track:3U4isOIWM3VvDubwSI3y7a","John Legend","All of Me","G.O.O.D. Music/Columbia",142,152,93,"5504722"
149,"spotify:track:1IcR6RlgvDczfvoWJSSY2A","Andy Williams","It's the Most Wonderful Time of the Year","Columbia",10,-1,17,"5483199"
150,"spotify:track:3QCU8BT0zDS9LPVfEhRFEE","The Kid LAROI","ALWAYS DO","Columbia",140,140,2,"5471890"
151,"spotify:track:3ee8Jmje8o58CHK66QrVC2","XXXTENTACION","SAD!","Bad Vibes Forever, LLC",1,156,142,"5463853"
152,"spotify:track:1XnpzbOGptRwfJhZgLbmSr","BLACKPINK","Pretty Savage","YG Entertainment/Interscope Records",22,131,7,"5448574"
153,"spotify:track:6lt8iodSkYWEV0ifKCSlfg","Future, Lil Uzi Vert","Stripes Like Burberry","Generation Now/Atlantic",153,-1,1,"5445204"
154,"spotify:track:5qrSlOut2rNAWv3ubArkNy","Dean Lewis","Be Alright","Universal Music Australia Pty. Ltd.",12,154,116,"5407600"
155,"spotify:track:13vDU8nPsvTGEVTMB8Vw7g","Aya Nakamura, Maluma","Djadja (feat. Maluma) - Remix","Rec. 118",36,142,21,"5374167"
156,"spotify:track:6Juv5N0dNU1imms9c9u1dA","Octavian, Skepta","Papi Chulo","Black Butter",117,117,4,"5361669"
157,"spotify:track:0ri0Han4IRJhzvERHOZTMr","Pink Sweat$","At My Worst","Atlantic Records",157,179,3,"5359436"
158,"spotify:track:7qiZfU4dY1lWllzX7mPBI3","Ed Sheeran","Shape of You","Atlantic Records UK",1,160,202,"5352775"
159,"spotify:track:3Z8FwOEN59mRMxDCtb8N0A","Marshmello, Halsey","Be Kind (with Halsey)","Astralwerks",22,151,29,"5312359"
160,"spotify:track:7E1jVNoWuemqUryI4FxsVD","Ariana Grande, The Weeknd","off the table (with The Weeknd)","Republic Records",20,102,3,"5308945"
161,"spotify:track:5IUtvfNvOyVYZUa6AJFrnP","Ty Dolla $ign, Post Malone","Spicy (feat. Post Malone)","Atlantic Records",52,132,4,"5303146"
162,"spotify:track:6wQlQrTY5mVS8EGaFZVwVF","Juice WRLD, The Weeknd","Smile (with The Weeknd)","Grade A Productions/Interscope Records",7,144,15,"5288588"
163,"spotify:track:2mt1IqcFyY1zmYZT8Q3xw9","blackbear","hot girl bummer","Alamo",9,155,65,"5258981"
164,"spotify:track:4u7EnebtmKWzUH433cf5Qv","Queen","Bohemian Rhapsody - Remastered 2011","EMI",11,169,116,"5253964"
165,"spotify:track:4lsHZ92XCFOQfzJFBTluk8","Vedo","You Got It","New Wav Music Group / Island Prolific / EMPIRE",87,153,10,"5208422"
166,"spotify:track:76Tuo484SLohJakHLnGI3B","Little Mix","Sweet Melody","RCA Records Label",124,124,3,"5201322"
167,"spotify:track:6sI8Q7TTJeA9exw6hxEqq3","MAX, SUGA","Blueberry Eyes (feat. SUGA of BTS)","Colour Vision Records/Sony Music Entertainment",144,149,4,"5158896"
168,"spotify:track:5n6gBhdEjCuj3obgCoTEFD","Future, Lil Uzi Vert","That’s It","Generation Now/Atlantic",168,-1,1,"5151014"
169,"spotify:track:30bqVoKjX479ab90a8Pafp","Lil Peep","Star Shopping","Death Note Music, LLC",169,191,10,"5149072"
170,"spotify:track:57RA3JGafJm5zRtKJiKPIm","Wallows, Clairo","Are You Bored Yet? (feat. Clairo)","Atlantic Records",105,175,22,"5138875"
171,"spotify:track:0hVXuCcriWRGvwMV1r5Yn9","Ed Sheeran & Justin Bieber, Justin Bieber","I Don't Care (with Justin Bieber)","Atlantic Records UK",1,166,80,"5127332"
172,"spotify:track:7FIWs0pqAYbP91WWM0vlTQ","Eminem, Juice WRLD","Godzilla (feat. Juice WRLD)","Shady/Aftermath/Interscope Records",4,172,44,"5127320"
173,"spotify:track:2gam98EZKrF9XuOkU13ApN","Nelly Furtado, Timbaland","Promiscuous","Mosley / Geffen",157,164,4,"5083648"
174,"spotify:track:35RJhm1pEovTBwnNR0zWad","DJ Khaled, Drake","GREECE (feat. Drake)","OVO/We The Best/Epic",22,157,18,"5043665"
175,"spotify:track:6FZDfxM3a3UCqtzo5pxSLZ","Halsey","Without Me","Capitol Records",4,182,111,"5031507"
176,"spotify:track:0e7ipj03S05BNilyu5bRzt","Post Malone, 21 Savage","rockstar (feat. 21 Savage)","Republic Records",1,176,166,"5027680"
177,"spotify:track:3IJYUaN3tx04S4TYyZHKoP","StaySolidRocky","Party Girl","Columbia",9,147,27,"5017882"
178,"spotify:track:34LI7rwi9H8w2S5KTHnv1M","Manuel Turizo","Quiéreme Mientras Se Pueda","Sony Music Latin/La Industria",129,159,13,"5009453"
179,"spotify:track:20McUFi8KCIVdNDLrkTDuZ","HVME","Goosebumps","Columbia/B1 Recordings",179,-1,1,"4980845"
180,"spotify:track:7Dx9Z6Aon1qPS2N0rHSWTe","Ariana Grande","just like magic","Republic Records",25,114,3,"4980571"
181,"spotify:track:3Dv1eDb0MEgF93GpLXlucZ","Doja Cat","Say So","Kemosabe Records/RCA Records",6,177,47,"4959625"
182,"spotify:track:6N22FZs2ZhPBYi3b9XPajV","Labrinth","Still Don't Know My Name","Masterworks",53,183,15,"4926802"
183,"spotify:track:3AJwUDP919kvQ9QcozQPxg","Coldplay","Yellow","Parlophone UK",183,-1,1,"4902922"
184,"spotify:track:06s3QtMJVXw1AJX3UfvZG1","Anuel AA, Bad Bunny","Hasta Que Dios Diga","2020 Real Hasta La Muerte, LLC",32,165,25,"4899099"
185,"spotify:track:7bCfHiRcfUjG0YVVNUL7Ve","CORPSE, Savage Ga$p","E-GIRLS ARE RUINING MY LIFE!","CORPSE",158,171,4,"4887209"
186,"spotify:track:2wrJq5XKLnmhRXHIAf9xBa","Dan + Shay, Justin Bieber","10,000 Hours (with Justin Bieber)","Warner Records Nashville",5,200,55,"4885564"
187,"spotify:track:3nAp4IvdMPPWEH9uuXFFV5","Kelly Clarkson","Underneath the Tree","RCA Records Label",28,-1,10,"4878537"
188,"spotify:track:4ZLzoOkj0MPWrTLvooIuaa","Kina, Snøw","Get You The Moon (feat. Snøw)","Columbia",95,196,74,"4872409"
189,"spotify:track:7o4gBbTM6UBLkOYPw9xMCz","DDG, Blueface","Moonwalking in Calabasas (feat. Blueface) - Remix","Epic",162,185,4,"4863053"
190,"spotify:track:2DEZmgHKAvm41k4J3R2E9Y","Bad Bunny, Jowell & Randy, Ñengo Flow","Safaera","Rimas Entertainment LLC",9,187,37,"4783408"
191,"spotify:track:2dpaYNEQHiRxtZbfNsse99","Marshmello, Bastille","Happier","Joytime Collective",2,-1,116,"4781588"
192,"spotify:track:1Cv1YLb4q0RzL6pybtaMLo","Surfaces","Sunday Best","Surfaces Music / TenThousand Projects, LLC",13,195,43,"4769382"
193,"spotify:track:6IBcOGPsniK3Pso1wHIhew","Luke Combs","Forever After All","River House Artists/Columbia Nashville",29,122,4,"4746415"
194,"spotify:track:7szuecWAPwGoV1e5vGu8tl","The Weeknd","In Your Eyes","Republic Records",6,193,35,"4740422"
195,"spotify:track:5DoLhdU27owX1NMrKLUbUl","Super Yei, Sammy, Jone Quest, Towy, Osquel, Beltito, Sammy & Falsetto","Lean","Superiority",76,173,14,"4739241"
196,"spotify:track:0rKtyWc8bvkriBthvHKY8d","Joji","SLOW DANCING IN THE DARK","88rising Music",75,-1,35,"4732343"
197,"spotify:track:3kml9ZdpT7UYk1ugkjqOzt","Daddy Yankee, Anuel AA, Kendo Kaponi","Don Don","El Cartel Records",92,161,10,"4731423"
198,"spotify:track:2r6OAV3WsYtXuXjvJ1lIDi","Pop Smoke, A Boogie Wit da Hoodie","Hello (feat. A Boogie Wit da Hoodie)","Victor Victor Worldwide",124,188,11,"4722176"
199,"spotify:track:2ygvZOXrIeVL4xZmAWJT2C","Billie Eilish","my future","Darkroom/Interscope Records",5,-1,12,"4721082"
200,"spotify:track:4K8cyoCDovlc4FvtUr2Hfx","Cali Y El Dandee, Danna Paola","Nada","Cali y El Dandee PS",163,181,4,"4713873"
