﻿rank,uri,artist_names,track_name,source,peak_rank,previous_rank,weeks_on_chart,streams
1,"spotify:track:5CtI0qwDJkDQGwXD1H1cLb","Luis Fonsi, Daddy Yankee, Justin Bieber","Despacito - Remix","UMLE - Latino",1,1,11,"44044159"
2,"spotify:track:1OAh8uOEOvTDqkKFsKksCi","DJ Khaled, Rihanna, Bryson Tiller","Wild Thoughts (feat. Rihanna & Bryson Tiller)","Epic/We The Best",2,5,2,"32066635"
3,"spotify:track:3DXncPQOG4VBw3QHh3S817","DJ Khaled, Justin Bieber, Quavo, Chance the Rapper, Lil Wayne","I'm the One (feat. Justin Bieber, Quavo, Chance the Rapper & Lil Wayne)","Epic/We The Best",2,2,9,"31164321"
4,"spotify:track:3A7qX2QjDlPnazUsRk5y0M","David Guetta, Justin Bieber","2U (feat. Justin Bieber)","Parlophone (France)",3,3,3,"27636261"
5,"spotify:track:7qiZfU4dY1lWllzX7mPBI3","Ed Sheeran","Shape of You","Atlantic Records UK",1,4,25,"24943522"
6,"spotify:track:1F2HXIJrE2Xn81OzT2zZvW","French Montana, Swae Lee","Unforgettable","Bad Boy Entertainment/Epic Records",6,6,12,"23000310"
7,"spotify:track:4iLqG9SeJSnt0cSPICSjxv","Charlie Puth","Attention","Artist Partner",5,7,10,"21328515"
8,"spotify:track:0tKcYR2II1VCQWT79i5NrW","Imagine Dragons","Thunder","Kid Ina Korner / Interscope",8,16,9,"21104495"
9,"spotify:track:6EpRaXYhGOB3fj4V2uDkMJ","Liam Payne, Quavo","Strip That Down (feat. Quavo)","Capitol Records UK / EMI",9,9,6,"19868893"
10,"spotify:track:79cuOz3SPQTuFrp8WgftAu","Shawn Mendes","There's Nothing Holdin' Me Back","Island Records",5,11,10,"18975962"
11,"spotify:track:7KXjTSCq5nL1LoYtL7XAwS","Kendrick Lamar","HUMBLE.","Aftermath",1,8,13,"18597785"
12,"spotify:track:4aWmUDTfIPGksMNLV2rQP2","Luis Fonsi, Daddy Yankee","Despacito","UMLE - Latino",4,12,24,"18258492"
13,"spotify:track:4xlrALxuaCf9yZBHJeTSG6","Jonas Blue, William Singe","Mama","Positiva",13,14,8,"18237708"
14,"spotify:track:2eMwDehkIC1j68U6FA3Eiq","Lil Uzi Vert","XO Tour Llif3","Generation Now/Atlantic",10,13,14,"17999280"
15,"spotify:track:6kex4EBAj0WHXDKZMEJaaF","Jason Derulo, Nicki Minaj, Ty Dolla $ign","Swalla (feat. Nicki Minaj & Ty Dolla $ign)","Beluga Heights/Warner Records",6,10,18,"17345850"
16,"spotify:track:0CcQNd8CINkwQfe1RDtGV6","Imagine Dragons","Believer","Kid Ina Korner / Interscope",16,36,21,"16884406"
17,"spotify:track:6RUKPb4LETWmmr3iAEQktW","The Chainsmokers, Coldplay","Something Just Like This","Disruptor Records/Columbia",2,15,19,"16791153"
18,"spotify:track:6jA8HL9i4QGzsj6fjoxp8Y","Martin Garrix, Troye Sivan","There for You","Epic Amsterdam",18,18,5,"15999733"
19,"spotify:track:0dA2Mk56wEzDgegdC6R17g","Zedd, Alessia Cara","Stay","UMGRI Interscope",7,17,18,"15408811"
20,"spotify:track:3a1lNhkSLSkpJE4MSHpDu9","Post Malone, Quavo","Congratulations","Universal Records",20,24,23,"14353397"
21,"spotify:track:5bcTCxgc7xVfSaMV3RuVke","Calvin Harris, Pharrell Williams, Katy Perry, Big Sean, Funk Wav","Feels (feat. Pharrell Williams, Katy Perry & Big Sean)","Columbia",21,28,2,"14344759"
22,"spotify:track:0KKkJNfGyhkQ5aFogxQAPU","Bruno Mars","That's What I Like","Atlantic Records",6,21,27,"14089908"
23,"spotify:track:1x5sYLZiu9r5E43kMlt9f8","Clean Bandit, Zara Larsson","Symphony (feat. Zara Larsson)","Atlantic Records UK",11,19,15,"14074609"
24,"spotify:track:0qYTZCo5Bwh1nsUFGZP3zn","Maluma","Felices los 4","Sony Music Latin",17,25,10,"14066773"
25,"spotify:track:1NDxZ7cFAo481dtYWdrUnR","Maggie Lindemann, Cheat Codes, CADE","Pretty Girl - Cheat Codes X CADE Remix","300 Entertainment",23,27,13,"13915810"
26,"spotify:track:6Na5uKk5SsqZimk0hAWo8y","Drake","Signs","Cash Money Records/Young Money Ent./Universal Rec.",26,-1,1,"13782201"
27,"spotify:track:1sCxVKWImDZSZKvG0U9B23","Selena Gomez","Bad Liar","Selena Gomez PS",6,26,7,"13679714"
28,"spotify:track:3rOSwuTsUlJp0Pu0MkN8r8","Future","Mask Off","Epic/Freebandz/A1",5,20,19,"13591114"
29,"spotify:track:3eR23VReFzcdmS7TYCrhCe","Kygo, Selena Gomez","It Ain't Me (with Selena Gomez)","Kygo",2,22,19,"13250843"
30,"spotify:track:2habSXqcJGExM6JJyskY7O","Miley Cyrus","Malibu","RCA Records Label",7,23,7,"13164804"
31,"spotify:track:4q8PHoRsPUB52LFylX8Ulz","Axwell /\ Ingrosso, Axwell, Sebastian Ingrosso","More Than You Know","Pophouse Entertainment Group",31,35,5,"13022948"
32,"spotify:track:6De0lHrwBfPfrhorm9q1Xl","Danny Ocean","Me Rehúso","Atlantic Records",28,30,19,"12946845"
33,"spotify:track:3Ytr1SUCUi6J3L9dRFx5iH","Major Lazer, Travis Scott, Camila Cabello, Quavo","Know No Better (feat. Travis Scott, Camila Cabello & Quavo)","Third Pardee Records",31,32,4,"12140977"
34,"spotify:track:167NczpNbRF7oWakJaY3Hh","Niall Horan","Slow Hands","Capitol Records (US1A)",31,31,8,"12028202"
35,"spotify:track:1SJtlNRJDeYHioymcvsqev","Camila Cabello","Crying in the Club","Syco Music/Epic",35,39,6,"11781110"
36,"spotify:track:7nKBxz47S9SD79N086fuhn","Enrique Iglesias, Descemer Bueno, Zion & Lennox","SUBEME LA RADIO","RCA Records/Sony Music International/Sony Music Latin",31,34,18,"11629977"
37,"spotify:track:4c2W3VKsOFoIg2SFaO6DY5","Rita Ora","Your Song","Atlantic Records UK",37,37,5,"11546731"
38,"spotify:track:3kxfsdsCpFgN412fpnW85Y","Childish Gambino","Redbone","Glassnote - VMG",35,38,27,"11525555"
39,"spotify:track:2Gl0FzuLxflY6nPifJp5Dr","Kygo, Ellie Goulding","First Time","Kygo",19,33,9,"11200851"
40,"spotify:track:1louJpMmzEicAn7lzDalPW","Cheat Codes, Demi Lovato","No Promises (feat. Demi Lovato)","Parlophone UK",24,29,13,"11121670"
41,"spotify:track:7tr2za8SQg2CI8EDgrdtNl","Calvin Harris, Frank Ocean, Migos, Funk Wav","Slide (feat. Frank Ocean & Migos)","Columbia",13,40,18,"10827122"
42,"spotify:track:0afhq8XCExXpqazXczTSve","Ed Sheeran","Galway Girl","Atlantic Records UK",2,41,17,"10500580"
43,"spotify:track:0Nhu3zSYbEz32IYiobV75e","Halsey","Now Or Never","Astralwerks (ASW)",29,42,12,"10421159"
44,"spotify:track:7hDc8b7IXETo14hHIHdnhd","Drake","Passionfruit","Cash Money Records/Young Money Ent./Universal Rec.",2,43,15,"10156543"
45,"spotify:track:152lZdxL1OR0ZMW6KquMif","Khalid","Location","Right Hand Music Group, LLC/RCA Records",34,47,21,"10010895"
46,"spotify:track:5tz69p7tJuGPeMGwNTxYuV","Logic, Alessia Cara, Khalid","1-800-273-8255","Def Jam Recordings",27,44,9,"9802629"
47,"spotify:track:2cnKEkpVUSV4wnjQiTWfH6","Wisin, Ozuna","Escápate Conmigo (feat. Ozuna)","Sony Music Latin",47,50,12,"9710674"
48,"spotify:track:6HZILIRieu8S0iqY8kIKhj","Kendrick Lamar","DNA.","Aftermath",3,49,11,"9155749"
49,"spotify:track:5Ohxk2dO5COHF1krpoPigN","Harry Styles","Sign of the Times","Columbia",14,45,12,"9092047"
50,"spotify:track:2kVHAQKVtczchKctctzbtK","Katy Perry, Nicki Minaj","Swish Swish","Capitol Records (CAP)",41,46,6,"9089524"
51,"spotify:track:4IWAyPf1KMq7JCyGeCjTeH","Imagine Dragons","Whatever It Takes","Kid Ina Korner / Interscope",51,120,7,"8676008"
52,"spotify:track:1sXUWdKx03aP9Gmzft58rt","Julia Michaels","Issues","J/Republic",9,48,24,"8494302"
53,"spotify:track:22eADXu8DfOAUEDw4vU8qy","Chris Jedi, J Balvin, Ozuna, Arcángel","Ahora Dice","UMLE - Latino",48,51,12,"8030140"
54,"spotify:track:209gZgcfLq2aUuu51vOWBl","CNCO, Yandel","Hey DJ","Sony Music Latin",54,58,10,"7636385"
55,"spotify:track:3bWAqKDWg6u1davspr5IkS","Robin Schulz, James Blunt","OK","WM Germany",55,56,6,"7483976"
56,"spotify:track:2mfUa8bLs2s5N4VaqJZ4lZ","Hailee Steinfeld","Most Girls","Universal Records",54,54,9,"7447165"
57,"spotify:track:5knuzwU65gJK7IF5yJsuaW","Clean Bandit, Anne-Marie, Sean Paul","Rockabye (feat. Sean Paul & Anne-Marie)","Atlantic Records UK",3,52,27,"7440653"
58,"spotify:track:6LOCAhFzZiavHcLJucLuDy","DJ Khaled, Calvin Harris, Travis Scott, Jeremih","Don't Quit (feat. Travis Scott & Jeremih)","Epic/We The Best",58,-1,1,"7335678"
59,"spotify:track:0lMbuWUpfTWhEmOKxppEau","Calvin Harris, Future, Khalid, Funk Wav","Rollin (feat. Future & Khalid)","Columbia",43,53,7,"7316906"
60,"spotify:track:1yxgsra98r3qAtxqiGZPiX","Travis Scott","BUTTERFLY EFFECT","Cactus Jack / Epic",60,92,6,"7216202"
61,"spotify:track:6gBFPUFcJLzWGx4lenP6h2","Travis Scott","goosebumps","Cactus Jack / Epic",60,61,26,"7067131"
62,"spotify:track:3umS4y3uQDkqekNjVpiRUs","Nicky Jam","El Amante","Sony Music Latin",32,63,23,"7037460"
63,"spotify:track:2EEeOnHehOozLq4aS0n6SL","KYLE, Lil Yachty","iSpy (feat. Lil Yachty)","independently popular.",21,57,27,"6951567"
64,"spotify:track:7LEydI5NfjY6mZfKwYIptZ","Fifth Harmony, Gucci Mane","Down (feat. Gucci Mane)","Syco Music/Epic",52,59,4,"6927842"
65,"spotify:track:1e1JKLEDKP7hEQzJfNAgPl","Playboi Carti","Magnolia","AWGE Label",59,60,8,"6910377"
66,"spotify:track:7BKLCZ1jbUBVqRi2FVlTVw","The Chainsmokers, Halsey","Closer","Disruptor Records/Columbia",2,66,27,"6873417"
67,"spotify:track:5uCax9HTNlzGybIStD3vDh","James Arthur","Say You Won't Let Go","Columbia",7,64,27,"6862793"
68,"spotify:track:3ebXMykcMXOcLeJ9xZ17XH","Martin Garrix, Dua Lipa","Scared to Be Lonely","Epic Amsterdam",5,55,22,"6615170"
69,"spotify:track:7mldq42yDuxiUNn08nvzHO","Sam Hunt","Body Like A Back Road","MCA Nashville",63,71,21,"6573498"
70,"spotify:track:2Vdub5mY4lad7w64bFPUez","Pitbull, J Balvin, Camila Cabello","Hey Ma (with Pitbull & J Balvin feat. Camila Cabello)","Artist Partner",62,68,16,"6558280"
71,"spotify:track:6p8NuHm8uCGnn2Dtbtf7zE","Migos, Gucci Mane","Slippery (feat. Gucci Mane)","Quality Control Music",71,72,13,"6390591"
72,"spotify:track:3NdDpSvN911VPGivFlV5d0","ZAYN, Taylor Swift","I Don’t Wanna Live Forever (Fifty Shades Darker)","Taylor Swift",2,65,27,"6269922"
73,"spotify:track:5GXAXm5YOmYT0kL5jHvYBt","The Weeknd, Daft Punk","I Feel It Coming","Universal Republic Records",9,69,27,"6256204"
74,"spotify:track:1wjzFQodRWrPcQ0AnYnvQ9","Lauv","I Like Me Better","Lauv",74,86,4,"6254382"
75,"spotify:track:4qknM1pQz53QOyfDVTjcM9","Shakira","Me Enamoré","Sony Music Latin",72,74,11,"6215891"
76,"spotify:track:7abpmGpF7PGep2rDU68GBR","Burak Yeter, Danelle Sandoval","Tuesday","SBA Production",58,70,20,"6111782"
77,"spotify:track:0Szp49tpFasIjX04Mcsydp","Ozuna","Tú Foto","VP Records Corp/Dimelo Vi",77,81,9,"5925904"
78,"spotify:track:72jbDTw1piOOj770jWNeaG","The Chainsmokers","Paris","Disruptor Records/Columbia",2,73,24,"5908363"
79,"spotify:track:1xznGGDReH1oQq0xzbwXa3","Drake, Wizkid, Kyla","One Dance","Cash Money Records/Young Money Ent./Universal Rec.",12,77,27,"5902107"
80,"spotify:track:6PGoSes0D9eUDeeAafB2As","Kendrick Lamar, Zacari","LOVE. FEAT. ZACARI.","Aftermath",14,76,11,"5886599"
81,"spotify:track:6PCUP3dWmTjcTtXY02oFdT","Ed Sheeran","Castle on the Hill","Atlantic Records UK",2,79,25,"5795052"
82,"spotify:track:6XOYVSmNDjKUNMXooU4s4z","OneRepublic","No Vacancy","Mosley / Interscope",74,78,9,"5783328"
83,"spotify:track:5aAx2yezTd8zXrkmtKl66Z","The Weeknd, Daft Punk","Starboy","Universal Republic Records",1,80,27,"5769886"
84,"spotify:track:693iqPOQvhI7PobtR8CC8v","J Balvin, Jowell & Randy","Bonita","Rimas (J Balvin - Jowell & Randy)",84,98,3,"5766780"
85,"spotify:track:4okba5wu9mMLXx79DXLKi3","Daddy Yankee, Ozuna","La Rompe Corazones","Craft Latino",73,87,21,"5680073"
86,"spotify:track:7MHN1aCFtLXjownGhvEQlF","Manuel Turizo","Una Lady Como Tú","Sony Music Latin/La Industria",86,106,4,"5678617"
87,"spotify:track:6qDF4wWL49CAVbgT7yuHl8","J Balvin","Sigo Extrañándote","UMLE - Latino",72,84,17,"5629029"
88,"spotify:track:6mICuAdrwEjh6Y6lroV2Kg","Shakira, Maluma","Chantaje (feat. Maluma)","Sony Music Latin",13,85,27,"5626784"
89,"spotify:track:6HUnnBwYZqcED1eQztxMBN","Martin Jensen","Solo Dance","Intercord",25,75,27,"5612155"
90,"spotify:track:1nX9KhK3Fff27SnrIor2Yb","2 Chainz, Travis Scott","4 AM","2Chainz PS/Def Jam",83,83,4,"5554692"
91,"spotify:track:51PIvodunv6NmX5250zxAh","Lady Gaga","The Cure","Interscope",33,62,11,"5536194"
92,"spotify:track:7M16mAuWuFA5rC9HvkXaGx","Jax Jones, RAYE","You Don't Know Me (feat. RAYE)","Polydor Records",17,82,25,"5502576"
93,"spotify:track:78rIJddV4X0HkNAInEcYde","Starley, Ryan Riback","Call on Me - Ryan Riback Remix","Central Station Records",13,90,27,"5484808"
94,"spotify:track:15dnkAHcHC0vrIUlbiPiqU","Imagine Dragons","I Don’t Know Why","Kid Ina Korner / Interscope",94,-1,1,"5429820"
95,"spotify:track:6jmngk8Fwup05JZ6kgXEGX","Imagine Dragons","Walking The Wire","Kid Ina Korner / Interscope",95,153,2,"5396389"
96,"spotify:track:6kig1UFggPUyZBCvXD3Wod","Metro Boomin, Offset, Drake","No Complaints (feat. Offset & Drake) (Bonus)","Republic Records",96,-1,1,"5230323"
97,"spotify:track:6Q2FftbUG530lCtBI74bMH","A Boogie Wit da Hoodie, Kodak Black","Drowning (feat. Kodak Black)","Highbridge The Label",90,94,11,"5169996"
98,"spotify:track:3QwBODjSEzelZyVjxPOHdq","Zion & Lennox, J Balvin","Otra Vez (feat. J Balvin)","WEA Latina",50,96,27,"5154477"
99,"spotify:track:2bjwRfXMk4uRgOD9IBYl9h","Drake, Quavo, Travis Scott","Portland","Cash Money Records/Young Money Ent./Universal Rec.",13,88,15,"5145520"
100,"spotify:track:4pdPtRcBmOSQDlJ3Fk945m","DJ Snake, Justin Bieber","Let Me Love You","DJ Snake Def Jam",4,97,27,"5050522"
101,"spotify:track:12o6dxWGk29uIAP3OWY0pM","Lorde","Homemade Dynamite","Universal Music New Zealand Limited",91,91,2,"5015681"
102,"spotify:track:0tgVpDi06FyKpA1z0VMD4v","Ed Sheeran","Perfect","Atlantic Records UK",7,99,17,"5006798"
103,"spotify:track:6SwRhMLwNqEi6alNPVG00n","Kendrick Lamar, Rihanna","LOYALTY. FEAT. RIHANNA.","Aftermath",8,95,11,"4999017"
104,"spotify:track:5q2JbCNi4FcnglgPfxcV65","Anuel AA, Daddy Yankee, Zion & Lennox, Farruko, Wisin","Sola (Remix)","Spiff TV, LLC / Real Hasta La Muerte, Inc.",91,102,22,"4903817"
105,"spotify:track:3kGfazcbVvVkuZunzlLgTD","Sigala, Ella Eyre","Came Here for Love","Ministry of Sound Recordings",105,115,3,"4890825"
106,"spotify:track:0gbBzIqrECJOEPvQJIBFs5","Lorde","Green Light","Universal Music New Zealand Limited",24,67,17,"4840516"
107,"spotify:track:6b8Be6ljOzmkOmFslEb23P","Bruno Mars","24K Magic","Atlantic Records",9,104,27,"4751130"
108,"spotify:track:0QsvXIfqM0zZoerQfsI9lm","The Chainsmokers, Daya","Don't Let Me Down","Disruptor Records/Columbia",25,112,27,"4684083"
109,"spotify:track:61WbtB6ujkpNAsAf5LjF4b","Katy Perry, Migos","Bon Appétit","Capitol Records (CAP)",47,89,9,"4585117"
110,"spotify:track:3caMfJGFp53NAH2TuigdNj","Galantis","Hunter","Big Beat Records",110,125,8,"4546276"
111,"spotify:track:3AEZUABDXNtecAOSC1qTfo","CNCO","Reggaetón Lento (Bailemos)","Sony Music Latin",32,117,27,"4533095"
112,"spotify:track:4Km5HrUvYTaSUfiSGPJeQR","Migos, Lil Uzi Vert","Bad and Boujee (feat. Lil Uzi Vert)","Quality Control Music",9,108,27,"4520235"
113,"spotify:track:4gqMQftUs22F8pOGVn5Acr","Shawn Hook, Vanessa Hudgens","Reminding Me","Hollywood Records",105,105,5,"4478831"
114,"spotify:track:7lRsNbdOGykkMAgsqs4R1C","Nacho","Báilame","UMLE - Latino",114,130,7,"4439090"
115,"spotify:track:343YBumqHu19cGoGARUTsd","Drake","Fake Love","Cash Money Records/Young Money Ent./Universal Rec.",7,122,27,"4439060"
116,"spotify:track:6fxVffaTuwjgEk5h9QyRjy","Ed Sheeran","Photograph","Atlantic Records UK",41,126,27,"4436640"
117,"spotify:track:1qOLh0tI7trd1zdDKxYZTe","Hailee Steinfeld, Grey, Zedd","Starving","UME - Global Clearing House",20,111,27,"4435909"
118,"spotify:track:4Q3N4Ct4zCuIHuZ65E3BD4","Kodak Black","Tunnel Vision","Atlantic Records",39,109,19,"4410019"
119,"spotify:track:1Eck97uRMlprKOOJN9oO1E","G-Eazy, Kehlani","Good Life (with G-Eazy & Kehlani)","Artist Partner",25,101,14,"4378278"
120,"spotify:track:5NNlUMcOEOdoOIwwaWXv0k","Maroon 5, Future","Cold (feat. Future)","Interscope Records*",19,116,19,"4371692"
121,"spotify:track:5hEM0JchdVzQ5PwvSfITeX","Piso 21, Maluma","Me Llamas (feat. Maluma) - Remix","WM Mexico",87,131,27,"4366547"
122,"spotify:track:6UjfByV1lDLW0SOVQA4NAi","Drake","Gyalchester","Cash Money Records/Young Money Ent./Universal Rec.",23,103,15,"4357496"
123,"spotify:track:6520aj0B4FSKGVuKNsOCOi","Katy Perry, Skip Marley","Chained To The Rhythm","Capitol Records (CAP)",7,107,20,"4327923"
124,"spotify:track:4Hf7WnR761jpxPr5D46Bcd","Shawn Mendes","Treat You Better","Island Records",26,133,27,"4310862"
125,"spotify:track:5q5gzmbBS5yQzos2BvVr1t","MØ","Nights With You","Chess Club/RCA Victor",109,121,9,"4296029"
126,"spotify:track:0SGkqnVQo9KPytSri1H6cF","Big Sean","Bounce Back","Getting Out Our Dreams Inc. (G.O.O.D.) Music / IDJ",21,110,27,"4289630"
127,"spotify:track:6JV2JOEocMgcZxYSZelKcc","Justin Timberlake","CAN'T STOP THE FEELING! (from DreamWorks Animation's ""TROLLS"")","Villa 40/RCA Records",28,129,27,"4284089"
128,"spotify:track:6H0AwSQ20mo62jGlPGB8S6","2 Chainz, Ty Dolla $ign, Trey Songz, Jhené Aiko","It's A Vibe","2Chainz PS/Def Jam",123,123,2,"4260473"
129,"spotify:track:4ARPvK8DHLwt4oX65ZAFMw","XXXTENTACION","Look At Me!","Bad Vibes Forever / EMPIRE",70,118,17,"4243327"
130,"spotify:track:68EMU2RD1ECNeOeJ5qAXCV","Charlie Puth, Selena Gomez","We Don't Talk Anymore (feat. Selena Gomez)","Artist Partner",39,135,27,"4238158"
131,"spotify:track:4pLwZjInHj3SimIyN9SnOz","Ariana Grande, Nicki Minaj","Side To Side","Universal Records",18,128,27,"4197715"
132,"spotify:track:6DNtNfH8hXkqOX1sjqmI7p","Major Lazer, Justin Bieber, MØ","Cold Water (feat. Justin Bieber & MØ)","Third Pardee Records",14,134,27,"4181755"
133,"spotify:track:3b5Li4QKDVBx1x7fQuu54a","Alan Walker, Gavin James","Tired","Kreatell Music",108,119,6,"4150208"
134,"spotify:track:05rJdH2MRLJ3sQoEUO78qs","Anitta","Paradinha","WM Brazil",127,146,4,"4079542"
135,"spotify:track:3E2Zh20GDCR9B1EYjfXWyv","AJR","Weak","Black Butter",25,132,27,"4078051"
136,"spotify:track:7bJwvubZZaoGE1AGEfu8Fi","Ariana Grande","One Last Time","Universal Records",103,127,5,"3988644"
137,"spotify:track:54h8xHewdRPnYzmbEHBhOO","Imagine Dragons","I’ll Make It Up To You","Kid Ina Korner / Interscope",137,-1,1,"3971712"
138,"spotify:track:6mapJIPnQ23RTAevUoE0DL","Rae Sremmurd","Swang","Mike WiLL Made-It",71,137,27,"3966841"
139,"spotify:track:04DwTuZ2VBdJCCC5TROn7L","Martin Garrix, Bebe Rexha","In the Name of Love","Epic Amsterdam",16,138,27,"3946471"
140,"spotify:track:7vAXN57IQ0sj049wZGIboE","Imagine Dragons","Rise Up","Kid Ina Korner / Interscope",140,-1,1,"3940263"
141,"spotify:track:1Slwb6dOYkBlWal1PGtnNg","Ed Sheeran","Thinking out Loud","Atlantic Records UK",58,142,27,"3938372"
142,"spotify:track:17Fd6Yb7mSbinKG8LoWfFl","Mike Posner, Seeb","I Took A Pill In Ibiza - Seeb Remix","Monster Mountain, LLC / Island",40,139,27,"3923153"
143,"spotify:track:1a5Yu5L18qNxVhXx38njON","Alok, Zeeba, Bruno Martini","Hear Me Now","Spinnin' Records",27,140,27,"3859877"
144,"spotify:track:7DM4BPaS7uofFul3ywMe46","Ricky Martin, Maluma","Vente Pa' Ca (feat. Maluma)","Sony Music Latin",49,144,27,"3830818"
145,"spotify:track:4yN6xPLopmTLvc27pO9LIE","Nicky Jam, Wisin","Si Tú La Ves (feat. Wisin)","Sony Music Latin",145,152,9,"3826786"
146,"spotify:track:13X0XdLMOdtbXVtAj2ox4h","Piso 21","Besándote","WM Mexico",146,159,6,"3801848"
147,"spotify:track:2KklXplRtxMsBYo474Es0w","Ofenbach","Be Mine","Elektra France",147,154,6,"3777960"
148,"spotify:track:2RttW7RAu5nOAfq6YFvApB","Ed Sheeran","Happier","Atlantic Records UK",10,148,17,"3763596"
149,"spotify:track:4Q5yMlwAfAoitqg4r9oZHN","Cashmere Cat, Ariana Grande","Quit (feat. Ariana Grande)","Benny Blanco Major",66,136,9,"3737910"
150,"spotify:track:6mORGLOz79w6VsCRLWYYuK","Lord Huron","The Night We Met","Play It Again Sam",55,147,12,"3722573"
151,"spotify:track:0pSBuHjILhNEo55xK1zrRt","Ayo & Teo","Rolex","Columbia",99,151,17,"3721592"
152,"spotify:track:6Pw3Gvw4wNMZfTYZa6IQal","Bebe Rexha, Lil Wayne","The Way I Are (Dance with Somebody) [feat. Lil Wayne]","Warner Records",139,145,4,"3714958"
153,"spotify:track:5i50gKdLAjjIr7UxRT5IVy","Sebastian Yatra, Nacho, Wisin","Alguien Robo","UMLE - Latino",138,155,16,"3704210"
154,"spotify:track:27SdWb2rFzO6GWiYDBTD9j","Sia","Cheap Thrills","Monkey Puzzle Records/RCA Records",31,157,27,"3701082"
155,"spotify:track:3hB5DgAiMAQ4DzYbsMq1IT","Justin Bieber","Love Yourself","RBMG/Def Jam",62,158,27,"3673876"
156,"spotify:track:1sBhJGPUKrdRycgKxve70v","Felix Jaehn, Hight, Alex Aiono","Hot2Touch","Intercord",143,143,4,"3673664"
157,"spotify:track:3GPI7hYiqD6enLRobhkBm8","ItaloBrothers","Summer Air","Zoo Digital",157,160,3,"3661787"
158,"spotify:track:7KOlJ92bu51cltsD9KU5I7","Migos","T-Shirt","Quality Control Music",38,150,24,"3635901"
159,"spotify:track:5Z3GHaZ6ec9bsiI5BenrbY","Khalid","Young Dumb & Broke","Right Hand Music Group, LLC/RCA Records",159,-1,1,"3617316"
160,"spotify:track:0VhgEqMTNZwYL1ARDLLNCX","James Arthur","Can I Be Him","Columbia",160,162,3,"3573965"
161,"spotify:track:5hYTyyh2odQKphUbMqc5gN","Alessia Cara, Disney","How Far I'll Go - From ""Vaiana""","Walt Disney Records",19,166,27,"3565514"
162,"spotify:track:4TZy1wLyHec06pwgFYDh1a","Shawn Mendes","Mercy","Island Records",22,163,27,"3544570"
163,"spotify:track:1wC93sZRGcTgKLN2UWRSwW","Lorde","Perfect Places","Universal Music New Zealand Limited",93,93,3,"3522279"
164,"spotify:track:2MX30RliaxJDgmQ3C3rrJX","blackbear","do re mi","Alamo",77,164,12,"3465934"
165,"spotify:track:7gHs73wELdeycvS48JfIos","Alan Walker","Faded","Kreatell Music",64,167,27,"3452478"
166,"spotify:track:6i0V12jOa3mr6uu4WYhUBr","Twenty One Pilots","Heathens","Atlantic Records",27,169,27,"3435443"
167,"spotify:track:000xQL6tZNLJzIrtIgxqSl","ZAYN, PARTYNEXTDOOR","Still Got Time (feat. PARTYNEXTDOOR)","RCA Records Label",46,141,14,"3424725"
168,"spotify:track:4J2RaG4UH2HCThcqzDpeAF","Imagine Dragons","Start Over","Kid Ina Korner / Interscope",168,-1,1,"3384626"
169,"spotify:track:0azC730Exh71aQlOt9Zj3y","Calvin Harris, Rihanna","This Is What You Came For","Columbia",45,172,27,"3360198"
170,"spotify:track:5MFzQMkrl1FOOng9tq6R9r","Maroon 5, Kendrick Lamar","Don't Wanna Know (feat. Kendrick Lamar)","Interscope Records*",5,170,27,"3359041"
171,"spotify:track:5J1c3M4EldCfNxXwrwt8mT","Sebastian Yatra","Traicionera","UMLE - Latino",84,173,27,"3337629"
172,"spotify:track:0q75NwOoFiARAVp4EXU4Bs","SZA, Travis Scott","Love Galore (feat. Travis Scott)","Top Dawg Entertainment/RCA Records",148,177,3,"3335200"
173,"spotify:track:4tCtwWceOPWzenK2HAIJSb","Fifth Harmony, Ty Dolla $ign","Work from Home (feat. Ty Dolla $ign)","Syco Music/Epic",48,176,27,"3330492"
174,"spotify:track:1EaKU4dMbesXXd3BrLCtYG","Kendrick Lamar","ELEMENT.","Aftermath",10,181,11,"3314156"
175,"spotify:track:59J5nzL1KniFHnU120dQzt","Playboi Carti, Lil Uzi Vert","wokeuplikethis*","AWGE Label",147,174,8,"3309235"
176,"spotify:track:2Z8WuEywRWYTKe1NybPQEW","Twenty One Pilots","Ride","Fueled By Ramen",54,191,27,"3302121"
177,"spotify:track:69bp2EbF7Q2rqc5N3ylezZ","Justin Bieber","Sorry","RBMG/Def Jam",65,179,27,"3296340"
178,"spotify:track:3EfugazgSddQvzZpkof5I4","Anne-Marie","Ciao Adios","Atlantic Records UK",101,161,14,"3277981"
179,"spotify:track:7yyRTcZmCiyzzJlNzGC9Ol","DRAM, Lil Yachty","Broccoli (feat. Lil Yachty)","W.A.V.E. Recordings/EMPIRE/Atlantic",44,183,27,"3275570"
180,"spotify:track:6eT7xZZlB2mwyzJ2sUKG6w","Post Malone","White Iverson","Universal Records",162,175,20,"3272397"
181,"spotify:track:3sJHkcxojoJD2Ytbo1yLLF","Moon Taxi","Two High","RCA Records Label",181,-1,1,"3271862"
182,"spotify:track:7LJjWqhqK594nN7qJzLVXE","BLACKPINK","As If It's Your Last","YG Entertainment",182,-1,1,"3259742"
183,"spotify:track:51ChrwmUPDJvedPQnIU8Ls","Ed Sheeran","Dive","Atlantic Records UK",11,178,17,"3256837"
184,"spotify:track:4WjH9Bzt3kx7z8kl0awxh4","Major Lazer, MØ, DJ Snake","Lean On (feat. MØ & DJ Snake)","Third Pardee Records",113,193,26,"3254973"
185,"spotify:track:3CRDbSIZ4r5MsZ0YwxuEkn","Twenty One Pilots","Stressed Out","Fueled By Ramen",63,190,27,"3253337"
186,"spotify:track:2aksifNn5ph8igDOkPBA02","Rihanna","Love On The Brain","Roc Nation / Rihanna",68,189,27,"3247528"
187,"spotify:track:7Fa5UNizycSms5jP3SQD3F","DJ Khaled, Beyoncé, JAY-Z","Shining (feat. Beyoncé & JAY-Z)","Epic/We The Best",187,-1,2,"3240981"
188,"spotify:track:75JFxkI2RXiU7L9VXzMkle","Coldplay","The Scientist","Parlophone Records Limited",188,-1,4,"3228330"
189,"spotify:track:6rQSrBHf7HlZjtcMZ4S4bO","J Balvin, Pharrell Williams, BIA, Sky Rompiendo","Safari","UMLE - Latino",43,168,27,"3227721"
190,"spotify:track:3BY2mafsbsoKGqS380Xnuz","Don Omar, Zion & Lennox","Te Quiero Pa´Mi","UMLE - Machete",141,184,24,"3206924"
191,"spotify:track:0FuTx2s3YH1ppmtiM6l0zI","JP Cooper","September Song","Universal-Island Records Ltd.",53,171,26,"3201155"
192,"spotify:track:5OOkp4U9P9oL23maHFHL1h","Desiigner","Panda","Getting Out Our Dreams Inc. (G.O.O.D.) Music / IDJ",66,200,27,"3152547"
193,"spotify:track:6stYbAJgTszHAHZMPxWWCY","IAmChino, Pitbull, Yandel, El Chacal","Ay Mi Dios","Mr. 305 Records",74,186,27,"3144626"
194,"spotify:track:1CUVN2kn7mW5FjkqXTR2W1","Jonas Blue, JP Cooper","Perfect Strangers","Positiva",53,188,27,"3131551"
195,"spotify:track:2Ce5IyMlVRVvN997ZJjJJA","Future, Rihanna","Selfish (feat. Rihanna)","Epic/Freebandz/A1",45,185,18,"3112944"
196,"spotify:track:6fujklziTHa8uoM5OQSfIo","Rae Sremmurd, Gucci Mane","Black Beatles","Mike WiLL Made-It",6,198,27,"3100851"
197,"spotify:track:5Ua3GXyHwiSfpNTMjq6m2z","Little Mix","Touch","Syco Music",59,180,26,"3066642"
198,"spotify:track:0ZExP2I5Ej92PsnG4G1jVG","Julia Michaels","Uh Huh","J/Republic",146,-1,3,"3058342"
199,"spotify:track:6VHdcVbiKLYYOcMbIqBcuK","Cali Y El Dandee, Shaggy","Lumbra","Cali y El Dandee Catalog",174,197,12,"3056459"
200,"spotify:track:3dQDid3IUNhZy1OehIfYfE","Wisin","Vacaciones","Sony Music Latin",79,-1,26,"3051096"
