﻿rank,uri,artist_names,track_name,source,peak_rank,previous_rank,weeks_on_chart,streams
1,"spotify:track:7ytR5pFWmSjzHJIeQkgog4","DaBaby, Roddy Ricch","ROCKSTAR (feat. Roddy Ricch)","South Coast Music Group/Interscope Records",1,1,12,"38114397"
2,"spotify:track:1xQ6trAsedVPCdbtDAmk0c","Jawsh 685, Jason Derulo","Savage Love (Laxed - Siren Beat)","Columbia",2,3,4,"34310255"
3,"spotify:track:0VjIjW4GlUZAMYd2vXMi3b","The Weeknd","Blinding Lights","Republic Records",1,2,32,"32065431"
4,"spotify:track:24Yi9hE78yPEbZ4kxyoXAI","SAINt JHN, Imanbek","Roses - Imanbek Remix","Columbia/B1 Recordings",3,5,30,"26839589"
5,"spotify:track:6UelLqGlWMcVH1E5c4H7lY","Harry Styles","Watermelon Sugar","Columbia",5,6,34,"26154801"
6,"spotify:track:3vAn0qZzdyuHamcrpkfiX3","BLACKPINK","How You Like That","YG Entertainment/Interscope Records",4,4,2,"21246346"
7,"spotify:track:7eJMfftS33KTjuF7lTsMCx","Powfu, beabadoobee","death bed (coffee for your head)","Columbia",4,7,21,"20943981"
8,"spotify:track:7ju97lgwC2rKQ6wwsf9no9","Lady Gaga, Ariana Grande","Rain On Me (with Ariana Grande)","Interscope",1,8,7,"20664494"
9,"spotify:track:3H7ihDc1dqLriiWXwsc2po","Topic, A7S","Breaking Me","Intercord",9,13,16,"19348054"
10,"spotify:track:466cKvZn1j45IpxDdYZqdA","Drake","Toosie Slide","OVO",2,9,14,"19131669"
11,"spotify:track:1rgnBhdG2JDFTbYkYRZAku","Tones And I","Dance Monkey","Elektra (NEK)",1,10,51,"19003735"
12,"spotify:track:62aP9fBQKYKxi7PDXwcUAS","Surf Mesa, Emilee","ily (i love you baby) (feat. Emilee)","Astralwerks",9,14,15,"18112805"
13,"spotify:track:5RqR4ZCCKJDcBLIn4sih9l","StaySolidRocky","Party Girl","Columbia",9,11,10,"17728539"
14,"spotify:track:3PfIrDoz19wz7qK7tYeu62","Dua Lipa","Don't Start Now","Warner Records",2,12,36,"17648641"
15,"spotify:track:017PF4Q3l4DBUiWoXk4OWT","Dua Lipa","Break My Heart","Warner Records",7,15,15,"17259460"
16,"spotify:track:22LAwLoDA5b4AaGSkg6bKW","Lil Mosey","Blueberry Faygo","Mogul Vision/Interscope Records",8,16,22,"16655073"
17,"spotify:track:1H7KnK26kc1YyellpbINEn","Pop Smoke, 50 Cent, Roddy Ricch","The Woo (feat. 50 Cent & Roddy Ricch)","Victor Victor Worldwide",17,-1,1,"16135711"
18,"spotify:track:0PvFJmanyNQMseIFrU708S","Pop Smoke, Lil Baby, DaBaby","For The Night (feat. Lil Baby & DaBaby)","Victor Victor Worldwide",18,-1,1,"15991876"
19,"spotify:track:1mohfLaTJtB2RplHLQVM70","Nio Garcia, Anuel AA, Myke Towers, Brray, Juanka","La Jeepeta - Remix","2020 Flow La Movie, Inc. | Powered by GLAD Empire, LLC",19,23,8,"15746726"
20,"spotify:track:24IgCW19L8lXKyFZwzFtD3","Black Eyed Peas, Ozuna, J. Rey Soul","MAMACITA","Universal Music Division Polydor France",20,20,12,"15370491"
21,"spotify:track:4HBZA5flZLE435QTztThqH","Ariana Grande, Justin Bieber","Stuck with U (with Justin Bieber)","Ariana Grande & Justin Bieber ""Stuck With U""- Charity",2,18,9,"15002923"
22,"spotify:track:4nK5YrxbMGZstTLbvj6Gxw","BENEE, Gus Dapperton","Supalonely","Republic Records",12,17,18,"14702655"
23,"spotify:track:0nbXyq5TXYPCO7pr3N8S4I","Roddy Ricch","The Box","Atlantic Records",1,19,30,"14152060"
24,"spotify:track:7qEHsqek33rTcFNT9PFqLf","Lewis Capaldi","Someone You Loved","Vertigo Berlin",4,22,79,"14025242"
25,"spotify:track:4w47S36wQGBhGg073q3nt7","ROSALÍA, Travis Scott","TKN (feat. Travis Scott)","Columbia",15,33,6,"13839767"
26,"spotify:track:2MbdDtCv5LUVjYy9RuGTgC","Jack Harlow, Tory Lanez, DaBaby, Lil Wayne","WHATS POPPIN (feat. DaBaby, Tory Lanez & Lil Wayne) - Remix","Generation Now/Atlantic",25,25,2,"13542689"
27,"spotify:track:39Yp9wwQiSRIDOvrVg7mbk","THE SCOTTS, Travis Scott, Kid Cudi","THE SCOTTS","Cactus Jack / Epic",1,21,11,"13200042"
28,"spotify:track:3ZG8N7aWw2meb6UrI5ZmnZ","Sech","Relación","Rich Music",28,29,10,"13191836"
29,"spotify:track:4umIPjkehX1r7uhmGvXiSV","Justin Bieber, Quavo","Intentions (feat. Quavo)","RBMG/Def Jam",5,24,22,"13052963"
30,"spotify:track:2gMXnyrvIjhVBUZwvLZDMP","Lewis Capaldi","Before You Go","Vertigo Berlin",19,30,33,"12571764"
31,"spotify:track:3Dv1eDb0MEgF93GpLXlucZ","Doja Cat","Say So","Kemosabe Records/RCA Records",6,27,28,"12112328"
32,"spotify:track:1Cv1YLb4q0RzL6pybtaMLo","Surfaces","Sunday Best","Surfaces Music / TenThousand Projects, LLC",13,28,25,"11973037"
33,"spotify:track:7szuecWAPwGoV1e5vGu8tl","The Weeknd","In Your Eyes","Republic Records",6,34,16,"11371897"
34,"spotify:track:4NhDYoQTYCdWHTvlbGVgwo","6ix9ine","GOOBA","Scumgang Records",4,26,9,"11260077"
35,"spotify:track:06s3QtMJVXw1AJX3UfvZG1","Anuel AA, Bad Bunny","Hasta Que Dios Diga","2020 Real Hasta La Muerte, LLC",32,38,6,"11254470"
36,"spotify:track:21jGcNKet2qwijlDFuPiPb","Post Malone","Circles","Republic Records",1,35,45,"11246879"
37,"spotify:track:3gD4J3RUHy4OUuZ3qAiaiG","Ozuna","Caramelo","Aura Music Corp.",37,48,4,"11169365"
38,"spotify:track:5v4GgrXPMghOnBBLmveLac","Megan Thee Stallion, Beyoncé","Savage Remix (feat. Beyoncé)","300 Entertainment",13,32,11,"11065948"
39,"spotify:track:7k4t7uLgtOxPwTpFmtJNTY","KAROL G, Nicki Minaj","Tusa","TUSA - Karol G & Nicki Minaj",3,36,35,"11030473"
40,"spotify:track:79s5XnCN4TJKTVMSmOx8Ep","Pop Smoke","Dior","Victor Victor Worldwide/Republic Records",40,131,17,"10897700"
41,"spotify:track:25zlnOAzbVoOzIeXSvQFf1","Pop Smoke","Got It On Me","Victor Victor Worldwide",41,-1,1,"10606428"
42,"spotify:track:76nqCfJOcFFWBJN32PAksn","Ava Max","Kings & Queens","Atlantic Records",41,41,15,"10514088"
43,"spotify:track:2rRJrJEo19S2J82BDsQ3F7","Trevor Daniel","Falling","Alamo",5,31,34,"10513407"
44,"spotify:track:3Z8FwOEN59mRMxDCtb8N0A","Marshmello, Halsey","Be Kind (with Halsey)","Astralwerks",22,40,10,"10494363"
45,"spotify:track:6gBFPUFcJLzWGx4lenP6h2","Travis Scott","goosebumps","Cactus Jack / Epic",13,39,152,"10441881"
46,"spotify:track:4DpNNXFMMxQEKl7r0ykkWA","Melanie Martinez","Play Date","Atlantic Records",26,37,11,"10407540"
47,"spotify:track:6v3KW9xbzN5yKLt9YKDYA2","Shawn Mendes, Camila Cabello","Señorita","Island Records",1,44,55,"10390877"
48,"spotify:track:3jjujdWJ72nww5eGnfs2E7","Harry Styles","Adore You","Columbia",6,43,31,"10107897"
49,"spotify:track:2b8fOow8UzyDFAE27YhOZM","Maroon 5","Memories","Interscope Records*",2,46,42,"9783144"
50,"spotify:track:57tck8MCxkY6tcQC6VhahR","Apache 207","Bläulich","Four Music Local",50,-1,1,"9748926"
51,"spotify:track:1sgDyuLooyvEML4oHspNza","Kygo, OneRepublic","Lose Somebody","Kygo",32,42,8,"9557505"
52,"spotify:track:2DEZmgHKAvm41k4J3R2E9Y","Bad Bunny, Jowell & Randy, Ñengo Flow","Safaera","Rimas Entertainment LLC",9,49,19,"9240451"
53,"spotify:track:1hg3RlqFZXJb5YgRoK9qmF","Pop Smoke","Gangstas","Victor Victor Worldwide",53,-1,1,"9183170"
54,"spotify:track:3eekarcy7kvN4yt5ZFzltW","Travis Scott","HIGHEST IN THE ROOM","Cactus Jack/Epic",1,47,40,"9161918"
55,"spotify:track:0SqqAgdovOE24BzxIClpjw","Bad Bunny","Yo Perreo Sola","Rimas Entertainment LLC",18,45,19,"9095162"
56,"spotify:track:0RiRZpuVRbi7oqRdSMwhQY","Post Malone, Swae Lee","Sunflower - Spider-Man: Into the Spider-Verse","Republic Records",1,55,90,"9075657"
57,"spotify:track:7mEUjhl6aTztdHCrxoTgBG","Kanye West, Travis Scott","Wash Us In The Blood","Getting Out Our Dreams II / Def Jam Recordings",57,133,2,"9054489"
58,"spotify:track:6O7fPYTsb2mY0PiFt2ymDB","Pop Smoke, Quavo","Aim For The Moon (feat. Quavo)","Victor Victor Worldwide",58,-1,1,"9011502"
59,"spotify:track:2Fxmhks0bxGSBdJ92vM42m","Billie Eilish","bad guy","Darkroom/Interscope Records",1,54,67,"8960724"
60,"spotify:track:1K5KBOgreBi5fkEHvg5ap3","Future, Drake","Life Is Good (feat. Drake)","Epic/Freebandz",3,53,26,"8741325"
61,"spotify:track:2xLMifQCjDGFmkHkpNLD9h","Travis Scott","SICKO MODE","Cactus Jack / Epic",2,52,101,"8707088"
62,"spotify:track:50ZC4PM7hywH27RcCfViau","Rauw Alejandro, Dalex, Lenny Tavárez, Dímelo Flow","Elegí (feat. Dímelo Flow)","Sony Music Latin",54,59,14,"8496367"
63,"spotify:track:7sjFIZ1g5QLJLGja3k592K","Pop Smoke","44 BullDog","Victor Victor Worldwide",63,-1,1,"8443771"
64,"spotify:track:71d7LaAgPcNcUopu3OzmP7","Pop Smoke, Rowdy Rebel","Make It Rain (feat. Rowdy Rebel)","Victor Victor Worldwide",64,-1,2,"8402816"
65,"spotify:track:696DnlkuDOXcMAnKlTgXXK","Arizona Zervas","ROXANNE","Arizona Zervas",2,56,37,"8402787"
66,"spotify:track:1IIKrJVP1C9N7iPtG6eOsK","Chris Brown, Young Thug","Go Crazy","Chris Brown Entertainment/300 Entertainment/RCA Records",66,85,7,"8339523"
67,"spotify:track:4HYDUMY0xSpeBr0AMY9cUz","Jay Wheeler, DJ Nelson, Myke Towers","La Curiosidad","Linked Music / Dynamic Records / EMPIRE",67,95,2,"8316497"
68,"spotify:track:1jaTQ3nqY3oAAYyCTbIvnM","Jack Harlow","WHATS POPPIN","Generation Now/Atlantic",26,50,23,"8275432"
69,"spotify:track:2tnVG71enUj33Ic2nFN6kZ","Regard","Ride It","Ministry of Sound Recordings",12,61,44,"8243645"
70,"spotify:track:527k23H0A4Q0UJN3vGs0Da","Don Toliver","After Party","We Run It Ent./Cactus Jack/Atlantic",42,57,12,"8180243"
71,"spotify:track:0dZpw3h6KZhcHec61qwevZ","Conkarah, Shaggy, DJ Fle","Banana (feat. Shaggy) (DJ FLe Minisiren Remix)","S-Curve Records",71,71,4,"8116611"
72,"spotify:track:4wVOKKEHUJxHCFFNUWDn0B","Drake, GIVĒON","Chicago Freestyle (feat. Giveon)","OVO",23,58,10,"8058650"
73,"spotify:track:2lCkncy6bIB0LTMT7kvrD1","J Balvin","Azul","UMLE - Latino",61,62,16,"8054818"
74,"spotify:track:380HmhwTE2NJgawn1NwkXi","J Balvin","Rojo","UMLE - Latino",14,60,19,"8036410"
75,"spotify:track:285pBltuF7vW8TeWk8hdRR","Juice WRLD","Lucid Dreams","Juice WRLD Mixtape / ISR P&D",3,64,113,"8022114"
76,"spotify:track:6gxKUmycQX7uyMwJcweFjp","Lil Baby, 42 Dugg","We Paid (feat. 42 Dugg)","Quality Control/Motown Records",68,68,3,"7755754"
77,"spotify:track:2D0dj3hVkRQJCp63cxCPEx","Curtis Waters, Harm Franklin","Stunnin' (feat. Harm Franklin) (Explicit)","BMG Rights Management (US) LLC",77,89,3,"7739560"
78,"spotify:track:5rZlwNFl01HqLWBQGryKSm","Pop Smoke, Lil Tjay","Mood Swings (feat. Lil Tjay)","Victor Victor Worldwide",78,-1,1,"7677519"
79,"spotify:track:5kkaSMcf4BFlhRRICCKZb6","Pop Smoke","Something Special","Victor Victor Worldwide",79,-1,1,"7634780"
80,"spotify:track:0jT8Nl0shPS8115is0wD2Q","Camilo","Favorito","Sony Music Latin",29,72,14,"7579772"
81,"spotify:track:66W1rVTnEv86dIkFhoiElg","Regard, RAYE","Secrets","Ministry of Sound Recordings",66,66,6,"7565803"
82,"spotify:track:3ZCTVFBt2Brf31RLEnCkWJ","Billie Eilish","everything i wanted","Darkroom/Interscope Records",2,73,35,"7447924"
83,"spotify:track:6Hw21Z5CmEV78jrncFpMwz","Harry Nach","Tak Tiki Tak","Sony Music Entertainment Chile S.A",76,76,5,"7399369"
84,"spotify:track:2kJwzbxV2ppxnQoYw4GLBZ","JP Saxe, Julia Michaels","If the World Was Ending (feat. Julia Michaels)","Arista Records",38,67,35,"7390329"
85,"spotify:track:0u2P5u6lvoDfwTYjAADbn4","Billie Eilish, Khalid","lovely (with Khalid)","Darkroom",24,74,116,"7367626"
86,"spotify:track:4JB0EAT4BkLShTyTt50FmO","Ty Dolla $ign, FKA twigs, Skrillex, Kanye West","Ego Death (feat. Kanye West, FKA twigs & Skrillex)","Atlantic Records",86,-1,1,"7357022"
87,"spotify:track:2t7D3y0jvYjR8IP9Bosyew","The Kid LAROI, Juice WRLD","GO (feat. Juice WRLD)","Columbia",60,70,4,"7348438"
88,"spotify:track:3eV2WT9YhfzkxbufnBF8wK","Pop Smoke, Swae Lee","Creature (feat. Swae Lee)","Victor Victor Worldwide",88,-1,1,"7308690"
89,"spotify:track:4slSrbTK1sNK4I1mDYEthf","S1mba, DTG","Rover (feat. DTG)","Parlophone UK",77,77,8,"7261007"
90,"spotify:track:1IWNylpZ477gIVUDpJL66u","Lady Gaga, BLACKPINK","Sour Candy (with BLACKPINK)","Interscope",5,51,7,"7239458"
91,"spotify:track:7lUdbnz7wsv3C9zzf4WHl9","Feid, J Balvin, Maluma, Nicky Jam, Sech, Justin Quiles","PORFA Remix ( Feat. Maluma, Nicky Jam, Sech) - Remix","JP Entertainment (Jorge Pino)",91,171,2,"7191375"
92,"spotify:track:6AzKhCHOms83jvNVLsz0Bt","Aya Nakamura, Maluma","Djadja (feat. Maluma) - Remix","Rec. 118",92,104,2,"7176516"
93,"spotify:track:78qd8dvwea0Gosb6Fe6j3k","Doja Cat","Boss Bitch","Atlantic Records",21,69,19,"7164339"
94,"spotify:track:7FIWs0pqAYbP91WWM0vlTQ","Eminem, Juice WRLD","Godzilla (feat. Juice WRLD)","Shady/Aftermath/Interscope Records",4,78,25,"7125822"
95,"spotify:track:0bjgQ24UZGwKikldIyEOgf","Pop Smoke","Yea Yea","Victor Victor Worldwide",95,-1,1,"7112419"
96,"spotify:track:2VxeLyX666F8uXCJ0dZF8B","Lady Gaga, Bradley Cooper","Shallow","A Star is Born OST",3,82,93,"7023812"
97,"spotify:track:0hVXuCcriWRGvwMV1r5Yn9","Ed Sheeran & Justin Bieber, Justin Bieber","I Don't Care (with Justin Bieber)","Atlantic Records UK",1,79,61,"6963502"
98,"spotify:track:7C1trmcQQ5n5RNy4l6ziCv","Nea, Felix Jaehn","Some Say - Felix Jaehn Remix","Milkshake",81,81,4,"6783412"
99,"spotify:track:2tFwfmceQa1Y6nRPhYbEtC","JHAYCO, Bad Bunny","CÓMO SE SIENTE - Remix","N&E Entertainment LLC",63,87,9,"6693134"
100,"spotify:track:3NWrHCwvyII4fTx05PN3IO","Pop Smoke, KAROL G","Enjoy Yourself (feat. Karol G)","Victor Victor Worldwide",100,-1,1,"6620040"
101,"spotify:track:1tkg4EHVoqnhR6iFEXb60y","Pop Smoke","What You Know Bout Love","Victor Victor Worldwide",101,-1,1,"6567235"
102,"spotify:track:3AzjcOeAmA57TIOr9zF1ZW","Dua Lipa","Physical","Warner Records",12,83,23,"6566306"
103,"spotify:track:7aiClxsDWFRQ0Kzk5KI5ku","blackbear","hot girl bummer","Alamo",9,84,46,"6492600"
104,"spotify:track:0pqnGHJpmpxLKifKRmU6WP","Imagine Dragons","Believer","Kid Ina Korner / Interscope",16,88,179,"6492153"
105,"spotify:track:4TOmcZvw0gHa7GiXRbcYAW","Feid, Justin Quiles","PORFA","JP Entertainment (Jorge Pino)",56,63,14,"6383822"
106,"spotify:track:44gRhRi2OhEf7moAUj6MD1","Lil Baby","The Bigger Picture","Quality Control Music/Motown Records",47,75,4,"6377340"
107,"spotify:track:4cSSL3YafYjM3yjgFO1vJg","NLE Choppa, Roddy Ricch","Walk Em Down (feat. Roddy Ricch)","Warner Records",50,80,16,"6374916"
108,"spotify:track:57RA3JGafJm5zRtKJiKPIm","Wallows, Clairo","Are You Bored Yet? (feat. Clairo)","Atlantic Records",108,145,3,"6369673"
109,"spotify:track:7na7Bk98usp84FaOJFPv3d","Rauw Alejandro","Tattoo","(SME US Latin) Duars Entertainment, Corp. (2)",42,91,20,"6360792"
110,"spotify:track:7CHi4DtfK4heMlQaudCuHK","MEDUZA, Becky Hill, Goodboys","Lose Control","Intercord",27,86,38,"6355619"
111,"spotify:track:6yVkakCN460KOVol9ZazjH","Anuel AA","Reggaetonera","2020 Real Hasta La Muerte, LLC",111,111,3,"6270956"
112,"spotify:track:4zGtfOglDBfVUypabBwIjQ","ZAAC, Anitta, Tyga","Desce Pro Play (PA PA PA)","Universal Music Ltda.",112,119,2,"6241031"
113,"spotify:track:3dVvWnj4D8JGkKvo6Hucso","6ix9ine, Nicki Minaj","TROLLZ","Scumgang Records",20,65,4,"6219464"
114,"spotify:track:4OGIeHtYhRTJ8iW21UUyZW","Pop Smoke","Bad Bitch From Tokyo (Intro)","Victor Victor Worldwide",114,-1,1,"6144736"
115,"spotify:track:6Hj9jySrnFppAI0sEMCZpJ","Juice WRLD","Robbery","Grade A Productions/Interscope Records",18,103,51,"6138643"
116,"spotify:track:4NCsrTzgVfsDo8nWyP8PPc","Black Eyed Peas, J Balvin","RITMO (Bad Boys For Life)","Universal Music Division Polydor France",9,90,39,"6136138"
117,"spotify:track:2FhEj9lvEIaJihjFprRrGt","Pop Smoke, Quavo, Future","Snitching (feat. Quavo & Future)","Victor Victor Worldwide",117,-1,1,"6102253"
118,"spotify:track:7m9OqQk4RVRkw9JJdeAw96","XXXTENTACION","Jocelyn Flores","Bad Vibes Forever / EMPIRE",7,96,149,"6034591"
119,"spotify:track:0OyQns5ayNK2OVaES0Vb8t","Juice WRLD","Righteous","Grade A Productions/Interscope Records",10,99,11,"6003350"
120,"spotify:track:0e7ipj03S05BNilyu5bRzt","Post Malone, 21 Savage","rockstar (feat. 21 Savage)","Republic Records",1,98,147,"5983612"
121,"spotify:track:1JDhNQ0oOT7XpclZn3aQ8F","Pop Smoke, Tyga, Quavo","West Coast Shit (feat. Tyga & Quavo)","Victor Victor Worldwide",121,-1,1,"5931242"
122,"spotify:track:6zEgnpM0qYmHLDnh8WPejL","J Balvin","Amarillo","UMLE - Latino",26,94,16,"5915455"
123,"spotify:track:70eFcWOvlMObDhURTqT4Fv","Ed Sheeran, Khalid","Beautiful People (feat. Khalid)","Atlantic Records UK",3,102,54,"5853421"
124,"spotify:track:6ocbgoVGwYJhOv1GgI9NsF","Ariana Grande","7 rings","Republic Records",1,100,77,"5842642"
125,"spotify:track:7qiZfU4dY1lWllzX7mPBI3","Ed Sheeran","Shape of You","Atlantic Records UK",1,109,183,"5816643"
126,"spotify:track:3ee8Jmje8o58CHK66QrVC2","XXXTENTACION","SAD!","Bad Vibes Forever, LLC",1,101,123,"5788424"
127,"spotify:track:2alc8VZAzDgdAsL2QMk3hu","DripReport","Skechers","Arista Records",31,97,17,"5732411"
128,"spotify:track:4u7EnebtmKWzUH433cf5Qv","Queen","Bohemian Rhapsody - Remastered 2011","EMI",11,113,97,"5644120"
129,"spotify:track:4P6IttK2PRBjyr3fm0pP7t","Trevor Daniel, Selena Gomez","Past Life (with Selena Gomez)","Alamo",129,132,2,"5564870"
130,"spotify:track:6NfrH0ANGmgBXyxgV2PeXt","Bad Bunny","La Difícil","Rimas Entertainment LLC",5,108,19,"5526756"
131,"spotify:track:2dpaYNEQHiRxtZbfNsse99","Marshmello, Bastille","Happier","Joytime Collective",2,115,99,"5506737"
132,"spotify:track:0eeKDrQxjqNl5bX5VCHDcn","Justin Quiles, Daddy Yankee, El Alfa","PAM","WEA Latina",117,117,8,"5503121"
133,"spotify:track:55CHeLEfn5iJ0IIkgaa4si","Megan Thee Stallion","Savage","300 Entertainment",16,93,16,"5500167"
134,"spotify:track:4SJHHpKhcuXwDsCsPqshXj","Rauw Alejandro, Chencho Corleone","El Efecto","Duars Entertainment, Corp.",100,118,9,"5495415"
135,"spotify:track:43zdsphuZLzwA9k4DJhU0I","Billie Eilish","when the party's over","Darkroom/Interscope Records",9,112,90,"5494673"
136,"spotify:track:3H3r2nKWa3Yk5gt8xgmsEt","Sam Fischer","This City","RCA Records Label",105,106,12,"5485694"
137,"spotify:track:1ZMiCix7XSAbfAJlEZWMCp","Harry Styles","Falling","Columbia",29,116,30,"5472032"
138,"spotify:track:1yHdZ9S6rBlNPH3LDNMy2P","Juice WRLD, Halsey","Life's A Mess (feat. Halsey)","Grade A Productions/Interscope Records",138,-1,1,"5458976"
139,"spotify:track:6EfBMJQwe2xLgldra6DaYp","6ix9ine","YAYA","Create Music Group",139,-1,1,"5428926"
140,"spotify:track:0tgVpDi06FyKpA1z0VMD4v","Ed Sheeran","Perfect","Atlantic Records UK",4,125,174,"5398756"
141,"spotify:track:4ja2gzrNh9VNigzoXfmbwD","Peach Tree Rascals","Mariposa","Homemade Projects, LLC / TenThousand Projects, LLC",138,138,3,"5385583"
142,"spotify:track:5uCax9HTNlzGybIStD3vDh","James Arthur","Say You Won't Let Go","Columbia",7,124,183,"5366568"
143,"spotify:track:35KmOEIUqAGn02t7n4qaIr","J Balvin","Morado","UMLE - Latino",33,114,26,"5352148"
144,"spotify:track:2QqJTIlGKRLJC3onkavYEz","Polo G, Juice WRLD","Flex (feat. Juice WRLD)","Columbia",79,121,8,"5344898"
145,"spotify:track:0KkIkfsLEJbrcIhYsCL7L5","Anuel AA, Daddy Yankee, KAROL G, Ozuna, J Balvin","China","2020 Real Hasta La Muerte, LLC",2,105,51,"5320394"
146,"spotify:track:3QzAOrNlsabgbMwlZt7TAY","Mustard, Roddy Ricch","Ballin' (with Roddy Ricch)","10 Summers Records/Interscope Records",37,110,40,"5319164"
147,"spotify:track:2AlYncTpVHKwHb55F9lF6O","Sleepy Hallow, Fousheé","Deep End Freestyle","Winners Circle Entertainment Inc / EMPIRE",72,107,8,"5280810"
148,"spotify:track:6gi6y1xwmVszDWkUqab1qw","JACKBOYS, Travis Scott, Young Thug","OUT WEST (feat. Young Thug)","Cactus Jack/Epic",27,126,28,"5211542"
149,"spotify:track:3nS9a01VvXHQriLqJYwRqG","Gunna, Young Thug","DOLLAZ ON MY HEAD (feat. Young Thug)","300 Entertainment",69,130,7,"5176972"
150,"spotify:track:38RIEav39FGi86jppxO0du","Bad Bunny, Sech","Ignorantes","Rimas Entertainment LLC",6,128,21,"5137791"
151,"spotify:track:1lOe9qE0vR9zwWQAOk6CoO","Lil Tecca","Ransom","Republic Records",3,129,58,"5083502"
152,"spotify:track:5QZKcQDp0tCcvMdyqEciBV","Tyla Yaweh, Post Malone","Tommy Lee (feat. Post Malone)","Epic/London Ent.",56,92,4,"5031845"
153,"spotify:track:6FZDfxM3a3UCqtzo5pxSLZ","Halsey","Without Me","Capitol Records",4,137,92,"4990268"
154,"spotify:track:6Gg1gjgKi2AK4e0qzsR7sd","Juice WRLD, YoungBoy Never Broke Again","Bandit (with YoungBoy Never Broke Again)","Grade A Productions/Interscope Records",14,140,40,"4982776"
155,"spotify:track:2YpeDb67231RjR0MgVLzsG","Lil Nas X, Billy Ray Cyrus","Old Town Road (feat. Billy Ray Cyrus) - Remix","Columbia",2,139,66,"4972692"
156,"spotify:track:3JHpk0DOTOzyh0777JFAky","Myke Towers","Diosa","2020 One World Music & Casablanca Records | Powered by GLAD Empire, LL",49,136,21,"4956726"
157,"spotify:track:5m3jpKkgkfoMcym1qjToFg","Alex Rose, Rafa Pabön","Jangueo","Los Oidos Fresh/ Los Proximos",122,142,17,"4921973"
158,"spotify:track:2SxR5RitJdsG6wINvJLBSD","Pop Smoke","Tunnel Vision (Outro)","Victor Victor Worldwide",158,-1,1,"4907751"
159,"spotify:track:4VXIryQMWpIdGgYR4TrjT1","Juice WRLD","All Girls Are The Same","Juice WRLD Mixtape / ISR P&D",48,162,46,"4854784"
160,"spotify:track:16wAOAZ2OkqoIDN7TpChjR","Justin Bieber","Yummy","RBMG/Def Jam",2,135,27,"4843556"
161,"spotify:track:3JKgcAa7r07ocVWcV8bS0H","Polo G","21","Columbia",161,168,2,"4812202"
162,"spotify:track:07KXEDMj78x68D884wgVEm","Roddy Ricch, Mustard","High Fashion (feat. Mustard)","Atlantic Records",29,134,26,"4810719"
163,"spotify:track:3U4isOIWM3VvDubwSI3y7a","John Legend","All of Me","G.O.O.D. Music/Columbia",143,151,74,"4803210"
164,"spotify:track:0JP9xo3adEtGSdUEISiszL","XXXTENTACION","Moonlight","Bad Vibes Forever, LLC",2,143,119,"4775555"
165,"spotify:track:4EivmOT13NMpNSfTKn9p4s","Doja Cat, Gucci Mane","Like That (feat. Gucci Mane)","Kemosabe Records/RCA Records",69,141,17,"4756459"
166,"spotify:track:6K4t31amVTZDgR3sKmwUJJ","Tame Impala","The Less I Know The Better","Universal Music Australia Pty. Ltd.",149,149,26,"4748034"
167,"spotify:track:4Of7rzpRpV1mWRbhp5rAqG","Lewis Capaldi","Bruises","Vertigo Berlin",66,154,50,"4717458"
168,"spotify:track:0t3ZvGKlmYmVsDzBJAXK8C","Post Malone, Young Thug","Goodbyes (feat. Young Thug)","Republic Records",2,146,53,"4697256"
169,"spotify:track:51Fjme0JiitpyXKuyQiCDo","Y2K, bbno$","Lalala","Columbia",4,150,55,"4672056"
170,"spotify:track:2iUXsYOEPhVqEBwsqP70rE","5 Seconds of Summer","Youngblood","Capitol",8,152,113,"4661475"
171,"spotify:track:6Ozh9Ok6h4Oi1wUSLtBseN","DaBaby","BOP","South Coast Music Group/Interscope Records",23,153,41,"4657836"
172,"spotify:track:6RUKPb4LETWmmr3iAEQktW","The Chainsmokers, Coldplay","Something Just Like This","Disruptor Records/Columbia",2,161,144,"4648644"
173,"spotify:track:41wtwzCZkXwpnakmwJ239F","Bad Bunny","Si Veo a Tu Mamá","Rimas Entertainment LLC",7,148,19,"4638728"
174,"spotify:track:7mcdgAXmb35dakBnfDIv3q","Anuel AA","Narcos","2020 Real Hasta La Muerte, LLC",174,-1,1,"4634276"
175,"spotify:track:1kKYjjfNYxE0YYgLa7vgVY","Kygo, Whitney Houston","Higher Love","Kygo",31,165,53,"4633555"
176,"spotify:track:2wrJq5XKLnmhRXHIAf9xBa","Dan + Shay, Justin Bieber","10,000 Hours (with Justin Bieber)","Warner Records Nashville",5,127,40,"4601173"
177,"spotify:track:5DqdesEfbRyOlSS3Tf6c29","Ali Gatie","It's You","Warner Records",27,155,56,"4599766"
178,"spotify:track:7xQAfvXzm3AkraOtGPWIZg","Post Malone","Wow.","Republic Records",2,156,81,"4597836"
179,"spotify:track:7yq4Qj7cqayVTp3FF9CWbm","Vance Joy","Riptide","F-Stop Records/Atlantic",179,179,4,"4595396"
180,"spotify:track:25sgk305KZfyuqVBQIahim","Ava Max","Sweet but Psycho","Atlantic Records",6,157,93,"4593642"
181,"spotify:track:4ZLzoOkj0MPWrTLvooIuaa","Kina, Snøw","Get You The Moon (feat. Snøw)","Columbia",95,167,56,"4576677"
182,"spotify:track:4iHSE5R1U8jf84tRn52xRt","iann dior, Lil Baby","Prospect (feat. Lil Baby)","TenThousand Projects, LLC",177,177,2,"4571916"
183,"spotify:track:7BKLCZ1jbUBVqRi2FVlTVw","The Chainsmokers, Halsey","Closer","Disruptor Records/Columbia",2,178,152,"4569019"
184,"spotify:track:5stPVcRqb4qixbafP9e8lt","Dalex, Lenny Tavárez, Chencho Corleone, Juhn, Dímelo Flow","Hola - Remix","Rich Music",29,159,34,"4566653"
185,"spotify:track:0fea68AdmYNygeTGI4RC18","J Balvin, Bad Bunny","LA CANCIÓN","Universal Music Latino / Rimas",17,160,54,"4555420"
186,"spotify:track:5T8EDUDqKcs6OSOwEsfqG7","Queen","Don't Stop Me Now - Remastered 2011","EMI",51,187,65,"4505582"
187,"spotify:track:4R8BJggjosTswLxtkw8V7P","JHAYCO, J Balvin, Bad Bunny","No Me Conoce - Remix","N&E Entertainment LLC",20,173,59,"4501188"
188,"spotify:track:7sQKy5vlPQllr0k9IjYJv3","Arcángel, Sech, Dímelo Flow","Sigues Con El","Rimas Entertainment LLC.",21,172,29,"4484613"
189,"spotify:track:7kOf0qHO4Rcwk6QJifZDRJ","Anuel AA","El Manual","2020 Real Hasta La Muerte, LLC",189,-1,1,"4470597"
190,"spotify:track:1zB4vmk8tFRmM9UULNzbLB","Imagine Dragons","Thunder","Kid Ina Korner / Interscope",8,184,143,"4468668"
191,"spotify:track:3B0irDyS69y5eAz15xV2Ee","Avicii","Wake Me Up","Pophouse Entertainment Group",13,193,28,"4461953"
192,"spotify:track:52zq2a71SGs3f1vJuv59ui","Juanfran","Como Llora","DN7 Music",192,-1,1,"4450691"
193,"spotify:track:7d8GetOsjbxYnlo6Y9e5Kw","The Killers","Mr. Brightside","Island Records",148,186,41,"4443526"
194,"spotify:track:74j34STf8L6uADnTN69ohv","Rauw Alejandro, Chencho Corleone, KEVVO, Bryant Myers, Lyanno, Dalex","El Efecto - Remix","(SME US Latin) Duars Entertainment, Corp. (2)",158,175,9,"4433384"
195,"spotify:track:7dt6x5M1jzdTEt8oCbisTK","Post Malone","Better Now","Republic Records",1,174,114,"4431571"
196,"spotify:track:3S0OXQeoh0w6AY8WQVckRW","Jason Mraz","I'm Yours","Atlantic Records/ATG",124,191,59,"4427619"
197,"spotify:track:5qrSlOut2rNAWv3ubArkNy","Dean Lewis","Be Alright","Universal Music Australia Pty. Ltd.",12,176,99,"4423039"
198,"spotify:track:2jyjhRf6DVbMPU5zxagN2h","Passenger","Let Her Go","Embassy of Music",170,195,13,"4407901"
199,"spotify:track:4bHsxqR3GMrXTxEPLuK5ue","Journey","Don't Stop Believin' (2022 Remaster)","Columbia/Legacy",185,-1,9,"4394985"
200,"spotify:track:7KKh0ujp8agIiCrkiJhf81","Anuel AA, Tego Calderón","Jangueo","2020 Real Hasta La Muerte, LLC",140,-1,2,"4380714"
