﻿rank,uri,artist_names,track_name,source,peak_rank,previous_rank,weeks_on_chart,streams
1,"spotify:track:3eekarcy7kvN4yt5ZFzltW","Travis Scott","HIGHEST IN THE ROOM","Cactus Jack/Epic",1,-1,1,"48161108"
2,"spotify:track:1rgnBhdG2JDFTbYkYRZAku","Tones And I","Dance Monkey","Elektra (NEK)",2,2,12,"37248929"
3,"spotify:track:6v3KW9xbzN5yKLt9YKDYA2","Shawn Mendes, Camila Cabello","Señorita","Island Records",1,1,16,"32898929"
4,"spotify:track:21jGcNKet2qwijlDFuPiPb","Post Malone","Circles","Republic Records",1,3,6,"30376180"
5,"spotify:track:2wrJq5XKLnmhRXHIAf9xBa","Dan + Shay, Justin Bieber","10,000 Hours (with Justin Bieber)","Warner Records Nashville",5,-1,1,"26054266"
6,"spotify:track:7qEHsqek33rTcFNT9PFqLf","Lewis Capaldi","Someone You Loved","Vertigo Berlin",4,4,40,"23509860"
7,"spotify:track:70eFcWOvlMObDhURTqT4Fv","Ed Sheeran, Khalid","Beautiful People (feat. Khalid)","Atlantic Records UK",3,7,15,"20801853"
8,"spotify:track:51Fjme0JiitpyXKuyQiCDo","Y2K, bbno$","Lalala","Columbia",4,5,16,"20427457"
9,"spotify:track:2ksOAxtIxY8yElEWw8RhgK","Anuel AA, Daddy Yankee, KAROL G, J Balvin, Ozuna","China","2019 Real Hasta La Muerte, LLC.",2,8,12,"19162610"
10,"spotify:track:2b8fOow8UzyDFAE27YhOZM","Maroon 5","Memories","Interscope Records*",10,17,3,"19062367"
11,"spotify:track:6b2RcmUt1g9N9mQ3CbjX2Y","Sam Smith","How Do You Sleep?","PLG - Capitol",7,11,12,"18927426"
12,"spotify:track:2Fxmhks0bxGSBdJ92vM42m","Billie Eilish","bad guy","Darkroom/Interscope Records",1,10,28,"18164119"
13,"spotify:track:6vBdBCoOhKHiYDDOcorfNo","Post Malone, Young Thug","Goodbyes (feat. Young Thug)","Republic Records",2,9,14,"18125052"
14,"spotify:track:7aiClxsDWFRQ0Kzk5KI5ku","blackbear","hot girl bummer","Alamo",14,25,7,"16936122"
15,"spotify:track:0hVXuCcriWRGvwMV1r5Yn9","Ed Sheeran & Justin Bieber, Justin Bieber","I Don't Care (with Justin Bieber)","Atlantic Records UK",1,12,22,"16538341"
16,"spotify:track:1lOe9qE0vR9zwWQAOk6CoO","Lil Tecca","Ransom","Republic Records",3,6,19,"16378228"
17,"spotify:track:6Gg1gjgKi2AK4e0qzsR7sd","Juice WRLD, YoungBoy Never Broke Again","Bandit (with YoungBoy Never Broke Again)","Grade A Productions/Interscope Records",17,-1,1,"15831557"
18,"spotify:track:0RiRZpuVRbi7oqRdSMwhQY","Post Malone, Swae Lee","Sunflower - Spider-Man: Into the Spider-Verse","Republic Records",1,14,51,"15069378"
19,"spotify:track:1000nHvUdawXuUHgBod4Wv","Lil Nas X","Panini","Columbia",7,15,16,"14989217"
20,"spotify:track:3NkJNL3WqO1Lqc3uNDxvCN","Ariana Grande, Miley Cyrus, Lana Del Rey","Don’t Call Me Angel (Charlie’s Angels) (with Miley Cyrus & Lana Del Rey)","Silver Cloud/Charlie's Angels",3,13,4,"14602503"
21,"spotify:track:05mDaV9Vb3wrzjF6OPZnhq","Post Malone","Saint-Tropez","Republic Records",4,16,5,"14091041"
22,"spotify:track:5qmq61DAAOUaW8AUo8xKhh","Lizzo","Truth Hurts","Nice Life/Atlantic",16,18,24,"13897709"
23,"spotify:track:7LzouaWGFCy4tkXDOOnEyM","Camila Cabello","Liar","Syco Music/Epic",23,28,5,"13257717"
24,"spotify:track:7CZyCXKG6d5ALeq41sLzbw","Post Malone, Ozzy Osbourne, Travis Scott","Take What You Want (feat. Ozzy Osbourne & Travis Scott)","Republic Records",6,22,5,"13063434"
25,"spotify:track:6osaMSJh9NguagEDQcZaKx","DJ Snake, J Balvin, Tyga","Loco Contigo (feat. J. Balvin & Tyga)","DJ Snake Music Productions Limited",10,19,17,"13033414"
26,"spotify:track:2TH65lNHgvLxCKXM3apjxI","Bad Bunny, Tainy","Callaita","Rimas Entertainment LLC",7,21,19,"12986335"
27,"spotify:track:3jbT1Y5MoPwEIpZndDDwVq","Tainy, Anuel AA, Ozuna","Adicto (with Anuel AA & Ozuna)","NEON16/Interscope Records",26,26,7,"12784551"
28,"spotify:track:2YpeDb67231RjR0MgVLzsG","Lil Nas X, Billy Ray Cyrus","Old Town Road (feat. Billy Ray Cyrus) - Remix","Columbia",2,20,27,"12632323"
29,"spotify:track:2tnVG71enUj33Ic2nFN6kZ","Regard","Ride It","Ministry of Sound Recordings",29,42,5,"12367913"
30,"spotify:track:4R8BJggjosTswLxtkw8V7P","JHAYCO, J Balvin, Bad Bunny","No Me Conoce - Remix","N&E Entertainment LLC",20,27,20,"12319675"
31,"spotify:track:0fea68AdmYNygeTGI4RC18","J Balvin, Bad Bunny","LA CANCIÓN","Universal Music Latino / Rimas",17,24,15,"12309405"
32,"spotify:track:4sjiIpEv617LDXaidKioOI","YNW Melly, 9lokknine","223's (feat. 9lokknine)","300 Entertainment",32,34,5,"12075982"
33,"spotify:track:6XHVuErjQ4XNm6nDPVCxVX","Chris Brown, Drake","No Guidance (feat. Drake)","Chris Brown Entertainment/RCA Records",11,30,18,"12061373"
34,"spotify:track:6V9fHiv84WlVTg7CSnIVY2","Halsey","Graveyard","Capitol Records",31,39,4,"11983949"
35,"spotify:track:1nocRtwyNPVtGcIJqfgdzZ","Camilo, Pedro Capó","Tutu","Sony Music Latin",27,29,9,"11888210"
36,"spotify:track:7BlBVFwvbWvcwNcUarQmjk","ROSALÍA, Ozuna","Yo x Ti, Tu x Mi","Columbia",20,23,8,"11682343"
37,"spotify:track:6moU77g9RQyMzHNuKEaQKq","Ali Gatie","It's You","Warner Records",27,37,17,"11235482"
38,"spotify:track:0Ryd8975WihbObpp5cPW1t","Ariana Grande, Social House","boyfriend (with Social House)","Republic Records",3,31,10,"10951910"
39,"spotify:track:5ry2OE6R2zPQFDO85XkgRb","Drake, Rick Ross","Money In The Grave (Drake ft. Rick Ross)","Republic Records",5,33,17,"10780344"
40,"spotify:track:6wo37KVqFJhtuxPTpLCcfe","The Chainsmokers, ILLENIUM, Lennon Stella","Takeaway","Disruptor Records/Columbia",28,45,11,"10625364"
41,"spotify:track:6oJ6le65B3SEqPwMRNXWjY","Kygo, Whitney Houston","Higher Love","Kygo/RCA Records",31,40,15,"10417563"
42,"spotify:track:322tcqPhma7F6hfCeLisx0","Lauv, Anne-Marie","fuck, i'm lonely","Lauv",30,44,10,"10414145"
43,"spotify:track:1DFD5Fotzgn6yYXkYsKiGs","MEDUZA, Goodboys","Piece Of Your Heart","Intercord",14,36,26,"10283404"
44,"spotify:track:3Yh9lZcWyKrK9GjbhuS0hR","Lizzo","Good as Hell","Nice Life/Atlantic",44,47,14,"10254273"
45,"spotify:track:0Xek5rqai2jcOWCYWJfVCF","Post Malone, DaBaby","Enemies (feat. DaBaby)","Republic Records",7,38,5,"9785800"
46,"spotify:track:5Z8HZM6iQMhhqyPcCGY5g9","Young Thug, Gunna","Hot (feat. Gunna)","300 Entertainment/Atl",46,50,8,"9768494"
47,"spotify:track:4sWuPniHClkInYAnzXAYUF","NLE Choppa","Camelot","Warner Records",47,52,4,"9579243"
48,"spotify:track:7sWRlDoTDX8geTR8zzr2vt","Post Malone","Hollywood's Bleeding","Republic Records",5,35,5,"9394294"
49,"spotify:track:2VxeLyX666F8uXCJ0dZF8B","Lady Gaga, Bradley Cooper","Shallow","A Star is Born OST",3,49,54,"9357550"
50,"spotify:track:1c0hsvHLELX6y8qymnpLKL","Lunay, Daddy Yankee, Bad Bunny","Soltera (Remix)","round2media - LaFamilia",8,43,22,"9341449"
51,"spotify:track:1dGr1c8CrMLDpV6mPbImSI","Taylor Swift","Lover","Taylor Swift",2,46,8,"9298271"
52,"spotify:track:4bTZeO72FwMa6wKOiqoynL","Sech, Ozuna, Anuel AA, Darell, Nicky Jam","Otro Trago - Remix","Rich Music",11,41,11,"9286462"
53,"spotify:track:6Ozh9Ok6h4Oi1wUSLtBseN","DaBaby","BOP","South Coast Music Group/Interscope Records",32,32,2,"8931804"
54,"spotify:track:7x9nXsowok1JszkVztI5NI","French Montana, Rvssian, Post Malone, Cardi B","Writing on the Wall (feat. Post Malone & Cardi B)","Epic/Bad Boy Entertainment",48,48,2,"8834756"
55,"spotify:track:6ocbgoVGwYJhOv1GgI9NsF","Ariana Grande","7 rings","Republic Records",1,56,38,"8415832"
56,"spotify:track:3s4mrPrEFFPF0LmAfutW0n","Young Thug, J. Cole, Travis Scott","The London (feat. J. Cole & Travis Scott)","300 Entertainment/Atl",6,57,20,"8254036"
57,"spotify:track:40nPimvmG05WYS7983bawZ","Camila Cabello","Cry for Me","Syco Music/Epic",57,-1,1,"8248479"
58,"spotify:track:25ZAibhr3bdlMCLmubZDVt","J Balvin, Bad Bunny","QUE PRETENDES","Universal Music Latino / Rimas",15,54,15,"8151841"
59,"spotify:track:0rIAC4PXANcKmitJfoqmVm","Normani","Motivation","Keep Cool/RCA Records",42,61,8,"8128800"
60,"spotify:track:26wLOs3ZuHJa2Ihhx6QIE6","5 Seconds of Summer","Teeth","UMGRI Interscope",46,65,7,"8026271"
61,"spotify:track:0u2P5u6lvoDfwTYjAADbn4","Billie Eilish, Khalid","lovely (with Khalid)","Darkroom",24,60,77,"7979295"
62,"spotify:track:7xQAfvXzm3AkraOtGPWIZg","Post Malone","Wow.","Republic Records",2,55,42,"7938064"
63,"spotify:track:0fySG6A6qLE8IvDpayb5bM","DaBaby","VIBEZ","South Coast Music Group/Interscope Records",53,53,2,"7912851"
64,"spotify:track:2dpaYNEQHiRxtZbfNsse99","Marshmello, Bastille","Happier","Joytime Collective",2,63,60,"7845289"
65,"spotify:track:67ojvEGRPAUCOohuMPqoRC","Capital Bra, Samra, LEA","110","Urban",35,51,3,"7832614"
66,"spotify:track:36orMWv2PgvnzXsd5CJ0yL","Sam Feldt, RANI","Post Malone (feat. RANI)","Spinnin' Remixes",59,74,16,"7730374"
67,"spotify:track:6Y4PDQv4XjYjHLeLmvyOt0","Sech, Ozuna","Si Te Vas","Rich Music",67,80,2,"7726660"
68,"spotify:track:2xLMifQCjDGFmkHkpNLD9h","Travis Scott","SICKO MODE","Cactus Jack / Epic",2,87,62,"7544228"
69,"spotify:track:7KbF6AdprOXEEHlsq11Z6d","Maluma","11 PM","Sony Music Latin",31,64,21,"7508903"
70,"spotify:track:4AjWbAwRpxk2worpjNH5CS","Rich Music LTD, Sech, Dalex, Justin Quiles, Lenny Tavárez, Feid, Wisin, Zion","Quizas","Rich Music",70,72,3,"7469556"
71,"spotify:track:4a6q8CR2hzLk2plDkSxkfD","Bazzi","I.F.L.Y.","iamcosmic",47,73,12,"7448950"
72,"spotify:track:43zdsphuZLzwA9k4DJhU0I","Billie Eilish","when the party's over","Darkroom/Interscope Records",9,70,51,"7400576"
73,"spotify:track:4vUmTMuQqjdnvlZmAH61Qk","Ed Sheeran, Camila Cabello, Cardi B","South of the Border (feat. Camila Cabello & Cardi B)","Atlantic Records UK",10,100,13,"7391073"
74,"spotify:track:2qG5sZ7Si6sdK74qLxedYM","ROSALÍA, J Balvin, El Guincho","Con Altura","Columbia",30,59,28,"7389294"
75,"spotify:track:22vgEDb5hykfaTwLuskFGD","Jonas Brothers","Sucker","Jonas Brothers Recording",2,67,32,"7370776"
76,"spotify:track:6mAN61JH0dzyZpWslS11jy","Rauw Alejandro, Farruko","Fantasias","(SME US Latin) Duars Entertainment, Corp. (2)",76,105,2,"7257637"
77,"spotify:track:4u7EnebtmKWzUH433cf5Qv","Queen","Bohemian Rhapsody - Remastered 2011","EMI",11,75,58,"7196387"
78,"spotify:track:2bT1PH7Cw3J9p3t7nlXCdh","Shawn Mendes","If I Can't Have You","Island Records",4,68,23,"7160206"
79,"spotify:track:5dhQeuLGmlhfwlI6BWfSpo","Apache 207","Roller","Four Music Local",66,66,7,"7107799"
80,"spotify:track:4fwo6czG5nvOQMzhOto1ya","Diplo, Jonas Brothers","Lonely (with Jonas Brothers)","Columbia",80,95,2,"6926655"
81,"spotify:track:0pqnGHJpmpxLKifKRmU6WP","Imagine Dragons","Believer","Kid Ina Korner / Interscope",16,88,140,"6923952"
82,"spotify:track:6RRNNciQGZEXnqk8SQ9yv5","Taylor Swift","You Need To Calm Down","Taylor Swift",4,69,17,"6897394"
83,"spotify:track:5099x34vBakWpGkHourFxP","Maluma, J Balvin","Qué Pena","Sony Music Latin",77,77,2,"6851827"
84,"spotify:track:2C6WXnmZ66tHhHlnvwePiK","Post Malone, Halsey, Future","Die For Me (feat. Future & Halsey)","Republic Records",13,62,5,"6845907"
85,"spotify:track:0e7ipj03S05BNilyu5bRzt","Post Malone, 21 Savage","rockstar (feat. 21 Savage)","Republic Records",1,83,108,"6839903"
86,"spotify:track:6TqXcAFInzjp0bODyvrWEq","Khalid, Disclosure","Talk (feat. Disclosure)","Right Hand Music Group, LLC/RCA Records",10,76,35,"6800425"
87,"spotify:track:18HNGxDOcshRU2Hdu8tMOM","Gambi","POPOPOP","Rec. 118",87,-1,1,"6796759"
88,"spotify:track:5aUSEPNd3m5xliFK4pn5mU","Zedd, Kehlani","Good Thing (with Kehlani)","Interscope Records",88,168,2,"6789629"
89,"spotify:track:5p7ujcrUXASCNwRaWNHR1C","Halsey","Without Me","Capitol Records",4,84,53,"6690781"
90,"spotify:track:59s0s39NFWScuHDbHytI14","Reik, J Balvin, Lalo Ebratt","Indeciso","Indeciso",90,102,5,"6501581"
91,"spotify:track:6Qs4SXO9dwPj5GKvVOv8Ki","Sam Smith, Normani","Dancing With A Stranger (with Normani)","PLG - Capitol",7,90,39,"6426966"
92,"spotify:track:1G2CAJeP7rCwOZjlSJ0Zw3","Major Lazer, J Balvin, El Alfa, Diplo","Que Calor","Mad Decent",92,107,4,"6421390"
93,"spotify:track:4Ta3PhWmY50ZLU1uhKFKPE","Dermot Kennedy","Outnumbered","Riggins Recording Limited",93,-1,1,"6418867"
94,"spotify:track:12Fkyg9lpmaz2zmKOfw2Y2","Post Malone, Meek Mill, Lil Baby","On The Road (feat. Meek Mill & Lil Baby)","Republic Records",17,78,5,"6387462"
95,"spotify:track:5w9c2J52mkdntKOmRLeM2m","Daddy Yankee, Snow","Con Calma","Craft Latino",2,85,37,"6371097"
96,"spotify:track:7FGq80cy8juXBCD2nrqdWU","benny blanco, Halsey, Khalid","Eastside (with Halsey & Khalid)","Friends Keep Secrets/Interscope Records",4,91,65,"6365652"
97,"spotify:track:1tNJrcVe6gwLEiZCtprs1u","Dominic Fike","3 Nights","Columbia",51,94,28,"6364173"
98,"spotify:track:2gwkD6igEhQbDQegRCcdoB","DaBaby","Suge","South Coast Music Group/Interscope Records",26,89,24,"6307508"
99,"spotify:track:0y675KDleCZEudjoeL1sQQ","Lauv","Feelings","Lauv",99,133,3,"6256587"
100,"spotify:track:4B7fTyj1FIPvP9tT5X3DnR","Drake","Behind Barz - Bonus","OVO Sound",61,92,4,"6226761"
101,"spotify:track:684EjRHwNsZQ9hCQxL4NYL","Dímelo Flow, Nicky Jam, Sech, Farruko, Zion, Lunay","El Favor (with Nicky Jam & Sech, feat. Farruko, Zion & Lunay)","Rich Music/Interscope Records",87,93,6,"6214034"
102,"spotify:track:7qiZfU4dY1lWllzX7mPBI3","Ed Sheeran","Shape of You","Atlantic Records UK",1,101,144,"6205307"
103,"spotify:track:25sgk305KZfyuqVBQIahim","Ava Max","Sweet but Psycho","Atlantic Records",6,97,54,"6185437"
104,"spotify:track:6gBFPUFcJLzWGx4lenP6h2","Travis Scott","goosebumps","Cactus Jack / Epic",60,132,114,"6138292"
105,"spotify:track:3e9HZxeyfWwjeyPAMmWSSQ","Ariana Grande","thank u, next","Republic Records",1,103,49,"6103394"
106,"spotify:track:0UPBidRYcgJ2mjZlk08V8x","Lil Tjay","F.N","Columbia",106,120,6,"6021144"
107,"spotify:track:1EoEU4HY57qaITp06TkC6B","Duki","Goteo","SSJ Records / DALE PLAY Records",90,96,9,"6005410"
108,"spotify:track:4Of7rzpRpV1mWRbhp5rAqG","Lewis Capaldi","Bruises","Vertigo Berlin",108,141,12,"6004913"
109,"spotify:track:5MPPttjfGap2C6j6eKcO6J","Quality Control, Lil Baby, DaBaby","Baby (Lil Baby feat. DaBaby)","Quality Control Music/Motown Records",67,99,12,"6004848"
110,"spotify:track:5hDAT527wXWNBnJlujhuUs","Lil Mosey, Gunna","Stuck In A Dream (feat. Gunna)","Mogul Vision/Interscope Records",110,188,2,"5937536"
111,"spotify:track:0U6bQIAh6MCGo1xjbIIx2S","Dimitri Vegas & Like Mike, David Guetta, Daddy Yankee, Afro Bros, NATTI NATASHA, Dimitri Vegas, Like Mike","Instagram","Epic Amsterdam",81,108,14,"5921483"
112,"spotify:track:7dt6x5M1jzdTEt8oCbisTK","Post Malone","Better Now","Republic Records",1,109,76,"5898423"
113,"spotify:track:6K5BsR04ijf3FHNzjbaagD","Myke Towers, Farruko, Arcángel, Sech, Zion","Si Se Da - Remix","2019 Casablanca Records & One World Music | Distributed by GLAD Empire",68,110,10,"5887660"
114,"spotify:track:1iQDltZqI7BXnHrFy4Qo1k","SHAED, ZAYN","Trampoline (with ZAYN)","Photo Finish Records",114,186,2,"5879498"
115,"spotify:track:2xyx0o4xNOLLjBSbOOdcbA","Summer Walker, Bryson Tiller","Playing Games (with Bryson Tiller) - Extended Version","LVRN/Interscope Records",115,-1,1,"5870206"
116,"spotify:track:5PYQUBXc7NYeI1obMKSJK0","Katy Perry","Never Really Over","Capitol Records",10,104,19,"5854258"
117,"spotify:track:4hPpVbbakQNv8YTHYaOJP4","Marshmello, Kane Brown","One Thing Right","Joytime Collective",30,79,16,"5851089"
118,"spotify:track:0DiDStADDVh3SvAsoJAFMk","Jonas Brothers","Only Human","Jonas Brothers Recording",31,122,18,"5832738"
119,"spotify:track:14rWuS6yllHOdfZ8sZsZUj","TWICE","Feel Special","Republic Records - TWICE",82,82,3,"5825178"
120,"spotify:track:2qxmye6gAegTMjLKEBoR3d","Alec Benjamin","Let Me Down Slowly","2018",27,118,44,"5810614"
121,"spotify:track:5uCax9HTNlzGybIStD3vDh","James Arthur","Say You Won't Let Go","Columbia",7,124,145,"5754509"
122,"spotify:track:0F7FA14euOIX8KcbEturGH","Lil Nas X","Old Town Road","Columbia",3,106,31,"5695097"
123,"spotify:track:0tgVpDi06FyKpA1z0VMD4v","Ed Sheeran","Perfect","Atlantic Records UK",4,125,136,"5691983"
124,"spotify:track:1ndyl3wJCFs872XZ3ztPk6","Justin Quiles, NATTI NATASHA, Farruko, Lenny Tavárez, Dalex, Zion","DJ No Pare (feat. Zion, Dalex, Lenny Tavárez) - Remix","WEA Latina",124,135,4,"5661246"
125,"spotify:track:3cphb8kdsjElYR7r5icK3H","Niall Horan","Nice To Meet Ya","Capitol Records",125,-1,1,"5650378"
126,"spotify:track:285pBltuF7vW8TeWk8hdRR","Juice WRLD","Lucid Dreams","Juice WRLD Mixtape / ISR P&D",3,130,74,"5641694"
127,"spotify:track:7fa9MBXhVfQ8P8Df9OEbD8","Maroon 5, Cardi B","Girls Like You (feat. Cardi B) - Cardi B Version","Interscope Records*",2,142,71,"5638267"
128,"spotify:track:5iwz1NiezX7WWjnCgY5TH4","Pedro Capó, Farruko","Calma - Remix","Sony Music Latin",5,116,48,"5584029"
129,"spotify:track:4SDgTLDYrJ2UrHbkRkg7MD","Lil Nas X, DaBaby","Panini - DaBaby Remix","Columbia",94,119,4,"5546985"
130,"spotify:track:2Rk4JlNc2TPmZe2af99d45","Taylor Swift, Brendon Urie, Panic! At The Disco","ME! (feat. Brendon Urie of Panic! At The Disco)","Taylor Swift",2,117,24,"5546085"
131,"spotify:track:5qrSlOut2rNAWv3ubArkNy","Dean Lewis","Be Alright","Universal Music Australia Pty. Ltd.",12,139,64,"5543573"
132,"spotify:track:6IRdLKIyS4p7XNiP8r6rsx","Billie Eilish","all the good girls go to hell","Darkroom/Interscope Records",11,149,17,"5543137"
133,"spotify:track:1rqqCSm0Qe4I9rUvWncaom","Panic! At The Disco","High Hopes","DCD2 / Fueled By Ramen",9,143,68,"5520682"
134,"spotify:track:4SSnFejRGlZikf02HLewEF","Billie Eilish","bury a friend","Darkroom/Interscope Records",2,129,37,"5474782"
135,"spotify:track:2wvLtM25eMpHK7hkidqte2","Apache 207","200 km/h","Four Music Local",69,86,3,"5472015"
136,"spotify:track:1Ej96GIBCTvgH7tNX1r3qr","Sech, Darell","Otro Trago","Rich Music/Ingrooves Records",4,115,24,"5471966"
137,"spotify:track:0mjAU3yKR1QnXnHtjGJqTM","OneRepublic","Rescue Me","Mosley Music/Interscope Records",32,121,21,"5452702"
138,"spotify:track:2iUXsYOEPhVqEBwsqP70rE","5 Seconds of Summer","Youngblood","Capitol",8,137,78,"5452343"
139,"spotify:track:1GeNui6m825V8jP4uKiIaH","Young Thug, Lil Baby","Bad Bad Bad (feat. Lil Baby)","300 Entertainment/Atl",46,131,8,"5451763"
140,"spotify:track:2pfio0uHpT4USTPBNeTIWo","Capital Bra, Samra","Berlin lebt wie nie zuvor","Urban",140,-1,1,"5447434"
141,"spotify:track:2P91MQbaiQOfbiz9VqhqKQ","Lauv","I Like Me Better","Lauv",29,140,123,"5441351"
142,"spotify:track:5pAbCxt9e3f81lOmjIXwzd","Jorja Smith, Burna Boy","Be Honest","Famm Limited",121,177,8,"5425234"
143,"spotify:track:5WrEilrRI5cIW0DxMvQYPZ","SuperM","Jopping","SM Entertainment/Capitol Records",143,-1,1,"5421847"
144,"spotify:track:77KMttn3Lic7ZQKDlPqp8v","DaBaby","INTRO","South Coast Music Group/Interscope Records",58,58,3,"5395559"
145,"spotify:track:0c7K73roy6RW4ebDkf4yGh","24kGoldn","VALENTINO","Records/Columbia",145,179,2,"5387520"
146,"spotify:track:3ee8Jmje8o58CHK66QrVC2","XXXTENTACION","SAD!","Bad Vibes Forever, LLC",1,145,84,"5367634"
147,"spotify:track:6uFn47ACjqYkc0jADwEdj1","Polo G, Lil Tjay","Pop Out (feat. Lil Tjay)","Columbia",40,128,25,"5364806"
148,"spotify:track:1SNiXDwSilLujcYdvfqVpT","The Chainsmokers, Bebe Rexha","Call You Mine","Disruptor Records/Columbia",22,134,19,"5360968"
149,"spotify:track:6zeeWid2sgw4lap2jV61PZ","Khalid","Better","Right Hand Music Group, LLC/RCA Records",7,144,56,"5353880"
150,"spotify:track:2JvzF1RMd7lE3KmFlsyZD8","J. Cole","MIDDLE CHILD","Dreamville, Inc., Under exclusive license to Roc Nation Records",2,151,38,"5295281"
151,"spotify:track:4guBZjUyrGoHsTahO3IHdj","Lil Tecca","Did It Again","Republic Records",65,98,8,"5212845"
152,"spotify:track:1zB4vmk8tFRmM9UULNzbLB","Imagine Dragons","Thunder","Kid Ina Korner / Interscope",8,159,128,"5186597"
153,"spotify:track:6v0lAdFF4haL8xjBIUjtOw","Nicky Jam, Ozuna","Te Robaré","Sony Music Latin",28,146,29,"5180361"
154,"spotify:track:4fj7e6Tc48Bmomwyz2Z2XC","Manuel Turizo, Anuel AA","Te Quemaste","Sony Music Latin/La Industria",127,147,5,"5178082"
155,"spotify:track:5T8EDUDqKcs6OSOwEsfqG7","Queen","Don't Stop Me Now - Remastered 2011","EMI",51,152,50,"5145417"
156,"spotify:track:5WHTFyqSii0lmT9R21abT8","Mabel","Don't Call Me Up","Polydor Records",11,148,36,"5113516"
157,"spotify:track:3TTMUI5dFcbeNSDTTDY9M8","Summer Walker, USHER","Come Thru (with Usher)","LVRN/Interscope Records",157,-1,1,"5084823"
158,"spotify:track:0JP9xo3adEtGSdUEISiszL","XXXTENTACION","Moonlight","Bad Vibes Forever, LLC",2,155,82,"5052915"
159,"spotify:track:44ADyYoY5liaRa3EOAl4uf","Miley Cyrus","Slide Away","RCA/Legacy",31,71,8,"5021789"
160,"spotify:track:2BgEsaKNfHUdlh97KmvFyo","Anne-Marie","2002","Atlantic Records UK",27,153,77,"4988058"
161,"spotify:track:5vdp5UmvTsnMEMESIF2Ym7","Queen","Another One Bites The Dust - Remastered 2011","EMI",36,163,50,"4964211"
162,"spotify:track:4e0FYxSROat25pH16zMTZI","Lil Tecca","Love Me","Republic Records",82,113,10,"4946955"
163,"spotify:track:2WsuSYJNXGKXVYkHPnq2yp","Lil Tecca, Juice WRLD","Ransom (with Juice WRLD) - Remix","Republic Records",78,126,8,"4925975"
164,"spotify:track:3KekO5WUfJsh7kYU9o2w50","Nicky Jam, Sech","Atrévete","Sony Music Latin",112,160,10,"4900768"
165,"spotify:track:7g8YaUQABMal0zWe7a2ijz","Dalex, Rafa Pabön, KHEA, Sech, Feid, Cazzu, Lenny Tavárez","Pa Mí (Remix)","Rich Music/Ingrooves Records",17,157,32,"4899115"
166,"spotify:track:2J0NXdHr6MYvKDSxB7k3V2","Post Malone","A Thousand Bad Times","Republic Records",19,123,5,"4877647"
167,"spotify:track:4lzxJ4jCuFDXXGkE1LmpKR","DJ Luian, Mambo Kingz, Anuel AA, Nicky Jam, Darell, Brytiago","Verte Ir","Hear This Music",25,156,28,"4852872"
168,"spotify:track:1mXVgsBdtIVeCLJnSnmtdV","Sam Smith","Too Good At Goodbyes","PLG - Capitol",1,170,108,"4851958"
169,"spotify:track:4IJEw3fDvS6XF4sDc3bvjK","Murda, Ezhel","AYA","Noah's Ark BV",169,-1,1,"4848177"
170,"spotify:track:5jW3rF4URMdK7tO2xjS5EI","Paulo Londra","Tal Vez","WEA Latina",24,158,27,"4817655"
171,"spotify:track:3U4isOIWM3VvDubwSI3y7a","John Legend","All of Me","G.O.O.D. Music/Columbia",147,178,40,"4808978"
172,"spotify:track:0KoiMHhqKLoL4xM54rcWYY","DJ Snake, Selena Gomez, Ozuna, Cardi B","Taki Taki (feat. Selena Gomez, Ozuna & Cardi B)","DJ Snake Music Productions Limited",1,164,54,"4768039"
173,"spotify:track:1wJRveJZLSb1rjhnUHQiv6","A Boogie Wit da Hoodie, 6ix9ine","Swervin (feat. 6ix9ine)","Highbridge the Label / Atlantic Records",25,165,41,"4757031"
174,"spotify:track:2IRZnDFmlqMuOrYOLnZZyc","Meek Mill, Drake","Going Bad (feat. Drake)","MMG/Atlantic",11,172,45,"4746880"
175,"spotify:track:6xcJyGpfZbuuiequtnlKt4","Travis Scott","BUTTERFLY EFFECT","Cactus Jack / Epic",38,-1,65,"4720207"
176,"spotify:track:7m9OqQk4RVRkw9JJdeAw96","XXXTENTACION","Jocelyn Flores","Bad Vibes Forever / EMPIRE",7,182,111,"4715609"
177,"spotify:track:0rKtyWc8bvkriBthvHKY8d","Joji","SLOW DANCING IN THE DARK","88rising Music",75,180,12,"4690402"
178,"spotify:track:18uwL0vNUanqZH0ro2QcOP","Jeremy Zucker","comethru","Republic Records",111,191,14,"4687121"
179,"spotify:track:6fxVffaTuwjgEk5h9QyRjy","Ed Sheeran","Photograph","Atlantic Records UK",41,189,134,"4674563"
180,"spotify:track:7anSoGdgtmJTAPZBzcPhO6","Dalex, Nicky Jam, Justin Quiles, Sech, Lenny Tavárez, Feid, Rafa Pabön","Cuaderno","Rich Music/Ingrooves Records",66,167,20,"4657361"
181,"spotify:track:4ZLzoOkj0MPWrTLvooIuaa","Kina, Snøw","Get You The Moon (feat. Snøw)","Columbia",95,195,18,"4627697"
182,"spotify:track:7COXchtUOMd6uIT6HvmRaI","Lauv, Troye Sivan","i'm so tired...","Lauv",18,162,37,"4622334"
183,"spotify:track:0rFQ5cKYJ9WtHSKp9sxVYt","Diplo, Morgan Wallen","Heartless (feat. Morgan Wallen)","Columbia",183,198,3,"4613591"
184,"spotify:track:2u8AXJyk8pICzj2wyPBL0b","Sido, Apache 207","2002","Urban",112,112,2,"4601931"
185,"spotify:track:4Clmg1g8n2yBYG13Z1oSdG","Dayvi, Victor Cardenas, Kelly Ruíz","Baila Conmigo (feat. Kelly Ruiz)","Sony Music México",104,174,11,"4587432"
186,"spotify:track:5KawlOMHjWeUjQtnuRs22c","BTS, Halsey","Boy With Luv (feat. Halsey)","BIGHIT MUSIC",3,169,26,"4578919"
187,"spotify:track:2B94bbI1a4LyBpK1439oP7","Noriel, Myke Towers, Rauw Alejandro, Almighty","Cuerpo en Venta","Rimas Entertainment LLC",175,175,3,"4568502"
188,"spotify:track:1KdwnsWOvhM53vezy5ROuf","C. Tangana, Paloma Mami","No Te Debí Besar","Sony Music Entertainment",150,173,3,"4557569"
189,"spotify:track:3yNZ5r3LKfdmjoS3gkhUCT","Billie Eilish, Justin Bieber","bad guy (with Justin Bieber)","Darkroom/Interscope Records",9,154,13,"4555450"
190,"spotify:track:6RUKPb4LETWmmr3iAEQktW","The Chainsmokers, Coldplay","Something Just Like This","Disruptor Records/Columbia",2,196,120,"4524798"
191,"spotify:track:6CcJMwBtXByIz4zQLzFkKc","Billie Eilish","i love you","Darkroom/Interscope Records",21,185,26,"4521084"
192,"spotify:track:5dW1VZPcFqB4n0P08rGDgm","Blanco Brown","The Git Up","Broken Bow Records",64,171,17,"4519487"
193,"spotify:track:3QzAOrNlsabgbMwlZt7TAY","Mustard, Roddy Ricch","Ballin' (with Roddy Ricch)","10 Summers Records/Interscope Records",193,-1,1,"4502740"
194,"spotify:track:78QR3Wp35dqAhFEc2qAGjE","Lil Baby, Gunna","Drip Too Hard (Lil Baby & Gunna)","Quality Control Music/Young Stoner Life Records, a 300 Entertainment Label/Motown Records/Capitol Records",13,-1,52,"4502721"
195,"spotify:track:2fuCquhmrzHpu5xcA1ci9x","Queen, David Bowie","Under Pressure - Remastered 2011","EMI",55,-1,43,"4498761"
196,"spotify:track:2x0RZdkZcD8QRI53XT4GI5","Avicii, Aloe Blacc","SOS (feat. Aloe Blacc)","Pophouse Entertainment Group",4,176,27,"4498426"
197,"spotify:track:6DCZcSspjsKoFjzjrWoCdn","Drake","God's Plan","Cash Money/Drake LP6",1,183,90,"4490154"
198,"spotify:track:5qqabIl2vWzo9ApSC317sa","Oasis","Wonderwall - Remastered","Big Brother",152,200,90,"4477934"
199,"spotify:track:7BKLCZ1jbUBVqRi2FVlTVw","The Chainsmokers, Halsey","Closer","Disruptor Records/Columbia",2,-1,142,"4469463"
200,"spotify:track:0WFgtxiLNr99YaoSdYR3Ud","The Cratez, Bonez MC","Honda Civic","RBK",81,81,2,"4467147"
