﻿rank,uri,artist_names,track_name,source,peak_rank,previous_rank,weeks_on_chart,streams
1,"spotify:track:7qiZfU4dY1lWllzX7mPBI3","Ed Sheeran","Shape of You","Atlantic Records UK",1,1,13,"44933266"
2,"spotify:track:7hDc8b7IXETo14hHIHdnhd","Drake","Passionfruit","Cash Money Records/Young Money Ent./Universal Rec.",2,2,3,"28546595"
3,"spotify:track:3eR23VReFzcdmS7TYCrhCe","Kygo, Selena Gomez","It Ain't Me (with Selena Gomez)","Kygo",2,3,7,"28084938"
4,"spotify:track:6RUKPb4LETWmmr3iAEQktW","The Chainsmokers, Coldplay","Something Just Like This","Disruptor Records/Columbia",2,4,7,"26939068"
5,"spotify:track:7KXjTSCq5nL1LoYtL7XAwS","Kendrick Lamar","HUMBLE.","Aftermath",5,-1,1,"26184873"
6,"spotify:track:0KKkJNfGyhkQ5aFogxQAPU","Bruno Mars","That's What I Like","Atlantic Records",6,8,15,"23454899"
7,"spotify:track:3rOSwuTsUlJp0Pu0MkN8r8","Future","Mask Off","Epic/Freebandz/A1",7,9,7,"23235266"
8,"spotify:track:0dA2Mk56wEzDgegdC6R17g","Zedd, Alessia Cara","Stay","UMGRI Interscope",7,7,6,"23177415"
9,"spotify:track:4aWmUDTfIPGksMNLV2rQP2","Luis Fonsi, Daddy Yankee","Despacito","UMLE - Latino",4,6,12,"21922043"
10,"spotify:track:0afhq8XCExXpqazXczTSve","Ed Sheeran","Galway Girl","Atlantic Records UK",2,5,5,"21786749"
11,"spotify:track:1x5sYLZiu9r5E43kMlt9f8","Clean Bandit, Zara Larsson","Symphony (feat. Zara Larsson)","Atlantic Records UK",11,16,3,"19732350"
12,"spotify:track:72jbDTw1piOOj770jWNeaG","The Chainsmokers","Paris","Disruptor Records/Columbia",2,10,12,"18946141"
13,"spotify:track:7tr2za8SQg2CI8EDgrdtNl","Calvin Harris, Frank Ocean, Migos, Funk Wav","Slide (feat. Frank Ocean & Migos)","Columbia",13,13,6,"18424550"
14,"spotify:track:3ebXMykcMXOcLeJ9xZ17XH","Martin Garrix, Dua Lipa","Scared to Be Lonely","Epic Amsterdam",5,12,10,"17888067"
15,"spotify:track:6D0b04NJIKfEMg040WioJQ","Julia Michaels","Issues","J/Republic",9,14,12,"17314227"
16,"spotify:track:3NdDpSvN911VPGivFlV5d0","ZAYN, Taylor Swift","I Don’t Wanna Live Forever (Fifty Shades Darker)","Taylor Swift",2,11,15,"16938662"
17,"spotify:track:00lNx0OcTJrS3MKHcB80HY","Jax Jones, RAYE","You Don't Know Me (feat. RAYE)","Polydor Records",17,22,13,"15033096"
18,"spotify:track:5knuzwU65gJK7IF5yJsuaW","Clean Bandit, Anne-Marie, Sean Paul","Rockabye (feat. Sean Paul & Anne-Marie)","Atlantic Records UK",3,20,15,"14658641"
19,"spotify:track:5NNlUMcOEOdoOIwwaWXv0k","Maroon 5, Future","Cold (feat. Future)","Interscope Records*",19,23,7,"14646135"
20,"spotify:track:6kex4EBAj0WHXDKZMEJaaF","Jason Derulo, Nicki Minaj, Ty Dolla $ign","Swalla (feat. Nicki Minaj & Ty Dolla $ign)","Beluga Heights/Warner Records",20,38,6,"14442771"
21,"spotify:track:0CcQNd8CINkwQfe1RDtGV6","Imagine Dragons","Believer","Kid Ina Korner / Interscope",19,21,9,"14431303"
22,"spotify:track:6520aj0B4FSKGVuKNsOCOi","Katy Perry, Skip Marley","Chained To The Rhythm","Capitol Records (CAP)",7,18,8,"14404782"
23,"spotify:track:6PCUP3dWmTjcTtXY02oFdT","Ed Sheeran","Castle on the Hill","Atlantic Records UK",2,15,13,"14317863"
24,"spotify:track:2bjwRfXMk4uRgOD9IBYl9h","Drake, Quavo, Travis Scott","Portland","Cash Money Records/Young Money Ent./Universal Rec.",13,17,3,"13658513"
25,"spotify:track:2EEeOnHehOozLq4aS0n6SL","KYLE, Lil Yachty","iSpy (feat. Lil Yachty)","independently popular.",25,25,15,"13518465"
26,"spotify:track:5GXAXm5YOmYT0kL5jHvYBt","The Weeknd, Daft Punk","I Feel It Coming","Universal Republic Records",9,24,15,"12889836"
27,"spotify:track:78rIJddV4X0HkNAInEcYde","Starley, Ryan Riback","Call on Me - Ryan Riback Remix","Central Station Records",13,30,15,"12460004"
28,"spotify:track:7BKLCZ1jbUBVqRi2FVlTVw","The Chainsmokers, Halsey","Closer","Disruptor Records/Columbia",2,32,15,"12206709"
29,"spotify:track:0tgVpDi06FyKpA1z0VMD4v","Ed Sheeran","Perfect","Atlantic Records UK",7,26,5,"11837690"
30,"spotify:track:6HUnnBwYZqcED1eQztxMBN","Martin Jensen","Solo Dance","Intercord",25,35,15,"11792521"
31,"spotify:track:5uCax9HTNlzGybIStD3vDh","James Arthur","Say You Won't Let Go","Columbia",7,31,15,"11420115"
32,"spotify:track:2XlHu0HcujBCkWMdIAvrqt","Drake","Blem","Cash Money Records/Young Money Ent./Universal Rec.",19,19,3,"11336402"
33,"spotify:track:7nKBxz47S9SD79N086fuhn","Enrique Iglesias, Descemer Bueno, Zion & Lennox","SUBEME LA RADIO","RCA Records/Sony Music International/Sony Music Latin",33,40,6,"11263483"
34,"spotify:track:5hYTyyh2odQKphUbMqc5gN","Alessia Cara, Disney","How Far I'll Go - From ""Vaiana""","Walt Disney Records",19,36,15,"11200664"
35,"spotify:track:0gbBzIqrECJOEPvQJIBFs5","Lorde","Green Light","Universal Music New Zealand Limited",24,33,5,"11143071"
36,"spotify:track:5aAx2yezTd8zXrkmtKl66Z","The Weeknd, Daft Punk","Starboy","Universal Republic Records",1,39,15,"10988580"
37,"spotify:track:152lZdxL1OR0ZMW6KquMif","Khalid","Location","Right Hand Music Group, LLC/RCA Records",37,50,9,"10817800"
38,"spotify:track:2eMwDehkIC1j68U6FA3Eiq","Lil Uzi Vert","XO Tour Llif3","Generation Now/Atlantic",38,86,2,"10780410"
39,"spotify:track:4Q3N4Ct4zCuIHuZ65E3BD4","Kodak Black","Tunnel Vision","Atlantic Records",39,55,7,"10757498"
40,"spotify:track:2RttW7RAu5nOAfq6YFvApB","Ed Sheeran","Happier","Atlantic Records UK",10,27,5,"10753625"
41,"spotify:track:343YBumqHu19cGoGARUTsd","Drake","Fake Love","Cash Money Records/Young Money Ent./Universal Rec.",7,28,15,"10670621"
42,"spotify:track:0fg8CqpjdojMyXLNzM2PaJ","Major Lazer, PARTYNEXTDOOR, Nicki Minaj","Run Up (feat. PARTYNEXTDOOR & Nicki Minaj)","Third Pardee Records",17,42,10,"10606204"
43,"spotify:track:3a1lNhkSLSkpJE4MSHpDu9","Post Malone, Quavo","Congratulations","Universal Records",39,45,11,"10524801"
44,"spotify:track:6mICuAdrwEjh6Y6lroV2Kg","Shakira, Maluma","Chantaje (feat. Maluma)","Sony Music Latin",13,43,15,"10301065"
45,"spotify:track:2Ce5IyMlVRVvN997ZJjJJA","Future, Rihanna","Selfish (feat. Rihanna)","Epic/Freebandz/A1",45,54,6,"9966049"
46,"spotify:track:3umS4y3uQDkqekNjVpiRUs","Nicky Jam","El Amante","Sony Music Latin",32,48,11,"9939577"
47,"spotify:track:3E2Zh20GDCR9B1EYjfXWyv","AJR","Weak","Black Butter",25,51,15,"9670828"
48,"spotify:track:6UjfByV1lDLW0SOVQA4NAi","Drake","Gyalchester","Cash Money Records/Young Money Ent./Universal Rec.",23,29,3,"9667713"
49,"spotify:track:6De0lHrwBfPfrhorm9q1Xl","Danny Ocean","Me Rehúso","Atlantic Records",49,56,7,"9626493"
50,"spotify:track:000xQL6tZNLJzIrtIgxqSl","ZAYN, PARTYNEXTDOOR","Still Got Time (feat. PARTYNEXTDOOR)","RCA Records Label",46,46,2,"9573086"
51,"spotify:track:0wfbD5rAksdXUzRvMfM3x5","The Chainsmokers","The One","Disruptor Records/Columbia",51,-1,1,"8727204"
52,"spotify:track:4Km5HrUvYTaSUfiSGPJeQR","Migos, Lil Uzi Vert","Bad and Boujee (feat. Lil Uzi Vert)","Quality Control Music",9,53,15,"8641078"
53,"spotify:track:51ChrwmUPDJvedPQnIU8Ls","Ed Sheeran","Dive","Atlantic Records UK",11,47,5,"8316409"
54,"spotify:track:0FuTx2s3YH1ppmtiM6l0zI","JP Cooper","September Song","Universal-Island Records Ltd.",54,61,14,"8213190"
55,"spotify:track:4pdPtRcBmOSQDlJ3Fk945m","DJ Snake, Justin Bieber","Let Me Love You","DJ Snake Def Jam",4,62,15,"7823036"
56,"spotify:track:0SGkqnVQo9KPytSri1H6cF","Big Sean","Bounce Back","Getting Out Our Dreams Inc. (G.O.O.D.) Music / IDJ",21,64,15,"7822949"
57,"spotify:track:1xznGGDReH1oQq0xzbwXa3","Drake, Wizkid, Kyla","One Dance","Cash Money Records/Young Money Ent./Universal Rec.",12,65,15,"7818867"
58,"spotify:track:05KOgYg8PGeJyyWBPi5ja8","Drake","Free Smoke","Cash Money Records/Young Money Ent./Universal Rec.",16,34,3,"7296538"
59,"spotify:track:5Ua3GXyHwiSfpNTMjq6m2z","Little Mix","Touch","Syco Music",59,95,14,"7225152"
60,"spotify:track:6b8Be6ljOzmkOmFslEb23P","Bruno Mars","24K Magic","Atlantic Records",9,68,15,"7186707"
61,"spotify:track:7y6c07pgjZvtHI9kuMVqk1","Drake, Black Coffee, Jorja Smith","Get It Together","Cash Money Records/Young Money Ent./Universal Rec.",28,37,3,"7053252"
62,"spotify:track:7KOlJ92bu51cltsD9KU5I7","Migos","T-Shirt","Quality Control Music",38,71,12,"6890210"
63,"spotify:track:2pJZ1v8HezrAoZ0Fhzby92","Ed Sheeran","What Do I Know?","Atlantic Records UK",14,67,5,"6858327"
64,"spotify:track:60APt5N2NRaKWf5xzJdzyC","Calvin Harris, Young Thug, Pharrell Williams, Ariana Grande, Funk Wav","Heatstroke (feat. Young Thug, Pharrell Williams & Ariana Grande)","Columbia",64,-1,1,"6825624"
65,"spotify:track:3AEZUABDXNtecAOSC1qTfo","CNCO","Reggaetón Lento (Bailemos)","Sony Music Latin",32,69,15,"6796168"
66,"spotify:track:5HDPtsnyb3maFmPL8LLUTG","Ed Sheeran","New Man","Atlantic Records UK",12,60,5,"6763430"
67,"spotify:track:6n3HGiq4v35D6eFOSwqYuo","Drake","Teenage Fever","Cash Money Records/Young Money Ent./Universal Rec.",36,44,3,"6689093"
68,"spotify:track:5MFzQMkrl1FOOng9tq6R9r","Maroon 5, Kendrick Lamar","Don't Wanna Know (feat. Kendrick Lamar)","Interscope Records*",5,72,15,"6663369"
69,"spotify:track:3QwBODjSEzelZyVjxPOHdq","Zion & Lennox, J Balvin","Otra Vez (feat. J Balvin)","WEA Latina",50,77,15,"6596397"
70,"spotify:track:1CnPYaKxTVb4LWOtiGOm0m","Jon Bellion","All Time Low","Capitol Records (CAP)",30,70,15,"6578361"
71,"spotify:track:4ARPvK8DHLwt4oX65ZAFMw","XXXTENTACION","Look At Me!","Bad Vibes Forever / EMPIRE",71,102,5,"6436056"
72,"spotify:track:6mapJIPnQ23RTAevUoE0DL","Rae Sremmurd","Swang","Mike WiLL Made-It",71,85,15,"6369973"
73,"spotify:track:1qOLh0tI7trd1zdDKxYZTe","Hailee Steinfeld, Grey, Zedd","Starving","UME - Global Clearing House",20,78,15,"6357979"
74,"spotify:track:7mldq42yDuxiUNn08nvzHO","Sam Hunt","Body Like A Back Road","MCA Nashville",63,80,9,"6354906"
75,"spotify:track:7abpmGpF7PGep2rDU68GBR","Burak Yeter, Danelle Sandoval","Tuesday","SBA Production",75,89,8,"6345822"
76,"spotify:track:4b4KcovePX8Ke2cLIQTLM0","The Vamps, Matoma","All Night","EMI",22,63,15,"6288247"
77,"spotify:track:1zayuwd1YLZsYDArkruHdL","Kendrick Lamar","The Heart Part 4","Top Dawg Entertainment",41,41,2,"6105699"
78,"spotify:track:4okba5wu9mMLXx79DXLKi3","Daddy Yankee, Ozuna","La Rompe Corazones","Craft Latino",78,90,9,"6070101"
79,"spotify:track:1a5Yu5L18qNxVhXx38njON","Alok, Zeeba, Bruno Martini","Hear Me Now","Spinnin' Records",27,88,15,"6030223"
80,"spotify:track:2aksifNn5ph8igDOkPBA02","Rihanna","Love On The Brain","Roc Nation / Rihanna",68,79,15,"5978492"
81,"spotify:track:6qDF4wWL49CAVbgT7yuHl8","J Balvin","Sigo Extrañándote","UMLE - Latino",81,100,5,"5951664"
82,"spotify:track:0QsvXIfqM0zZoerQfsI9lm","The Chainsmokers, Daya","Don't Let Me Down","Disruptor Records/Columbia",25,101,15,"5712905"
83,"spotify:track:2jTujnt0y344ai1rNOywgr","Drake, Giggs","KMT","Cash Money Records/Young Money Ent./Universal Rec.",37,58,3,"5685054"
84,"spotify:track:6DNtNfH8hXkqOX1sjqmI7p","Major Lazer, Justin Bieber, MØ","Cold Water (feat. Justin Bieber & MØ)","Third Pardee Records",14,94,15,"5655155"
85,"spotify:track:4VuS959DSpr82t3qBqCrWG","Ed Sheeran","Supermarket Flowers","Atlantic Records UK",21,74,5,"5638546"
86,"spotify:track:76gUmNLXGQVOsGhfcshkFP","Drake","Madiba Riddim","Cash Money Records/Young Money Ent./Universal Rec.",34,49,3,"5602788"
87,"spotify:track:0Zx8khUcEfCFK2AEoIhC92","Snakehips, MØ","Don't Leave","Hoffman West/Columbia",40,75,13,"5591393"
88,"spotify:track:04DwTuZ2VBdJCCC5TROn7L","Martin Garrix, Bebe Rexha","In the Name of Love","Epic Amsterdam",16,93,15,"5560990"
89,"spotify:track:3EmmCZoqpWOTY1g2GBwJoR","Steve Aoki, Louis Tomlinson","Just Hold On","Ultra Records, LLC",16,83,15,"5554990"
90,"spotify:track:7cGFbx7MP0H23iHZTZpqMM","Logic","Everybody","Def Jam Recordings",90,-1,1,"5547886"
91,"spotify:track:1FUViuNSldssMIawrOXF2i","Bebe Rexha","I Got You","Warner Records",55,87,15,"5546718"
92,"spotify:track:3Lfiu5sZ4M4B6JaKMBc0FU","Ed Sheeran","Barcelona","Atlantic Records UK",22,76,5,"5525718"
93,"spotify:track:6JV2JOEocMgcZxYSZelKcc","Justin Timberlake","CAN'T STOP THE FEELING! (from DreamWorks Animation's ""TROLLS"")","Villa 40/RCA Records",28,97,15,"5507636"
94,"spotify:track:3FiE2d325mIOc4YjkSLVJR","Ariana Grande, Future","Everyday","Universal Records",94,99,5,"5497926"
95,"spotify:track:0WCEaydwN65cvwaW8aqptF","Olivia Holt","History","Hollywood Records",67,106,12,"5367088"
96,"spotify:track:0xl1w2q4VLojeXp4JfazPL","Drake, 2 Chainz, Young Thug","Sacrifices","Cash Money Records/Young Money Ent./Universal Rec.",35,57,3,"5366768"
97,"spotify:track:5q2JbCNi4FcnglgPfxcV65","Anuel AA, Daddy Yankee, Zion & Lennox, Farruko, Wisin","Sola (Remix)","Spiff TV, LLC / Real Hasta La Muerte, Inc.",92,109,10,"5365206"
98,"spotify:track:6CfrYuD3YRDYdYvH9jNtXY","Drake, Giggs","No Long Talk","Cash Money Records/Young Money Ent./Universal Rec.",27,52,3,"5310524"
99,"spotify:track:2Vdub5mY4lad7w64bFPUez","Pitbull, J Balvin, Camila Cabello","Hey Ma (with Pitbull & J Balvin feat. Camila Cabello)","Artist Partner",99,115,4,"5293276"
100,"spotify:track:4pLwZjInHj3SimIyN9SnOz","Ariana Grande, Nicki Minaj","Side To Side","Universal Records",18,104,15,"5259549"
101,"spotify:track:6PJ8FF6UR8FZXfEvpHkIVN","Ed Sheeran","How Would You Feel (Paean)","Atlantic Records UK",17,82,7,"5217998"
102,"spotify:track:6gBFPUFcJLzWGx4lenP6h2","Travis Scott","goosebumps","Cactus Jack / Epic",102,129,14,"5124191"
103,"spotify:track:60xaS8mYBKUW4VQQ666N0T","Chance the Rapper, Knox Fortune","All Night (feat. Knox Fortune)","Chance the Rapper",103,119,4,"5033477"
104,"spotify:track:1louJpMmzEicAn7lzDalPW","Cheat Codes, Demi Lovato","No Promises (feat. Demi Lovato)","Parlophone UK",104,-1,1,"5024188"
105,"spotify:track:5hEM0JchdVzQ5PwvSfITeX","Piso 21, Maluma","Me Llamas (feat. Maluma) - Remix","WM Mexico",87,116,15,"5010942"
106,"spotify:track:6rQSrBHf7HlZjtcMZ4S4bO","J Balvin, Pharrell Williams, BIA, Sky Rompiendo","Safari","UMLE - Latino",43,114,15,"5007506"
107,"spotify:track:1vvNmPOiUuyCbgWmtc6yfm","Calvin Harris","My Way","Columbia",23,112,15,"4985686"
108,"spotify:track:1cG0umU5TKStygKsPFZ9pY","Robin Schulz, David Guetta, Cheat Codes","Shed a Light","Tonspiel",30,107,15,"4963100"
109,"spotify:track:4Hf7WnR761jpxPr5D46Bcd","Shawn Mendes","Treat You Better","Island Records",26,113,15,"4962060"
110,"spotify:track:2fkeWbM6iqTw7oGHTYm2lw","Drake, Sampha","4422","Cash Money Records/Young Money Ent./Universal Rec.",41,59,3,"4942870"
111,"spotify:track:6stYbAJgTszHAHZMPxWWCY","IAmChino, Pitbull, Yandel, El Chacal","Ay Mi Dios","Mr. 305 Records",74,122,15,"4881414"
112,"spotify:track:35QZaWQRkmnAVqBF1TLCxQ","Ed Sheeran","Nancy Mulligan","Atlantic Records UK",26,92,5,"4855884"
113,"spotify:track:6i0V12jOa3mr6uu4WYhUBr","Twenty One Pilots","Heathens","Atlantic Records",27,117,15,"4849463"
114,"spotify:track:1PSBzsahR2AKwLJgx8ehBj","mgk, Camila Cabello","Bad Things (with Camila Cabello)","Bad Boy / Interscope",16,108,15,"4836063"
115,"spotify:track:17Fd6Yb7mSbinKG8LoWfFl","Mike Posner, Seeb","I Took A Pill In Ibiza - Seeb Remix","Monster Mountain, LLC / Island",40,123,15,"4805106"
116,"spotify:track:3kxfsdsCpFgN412fpnW85Y","Childish Gambino","Redbone","Glassnote - VMG",72,131,15,"4755837"
117,"spotify:track:7DM4BPaS7uofFul3ywMe46","Ricky Martin, Maluma","Vente Pa' Ca (feat. Maluma)","Sony Music Latin",49,126,15,"4750088"
118,"spotify:track:0pSBuHjILhNEo55xK1zrRt","Ayo & Teo","Rolex","Columbia",99,132,5,"4715886"
119,"spotify:track:6fujklziTHa8uoM5OQSfIo","Rae Sremmurd, Gucci Mane","Black Beatles","Mike WiLL Made-It",6,118,15,"4671698"
120,"spotify:track:4TZy1wLyHec06pwgFYDh1a","Shawn Mendes","Mercy","Island Records",22,127,15,"4629168"
121,"spotify:track:13e6f8t7RKXuxZ0JdaaJRG","Drake","Jorja Interlude","Cash Money Records/Young Money Ent./Universal Rec.",38,66,3,"4617119"
122,"spotify:track:1Eck97uRMlprKOOJN9oO1E","G-Eazy, Kehlani","Good Life (with G-Eazy & Kehlani)","Artist Partner",122,197,2,"4588703"
123,"spotify:track:6fxVffaTuwjgEk5h9QyRjy","Ed Sheeran","Photograph","Atlantic Records UK",41,134,15,"4577198"
124,"spotify:track:58zsLZPvfflaiIbNWoA22O","Rag'n'Bone Man","Human","Best Laid Plans/Columbia",53,128,15,"4529615"
125,"spotify:track:68EMU2RD1ECNeOeJ5qAXCV","Charlie Puth, Selena Gomez","We Don't Talk Anymore (feat. Selena Gomez)","Artist Partner",39,133,15,"4508687"
126,"spotify:track:2dfHh7ECGxfNqZTQno09Vk","Ed Sheeran","Hearts Don't Break Around Here","Atlantic Records UK",23,105,5,"4417516"
127,"spotify:track:2KvHC9z14GSl4YpkNMX384","Drake","Do Not Disturb","Cash Money Records/Young Money Ent./Universal Rec.",62,73,3,"4392525"
128,"spotify:track:77lGafvlU68CeHgB2pkHC9","mgk, Hailee Steinfeld","At My Best (feat. Hailee Steinfeld)","Bad Boy / Interscope",128,130,3,"4365011"
129,"spotify:track:7FCfMXYTIiQ9b4hDYs4Iol","Dua Lipa","Be the One","Warner Records",114,138,8,"4353919"
130,"spotify:track:0Fv5N0cHBsl4bzCbollCAS","Big Sean","Moves","Getting Out Our Dreams Inc. (G.O.O.D.) Music / IDJ",48,155,13,"4349217"
131,"spotify:track:3CRDbSIZ4r5MsZ0YwxuEkn","Twenty One Pilots","Stressed Out","Fueled By Ramen",63,147,15,"4326327"
132,"spotify:track:1Slwb6dOYkBlWal1PGtnNg","Ed Sheeran","Thinking out Loud","Atlantic Records UK",58,143,15,"4319644"
133,"spotify:track:27SdWb2rFzO6GWiYDBTD9j","Sia","Cheap Thrills","Monkey Puzzle Records/RCA Records",31,150,15,"4282072"
134,"spotify:track:6y2Kaz9QI01XBKJ8mTb7Pf","Rag'n'Bone Man","Skin","Best Laid Plans/Columbia",95,144,8,"4260248"
135,"spotify:track:5hTpBe8h35rJ67eAWHQsJx","Aminé","Caroline","Universal Records",42,142,15,"4255398"
136,"spotify:track:0prNGof3XqfTvNDxHonvdK","Alessia Cara","Scars To Your Beautiful","EP Entertainment, LLC / Def Jam",29,139,15,"4245645"
137,"spotify:track:6wV12xIUb8oFY7lBy4KuQe","Aaron Carter","Sooner Or Later","Z Entertainment/Sony Music",105,140,9,"4223843"
138,"spotify:track:2rizacJSyD9S1IQUxUxnsK","The Chainsmokers, Phoebe Ryan","All We Know","Disruptor Records/Columbia",24,145,15,"4196278"
139,"spotify:track:7gHs73wELdeycvS48JfIos","Alan Walker","Faded","Kreatell Music",64,154,15,"4189775"
140,"spotify:track:7yyRTcZmCiyzzJlNzGC9Ol","DRAM, Lil Yachty","Broccoli (feat. Lil Yachty)","W.A.V.E. Recordings/EMPIRE/Atlantic",44,146,15,"4158596"
141,"spotify:track:3hB5DgAiMAQ4DzYbsMq1IT","Justin Bieber","Love Yourself","RBMG/Def Jam",62,159,15,"4134904"
142,"spotify:track:2Z8WuEywRWYTKe1NybPQEW","Twenty One Pilots","Ride","Fueled By Ramen",54,153,15,"4134737"
143,"spotify:track:0azC730Exh71aQlOt9Zj3y","Calvin Harris, Rihanna","This Is What You Came For","Columbia",45,161,15,"4109837"
144,"spotify:track:2dqLk7ezV15LEJEwUmEbXB","Marian Hill","Down","Photo Finish / Republic Records",117,141,8,"4085007"
145,"spotify:track:7oolFzHipTMg2nL7shhdz2","Ed Sheeran","Eraser","Atlantic Records UK",20,111,5,"4076917"
146,"spotify:track:3dQDid3IUNhZy1OehIfYfE","Wisin","Vacaciones","Sony Music Latin",79,158,15,"4063277"
147,"spotify:track:0hNduWmlWmEmuwEFcYvRu1","Petit Biscuit","Sunset Lover","Petit Biscuit",53,110,15,"4042752"
148,"spotify:track:1lntL1cI2UIWlxjL5QiN8g","Lauv","The Other","Lauv",103,149,12,"4042424"
149,"spotify:track:4tCtwWceOPWzenK2HAIJSb","Fifth Harmony, Ty Dolla $ign","Work from Home (feat. Ty Dolla $ign)","Syco Music/Epic",48,163,15,"4034743"
150,"spotify:track:7bJ4mu7MHa3rHiNyKjOoSl","Drake, Young Thug","Ice Melts","Cash Money Records/Young Money Ent./Universal Rec.",66,84,3,"4033419"
151,"spotify:track:0JiVRyTJcJnmlwCZ854K4p","Alan Walker","Alone","Kreatell Music",36,157,15,"4020699"
152,"spotify:track:5i50gKdLAjjIr7UxRT5IVy","Sebastian Yatra, Nacho, Wisin","Alguien Robo","UMLE - Latino",152,166,4,"4014539"
153,"spotify:track:5bZtRlMBU76vHuDOb1GM5u","Jonas Blue, JP Cooper","Perfect Strangers","UMOD (Universal Music On Demand)",53,156,15,"4005420"
154,"spotify:track:4vb4mFvYsr2h6enhjJsq9Y","Adele","Water Under the Bridge","XL Recordings",51,152,15,"3989313"
155,"spotify:track:3BY2mafsbsoKGqS380Xnuz","Don Omar, Zion & Lennox","Te Quiero Pa´Mi","UMLE - Machete",141,164,12,"3948854"
156,"spotify:track:6SznMYPQJHzr3IwsAHLId2","Ed Sheeran","Bibia Be Ye Ye","Atlantic Records UK",32,124,5,"3927227"
157,"spotify:track:1KT0xdIjm7t053xByACrrg","Ariana Grande, John Legend","Beauty and the Beast","Walt Disney Records",110,135,4,"3922898"
158,"spotify:track:4F7A0DXBrmUAkp32uenhZt","The Weeknd","Party Monster","Universal Republic Records",43,148,15,"3890005"
159,"spotify:track:3UjJP4ludb74a29P5EHEIo","Sabrina Carpenter","Thumbs","Hollywood Records",159,162,8,"3887941"
160,"spotify:track:69bp2EbF7Q2rqc5N3ylezZ","Justin Bieber","Sorry","RBMG/Def Jam",65,167,15,"3871806"
161,"spotify:track:0kN8xEmgMW9mh7UmDYHlJP","Bruno Mars","Versace on the Floor","Atlantic Records",82,160,15,"3859904"
162,"spotify:track:3EfugazgSddQvzZpkof5I4","Anne-Marie","Ciao Adios","Atlantic Records UK",162,188,2,"3843965"
163,"spotify:track:5J1c3M4EldCfNxXwrwt8mT","Sebastian Yatra","Traicionera","UMLE - Latino",84,169,15,"3840297"
164,"spotify:track:2dfqS3MRtbLZSZA1IL8xY5","Drake","Skepta Interlude","Cash Money Records/Young Money Ent./Universal Rec.",51,81,3,"3730487"
165,"spotify:track:5OOkp4U9P9oL23maHFHL1h","Desiigner","Panda","Getting Out Our Dreams Inc. (G.O.O.D.) Music / IDJ",66,174,15,"3668872"
166,"spotify:track:4uoumbAMEMaKdtiv763jKz","Zara Larsson","TG4M","Epic/Record Company TEN",166,-1,1,"3664380"
167,"spotify:track:1AkTW13ysu0AJrwuM6UY0I","Charly Black, Daddy Yankee","Gyal You a Party Animal - Remix","Allezgo Productions",130,173,15,"3623050"
168,"spotify:track:6TIU9Ehmi6dMzZK73Ym4yj","Ed Sheeran","Save Myself","Atlantic Records UK",37,137,5,"3622719"
169,"spotify:track:0tICYNayWWhH9GPeFrfjfD","Kungs, Cookin' On 3 Burners","This Girl (Kungs Vs. Cookin' On 3 Burners)","Universal Music Division Island Def Jam",97,181,15,"3619242"
170,"spotify:track:3cFsmM51N5zMAuu1nNY4Tw","Sean Paul, Dua Lipa","No Lie","Universal-Island Records Ltd.",80,172,14,"3613930"
171,"spotify:track:46HdsiK0uR26B2dY9QPzda","Prince Royce, Shakira","Deja vu","Sony Music Latin",171,-1,1,"3577999"
172,"spotify:track:5f5r2N4Lp9WoULWPH9zp2W","Drake","Can't Have Everything","Cash Money Records/Young Money Ent./Universal Rec.",58,91,3,"3540959"
173,"spotify:track:1D3ODoXHBLpdxolZRHWV1j","Jonas Blue, RAYE","By Your Side","Positiva",34,168,15,"3524585"
174,"spotify:track:4dASQiO1Eoo3RJvt74FtXB","Lil Wayne, Wiz Khalifa, Imagine Dragons, X Ambassadors, Logic, Ty Dolla $ign","Sucker for Pain (with Wiz Khalifa, Imagine Dragons, Logic & Ty Dolla $ign feat. X Ambassadors)","Atlantic Records",75,178,15,"3519149"
175,"spotify:track:1sYSP7gKa5kdKIfhANfori","MAX","Lights Down Low","DCD2 / Crush Music",175,180,5,"3498195"
176,"spotify:track:0v9Wz8o0BT8DU38R4ddjeH","Chance the Rapper, Lil Wayne, 2 Chainz","No Problem (feat. Lil Wayne & 2 Chainz)","Chance the Rapper",89,182,15,"3490132"
177,"spotify:track:0sXvAOmXgjR2QUqLK1MltU","Carlos Vives, Shakira","La Bicicleta","Sony Music Latin",80,184,15,"3480488"
178,"spotify:track:7129iqBafaphfc3WPCGC0L","Lukas Graham","7 Years","Universal Music A/S",89,190,15,"3458448"
179,"spotify:track:4WjH9Bzt3kx7z8kl0awxh4","Major Lazer, MØ, DJ Snake","Lean On (feat. MØ & DJ Snake)","Third Pardee Records",113,194,15,"3450278"
180,"spotify:track:20ZAJdsKB5IGbGj4ilRt2o","Ozuna","Dile Que Tu Me Quieres","VP Records Corp/Dimelo Vi",94,189,15,"3421836"
181,"spotify:track:2aFiaMXmWsM3Vj72F9ksBl","DNCE","Cake By The Ocean","Joseph Jonas/Republic Records",70,187,15,"3411049"
182,"spotify:track:7vRriwrloYVaoAe3a9wJHe","gnash, Olivia O'Brien","i hate u, i love u (feat. olivia o'brien)",":):",67,185,15,"3402479"
183,"spotify:track:50PWlIBU7PlGGwzgN8TiFJ","Lady Gaga","Million Reasons","Interscope",79,192,14,"3367233"
184,"spotify:track:4gZOWIMzQnn8H2ENrs7UsW","Axwell /\ Ingrosso, Axwell, Sebastian Ingrosso, Kid Ink","I Love You","Pophouse Entertainment Group",160,176,8,"3364750"
185,"spotify:track:11KJSRSgaDxqydKYiD2Jew","Drake, Rihanna","Too Good","Cash Money Records/Young Money Ent./Universal Rec.",60,179,15,"3349599"
186,"spotify:track:1rIKgCH4H52lrvDcz50hS8","Zara Larsson","Lush Life","Epic/Record Company TEN",124,175,12,"3349172"
187,"spotify:track:6MbH1QiphMCPTqVEVC7UYi","Drake","Nothings Into Somethings","Cash Money Records/Young Money Ent./Universal Rec.",59,98,3,"3340494"
188,"spotify:track:28irpKCCK9nn9DZSik2zEx","Drake, Kanye West","Glow","Cash Money Records/Young Money Ent./Universal Rec.",53,96,3,"3338509"
189,"spotify:track:6fwdbPMwP1zVStm8FybmkO","21 Savage, Metro Boomin, Future","X (feat. Future)","Slaughter Gang, LLC",79,191,15,"3334770"
190,"spotify:track:3vgNmjuRDnGLxUFGCLkwpm","David Guetta, Lil Wayne, Nicki Minaj","Light My Body Up (feat. Nicki Minaj & Lil Wayne)","Parlophone (France)",121,121,2,"3327248"
191,"spotify:track:4Q4jmPHwu0wrJvqrld0FQ6","Zara Larsson","I Would Like","Epic/Record Company TEN",29,165,15,"3320009"
192,"spotify:track:0L7loeTIg6akW84aEQZpCT","Major Lazer, Nyla, Fuse ODG","Light It Up (feat. Nyla & Fuse ODG) [Remix]","Third Pardee Records",76,-1,13,"3287345"
193,"spotify:track:75JFxkI2RXiU7L9VXzMkle","Coldplay","The Scientist","Parlophone Records Limited",193,-1,2,"3271736"
194,"spotify:track:5mey7CLLuFToM2P68Qu1gF","Chino & Nacho, Daddy Yankee","Andas En Mi Cabeza","UMLE - Machete",139,-1,13,"3228508"
195,"spotify:track:6F609ICg9Spjrw1epsAnpa","Drake","Controlla","Cash Money Records/Young Money Ent./Universal Rec.",78,183,15,"3226875"
196,"spotify:track:1NDxZ7cFAo481dtYWdrUnR","Maggie Lindemann, Cheat Codes, CADE","Pretty Girl - Cheat Codes X CADE Remix","300 Entertainment",196,-1,1,"3205277"
197,"spotify:track:2Na0z2gfN67Rzf0vp74Wi3","Drake","Lose You","Cash Money Records/Young Money Ent./Universal Rec.",61,103,3,"3176760"
198,"spotify:track:14WWzenpaEgQZlqPq2nk4v","Rihanna, Drake","Work","Roc Nation / Rihanna",59,-1,14,"3156054"
199,"spotify:track:7yHEDfrJNd0zWOfXwydNH0","Ariana Grande","Into You","Universal Records",82,-1,13,"3154713"
200,"spotify:track:08WPvDEsHvTFuB9w8tC2OS","Sage The Gemini","Now and Later","Global Gemini",29,170,15,"3152094"
