﻿rank,uri,artist_names,track_name,source,peak_rank,previous_rank,weeks_on_chart,streams
1,"spotify:track:7KXjTSCq5nL1LoYtL7XAwS","Kendrick Lamar","HUMBLE.","Aftermath",1,4,3,"41372895"
2,"spotify:track:7qiZfU4dY1lWllzX7mPBI3","Ed Sheeran","Shape of You","Atlantic Records UK",1,1,15,"38430515"
3,"spotify:track:6HZILIRieu8S0iqY8kIKhj","Kendrick Lamar","DNA.","Aftermath",3,-1,1,"31011843"
4,"spotify:track:6RUKPb4LETWmmr3iAEQktW","The Chainsmokers, Coldplay","Something Just Like This","Disruptor Records/Columbia",2,2,9,"26720800"
5,"spotify:track:3eR23VReFzcdmS7TYCrhCe","Kygo, Selena Gomez","It Ain't Me (with Selena Gomez)","Kygo",2,3,9,"24552169"
6,"spotify:track:3rOSwuTsUlJp0Pu0MkN8r8","Future","Mask Off","Epic/Freebandz/A1",6,6,9,"23842418"
7,"spotify:track:7hDc8b7IXETo14hHIHdnhd","Drake","Passionfruit","Cash Money Records/Young Money Ent./Universal Rec.",2,5,5,"22773404"
8,"spotify:track:6SwRhMLwNqEi6alNPVG00n","Kendrick Lamar, Rihanna","LOYALTY. FEAT. RIHANNA.","Aftermath",8,-1,1,"22640313"
9,"spotify:track:0KKkJNfGyhkQ5aFogxQAPU","Bruno Mars","That's What I Like","Atlantic Records",6,7,17,"21981107"
10,"spotify:track:1EaKU4dMbesXXd3BrLCtYG","Kendrick Lamar","ELEMENT.","Aftermath",10,-1,1,"21911673"
11,"spotify:track:0dA2Mk56wEzDgegdC6R17g","Zedd, Alessia Cara","Stay","UMGRI Interscope",7,8,8,"21683423"
12,"spotify:track:1x5sYLZiu9r5E43kMlt9f8","Clean Bandit, Zara Larsson","Symphony (feat. Zara Larsson)","Atlantic Records UK",11,11,5,"20394220"
13,"spotify:track:4aWmUDTfIPGksMNLV2rQP2","Luis Fonsi, Daddy Yankee","Despacito","UMLE - Latino",4,9,14,"20138916"
14,"spotify:track:6PGoSes0D9eUDeeAafB2As","Kendrick Lamar, Zacari","LOVE. FEAT. ZACARI.","Aftermath",14,-1,1,"18251093"
15,"spotify:track:72jbDTw1piOOj770jWNeaG","The Chainsmokers","Paris","Disruptor Records/Columbia",2,10,14,"17805382"
16,"spotify:track:0afhq8XCExXpqazXczTSve","Ed Sheeran","Galway Girl","Atlantic Records UK",2,12,7,"17537935"
17,"spotify:track:5CtI0qwDJkDQGwXD1H1cLb","Luis Fonsi, Daddy Yankee, Justin Bieber","Despacito - Remix","UMLE - Latino",17,-1,1,"17440248"
18,"spotify:track:4BHSjbYylfOH5WAGusDyni","Kendrick Lamar","YAH.","Aftermath",18,-1,1,"17282761"
19,"spotify:track:6kex4EBAj0WHXDKZMEJaaF","Jason Derulo, Nicki Minaj, Ty Dolla $ign","Swalla (feat. Nicki Minaj & Ty Dolla $ign)","Beluga Heights/Warner Records",16,16,8,"17201323"
20,"spotify:track:4iYRa2btalAzPZoSYfROqF","Kendrick Lamar, U2","XXX. FEAT. U2.","Aftermath",20,-1,1,"16559640"
21,"spotify:track:2LTlO3NuNVN70lp2ZbVswF","Kendrick Lamar","FEEL.","Aftermath",21,-1,1,"16512330"
22,"spotify:track:6D0b04NJIKfEMg040WioJQ","Julia Michaels","Issues","J/Republic",9,17,14,"15947121"
23,"spotify:track:7tr2za8SQg2CI8EDgrdtNl","Calvin Harris, Frank Ocean, Migos, Funk Wav","Slide (feat. Frank Ocean & Migos)","Columbia",13,13,8,"15819401"
24,"spotify:track:6IZvVAP7VPPnsGX6bvgkqg","Kendrick Lamar","PRIDE.","Aftermath",24,-1,1,"15753309"
25,"spotify:track:3ebXMykcMXOcLeJ9xZ17XH","Martin Garrix, Dua Lipa","Scared to Be Lonely","Epic Amsterdam",5,15,12,"15492707"
26,"spotify:track:5Ohxk2dO5COHF1krpoPigN","Harry Styles","Sign of the Times","Columbia",14,14,2,"15474785"
27,"spotify:track:06FCvd7rrRcF3DdvWH5Isp","Kendrick Lamar","LUST.","Aftermath",27,-1,1,"14584222"
28,"spotify:track:2eMwDehkIC1j68U6FA3Eiq","Lil Uzi Vert","XO Tour Llif3","Generation Now/Atlantic",25,25,4,"13598273"
29,"spotify:track:2EEeOnHehOozLq4aS0n6SL","KYLE, Lil Yachty","iSpy (feat. Lil Yachty)","independently popular.",22,22,17,"13484749"
30,"spotify:track:1n4jwRVXdkK2U34nBDUKKT","Kendrick Lamar","BLOOD.","Aftermath",30,-1,1,"13390306"
31,"spotify:track:00lNx0OcTJrS3MKHcB80HY","Jax Jones, RAYE","You Don't Know Me (feat. RAYE)","Polydor Records",17,19,15,"13241442"
32,"spotify:track:0CcQNd8CINkwQfe1RDtGV6","Imagine Dragons","Believer","Kid Ina Korner / Interscope",19,24,11,"12741448"
33,"spotify:track:5NNlUMcOEOdoOIwwaWXv0k","Maroon 5, Future","Cold (feat. Future)","Interscope Records*",19,21,9,"12710420"
34,"spotify:track:3NdDpSvN911VPGivFlV5d0","ZAYN, Taylor Swift","I Don’t Wanna Live Forever (Fifty Shades Darker)","Taylor Swift",2,20,17,"12626409"
35,"spotify:track:5knuzwU65gJK7IF5yJsuaW","Clean Bandit, Anne-Marie, Sean Paul","Rockabye (feat. Sean Paul & Anne-Marie)","Atlantic Records UK",3,23,17,"12508152"
36,"spotify:track:23luOrEVHMfoX0AhfbQuS6","Kendrick Lamar","FEAR.","Aftermath",36,-1,1,"12336669"
37,"spotify:track:6HUnnBwYZqcED1eQztxMBN","Martin Jensen","Solo Dance","Intercord",25,29,17,"11383692"
38,"spotify:track:0wfbD5rAksdXUzRvMfM3x5","The Chainsmokers","The One","Disruptor Records/Columbia",18,18,3,"11249951"
39,"spotify:track:5p3NP9mQblDsVJLdfNZJ3I","Kendrick Lamar","GOD.","Aftermath",39,-1,1,"11228614"
40,"spotify:track:78rIJddV4X0HkNAInEcYde","Starley, Ryan Riback","Call on Me - Ryan Riback Remix","Central Station Records",13,27,17,"11200127"
41,"spotify:track:5GXAXm5YOmYT0kL5jHvYBt","The Weeknd, Daft Punk","I Feel It Coming","Universal Republic Records",9,31,17,"10979610"
42,"spotify:track:0y9uTzK9cNKSAEHnpeRG8C","Kendrick Lamar","DUCKWORTH.","Aftermath",42,-1,1,"10971334"
43,"spotify:track:7nKBxz47S9SD79N086fuhn","Enrique Iglesias, Descemer Bueno, Zion & Lennox","SUBEME LA RADIO","RCA Records/Sony Music International/Sony Music Latin",33,33,8,"10810490"
44,"spotify:track:6PCUP3dWmTjcTtXY02oFdT","Ed Sheeran","Castle on the Hill","Atlantic Records UK",2,26,15,"10772168"
45,"spotify:track:152lZdxL1OR0ZMW6KquMif","Khalid","Location","Right Hand Music Group, LLC/RCA Records",34,34,11,"10631442"
46,"spotify:track:3a1lNhkSLSkpJE4MSHpDu9","Post Malone, Quavo","Congratulations","Universal Records",38,38,13,"10515847"
47,"spotify:track:7BKLCZ1jbUBVqRi2FVlTVw","The Chainsmokers, Halsey","Closer","Disruptor Records/Columbia",2,30,17,"10508896"
48,"spotify:track:6520aj0B4FSKGVuKNsOCOi","Katy Perry, Skip Marley","Chained To The Rhythm","Capitol Records (CAP)",7,28,10,"10268670"
49,"spotify:track:2bjwRfXMk4uRgOD9IBYl9h","Drake, Quavo, Travis Scott","Portland","Cash Money Records/Young Money Ent./Universal Rec.",13,32,5,"10068239"
50,"spotify:track:6De0lHrwBfPfrhorm9q1Xl","Danny Ocean","Me Rehúso","Atlantic Records",40,40,9,"9961429"
51,"spotify:track:5uCax9HTNlzGybIStD3vDh","James Arthur","Say You Won't Let Go","Columbia",7,35,17,"9816226"
52,"spotify:track:0gbBzIqrECJOEPvQJIBFs5","Lorde","Green Light","Universal Music New Zealand Limited",24,37,7,"9346098"
53,"spotify:track:5aAx2yezTd8zXrkmtKl66Z","The Weeknd, Daft Punk","Starboy","Universal Republic Records",1,36,17,"9250373"
54,"spotify:track:1Eck97uRMlprKOOJN9oO1E","G-Eazy, Kehlani","Good Life (with G-Eazy & Kehlani)","Artist Partner",54,97,4,"9165043"
55,"spotify:track:7i2DJ88J7jQ8K7zqFX2fW8","Halsey","Now Or Never","Astralwerks (ASW)",50,50,2,"8649901"
56,"spotify:track:3umS4y3uQDkqekNjVpiRUs","Nicky Jam","El Amante","Sony Music Latin",32,44,13,"8586992"
57,"spotify:track:0tgVpDi06FyKpA1z0VMD4v","Ed Sheeran","Perfect","Atlantic Records UK",7,39,7,"8529483"
58,"spotify:track:0fg8CqpjdojMyXLNzM2PaJ","Major Lazer, PARTYNEXTDOOR, Nicki Minaj","Run Up (feat. PARTYNEXTDOOR & Nicki Minaj)","Third Pardee Records",17,41,12,"8503059"
59,"spotify:track:6mICuAdrwEjh6Y6lroV2Kg","Shakira, Maluma","Chantaje (feat. Maluma)","Sony Music Latin",13,43,17,"8449636"
60,"spotify:track:2Ce5IyMlVRVvN997ZJjJJA","Future, Rihanna","Selfish (feat. Rihanna)","Epic/Freebandz/A1",45,45,8,"8439841"
61,"spotify:track:4Q3N4Ct4zCuIHuZ65E3BD4","Kodak Black","Tunnel Vision","Atlantic Records",39,42,9,"8382733"
62,"spotify:track:3E2Zh20GDCR9B1EYjfXWyv","AJR","Weak","Black Butter",25,47,17,"8327354"
63,"spotify:track:000xQL6tZNLJzIrtIgxqSl","ZAYN, PARTYNEXTDOOR","Still Got Time (feat. PARTYNEXTDOOR)","RCA Records Label",46,52,4,"7663964"
64,"spotify:track:343YBumqHu19cGoGARUTsd","Drake","Fake Love","Cash Money Records/Young Money Ent./Universal Rec.",7,46,17,"7657399"
65,"spotify:track:2RttW7RAu5nOAfq6YFvApB","Ed Sheeran","Happier","Atlantic Records UK",10,51,7,"7587610"
66,"spotify:track:0FuTx2s3YH1ppmtiM6l0zI","JP Cooper","September Song","Universal-Island Records Ltd.",53,53,16,"7535875"
67,"spotify:track:5Ua3GXyHwiSfpNTMjq6m2z","Little Mix","Touch","Syco Music",59,60,16,"7482263"
68,"spotify:track:4Km5HrUvYTaSUfiSGPJeQR","Migos, Lil Uzi Vert","Bad and Boujee (feat. Lil Uzi Vert)","Quality Control Music",9,54,17,"7133532"
69,"spotify:track:5hYTyyh2odQKphUbMqc5gN","Alessia Cara, Disney","How Far I'll Go - From ""Vaiana""","Walt Disney Records",19,48,17,"7128216"
70,"spotify:track:0SGkqnVQo9KPytSri1H6cF","Big Sean","Bounce Back","Getting Out Our Dreams Inc. (G.O.O.D.) Music / IDJ",21,56,17,"7069192"
71,"spotify:track:4pdPtRcBmOSQDlJ3Fk945m","DJ Snake, Justin Bieber","Let Me Love You","DJ Snake Def Jam",4,57,17,"6985654"
72,"spotify:track:1louJpMmzEicAn7lzDalPW","Cheat Codes, Demi Lovato","No Promises (feat. Demi Lovato)","Parlophone UK",72,76,3,"6945582"
73,"spotify:track:2Vdub5mY4lad7w64bFPUez","Pitbull, J Balvin, Camila Cabello","Hey Ma (with Pitbull & J Balvin feat. Camila Cabello)","Artist Partner",73,86,6,"6938031"
74,"spotify:track:51PIvodunv6NmX5250zxAh","Lady Gaga","The Cure","Interscope",74,-1,1,"6937005"
75,"spotify:track:1xznGGDReH1oQq0xzbwXa3","Drake, Wizkid, Kyla","One Dance","Cash Money Records/Young Money Ent./Universal Rec.",12,59,17,"6899265"
76,"spotify:track:1NDxZ7cFAo481dtYWdrUnR","Maggie Lindemann, Cheat Codes, CADE","Pretty Girl - Cheat Codes X CADE Remix","300 Entertainment",76,82,3,"6664550"
77,"spotify:track:2XlHu0HcujBCkWMdIAvrqt","Drake","Blem","Cash Money Records/Young Money Ent./Universal Rec.",19,49,5,"6576492"
78,"spotify:track:7abpmGpF7PGep2rDU68GBR","Burak Yeter, Danelle Sandoval","Tuesday","SBA Production",62,62,10,"6509732"
79,"spotify:track:7mldq42yDuxiUNn08nvzHO","Sam Hunt","Body Like A Back Road","MCA Nashville",63,64,11,"6440785"
80,"spotify:track:6b8Be6ljOzmkOmFslEb23P","Bruno Mars","24K Magic","Atlantic Records",9,61,17,"6264024"
81,"spotify:track:6UjfByV1lDLW0SOVQA4NAi","Drake","Gyalchester","Cash Money Records/Young Money Ent./Universal Rec.",23,58,5,"6100501"
82,"spotify:track:7KOlJ92bu51cltsD9KU5I7","Migos","T-Shirt","Quality Control Music",38,68,14,"6029900"
83,"spotify:track:4ARPvK8DHLwt4oX65ZAFMw","XXXTENTACION","Look At Me!","Bad Vibes Forever / EMPIRE",70,70,7,"6025262"
84,"spotify:track:6qDF4wWL49CAVbgT7yuHl8","J Balvin","Sigo Extrañándote","UMLE - Latino",72,72,7,"5958589"
85,"spotify:track:3QwBODjSEzelZyVjxPOHdq","Zion & Lennox, J Balvin","Otra Vez (feat. J Balvin)","WEA Latina",50,65,17,"5949487"
86,"spotify:track:5MFzQMkrl1FOOng9tq6R9r","Maroon 5, Kendrick Lamar","Don't Wanna Know (feat. Kendrick Lamar)","Interscope Records*",5,69,17,"5828060"
87,"spotify:track:3B54sVLJ402zGa6Xm4YGNe","French Montana, Swae Lee","Unforgettable","Bad Boy Entertainment/Epic Records",87,164,2,"5816368"
88,"spotify:track:3AEZUABDXNtecAOSC1qTfo","CNCO","Reggaetón Lento (Bailemos)","Sony Music Latin",32,66,17,"5814020"
89,"spotify:track:1qOLh0tI7trd1zdDKxYZTe","Hailee Steinfeld, Grey, Zedd","Starving","UME - Global Clearing House",20,74,17,"5789613"
90,"spotify:track:6gBFPUFcJLzWGx4lenP6h2","Travis Scott","goosebumps","Cactus Jack / Epic",90,92,16,"5683355"
91,"spotify:track:1a5Yu5L18qNxVhXx38njON","Alok, Zeeba, Bruno Martini","Hear Me Now","Spinnin' Records",27,80,17,"5650970"
92,"spotify:track:51ChrwmUPDJvedPQnIU8Ls","Ed Sheeran","Dive","Atlantic Records UK",11,63,7,"5614466"
93,"spotify:track:4okba5wu9mMLXx79DXLKi3","Daddy Yankee, Ozuna","La Rompe Corazones","Craft Latino",73,73,11,"5584490"
94,"spotify:track:1CnPYaKxTVb4LWOtiGOm0m","Jon Bellion","All Time Low","Capitol Records (CAP)",30,75,17,"5456374"
95,"spotify:track:6mapJIPnQ23RTAevUoE0DL","Rae Sremmurd","Swang","Mike WiLL Made-It",71,71,17,"5429712"
96,"spotify:track:0QsvXIfqM0zZoerQfsI9lm","The Chainsmokers, Daya","Don't Let Me Down","Disruptor Records/Columbia",25,77,17,"5314415"
97,"spotify:track:60APt5N2NRaKWf5xzJdzyC","Calvin Harris, Young Thug, Pharrell Williams, Ariana Grande, Funk Wav","Heatstroke (feat. Young Thug, Pharrell Williams & Ariana Grande)","Columbia",64,67,3,"5303275"
98,"spotify:track:3kxfsdsCpFgN412fpnW85Y","Childish Gambino","Redbone","Glassnote - VMG",72,103,17,"5297306"
99,"spotify:track:2cnKEkpVUSV4wnjQiTWfH6","Wisin, Ozuna","Escápate Conmigo (feat. Ozuna)","Sony Music Latin",99,114,2,"5249380"
100,"spotify:track:3FiE2d325mIOc4YjkSLVJR","Ariana Grande, Future","Everyday","Universal Records",87,87,7,"5155025"
101,"spotify:track:4b4KcovePX8Ke2cLIQTLM0","The Vamps, Matoma","All Night","EMI",22,81,17,"5131684"
102,"spotify:track:6JV2JOEocMgcZxYSZelKcc","Justin Timberlake","CAN'T STOP THE FEELING! (from DreamWorks Animation's ""TROLLS"")","Villa 40/RCA Records",28,88,17,"5026598"
103,"spotify:track:5q2JbCNi4FcnglgPfxcV65","Anuel AA, Daddy Yankee, Zion & Lennox, Farruko, Wisin","Sola (Remix)","Spiff TV, LLC / Real Hasta La Muerte, Inc.",91,91,12,"4991763"
104,"spotify:track:2pJZ1v8HezrAoZ0Fhzby92","Ed Sheeran","What Do I Know?","Atlantic Records UK",14,79,7,"4987676"
105,"spotify:track:6mORGLOz79w6VsCRLWYYuK","Lord Huron","The Night We Met","Play It Again Sam",105,181,2,"4949692"
106,"spotify:track:04DwTuZ2VBdJCCC5TROn7L","Martin Garrix, Bebe Rexha","In the Name of Love","Epic Amsterdam",16,85,17,"4949220"
107,"spotify:track:6DNtNfH8hXkqOX1sjqmI7p","Major Lazer, Justin Bieber, MØ","Cold Water (feat. Justin Bieber & MØ)","Third Pardee Records",14,84,17,"4912664"
108,"spotify:track:0WCEaydwN65cvwaW8aqptF","Olivia Holt","History","Hollywood Records",67,106,14,"4887536"
109,"spotify:track:0pSBuHjILhNEo55xK1zrRt","Ayo & Teo","Rolex","Columbia",99,99,7,"4845912"
110,"spotify:track:3EmmCZoqpWOTY1g2GBwJoR","Steve Aoki, Louis Tomlinson","Just Hold On","Ultra Records, LLC",16,94,17,"4753809"
111,"spotify:track:4pLwZjInHj3SimIyN9SnOz","Ariana Grande, Nicki Minaj","Side To Side","Universal Records",18,98,17,"4719703"
112,"spotify:track:4Hf7WnR761jpxPr5D46Bcd","Shawn Mendes","Treat You Better","Island Records",26,100,17,"4717126"
113,"spotify:track:3EfugazgSddQvzZpkof5I4","Anne-Marie","Ciao Adios","Atlantic Records UK",113,118,4,"4612029"
114,"spotify:track:5hEM0JchdVzQ5PwvSfITeX","Piso 21, Maluma","Me Llamas (feat. Maluma) - Remix","WM Mexico",87,102,17,"4575630"
115,"spotify:track:5HDPtsnyb3maFmPL8LLUTG","Ed Sheeran","New Man","Atlantic Records UK",12,89,7,"4569936"
116,"spotify:track:6stYbAJgTszHAHZMPxWWCY","IAmChino, Pitbull, Yandel, El Chacal","Ay Mi Dios","Mr. 305 Records",74,104,17,"4465347"
117,"spotify:track:4TZy1wLyHec06pwgFYDh1a","Shawn Mendes","Mercy","Island Records",22,117,17,"4436542"
118,"spotify:track:17Fd6Yb7mSbinKG8LoWfFl","Mike Posner, Seeb","I Took A Pill In Ibiza - Seeb Remix","Monster Mountain, LLC / Island",40,108,17,"4433556"
119,"spotify:track:6i0V12jOa3mr6uu4WYhUBr","Twenty One Pilots","Heathens","Atlantic Records",27,109,17,"4416810"
120,"spotify:track:2aksifNn5ph8igDOkPBA02","Rihanna","Love On The Brain","Roc Nation / Rihanna",68,112,17,"4363046"
121,"spotify:track:5pvVAwQbuFoR7LkcicrKnk","Vice, Jon Bellion","Obsession (feat. Jon Bellion)","Atlantic Records",121,165,2,"4344443"
122,"spotify:track:1cG0umU5TKStygKsPFZ9pY","Robin Schulz, David Guetta, Cheat Codes","Shed a Light","Tonspiel",30,107,17,"4321226"
123,"spotify:track:22eADXu8DfOAUEDw4vU8qy","Chris Jedi, J Balvin, Ozuna, Arcángel","Ahora Dice","UMLE - Latino",123,161,2,"4295204"
124,"spotify:track:6fxVffaTuwjgEk5h9QyRjy","Ed Sheeran","Photograph","Atlantic Records UK",41,125,17,"4271096"
125,"spotify:track:6cPyTS0Kk2sc4xQwC93kOg","The Chainsmokers","Break Up Every Night","Disruptor Records/Columbia",55,55,2,"4259270"
126,"spotify:track:3Q3myFA7q4Op95DOpHplaY","blackbear","do re mi","Alamo",126,175,2,"4241988"
127,"spotify:track:7DM4BPaS7uofFul3ywMe46","Ricky Martin, Maluma","Vente Pa' Ca (feat. Maluma)","Sony Music Latin",49,113,17,"4210019"
128,"spotify:track:4uoumbAMEMaKdtiv763jKz","Zara Larsson","TG4M","Epic/Record Company TEN",128,157,3,"4186395"
129,"spotify:track:1vvNmPOiUuyCbgWmtc6yfm","Calvin Harris","My Way","Columbia",23,111,17,"4180546"
130,"spotify:track:68EMU2RD1ECNeOeJ5qAXCV","Charlie Puth, Selena Gomez","We Don't Talk Anymore (feat. Selena Gomez)","Artist Partner",39,127,17,"4156127"
131,"spotify:track:58zsLZPvfflaiIbNWoA22O","Rag'n'Bone Man","Human","Best Laid Plans/Columbia",53,119,17,"4130260"
132,"spotify:track:6y2Kaz9QI01XBKJ8mTb7Pf","Rag'n'Bone Man","Skin","Best Laid Plans/Columbia",95,122,10,"4121291"
133,"spotify:track:7FCfMXYTIiQ9b4hDYs4Iol","Dua Lipa","Be the One","Warner Records",114,133,10,"4101323"
134,"spotify:track:6rQSrBHf7HlZjtcMZ4S4bO","J Balvin, Pharrell Williams, BIA, Sky Rompiendo","Safari","UMLE - Latino",43,116,17,"4073470"
135,"spotify:track:6fujklziTHa8uoM5OQSfIo","Rae Sremmurd, Gucci Mane","Black Beatles","Mike WiLL Made-It",6,121,17,"4072773"
136,"spotify:track:05KOgYg8PGeJyyWBPi5ja8","Drake","Free Smoke","Cash Money Records/Young Money Ent./Universal Rec.",16,78,5,"4070239"
137,"spotify:track:3Lfiu5sZ4M4B6JaKMBc0FU","Ed Sheeran","Barcelona","Atlantic Records UK",22,110,7,"4039826"
138,"spotify:track:6n3HGiq4v35D6eFOSwqYuo","Drake","Teenage Fever","Cash Money Records/Young Money Ent./Universal Rec.",36,93,5,"4034356"
139,"spotify:track:4VuS959DSpr82t3qBqCrWG","Ed Sheeran","Supermarket Flowers","Atlantic Records UK",21,105,7,"4017840"
140,"spotify:track:3CRDbSIZ4r5MsZ0YwxuEkn","Twenty One Pilots","Stressed Out","Fueled By Ramen",63,131,17,"3983985"
141,"spotify:track:27SdWb2rFzO6GWiYDBTD9j","Sia","Cheap Thrills","Monkey Puzzle Records/RCA Records",31,130,17,"3969575"
142,"spotify:track:7gHs73wELdeycvS48JfIos","Alan Walker","Faded","Kreatell Music",64,135,17,"3934230"
143,"spotify:track:7y6c07pgjZvtHI9kuMVqk1","Drake, Black Coffee, Jorja Smith","Get It Together","Cash Money Records/Young Money Ent./Universal Rec.",28,96,5,"3911183"
144,"spotify:track:6Q2FftbUG530lCtBI74bMH","A Boogie Wit da Hoodie, Kodak Black","Drowning (feat. Kodak Black)","Highbridge The Label",144,-1,1,"3896440"
145,"spotify:track:1Slwb6dOYkBlWal1PGtnNg","Ed Sheeran","Thinking out Loud","Atlantic Records UK",58,140,17,"3886139"
146,"spotify:track:4qknM1pQz53QOyfDVTjcM9","Shakira","Me Enamoré","Sony Music Latin",146,-1,1,"3884494"
147,"spotify:track:3hB5DgAiMAQ4DzYbsMq1IT","Justin Bieber","Love Yourself","RBMG/Def Jam",62,152,17,"3878739"
148,"spotify:track:7yyRTcZmCiyzzJlNzGC9Ol","DRAM, Lil Yachty","Broccoli (feat. Lil Yachty)","W.A.V.E. Recordings/EMPIRE/Atlantic",44,134,17,"3845826"
149,"spotify:track:60xaS8mYBKUW4VQQ666N0T","Chance the Rapper, Knox Fortune","All Night (feat. Knox Fortune)","Chance the Rapper",103,120,6,"3836948"
150,"spotify:track:1PSBzsahR2AKwLJgx8ehBj","mgk, Camila Cabello","Bad Things (with Camila Cabello)","Bad Boy / Interscope",16,126,17,"3816382"
151,"spotify:track:2Z8WuEywRWYTKe1NybPQEW","Twenty One Pilots","Ride","Fueled By Ramen",54,141,17,"3812258"
152,"spotify:track:77lGafvlU68CeHgB2pkHC9","mgk, Hailee Steinfeld","At My Best (feat. Hailee Steinfeld)","Bad Boy / Interscope",128,146,5,"3803182"
153,"spotify:track:4ZJPwET9Jrgpkqi4Vo3Yg8","Bebe Rexha, Ty Dolla $ign","Bad Bitch (feat. Ty Dolla $ign)","Warner Records",153,-1,1,"3790183"
154,"spotify:track:0Zx8khUcEfCFK2AEoIhC92","Snakehips, MØ","Don't Leave","Hoffman West/Columbia",40,129,15,"3778594"
155,"spotify:track:3dQDid3IUNhZy1OehIfYfE","Wisin","Vacaciones","Sony Music Latin",79,143,17,"3778313"
156,"spotify:track:6PJ8FF6UR8FZXfEvpHkIVN","Ed Sheeran","How Would You Feel (Paean)","Atlantic Records UK",17,124,9,"3777222"
157,"spotify:track:0Fv5N0cHBsl4bzCbollCAS","Big Sean","Moves","Getting Out Our Dreams Inc. (G.O.O.D.) Music / IDJ",48,142,15,"3777046"
158,"spotify:track:4tCtwWceOPWzenK2HAIJSb","Fifth Harmony, Ty Dolla $ign","Work from Home (feat. Ty Dolla $ign)","Syco Music/Epic",48,150,17,"3741124"
159,"spotify:track:0prNGof3XqfTvNDxHonvdK","Alessia Cara","Scars To Your Beautiful","EP Entertainment, LLC / Def Jam",29,149,17,"3717397"
160,"spotify:track:5i50gKdLAjjIr7UxRT5IVy","Sebastian Yatra, Nacho, Wisin","Alguien Robo","UMLE - Latino",152,154,6,"3705731"
161,"spotify:track:5bZtRlMBU76vHuDOb1GM5u","Jonas Blue, JP Cooper","Perfect Strangers","UMOD (Universal Music On Demand)",53,156,17,"3692911"
162,"spotify:track:0azC730Exh71aQlOt9Zj3y","Calvin Harris, Rihanna","This Is What You Came For","Columbia",45,151,17,"3657359"
163,"spotify:track:69bp2EbF7Q2rqc5N3ylezZ","Justin Bieber","Sorry","RBMG/Def Jam",65,163,17,"3637968"
164,"spotify:track:3BY2mafsbsoKGqS380Xnuz","Don Omar, Zion & Lennox","Te Quiero Pa´Mi","UMLE - Machete",141,155,14,"3607508"
165,"spotify:track:2rizacJSyD9S1IQUxUxnsK","The Chainsmokers, Phoebe Ryan","All We Know","Disruptor Records/Columbia",24,132,17,"3571972"
166,"spotify:track:5hTpBe8h35rJ67eAWHQsJx","Aminé","Caroline","Universal Records",42,148,17,"3538441"
167,"spotify:track:7BKUWh5sdtdS17crohRe4L","Logic, Damian Lemar Hudson","Black SpiderMan","Def Jam Recordings",167,-1,1,"3507230"
168,"spotify:track:1FUViuNSldssMIawrOXF2i","Bebe Rexha","I Got You","Warner Records",55,136,17,"3479450"
169,"spotify:track:4vb4mFvYsr2h6enhjJsq9Y","Adele","Water Under the Bridge","XL Recordings",51,160,17,"3468343"
170,"spotify:track:1sYSP7gKa5kdKIfhANfori","MAX","Lights Down Low","DCD2 / Crush Music",170,188,7,"3458211"
171,"spotify:track:1lntL1cI2UIWlxjL5QiN8g","Lauv","The Other","Lauv",103,172,14,"3449491"
172,"spotify:track:5J1c3M4EldCfNxXwrwt8mT","Sebastian Yatra","Traicionera","UMLE - Latino",84,162,17,"3413106"
173,"spotify:track:0kN8xEmgMW9mh7UmDYHlJP","Bruno Mars","Versace on the Floor","Atlantic Records",82,171,17,"3375467"
174,"spotify:track:35QZaWQRkmnAVqBF1TLCxQ","Ed Sheeran","Nancy Mulligan","Atlantic Records UK",26,144,7,"3367115"
175,"spotify:track:0JiVRyTJcJnmlwCZ854K4p","Alan Walker","Alone","Kreatell Music",36,159,17,"3350294"
176,"spotify:track:0tICYNayWWhH9GPeFrfjfD","Kungs, Cookin' On 3 Burners","This Girl (Kungs Vs. Cookin' On 3 Burners)","Universal Music Division Island Def Jam",97,167,17,"3339622"
177,"spotify:track:50PWlIBU7PlGGwzgN8TiFJ","Lady Gaga","Million Reasons","Interscope",79,191,16,"3329503"
178,"spotify:track:5OOkp4U9P9oL23maHFHL1h","Desiigner","Panda","Getting Out Our Dreams Inc. (G.O.O.D.) Music / IDJ",66,169,17,"3326412"
179,"spotify:track:0v9Wz8o0BT8DU38R4ddjeH","Chance the Rapper, Lil Wayne, 2 Chainz","No Problem (feat. Lil Wayne & 2 Chainz)","Chance the Rapper",89,184,17,"3295169"
180,"spotify:track:0hNduWmlWmEmuwEFcYvRu1","Petit Biscuit","Sunset Lover","Petit Biscuit",53,177,17,"3291668"
181,"spotify:track:7129iqBafaphfc3WPCGC0L","Lukas Graham","7 Years","Universal Music A/S",89,183,17,"3286335"
182,"spotify:track:4WjH9Bzt3kx7z8kl0awxh4","Major Lazer, MØ, DJ Snake","Lean On (feat. MØ & DJ Snake)","Third Pardee Records",113,179,17,"3280006"
183,"spotify:track:1D3ODoXHBLpdxolZRHWV1j","Jonas Blue, RAYE","By Your Side","Positiva",34,178,17,"3277791"
184,"spotify:track:4dASQiO1Eoo3RJvt74FtXB","Lil Wayne, Wiz Khalifa, Imagine Dragons, X Ambassadors, Logic, Ty Dolla $ign","Sucker for Pain (with Wiz Khalifa, Imagine Dragons, Logic & Ty Dolla $ign feat. X Ambassadors)","Atlantic Records",75,182,17,"3235095"
185,"spotify:track:3cFsmM51N5zMAuu1nNY4Tw","Sean Paul, Dua Lipa","No Lie","Universal-Island Records Ltd.",80,166,16,"3229227"
186,"spotify:track:2aFiaMXmWsM3Vj72F9ksBl","DNCE","Cake By The Ocean","Joseph Jonas/Republic Records",70,189,17,"3218992"
187,"spotify:track:7cGFbx7MP0H23iHZTZpqMM","Logic","Everybody","Def Jam Recordings",90,137,3,"3211824"
188,"spotify:track:2jTujnt0y344ai1rNOywgr","Drake, Giggs","KMT","Cash Money Records/Young Money Ent./Universal Rec.",37,128,5,"3205370"
189,"spotify:track:0sXvAOmXgjR2QUqLK1MltU","Carlos Vives, Shakira","La Bicicleta","Sony Music Latin",80,174,17,"3187936"
190,"spotify:track:5hx4FpDZOnDVYlyoG3rMks","Lil Yachty, Migos","Peek A Boo","Quality Control Music, LLC",190,-1,1,"3186794"
191,"spotify:track:4F7A0DXBrmUAkp32uenhZt","The Weeknd","Party Monster","Universal Republic Records",43,180,17,"3150217"
192,"spotify:track:2dqLk7ezV15LEJEwUmEbXB","Marian Hill","Down","Photo Finish / Republic Records",117,176,10,"3122661"
193,"spotify:track:7vRriwrloYVaoAe3a9wJHe","gnash, Olivia O'Brien","i hate u, i love u (feat. olivia o'brien)",":):",67,197,17,"3090594"
194,"spotify:track:5PfTI3zrQbZEWcQdycMqJM","Young Thug, 2 Chainz, Wiz Khalifa, PnB Rock","Gang Up (with Young Thug, 2 Chainz & Wiz Khalifa feat. PnB Rock)","Artist Partner",194,-1,1,"3085640"
195,"spotify:track:76gUmNLXGQVOsGhfcshkFP","Drake","Madiba Riddim","Cash Money Records/Young Money Ent./Universal Rec.",34,138,5,"3081049"
196,"spotify:track:2dfHh7ECGxfNqZTQno09Vk","Ed Sheeran","Hearts Don't Break Around Here","Atlantic Records UK",23,173,7,"3072870"
197,"spotify:track:20ZAJdsKB5IGbGj4ilRt2o","Ozuna","Dile Que Tu Me Quieres","VP Records Corp/Dimelo Vi",94,186,17,"3059004"
198,"spotify:track:0xl1w2q4VLojeXp4JfazPL","Drake, 2 Chainz, Young Thug","Sacrifices","Cash Money Records/Young Money Ent./Universal Rec.",35,147,5,"3056421"
199,"spotify:track:6VHdcVbiKLYYOcMbIqBcuK","Cali Y El Dandee, Shaggy","Lumbra","Cali y El Dandee Catalog",192,192,2,"3031992"
200,"spotify:track:5Z01UMMf7V1o0MzF86s6WJ","Eminem","Lose Yourself","Eminem Catalog PS",150,-1,12,"3028840"
