﻿rank,uri,artist_names,track_name,source,peak_rank,previous_rank,weeks_on_chart,streams
1,"spotify:track:2XW4DbS6NddZxRPm5rMCeY","Drake","God's Plan","Cash Money/Drake LP6",1,1,2,"54061893"
2,"spotify:track:1rfofaqEpACxVEHIZBJe6W","Camila Cabello, Young Thug","Havana (feat. Young Thug)","Syco Music/Epic",1,2,26,"25410902"
3,"spotify:track:7wGoVu4Dady5GV0Sv4UIsx","Post Malone, 21 Savage","rockstar (feat. 21 Savage)","Republic Records",1,3,20,"24751902"
4,"spotify:track:3Vo4wInECJQuz9BIBMOu8i","Bruno Mars, Cardi B","Finesse - Remix; feat. Cardi B","Atlantic Records",4,6,4,"20260198"
5,"spotify:track:5UEnHoDYpsxlfzWLZIc7LD","Eminem, Ed Sheeran","River (feat. Ed Sheeran)","Eminem Catalog PS",2,4,7,"20209573"
6,"spotify:track:76cy1WJvNGJTj78UqeA5zr","Dua Lipa","IDGAF","Warner Records",6,10,5,"20023931"
7,"spotify:track:1zsG4eaZmkA1dvjDDsAGLK","Luis Fonsi, Demi Lovato","Échame La Culpa","UMLE - Latino",7,8,11,"18269432"
8,"spotify:track:4eWQlBRaTjPPUlzacqEeoQ","Camila Cabello","Never Be the Same","Syco Music/Epic",4,7,8,"17732463"
9,"spotify:track:6mrKP2jyIQmM0rw6fQryjr","NF","Let You Down","NF Real Music",9,12,17,"17315378"
10,"spotify:track:7EmGUiUaOSGDnUUQUDrOXC","Selena Gomez, Marshmello","Wolves","Selena Gomez PS",3,5,15,"17221438"
11,"spotify:track:5k38wzpLb15YgncyWdTZE4","G-Eazy, Halsey","Him & I (with Halsey)","BPG/RVG/RCA Records",7,9,9,"16966249"
12,"spotify:track:2ekn2ttSfGqwhhate0LSR0","Dua Lipa","New Rules","Warner Records",2,11,30,"16469329"
13,"spotify:track:0tgVpDi06FyKpA1z0VMD4v","Ed Sheeran","Perfect","Atlantic Records UK",4,13,48,"16413723"
14,"spotify:track:7jqDzXJS0K0Re8uphYNit0","The Chainsmokers","Sick Boy","Disruptor Records/Columbia",14,15,2,"14973023"
15,"spotify:track:12SJpYZEdj4kzWZ8FPFg4Y","Kendrick Lamar, SZA","All The Stars (with SZA) - From ""Black Panther: The Album""","Black Panther (TDE/DMG) PS",13,14,4,"14904298"
16,"spotify:track:2UVbBKQOdFAekPTRsnkzcf","Migos","Stir Fry","Quality Control Music, LLC",16,71,5,"14698611"
17,"spotify:track:7qiZfU4dY1lWllzX7mPBI3","Ed Sheeran","Shape of You","Atlantic Records UK",1,16,56,"14105776"
18,"spotify:track:5AEtlRudpgdT5FtNiuly6Y","Hailee Steinfeld, Alesso, Florida Georgia Line, WATT","Let Me Go (with Alesso, Florida Georgia Line & watt)","Universal Records",16,17,21,"13912384"
19,"spotify:track:75ZvA4QfFiZvzhj2xkaWAh","Post Malone","I Fall Apart","Universal Records",10,18,19,"13892465"
20,"spotify:track:630sXRhIcfwr2e4RdNtjKN","Zac Efron, Zendaya","Rewrite The Stars","Atlantic Records",20,20,5,"13426904"
21,"spotify:track:7iDa6hUg2VgEL1o1HjmfBn","Bebe Rexha, Florida Georgia Line","Meant to Be (feat. Florida Georgia Line)","Warner Records",21,24,20,"12938147"
22,"spotify:track:1mXVgsBdtIVeCLJnSnmtdV","Sam Smith","Too Good At Goodbyes","PLG - Capitol",1,25,21,"12547061"
23,"spotify:track:3hBBKuWJfxlIlnd9QFoC8k","Maroon 5, SZA","What Lovers Do (feat. SZA)","Interscope Records*",5,21,22,"12538382"
24,"spotify:track:0wbnC9AUenxp613TYaJsGK","Migos","Narcos","Quality Control Music, LLC",24,-1,1,"12517414"
25,"spotify:track:2xmrfQpmS2iJExTlklLoAL","Clean Bandit, Julia Michaels","I Miss You (feat. Julia Michaels)","Atlantic Records UK",23,27,14,"12440678"
26,"spotify:track:7vGuf3Y35N4wmASOKLUVVU","Marshmello, Khalid","Silence","Joytime Collective/RCA Records",8,23,25,"12381234"
27,"spotify:track:4lESS6vuruP6a79KWRaQou","Maluma, Nego do Borel","Corazón (feat. Nego do Borel)","Sony Music Latin",17,26,13,"12360590"
28,"spotify:track:09IStsImFySgyp0pIQdqAc","Zedd, Maren Morris, Grey","The Middle","UMGRI Interscope",28,-1,1,"12200748"
29,"spotify:track:3Ga6eKrUFf12ouh9Yw3v2D","Anitta, J Balvin","Downtown","WM Brazil",21,29,11,"11880423"
30,"spotify:track:6n4U3TlzUGhdSFbUUhTvLP","Migos, Drake","Walk It Talk It","Quality Control Music, LLC",30,-1,1,"11871747"
31,"spotify:track:2xGjteMU3E1tkEPVFBO08U","Keala Settle, The Greatest Showman Ensemble","This Is Me","Atlantic Records",30,30,5,"11801603"
32,"spotify:track:1bhUWB0zJMIKr9yVPrkEuI","Ed Sheeran, Beyoncé","Perfect Duet (Ed Sheeran & Beyoncé)","Atlantic Records UK",3,22,9,"11487845"
33,"spotify:track:2DQ1ITjI0YoLFzuADN1ZBW","G-Eazy, A$AP Rocky, Cardi B","No Limit","BPG/RVG/RCA Records",18,28,18,"11423813"
34,"spotify:track:5hcisvFMidkMJlElTO9Qmw","Bad Bunny, Prince Royce, J Balvin, Mambo Kingz, DJ Luian","Sensualidad","Hear This Music",21,31,13,"10975966"
35,"spotify:track:4R55IUi2x7S5ek2SpebOiE","Wolfine","Bella","LOMIORECORDS",35,47,6,"10972830"
36,"spotify:track:4wFjTWCunQFKtukqrNijEt","Migos, Nicki Minaj, Cardi B","MotorSport","Quality Control Music, LLC",34,69,14,"10910672"
37,"spotify:track:33bnxcjePIkcmNjEFTJX0l","Piso 21, Manuel Turizo","Déjala Que Vuelva (feat. Manuel Turizo)","WM Mexico",33,33,13,"10851195"
38,"spotify:track:6Za3190Sbw39BBC77WSS1C","NATTI NATASHA, Ozuna","Criminal","Pina Records",21,34,20,"10615720"
39,"spotify:track:0tKcYR2II1VCQWT79i5NrW","Imagine Dragons","Thunder","Kid Ina Korner / Interscope",8,35,40,"10531035"
40,"spotify:track:1j4kHkkpqZRBwE0A4CN4Yv","ZAYN, Sia","Dusk Till Dawn (feat. Sia) - Radio Edit","RCA Records Label",4,32,21,"10508138"
41,"spotify:track:7EI6Iki24tBHAMxtb4xQN2","Rita Ora","Anywhere","Atlantic Records UK",39,39,15,"10477243"
42,"spotify:track:75FDPwaULRdYDn4StFN2rT","Cardi B, 21 Savage","Bartier Cardi (feat. 21 Savage)","KSR/Atlantic",22,36,6,"10205200"
43,"spotify:track:6QgjcU0zLnzq5OrUoSZ3OK","Portugal. The Man","Feel It Still","Atlantic Records",18,41,29,"10089671"
44,"spotify:track:7sO5G9EABYOXQKNPNiE9NR","Offset, Metro Boomin","Ric Flair Drip (with Metro Boomin)","Slaughter Gang, LLC/Epic/Quality Control Music/Motown/Capitol/Boominati Worldwide/Republic",32,42,14,"10066720"
45,"spotify:track:09ts3GnICqYEU5PkQCpJK3","Justin Timberlake, Chris Stapleton","Say Something (feat. Chris Stapleton)","RCA Records Label",45,-1,1,"10030315"
46,"spotify:track:7GX5flRQZVHRAGd6B4TmDO","Lil Uzi Vert","XO Tour Llif3","Generation Now/Atlantic",10,40,45,"9946553"
47,"spotify:track:2z4pcBLQXF2BXKFvd0BuB6","Jason Derulo, French Montana","Tip Toe (feat. French Montana)","Beluga Heights/Warner Records",45,45,12,"9943095"
48,"spotify:track:5Z3GHaZ6ec9bsiI5BenrbY","Khalid","Young Dumb & Broke","Right Hand Music Group, LLC/RCA Records",12,46,32,"9693694"
49,"spotify:track:6tHWl8ows5JOZq9Yfaqn3M","Bazzi","Mine","iamcosmic",49,134,2,"9529305"
50,"spotify:track:7KXjTSCq5nL1LoYtL7XAwS","Kendrick Lamar","HUMBLE.","Aftermath",1,51,44,"9426465"
51,"spotify:track:2vvdTrdryjsl8DmPIMDWZU","Enrique Iglesias, Bad Bunny","EL BAÑO","RCA Records/Sony Music International/Sony Music Latin",38,38,3,"9412949"
52,"spotify:track:43ZyHQITOjhciSUUNPVRHc","Lil Pump","Gucci Gang","Warner Records",6,37,21,"9389726"
53,"spotify:track:3a1lNhkSLSkpJE4MSHpDu9","Post Malone, Quavo","Congratulations","Universal Records",20,43,54,"9162721"
54,"spotify:track:5goGDc74vVREyN8al8CkPh","Drake","Diplomatic Immunity","Republic Records",19,19,2,"9109979"
55,"spotify:track:4BHzHISX21PYwGXiBEUQ70","Migos, 21 Savage","BBO (Bad Bitches Only)","Quality Control Music, LLC",55,-1,1,"9035628"
56,"spotify:track:42CeaId2XNlxugDvyqHfDf","Post Malone","Candy Paint","Republic Records",17,48,20,"8902987"
57,"spotify:track:2j2fIJGh4PMdXt9ULI5Tlc","Daddy Yankee","Dura","Craft Latino",57,127,2,"8887504"
58,"spotify:track:32DGGj6KlNuBr6WaqRxpxi","Charlie Puth","How Long","Artist Partner",15,44,17,"8782338"
59,"spotify:track:0OlnLZY4cmQzT6ZGttvWBM","Martin Garrix, David Guetta, Jamie Scott, Romy Dya","So Far Away (feat. Jamie Scott & Romy Dya)","Epic Amsterdam",42,49,9,"8776414"
60,"spotify:track:3OnOomd79OjqSYHchCQ6ht","Migos, Post Malone","Notice Me","Quality Control Music, LLC",60,-1,1,"8327068"
61,"spotify:track:6PGoSes0D9eUDeeAafB2As","Kendrick Lamar, Zacari","LOVE. FEAT. ZACARI.","Aftermath",14,57,42,"8165995"
62,"spotify:track:5CLGzJsGqhCEECcpnFQA8x","Rudimental, Jess Glynne, Macklemore, Dan Caplen","These Days (feat. Jess Glynne, Macklemore & Dan Caplen)","Atlantic Records UK",62,126,2,"8111587"
63,"spotify:track:1m69ELEgE6k5ZWsap40ozt","Ozuna","Se Preparó","VP Records Corp/Dimelo Vi",30,52,23,"8007871"
64,"spotify:track:6MNGxu8MprKGkchUchkJsy","J Balvin, Jeon, Anitta","Machika","UMLE - Latino",64,78,2,"7958019"
65,"spotify:track:5tz69p7tJuGPeMGwNTxYuV","Logic, Alessia Cara, Khalid","1-800-273-8255","Def Jam Recordings",5,63,40,"7684172"
66,"spotify:track:3B54sVLJ402zGa6Xm4YGNe","French Montana, Swae Lee","Unforgettable","Bad Boy Entertainment/Epic Records",3,55,43,"7578181"
67,"spotify:track:3ncgNpxLoBQ65ABk4djDyd","Famous Dex, A$AP Rocky","PICK IT UP (feat. A$AP Rocky)","300 Entertainment",60,60,12,"7551399"
68,"spotify:track:4zWO4gvuFtw6EJZC5FFGlr","MC Fioti, Future, J Balvin, Stefflon Don, Juan Magán","Bum Bum Tam Tam","Universal-Island Records Ltd.",67,67,7,"7524726"
69,"spotify:track:2rb5MvYT7ZIxbKW5hfcHx8","J Balvin, Willy William","Mi Gente","Scorpio Music (FR)",1,56,31,"7478500"
70,"spotify:track:6NWl2m8asvH83xjuXVNsuG","Lil Xan","Betrayed","Columbia",55,76,13,"7298631"
71,"spotify:track:6De0lHrwBfPfrhorm9q1Xl","Danny Ocean","Me Rehúso","Atlantic Records",20,62,50,"7294950"
72,"spotify:track:2fQrGHiQOvpL9UgPvtYy6G","21 Savage","Bank Account","Slaughter Gang, LLC/Epic Records",22,59,30,"7229404"
73,"spotify:track:4iLqG9SeJSnt0cSPICSjxv","Charlie Puth","Attention","Artist Partner",5,65,41,"7168018"
74,"spotify:track:5hM6sP0Gh1jD57drszNueC","Liam Payne, Rita Ora","For You (With Rita Ora)","Capitol Records UK / EMI",58,72,4,"7157101"
75,"spotify:track:7JNh1cfm0eXjqFVOzKLyau","Becky G, Bad Bunny","Mayores","Kemosabe Records/RCA Records/Sony Music Latin",33,64,27,"7126381"
76,"spotify:track:0CcQNd8CINkwQfe1RDtGV6","Imagine Dragons","Believer","Kid Ina Korner / Interscope",16,73,52,"7097834"
77,"spotify:track:0Zbbxnx4SGGHoIow4PpISP","Kygo, Justin Jesso","Stargazing","Kygo",15,61,19,"7052981"
78,"spotify:track:4DTpngLjoHj5gFxEZFeD3J","Kodak Black, Lil Wayne","Codeine Dreaming (feat. Lil Wayne)","Atlantic Records",50,53,10,"7041974"
79,"spotify:track:5yFSF6qQA1rcLsQRnBsZgb","Alan Walker, Noah Cyrus, Digital Farm Animals, Juliander","All Falls Down (feat. Juliander)","Kreatell Music",52,66,14,"6979319"
80,"spotify:track:6RKkHI2fkmgZq7uQPPav8f","Migos","Gang Gang","Quality Control Music, LLC",80,-1,1,"6973684"
81,"spotify:track:7yt6eiZQCkVFEzwGp4Pbor","Migos","Supastars","Quality Control Music, LLC",81,-1,1,"6939524"
82,"spotify:track:5WoaF1B5XIEnWfmb5NZikf","Miguel, Travis Scott","Sky Walker (feat. Travis Scott)","ByStorm Entertainment/RCA Records",79,80,11,"6937834"
83,"spotify:track:5HwnezK198pJCEj1l2Adjy","Camila Cabello","She Loves Control","Syco Music/Epic",53,101,3,"6918334"
84,"spotify:track:2Tq2R8sRftNEqdgJK5HadO","Troye Sivan","My My My!","EMI Recorded Music Australia Pty Ltd",31,50,3,"6876946"
85,"spotify:track:4dVpf9jZjcORqGTLUaeYj9","A$AP Ferg","Plain Jane","RCA Records Label",37,77,20,"6868064"
86,"spotify:track:3m660poUr1chesgkkjQM7P","Demi Lovato","Sorry Not Sorry","Island Records",7,70,30,"6860070"
87,"spotify:track:1wjzFQodRWrPcQ0AnYnvQ9","Lauv","I Like Me Better","Lauv",29,74,35,"6771925"
88,"spotify:track:6RUKPb4LETWmmr3iAEQktW","The Chainsmokers, Coldplay","Something Just Like This","Disruptor Records/Columbia",2,79,50,"6684566"
89,"spotify:track:152lZdxL1OR0ZMW6KquMif","Khalid","Location","Right Hand Music Group, LLC/RCA Records",34,93,52,"6594659"
90,"spotify:track:2OALaHcDdKkjYEpAr0Qzab","Avicii, Rita Ora","Lonely Together","Universal Music AB",19,68,25,"6590468"
91,"spotify:track:2x0WlnmfG39ZuDmstl9xfX","Taylor Swift, Ed Sheeran, Future","End Game","Taylor Swift",47,58,9,"6516726"
92,"spotify:track:2KokOIKdw4zZutDil85Ugh","Migos, Travis Scott, Ty Dolla $ign, Big Sean","White Sand","Quality Control Music, LLC",92,-1,1,"6513207"
93,"spotify:track:71bBFbfn2OBK5QwUJSLS44","Axwell /\ Ingrosso, Axwell, Sebastian Ingrosso","More Than You Know","Pophouse Entertainment Group",15,81,36,"6502264"
94,"spotify:track:43ay9lQZ5rfNcOOHhRF2cM","Hugh Jackman, Keala Settle, Zac Efron, Zendaya, The Greatest Showman Ensemble","The Greatest Show","Atlantic Records",73,75,5,"6441865"
95,"spotify:track:5Htb1uFQ1KrkFXlefS8oGj","Demi Lovato","Tell Me You Love Me","Island Records",70,82,10,"6438907"
96,"spotify:track:7krbSH3rd8lhIZvuzTV3Bl","James Arthur","Naked","Columbia Local",86,89,10,"6399537"
97,"spotify:track:5uCax9HTNlzGybIStD3vDh","James Arthur","Say You Won't Let Go","Columbia",7,88,58,"6299889"
98,"spotify:track:2771LMNxwf62FTAdpJMQfM","Cardi B","Bodak Yellow","KSR/Atlantic",21,85,27,"6280585"
99,"spotify:track:7m9OqQk4RVRkw9JJdeAw96","XXXTENTACION","Jocelyn Flores","Bad Vibes Forever / EMPIRE",15,91,23,"6237911"
100,"spotify:track:5TmZYdHW6HJ9gt7Aokuql5","Sebastian Yatra, Dalmata","SUTRA","UMLE - Latino",96,96,14,"6224427"
101,"spotify:track:0MIcPSq9n2z5H8TAfEstri","Ozuna, J Balvin","Quiero Repetir","VP Records Corp/Dimelo Vi",99,99,5,"5951541"
102,"spotify:track:70lnL3QaSOIIyMa2X9aVRL","Shakira, Nicky Jam","Perro Fiel (feat. Nicky Jam)","Sony Music Latin",46,87,17,"5947538"
103,"spotify:track:0Gl5s8IhMmQE5YQwM8Qx1J","Loren Allred","Never Enough","Atlantic Records",92,92,5,"5916723"
104,"spotify:track:7ofxPmTNMj2GP07g1VZa0O","Alex Sensation, Ozuna","Que Va","JP Entertainment (Jorge Pino)",54,90,23,"5876565"
105,"spotify:track:0RoA7ObU6phWpqhlC9zH4Z","Ziv Zaifman, Hugh Jackman, Michelle Williams","A Million Dreams","Atlantic Records",95,95,5,"5822659"
106,"spotify:track:6u0EAxf1OJTLS7CvInuNd7","Anitta, ZAAC, Maejor, Tropkillaz, DJ Yuri Martins","Vai malandra (feat. Tropkillaz & DJ Yuri Martins)","WM Brazil",30,86,7,"5820777"
107,"spotify:track:0KKkJNfGyhkQ5aFogxQAPU","Bruno Mars","That's What I Like","Atlantic Records",6,125,58,"5819258"
108,"spotify:track:5CtI0qwDJkDQGwXD1H1cLb","Luis Fonsi, Daddy Yankee, Justin Bieber","Despacito - Remix","UMLE - Latino",1,98,42,"5802829"
109,"spotify:track:3VClLWqNn80Llv0PJOsKgr","Nacho, Yandel, Bad Bunny, Mambo Kingz, DJ Luian","Báilame - Remix","UMLE - Latino",58,94,24,"5769234"
110,"spotify:track:1Qg9jWGDkKAGZXj5v2OG59","Maroon 5","Wait","Interscope Records*",74,100,13,"5728007"
111,"spotify:track:5TysCiZtv1HnSWcTcUFusI","Joey Montana, Sebastian Yatra","Suena El Dembow","UMLE - Latino",66,97,20,"5690239"
112,"spotify:track:1KSqYYJFyfTecXFk9M0prc","Wisin, Ozuna","Escápate Conmigo (feat. Ozuna)","Sony Music Latin",38,102,43,"5654763"
113,"spotify:track:6gBFPUFcJLzWGx4lenP6h2","Travis Scott","goosebumps","Cactus Jack / Epic",60,107,57,"5540665"
114,"spotify:track:2u7mxWSeoqTXndK5e08jMp","Lil Skies, Landon Cube","Nowadays (feat. Landon Cube)","All We Got Ent.",104,104,4,"5533077"
115,"spotify:track:0as7lPxkBPctZ7uVmchRNM","Cashmere Cat, Major Lazer, Tory Lanez","Miss You (with Major Lazer & Tory Lanez)","Benny Blanco Major",115,194,2,"5526481"
116,"spotify:track:79cuOz3SPQTuFrp8WgftAu","Shawn Mendes","There's Nothing Holdin' Me Back","Island Records",5,105,41,"5508608"
117,"spotify:track:3whrwq4DtvucphBPUogRuJ","Camila Cabello, Daddy Yankee","Havana - Remix","Syco Music/Epic",50,106,11,"5491078"
118,"spotify:track:7rwX0O3RlxqqIjQM8evm5E","Ozuna, Mambo Kingz, DJ Luian, Bad Bunny, Wisin, Almighty","Solita","Hear This Music",118,-1,1,"5476103"
119,"spotify:track:6EpRaXYhGOB3fj4V2uDkMJ","Liam Payne, Quavo","Strip That Down (feat. Quavo)","Capitol Records UK / EMI",9,113,37,"5432811"
120,"spotify:track:0JcNysfWVWaMS7R6vzGB2k","Carlos Vives, Sebastian Yatra","Robarte un Beso","Sony Music Latin",61,108,26,"5412278"
121,"spotify:track:7nZmah2llfvLDiUjm0kiyz","Justin Bieber, BloodPop®","Friends (with BloodPop®)","BloodPop/DJ/RMBG/Republic",2,103,24,"5385889"
122,"spotify:track:0G9rmRmQDFk9O2tzZLyRkc","Migos","Emoji A Chain","Quality Control Music, LLC",122,-1,1,"5354839"
123,"spotify:track:1nfyE13arjOuO54HH0zmqj","Manuel Turizo","Esperándote","Sony Music Latin/La Industria",123,200,2,"5326580"
124,"spotify:track:3iq9nhbI8fcnNamxMft1uv","Camila Cabello","Real Friends","Syco Music/Epic",36,54,8,"5321238"
125,"spotify:track:2cKovq3l6OJjhVVDbVKOsr","Hugh Jackman, Zac Efron","The Other Side","Atlantic Records",110,110,4,"5293816"
126,"spotify:track:2EzRdhuoPyNJDlep7lnNf2","Danny Ocean","Dembow","Atlantic Records",126,139,3,"5278627"
127,"spotify:track:6fxVffaTuwjgEk5h9QyRjy","Ed Sheeran","Photograph","Atlantic Records UK",41,120,58,"5253280"
128,"spotify:track:1x5sYLZiu9r5E43kMlt9f8","Clean Bandit, Zara Larsson","Symphony (feat. Zara Larsson)","Atlantic Records UK",11,119,46,"5253036"
129,"spotify:track:0qYTZCo5Bwh1nsUFGZP3zn","Maluma","Felices los 4","Sony Music Latin",17,111,41,"5230576"
130,"spotify:track:43dOwOq0mB4i6j4SpcSkqC","Migos","Higher We Go - Intro","Quality Control Music, LLC",130,-1,1,"5211916"
131,"spotify:track:0OI7AFifLSoGzpb8bdBLLV","mgk, X Ambassadors, Bebe Rexha","Home (with Machine Gun Kelly, X Ambassadors & Bebe Rexha)","Atlantic Records",66,84,10,"5188376"
132,"spotify:track:1XRgIKC5TPwo7nWGyKqgG0","Gucci Mane, Migos","I Get the Bag (feat. Migos)","Guwop Enterprises/Atlantic",45,109,24,"5155078"
133,"spotify:track:4IWAyPf1KMq7JCyGeCjTeH","Imagine Dragons","Whatever It Takes","Kid Ina Korner / Interscope",51,122,25,"5125313"
134,"spotify:track:51rXHuKN8Loc4sUlKPODgH","Jay Rock, Kendrick Lamar, Future, James Blake","King's Dead (with Kendrick Lamar, Future & James Blake)","Black Panther (TDE/DMG) PS",114,114,3,"5104211"
135,"spotify:track:0lJCqIx5BhZtf6QtYI2fbv","Daddy Yankee, Bad Bunny","Vuelve","Craft Latino",71,118,17,"5089832"
136,"spotify:track:1yxgsra98r3qAtxqiGZPiX","Travis Scott","BUTTERFLY EFFECT","Cactus Jack / Epic",40,117,37,"5080987"
137,"spotify:track:0afhq8XCExXpqazXczTSve","Ed Sheeran","Galway Girl","Atlantic Records UK",2,123,48,"5032573"
138,"spotify:track:1Slwb6dOYkBlWal1PGtnNg","Ed Sheeran","Thinking out Loud","Atlantic Records UK",58,128,58,"5027664"
139,"spotify:track:3towKHKVOXCCcL1fHv6xFO","Hailee Steinfeld, BloodPop®","Capital Letters","Republic/Universal/FSF",139,150,2,"5021689"
140,"spotify:track:0ERbK7qVqveCaBWIiYCrl3","Romeo Santos, Daddy Yankee, Nicky Jam","Bella y Sensual","Sony Music Latin",106,124,27,"4976351"
141,"spotify:track:1xndOD8CreR5ctkOv5G1LN","Dj Kass","Scooby Doo Pa Pa","eOne Music",141,193,2,"4932545"
142,"spotify:track:7BKLCZ1jbUBVqRi2FVlTVw","The Chainsmokers, Halsey","Closer","Disruptor Records/Columbia",2,131,58,"4918713"
143,"spotify:track:3xWEI23MLJrD0dpDcDUTW6","Juan Magán, Belinda, Manuel Turizo, Snova, B-Case","Déjate Llevar","Universal Music Spain S.L.",142,142,5,"4906009"
144,"spotify:track:0RTzJVkunbGwuRjXDFHnjf","Axwell /\ Ingrosso, Axwell, Sebastian Ingrosso","Dreamer","Pophouse Entertainment Group",137,137,6,"4904497"
145,"spotify:track:5yuShbu70mtHXY0yLzCQLQ","Post Malone","Go Flex","Universal Records",52,129,30,"4884761"
146,"spotify:track:6tvQzeCPwOytDlBYCIOY0n","Jax Jones, Ina Wroldsen","Breathe (feat. Ina Wroldsen)","Polydor Records",146,160,3,"4864351"
147,"spotify:track:3kxfsdsCpFgN412fpnW85Y","Childish Gambino","Redbone","Glassnote - VMG",35,174,58,"4860331"
148,"spotify:track:5Y9fnynLlIvqtM710MHzfz","Ozuna","Síguelo Bailando","VP Records Corp/Dimelo Vi",148,156,5,"4806949"
149,"spotify:track:1OAh8uOEOvTDqkKFsKksCi","DJ Khaled, Rihanna, Bryson Tiller","Wild Thoughts (feat. Rihanna & Bryson Tiller)","Epic/We The Best",2,141,33,"4803417"
150,"spotify:track:2nUJvBO87SkxCViQsLc9Zr","Big Shaq","Man's Not Hot","Universal-Island Records Ltd.",36,115,17,"4799059"
151,"spotify:track:0Qh38w01QRXK6KHIv0e3hb","P!nk","What About Us","RCA Records Label",18,146,25,"4794509"
152,"spotify:track:4Kw3CztmD15X1QGDnnHmLD","Migos","Auto Pilot","Quality Control Music, LLC",152,-1,1,"4789518"
153,"spotify:track:1xznGGDReH1oQq0xzbwXa3","Drake, Wizkid, Kyla","One Dance","Cash Money Records/Young Money Ent./Universal Rec.",12,149,58,"4787322"
154,"spotify:track:3DXncPQOG4VBw3QHh3S817","DJ Khaled, Justin Bieber, Quavo, Chance the Rapper, Lil Wayne","I'm the One (feat. Justin Bieber, Quavo, Chance the Rapper & Lil Wayne)","Epic/We The Best",2,136,40,"4786942"
155,"spotify:track:7vu0JkJh0ldukEYbTVcqd0","Julia Michaels","Issues","J/Republic",9,151,55,"4767524"
156,"spotify:track:6HZILIRieu8S0iqY8kIKhj","Kendrick Lamar","DNA.","Aftermath",3,172,41,"4672759"
157,"spotify:track:40oKW22ZNNkEdZLJTScaQI","Kodak Black, XXXTENTACION","Roll in Peace (feat. XXXTENTACION)","Atlantic Records",79,130,24,"4664785"
158,"spotify:track:5bcTCxgc7xVfSaMV3RuVke","Calvin Harris, Pharrell Williams, Katy Perry, Big Sean, Funk Wav","Feels (feat. Pharrell Williams, Katy Perry & Big Sean)","Columbia",5,135,33,"4664057"
159,"spotify:track:35ffVv9x4mtzBh5rF1K9sP","Migos, Gucci Mane","CC","Quality Control Music, LLC",159,-1,1,"4647065"
160,"spotify:track:7AQim7LbvFVZJE3O8TYgf2","XXXTENTACION, Trippie Redd","Fuck Love","Bad Vibes Forever / EMPIRE",41,144,23,"4639901"
161,"spotify:track:3NdDpSvN911VPGivFlV5d0","ZAYN, Taylor Swift","I Don’t Wanna Live Forever (Fifty Shades Darker)","Taylor Swift",2,148,58,"4637418"
162,"spotify:track:0NiXXAI876aGImAd6rTj8w","Jonas Blue, William Singe","Mama","UMOD (Universal Music On Demand)",11,143,39,"4634452"
163,"spotify:track:790MhTXPFrYkrqCKvpg4t1","NAV, Lil Uzi Vert","Wanted You (feat. Lil Uzi Vert)","XO Records",99,138,12,"4622213"
164,"spotify:track:0zl3PdjIl320fK0pxBGWNR","6ix9ine, Fetty Wap, A Boogie Wit da Hoodie","KEKE","Scumgang/TenThousand Projects",112,112,2,"4566519"
165,"spotify:track:0CokSRCu5hZgPxcZBaEzVE","Macklemore, Skylar Grey","Glorious (feat. Skylar Grey)","Bendo LLC",14,140,30,"4553933"
166,"spotify:track:1L3NV7VrCiuE8C5QlhdeQL","Justin Timberlake","Filthy","RCA Records Label",25,83,4,"4544744"
167,"spotify:track:0VgkVdmE4gld66l8iyGjgx","Future","Mask Off","Epic/Freebandz/A1",5,152,50,"4537596"
168,"spotify:track:4aWmUDTfIPGksMNLV2rQP2","Luis Fonsi, Daddy Yankee","Despacito","UMLE - Latino",4,159,55,"4513149"
169,"spotify:track:7hDc8b7IXETo14hHIHdnhd","Drake","Passionfruit","Cash Money Records/Young Money Ent./Universal Rec.",2,158,45,"4484135"
170,"spotify:track:693iqPOQvhI7PobtR8CC8v","J Balvin, Jowell & Randy","Bonita","Rimas (J Balvin - Jowell & Randy)",42,145,34,"4446097"
171,"spotify:track:3eR23VReFzcdmS7TYCrhCe","Kygo, Selena Gomez","It Ain't Me (with Selena Gomez)","Kygo",2,153,50,"4386369"
172,"spotify:track:5troof8mcGO3AafoDbk1gc","Taylor Swift","Look What You Made Me Do","Taylor Swift",1,147,23,"4363423"
173,"spotify:track:5xNUR50KxswPRAvx7S163g","Hugh Jackman, Keala Settle, Daniel Everidge, Zendaya, The Greatest Showman Ensemble","Come Alive","Atlantic Records",152,157,4,"4331674"
174,"spotify:track:7F9vK8hNFMml4GtHsaXui6","Louis Tomlinson, Bebe Rexha, Digital Farm Animals","Back to You (feat. Bebe Rexha & Digital Farm Animals)","Syco Music",15,154,28,"4321484"
175,"spotify:track:7amMgNDcObIDkIXv4xcvc2","Ramz","Barking","Polydor Records",175,178,2,"4319886"
176,"spotify:track:0P6AWOA4LG1XOctzaVu5tt","SZA, Calvin Harris, Funk Wav","The Weekend - Funk Wav Remix","Top Dawg Entertainment/RCA Records",169,169,5,"4309223"
177,"spotify:track:0I20rLT2MJDhcF96AjbNYo","Zedd, Alessia Cara","Stay","UMGRI Interscope",7,173,49,"4291410"
178,"spotify:track:6WbADFqMvR8N5u0BvtsWQE","Avicii, Sandro Cavazza","Without You","Universal Music AB",21,155,25,"4278262"
179,"spotify:track:6kex4EBAj0WHXDKZMEJaaF","Jason Derulo, Nicki Minaj, Ty Dolla $ign","Swalla (feat. Nicki Minaj & Ty Dolla $ign)","Beluga Heights/Warner Records",6,163,49,"4264316"
180,"spotify:track:5aAx2yezTd8zXrkmtKl66Z","The Weeknd, Daft Punk","Starboy","Universal Republic Records",1,170,58,"4259930"
181,"spotify:track:6b8Be6ljOzmkOmFslEb23P","Bruno Mars","24K Magic","Atlantic Records",9,-1,50,"4255394"
182,"spotify:track:4loAa1lBkE83qJXU1ddmCV","Migos","Too Much Jewelry","Quality Control Music, LLC",182,-1,1,"4241959"
183,"spotify:track:6VrCmhRBFnuGKmtNfk4jDs","Marshmello, Lil Peep","Spotlight","Joytime Collective / Lil Peep",86,133,3,"4241286"
184,"spotify:track:3IkWmgGsXbsafrunwPojXO","Hugh Jackman, The Greatest Showman Ensemble","From Now On","Atlantic Records",154,162,4,"4229412"
185,"spotify:track:7MHN1aCFtLXjownGhvEQlF","Manuel Turizo","Una Lady Como Tú","Sony Music Latin/La Industria",38,165,35,"4224079"
186,"spotify:track:7y9iMe8SOB6z3NoHE2OfXl","Halsey","Bad At Love","Astralwerks (ASW)",68,161,23,"4188219"
187,"spotify:track:6p8NuHm8uCGnn2Dtbtf7zE","Migos, Gucci Mane","Slippery (feat. Gucci Mane)","Quality Control Music",71,166,44,"4187655"
188,"spotify:track:7K8krdGeSIvwDGw1WUqJuK","Ghali","Cara Italia","WMI Italy",188,-1,1,"4187081"
189,"spotify:track:0dLToDou8YHYJpQltj3Ijy","Sfera Ebbasta, Quavo","Cupido (feat. Quavo)","Universal Music Italia srL.",116,116,2,"4178358"
190,"spotify:track:6eT7xZZlB2mwyzJ2sUKG6w","Post Malone","White Iverson","Universal Records",100,168,50,"4144151"
191,"spotify:track:2RttW7RAu5nOAfq6YFvApB","Ed Sheeran","Happier","Atlantic Records UK",10,171,48,"4067177"
192,"spotify:track:1NDxZ7cFAo481dtYWdrUnR","Maggie Lindemann, Cheat Codes, CADE","Pretty Girl - Cheat Codes X CADE Remix","300 Entertainment",23,177,42,"4028247"
193,"spotify:track:6yr8GiTHWvFfi4o6Q5ebdT","Eminem, Nate Dogg","Till I Collapse","Eminem Catalog PS",157,187,22,"3965342"
194,"spotify:track:3ebXMykcMXOcLeJ9xZ17XH","Martin Garrix, Dua Lipa","Scared to Be Lonely","Epic Amsterdam",5,182,51,"3962702"
195,"spotify:track:2eAZfqOm4EnOF9VvN50Tyc","Lil Uzi Vert, Oh Wonder","The Way Life Goes (feat. Oh Wonder)","Generation Now/Atlantic",44,184,22,"3888993"
196,"spotify:track:6PCUP3dWmTjcTtXY02oFdT","Ed Sheeran","Castle on the Hill","Atlantic Records UK",2,181,56,"3883863"
197,"spotify:track:0tPQPaOKM32WgMSbPCYyRH","David Guetta, AFROJACK, Charli xcx, French Montana","Dirty Sexy Money (feat. Charli XCX & French Montana)","Parlophone (France)",100,180,13,"3860221"
198,"spotify:track:1LszjjoVwDDZcWUQbzeDLG","Yandel, Bad Bunny","Explícale (feat. Bad Bunny)","Sony Music Latin",101,176,22,"3851225"
199,"spotify:track:7w9bgPAmPTtrkt2v16QWvQ","Eminem","Lose Yourself","Eminem Catalog PS",143,198,45,"3844823"
200,"spotify:track:2m2ZGfJcs3lHWNPzhWH3XH","Ozuna, Cardi B","La Modelo","VP Records Corp/Dimelo Vi",159,183,5,"3821060"
