﻿rank,uri,artist_names,track_name,source,peak_rank,previous_rank,weeks_on_chart,streams
1,"spotify:track:0sf12qNH5qcw8qpgymFOqD","The Weeknd","Blinding Lights","Republic Records",1,1,14,"43316941"
2,"spotify:track:0nbXyq5TXYPCO7pr3N8S4I","Roddy Ricch","The Box","Atlantic Records",1,3,12,"39070218"
3,"spotify:track:1rgnBhdG2JDFTbYkYRZAku","Tones And I","Dance Monkey","Elektra (NEK)",1,2,33,"38072447"
4,"spotify:track:6WrI0LAC5M1Rw2MnX2ZvEg","Dua Lipa","Don't Start Now","Warner Records",4,4,18,"33460126"
5,"spotify:track:4umIPjkehX1r7uhmGvXiSV","Justin Bieber, Quavo","Intentions (feat. Quavo)","RBMG/Def Jam",5,5,4,"29542408"
6,"spotify:track:38RIEav39FGi86jppxO0du","Bad Bunny, Sech","Ignorantes","Rimas Entertainment LLC",6,15,3,"29245976"
7,"spotify:track:6NfrH0ANGmgBXyxgV2PeXt","Bad Bunny","La Difícil","Rimas Entertainment LLC",7,-1,1,"27543705"
8,"spotify:track:7k4t7uLgtOxPwTpFmtJNTY","KAROL G, Nicki Minaj","Tusa","TUSA - Karol G & Nicki Minaj",3,6,17,"27008232"
9,"spotify:track:41wtwzCZkXwpnakmwJ239F","Bad Bunny","Si Veo a Tu Mamá","Rimas Entertainment LLC",9,-1,1,"26149940"
10,"spotify:track:3Dv1eDb0MEgF93GpLXlucZ","Doja Cat","Say So","Kemosabe Records/RCA Records",10,17,10,"25776622"
11,"spotify:track:4TnjEaWOeW0eKTKIEvJyCa","Trevor Daniel","Falling","Alamo",5,8,16,"25772863"
12,"spotify:track:696DnlkuDOXcMAnKlTgXXK","Arizona Zervas","ROXANNE","Arizona Zervas",2,9,19,"24637369"
13,"spotify:track:2kJu14V7hbZw3I4K8L8SXb","Lady Gaga","Stupid Love","Interscope",13,-1,1,"24400673"
14,"spotify:track:69vlMrzHwATKzupwNcUPyK","Bad Bunny, Daddy Yankee","La Santa","Rimas Entertainment LLC",14,-1,1,"21283293"
15,"spotify:track:2n7ohqg1s68ToAHh4u9mcW","Bad Bunny","Vete","Rimas Entertainment LLC",10,39,15,"21120084"
16,"spotify:track:73SpzrcaHk0RQPFP73vqVR","Billie Eilish","No Time To Die","Darkroom/Interscope Records",4,10,3,"19928494"
17,"spotify:track:21jGcNKet2qwijlDFuPiPb","Post Malone","Circles","Republic Records",1,14,27,"19907615"
18,"spotify:track:16wAOAZ2OkqoIDN7TpChjR","Justin Bieber","Yummy","RBMG/Def Jam",2,11,9,"19852847"
19,"spotify:track:5yY9lUy8nbvjM1Uyo1Uqoc","Future, Drake","Life Is Good (feat. Drake)","Epic/Freebandz",3,12,8,"19636667"
20,"spotify:track:7qEHsqek33rTcFNT9PFqLf","Lewis Capaldi","Someone You Loved","Vertigo Berlin",4,16,61,"19361108"
21,"spotify:track:3ZCTVFBt2Brf31RLEnCkWJ","Billie Eilish","everything i wanted","Darkroom/Interscope Records",2,13,17,"18851747"
22,"spotify:track:2b8fOow8UzyDFAE27YhOZM","Maroon 5","Memories","Interscope Records*",2,18,24,"18238529"
23,"spotify:track:7FIWs0pqAYbP91WWM0vlTQ","Eminem, Juice WRLD","Godzilla (feat. Juice WRLD)","Shady/Aftermath/Interscope Records",4,19,7,"17860713"
24,"spotify:track:4ejyZ4uJEXUURcgKp1kP8v","The Weeknd","After Hours","Republic Records",7,7,3,"17441043"
25,"spotify:track:24Yi9hE78yPEbZ4kxyoXAI","SAINt JHN, Imanbek","Roses - Imanbek Remix","Columbia/B1 Recordings",24,24,12,"17283281"
26,"spotify:track:22LAwLoDA5b4AaGSkg6bKW","Lil Mosey","Blueberry Faygo","Mogul Vision/Interscope Records",23,23,4,"17094530"
27,"spotify:track:1Cv1YLb4q0RzL6pybtaMLo","Surfaces","Sunday Best","Surfaces Music / TenThousand Projects, LLC",27,31,7,"17010674"
28,"spotify:track:3jjujdWJ72nww5eGnfs2E7","Harry Styles","Adore You","Columbia",6,21,13,"16982508"
29,"spotify:track:75pQqzwgCjUOSSy5CpmAjy","Bad Bunny","Pero Ya No","Rimas Entertainment LLC",29,-1,1,"16283183"
30,"spotify:track:2Fxmhks0bxGSBdJ92vM42m","Billie Eilish","bad guy","Darkroom/Interscope Records",1,20,49,"15728150"
31,"spotify:track:7eJMfftS33KTjuF7lTsMCx","Powfu, beabadoobee","death bed (coffee for your head)","Columbia",31,38,3,"15647476"
32,"spotify:track:0SqqAgdovOE24BzxIClpjw","Bad Bunny","Yo Perreo Sola","Rimas Entertainment LLC",32,-1,1,"15245370"
33,"spotify:track:4uziEsK1yiqdauKVDPsmVG","J Balvin","Rojo","UMLE - Latino",33,-1,1,"15186977"
34,"spotify:track:2gMXnyrvIjhVBUZwvLZDMP","Lewis Capaldi","Before You Go","Vertigo Berlin",19,26,15,"14835609"
35,"spotify:track:7lidXGPXPYLNThITAOTlkK","Halsey","You should be sad","Capitol Records",16,30,8,"14829383"
36,"spotify:track:6v3KW9xbzN5yKLt9YKDYA2","Shawn Mendes, Camila Cabello","Señorita","Island Records",1,25,37,"14694421"
37,"spotify:track:5px6upUHM3fhOP621Edp4V","Dua Lipa","Physical","Warner Records",18,33,5,"14266925"
38,"spotify:track:2DEZmgHKAvm41k4J3R2E9Y","Bad Bunny, Jowell & Randy, Ñengo Flow","Safaera","Rimas Entertainment LLC",38,-1,1,"14151879"
39,"spotify:track:7sQKy5vlPQllr0k9IjYJv3","Arcángel, Sech, Dímelo Flow","Sigues Con El","Rimas Entertainment LLC.",21,29,11,"14051875"
40,"spotify:track:6cy3ki60hLwimwIje7tALf","Black Eyed Peas, J Balvin","RITMO (Bad Boys For Life)","Epic/We The Best",9,27,21,"13934542"
41,"spotify:track:3yOlyBJuViE2YSGn3nVE1K","Camila Cabello, DaBaby","My Oh My (feat. DaBaby)","Syco Music/Epic",15,32,13,"13867463"
42,"spotify:track:2nC3QhMI9reBIOWutbU3Tj","Ashe","Moral of the Story","Mom+Pop Music",42,46,2,"13675094"
43,"spotify:track:3mQ6SLdxxaL52Yte7KF2Ks","J Balvin","Morado","UMLE - Latino",33,36,8,"13652244"
44,"spotify:track:4j4w4CXm6BSr0s25wAWrrX","Bad Bunny, Yaviah","Bichiyal","Rimas Entertainment LLC",44,-1,1,"12612985"
45,"spotify:track:7sOfmPd18RWp3FoCzpa7Kw","Bad Bunny","Soliá","Rimas Entertainment LLC",45,-1,1,"12531015"
46,"spotify:track:6gm12xlADJwiBbHIKBXzGW","Residente","René","5020 Records",46,-1,1,"12359067"
47,"spotify:track:07KXEDMj78x68D884wgVEm","Roddy Ricch, Mustard","High Fashion (feat. Mustard)","Atlantic Records",29,41,8,"12159026"
48,"spotify:track:7CHi4DtfK4heMlQaudCuHK","MEDUZA, Becky Hill, Goodboys","Lose Control","Intercord",27,35,20,"12156841"
49,"spotify:track:5raTDhlbxFDnpn89bxArdH","Lil Uzi Vert, WanMor","That Way","Generation Now/Atlantic",49,-1,1,"12059592"
50,"spotify:track:2ZlCGeK30BLRNSPC832pNZ","Justin Bieber, Post Malone, Clever","Forever (feat. Post Malone & Clever)","RBMG/Def Jam",15,28,3,"11851600"
51,"spotify:track:2tnVG71enUj33Ic2nFN6kZ","Regard","Ride It","Ministry of Sound Recordings",12,44,26,"11367332"
52,"spotify:track:4r9jkMEnArtWGH2rL2FZl0","Bad Bunny","A Tu Merced","Rimas Entertainment LLC",52,-1,1,"11349696"
53,"spotify:track:5stPVcRqb4qixbafP9e8lt","Dalex, Lenny Tavárez, Chencho Corleone, Juhn, Dímelo Flow","Hola - Remix","Rich Music",29,40,16,"11347665"
54,"spotify:track:2ZTYlnhhV1UAReg7wIGolx","Sam Smith","To Die For","PLG - Capitol",30,37,3,"11192680"
55,"spotify:track:4saHEjXw7O1NXJOzBkUKKG","Bad Bunny, Anuel AA","Está Cabrón Ser Yo","Rimas Entertainment LLC",55,-1,1,"11110403"
56,"spotify:track:2QyuXBcV1LJ2rq01KhreMF","BTS","ON","BIGHIT MUSIC",22,22,2,"10858765"
57,"spotify:track:53v2u51nq3CxiKUNphRzP1","Bad Bunny, Ñengo Flow","Que Malo","Rimas Entertainment LLC",57,-1,1,"10834802"
58,"spotify:track:3JHpk0DOTOzyh0777JFAky","Myke Towers","Diosa","2020 One World Music & Casablanca Records | Powered by GLAD Empire, LL",58,60,3,"10727725"
59,"spotify:track:3Q6F8RByyhRTJpRtZLY3cg","Jack Harlow","WHATS POPPIN","Generation Now/Atlantic",59,63,5,"10661717"
60,"spotify:track:5kqNIqFjijuzvVLhuY9B8j","Bad Bunny","La Zona","Rimas Entertainment LLC",60,-1,1,"10658439"
61,"spotify:track:0RiRZpuVRbi7oqRdSMwhQY","Post Malone, Swae Lee","Sunflower - Spider-Man: Into the Spider-Verse","Republic Records",1,49,72,"10538467"
62,"spotify:track:0hVXuCcriWRGvwMV1r5Yn9","Ed Sheeran & Justin Bieber, Justin Bieber","I Don't Care (with Justin Bieber)","Atlantic Records UK",1,50,43,"10459363"
63,"spotify:track:4NqQaovM14WR2hNPMFxgjb","Bad Bunny","25/8","Rimas Entertainment LLC",63,-1,1,"10436057"
64,"spotify:track:5eEQCfq7MXQr6aHLNRUZLs","Anuel AA","Keii","2020 Real Hasta La Muerte, LLC",37,43,4,"10323208"
65,"spotify:track:7KSSdFCBHCfq4KPzz78ghk","Lil Baby, Gunna","Heatin Up (feat. Gunna)","Quality Control/Motown Records",65,-1,1,"10048849"
66,"spotify:track:4MZSqgwlE71CWZ6qQ3gkKm","Bad Bunny","<3","Rimas Entertainment LLC",66,-1,1,"9947019"
67,"spotify:track:7aiClxsDWFRQ0Kzk5KI5ku","blackbear","hot girl bummer","Alamo",9,55,28,"9844266"
68,"spotify:track:4wNIkl5XGiAACjFBlDWuSd","Jonas Brothers","What A Man Gotta Do","Republic Records",27,53,7,"9736693"
69,"spotify:track:5J7teKIJGtqVypgYI6sqXj","Bad Bunny, Mora","Una Vez","Rimas Entertainment LLC",69,-1,1,"9732627"
70,"spotify:track:1V8XneTrX6kKeoxYbk4x6h","Bad Bunny, Duki, Pablo Chill-E","Hablamos Mañana","Rimas Entertainment LLC",70,-1,1,"9597020"
71,"spotify:track:4VgYtXCVJ7IbWAZ5ryfvEQ","Nicky Jam, Daddy Yankee","Muévelo","Sony Music Latin",44,52,8,"9453916"
72,"spotify:track:2wrJq5XKLnmhRXHIAf9xBa","Dan + Shay, Justin Bieber","10,000 Hours (with Justin Bieber)","Warner Records Nashville",5,64,22,"9441982"
73,"spotify:track:3cqPu20DGTGUoZtbJH2Dmi","Ali Gatie","What If I Told You That I Love You","Warner Records",29,57,6,"9349345"
74,"spotify:track:1iSqfoUFnQwV0QW1EfUit8","YNW Melly","Suicidal","P2019",23,45,11,"9199949"
75,"spotify:track:0u2P5u6lvoDfwTYjAADbn4","Billie Eilish, Khalid","lovely (with Khalid)","Darkroom",24,66,98,"9140612"
76,"spotify:track:3QzAOrNlsabgbMwlZt7TAY","Mustard, Roddy Ricch","Ballin' (with Roddy Ricch)","10 Summers Records/Interscope Records",37,69,22,"9110293"
77,"spotify:track:02RCbjb9czvQKNGBmEmWob","Lil Baby","Woah","Quality Control/Motown Records",56,101,17,"9067344"
78,"spotify:track:0TrPqhAMoaKUFLR7iYDokf","Khalid, Disclosure","Know Your Worth","Right Hand Music Group, LLC/RCA Records",36,62,4,"8890835"
79,"spotify:track:70eFcWOvlMObDhURTqT4Fv","Ed Sheeran, Khalid","Beautiful People (feat. Khalid)","Atlantic Records UK",3,73,36,"8881591"
80,"spotify:track:2VxeLyX666F8uXCJ0dZF8B","Lady Gaga, Bradley Cooper","Shallow","A Star is Born OST",3,78,75,"8876984"
81,"spotify:track:463PQggkmk5tTw8ug0ahOX","SZA, Justin Timberlake","The Other Side (from Trolls World Tour)","RCA Records Label",81,-1,1,"8874869"
82,"spotify:track:3eekarcy7kvN4yt5ZFzltW","Travis Scott","HIGHEST IN THE ROOM","Cactus Jack/Epic",1,68,22,"8830589"
83,"spotify:track:6ap9lSRJ0iLriGLqoJ44cq","24kGoldn","CITY OF ANGELS","Records/Columbia",83,113,2,"8758154"
84,"spotify:track:3IB5qOeMayvpOdHxYCL5tZ","BTS, Sia","ON (Feat. Sia)","BIGHIT MUSIC",34,34,2,"8747101"
85,"spotify:track:0fea68AdmYNygeTGI4RC18","J Balvin, Bad Bunny","LA CANCIÓN","Universal Music Latino / Rimas",17,83,36,"8728508"
86,"spotify:track:43zdsphuZLzwA9k4DJhU0I","Billie Eilish","when the party's over","Darkroom/Interscope Records",9,65,72,"8709444"
87,"spotify:track:7na7Bk98usp84FaOJFPv3d","Rauw Alejandro","Tattoo","(SME US Latin) Duars Entertainment, Corp. (2)",87,111,2,"8518116"
88,"spotify:track:6mAN61JH0dzyZpWslS11jy","Rauw Alejandro, Farruko","Fantasias","(SME US Latin) Duars Entertainment, Corp. (2)",28,51,23,"8515984"
89,"spotify:track:4MdcsdRj7i8eBm0qFjO4L4","Selena Gomez","Feel Me","Interscope Records",42,42,2,"8505342"
90,"spotify:track:4l0Mvzj72xxOpRrp6h8nHi","Selena Gomez","Lose You To Love Me","Interscope Records",1,71,20,"8483953"
91,"spotify:track:2kJwzbxV2ppxnQoYw4GLBZ","JP Saxe, Julia Michaels","If the World Was Ending (feat. Julia Michaels)","Arista Records",58,77,17,"8474719"
92,"spotify:track:2ksOAxtIxY8yElEWw8RhgK","Anuel AA, Daddy Yankee, KAROL G, J Balvin, Ozuna","China","2019 Real Hasta La Muerte, LLC.",2,72,33,"8474301"
93,"spotify:track:5Xhqh4lwJPtMUTsdBztN1a","Shakira, Anuel AA","Me Gusta","Sony Music Latin",47,70,7,"8397012"
94,"spotify:track:4R8BJggjosTswLxtkw8V7P","JHAYCO, J Balvin, Bad Bunny","No Me Conoce - Remix","N&E Entertainment LLC",20,81,41,"8392003"
95,"spotify:track:6U0FIYXCQ3TGrk4tFpLrEA","BROCKHAMPTON","SUGAR","Question Everything/RCA Records",38,59,10,"8380734"
96,"spotify:track:2TH65lNHgvLxCKXM3apjxI","Bad Bunny, Tainy","Callaita","Rimas Entertainment LLC",7,86,40,"8330764"
97,"spotify:track:6Ozh9Ok6h4Oi1wUSLtBseN","DaBaby","BOP","South Coast Music Group/Interscope Records",23,61,23,"8305378"
98,"spotify:track:285pBltuF7vW8TeWk8hdRR","Juice WRLD","Lucid Dreams","Juice WRLD Mixtape / ISR P&D",3,76,95,"8301065"
99,"spotify:track:0fgsKar6uBO08vzHXkTjWi","Bad Bunny, Kendo Kaponi, Arcángel","P FKN R","Rimas Entertainment LLC",99,-1,1,"8195948"
100,"spotify:track:6UelLqGlWMcVH1E5c4H7lY","Harry Styles","Watermelon Sugar","Columbia",14,82,16,"8067772"
101,"spotify:track:2grAr8pWMuLWn8ZYEE9wDV","Tones And I","Never Seen the Rain","Elektra (NEK)",74,93,10,"7644803"
102,"spotify:track:1ZMiCix7XSAbfAJlEZWMCp","Harry Styles","Falling","Columbia",29,140,12,"7616632"
103,"spotify:track:6ocbgoVGwYJhOv1GgI9NsF","Ariana Grande","7 rings","Republic Records",1,88,59,"7588245"
104,"spotify:track:5gCg2qMPzKkW4jS4dBKdDs","Bad Bunny, Myke Towers","Puesto Pa' Guerrial","Rimas Entertainment LLC",104,-1,1,"7582895"
105,"spotify:track:74fV8TuLZKVzSIOOGu8wwI","Polo G, Stunna 4 Vegas, NLE Choppa, Mike WiLL Made-It","Go Stupid (feat. NLE Choppa & Mike WiLL Made-It)","Columbia",105,149,3,"7492896"
106,"spotify:track:6AyWdCtEn1DdxjnxPeojR2","Lil Baby, Future","Live Off My Closet (feat. Future)","Quality Control/Motown Records",106,-1,1,"7410327"
107,"spotify:track:5DqdesEfbRyOlSS3Tf6c29","Ali Gatie","It's You","Warner Records",27,96,38,"7367668"
108,"spotify:track:0bMbDctzMmTyK2j74j3nF3","Alan Walker, Ava Max","Alone, Pt. II","Kreatell Music",80,95,10,"7239236"
109,"spotify:track:3VyjsVV24RmBIbWJAeUJNu","Don Toliver","No Idea","We Run It Ent./Cactus Jack/Atlantic",26,87,14,"7227562"
110,"spotify:track:51Fjme0JiitpyXKuyQiCDo","Y2K, bbno$","Lalala","Columbia",4,91,37,"7222196"
111,"spotify:track:6Gg1gjgKi2AK4e0qzsR7sd","Juice WRLD, YoungBoy Never Broke Again","Bandit (with YoungBoy Never Broke Again)","Grade A Productions/Interscope Records",14,94,22,"7213373"
112,"spotify:track:2rc7BkzO8qepMFAxHtOrXc","J Balvin","Blanco","UMLE - Latino",77,114,15,"7193844"
113,"spotify:track:3bkkMZEAhx7rTVz1C0itRQ","BTS","Black Swan","BIGHIT MUSIC",19,48,7,"7077294"
114,"spotify:track:6vBdBCoOhKHiYDDOcorfNo","Post Malone, Young Thug","Goodbyes (feat. Young Thug)","Republic Records",2,100,35,"6997730"
115,"spotify:track:6gi6y1xwmVszDWkUqab1qw","JACKBOYS, Travis Scott, Young Thug","OUT WEST (feat. Young Thug)","Cactus Jack/Epic",27,92,10,"6924275"
116,"spotify:track:2FvD20Z8aoWIePi7PoN8sG","DaBaby, Lil Baby, Moneybagg Yo","TOES (feat. Lil Baby & Moneybagg Yo)","South Coast Music Group/Interscope Records",65,98,10,"6797565"
117,"spotify:track:2YpeDb67231RjR0MgVLzsG","Lil Nas X, Billy Ray Cyrus","Old Town Road (feat. Billy Ray Cyrus) - Remix","Columbia",2,99,48,"6716976"
118,"spotify:track:2dpaYNEQHiRxtZbfNsse99","Marshmello, Bastille","Happier","Joytime Collective",2,105,81,"6695444"
119,"spotify:track:57vxBYXtHMk6H1aD29V7PU","The Weeknd","Heartless","Republic Records",4,90,15,"6631913"
120,"spotify:track:6b2RcmUt1g9N9mQ3CbjX2Y","Sam Smith","How Do You Sleep?","PLG - Capitol",7,106,33,"6615168"
121,"spotify:track:0pqnGHJpmpxLKifKRmU6WP","Imagine Dragons","Believer","Kid Ina Korner / Interscope",16,112,161,"6571430"
122,"spotify:track:3qM0vBxIe4VUbK0Z0smuVP","JHAYCO, Anuel AA, J Balvin","Medusa","N&E Entertainment LLC",85,97,4,"6561298"
123,"spotify:track:3tDqEKKUs6gf8zMvSuLyLA","Lil Baby, Lil Uzi Vert","Commercial (feat. Lil Uzi Vert)","Quality Control/Motown Records",123,-1,1,"6540577"
124,"spotify:track:733c1CWmIGymoQXdp7Us88","A Boogie Wit da Hoodie, London On Da Track, Roddy Ricch, Gunna","Numbers (feat. Roddy Ricch, Gunna and London On Da Track)","Highbridge the Label / Atlantic Records",53,89,3,"6536453"
125,"spotify:track:5f4Hy5mw5SRaUgXX9c6P5S","Lil Baby","Sum 2 Prove","Quality Control/Motown Records",75,-1,6,"6497610"
126,"spotify:track:0e7ipj03S05BNilyu5bRzt","Post Malone, 21 Savage","rockstar (feat. 21 Savage)","Republic Records",1,117,129,"6494322"
127,"spotify:track:7HMmFQsKsljwTw8bS7lu19","Selena Gomez","Rare","Interscope Records",12,80,8,"6389112"
128,"spotify:track:22vgEDb5hykfaTwLuskFGD","Jonas Brothers","Sucker","Jonas Brothers Recording",2,124,53,"6319463"
129,"spotify:track:4Of7rzpRpV1mWRbhp5rAqG","Lewis Capaldi","Bruises","Vertigo Berlin",66,119,32,"6294578"
130,"spotify:track:4u7EnebtmKWzUH433cf5Qv","Queen","Bohemian Rhapsody - Remastered 2011","EMI",11,123,79,"6280498"
131,"spotify:track:6FZDfxM3a3UCqtzo5pxSLZ","Halsey","Without Me","Capitol Records",4,125,74,"6254565"
132,"spotify:track:6LcauUZjF1eXQrgqMUecHX","Tyga","Ayy Macarena","Columbia/Last Kings Records",37,102,16,"6230619"
133,"spotify:track:2pWOMNQJW3g2zmGjP0Vkb0","Nicky Jam, Anuel AA","Whine Up","Sony Music Latin",44,107,18,"6218531"
134,"spotify:track:7xQAfvXzm3AkraOtGPWIZg","Post Malone","Wow.","Republic Records",2,127,63,"6177408"
135,"spotify:track:113PlnpZbHd3WIqeYjhZWv","Daddy Yankee, Sech","Definitivamente","El Cartel Records (EC3)",114,130,4,"6065442"
136,"spotify:track:7qiZfU4dY1lWllzX7mPBI3","Ed Sheeran","Shape of You","Atlantic Records UK",1,131,165,"6060192"
137,"spotify:track:1lOe9qE0vR9zwWQAOk6CoO","Lil Tecca","Ransom","Republic Records",3,122,40,"6051424"
138,"spotify:track:0JjM9bKm4wrwohMslcm892","G-Eazy, Tory Lanez, Tyga","Still Be Friends (feat. Tory Lanez & Tyga)","BPG/RVG/RCA Records",109,116,4,"6044996"
139,"spotify:track:4ZLzoOkj0MPWrTLvooIuaa","Kina, Snøw","Get You The Moon (feat. Snøw)","Columbia",95,133,38,"6019832"
140,"spotify:track:5uCax9HTNlzGybIStD3vDh","James Arthur","Say You Won't Let Go","Columbia",7,136,165,"6019724"
141,"spotify:track:5KawlOMHjWeUjQtnuRs22c","BTS, Halsey","Boy With Luv (feat. Halsey)","BIGHIT MUSIC",3,85,32,"6007001"
142,"spotify:track:2uIX8YMNjGMD7441kqyyNU","Billie Eilish","ocean eyes","Darkroom",101,121,60,"5941619"
143,"spotify:track:43NqTeL8pgBxKHPMiJKUP5","Myke Towers","Girl","2020 One World Music & Casablanca Records | Powered by GLAD Empire, LL",105,115,5,"5921303"
144,"spotify:track:4vUmTMuQqjdnvlZmAH61Qk","Ed Sheeran, Camila Cabello, Cardi B","South of the Border (feat. Camila Cabello & Cardi B)","Atlantic Records UK",10,129,34,"5915080"
145,"spotify:track:0ono6UCNVZ1XqOm6j78Blu","BTS","Filter","BIGHIT MUSIC",47,47,2,"5913946"
146,"spotify:track:5ry2OE6R2zPQFDO85XkgRb","Drake, Rick Ross","Money In The Grave (Drake ft. Rick Ross)","Republic Records",5,135,38,"5832906"
147,"spotify:track:4jAIqgrPjKLTY9Gbez25Qb","Harry Styles","Lights Up","Columbia",5,142,21,"5788003"
148,"spotify:track:2rjjNUYONZqC7wSd1i6OFq","Lizzo, Ariana Grande","Good as Hell (feat. Ariana Grande)","Nice Life/Atlantic",29,139,19,"5787824"
149,"spotify:track:6Qs4SXO9dwPj5GKvVOv8Ki","Sam Smith, Normani","Dancing With A Stranger (with Normani)","PLG - Capitol",7,145,60,"5774259"
150,"spotify:track:6Hj9jySrnFppAI0sEMCZpJ","Juice WRLD","Robbery","Grade A Productions/Interscope Records",18,134,33,"5767924"
151,"spotify:track:7ygVaACDENw4PgLbN1awFE","Apache 207","Matrix","Four Music Local",151,-1,1,"5724739"
152,"spotify:track:1Xnn1TPyr5h0hpRAT4B4EA","Dalex, Lenny Tavárez, Anitta, NATTI NATASHA, Farruko, Justin Quiles","Bellaquita - Remix","Rich Music",91,126,15,"5676621"
153,"spotify:track:7MZF7YLxOP2to9iblSulLc","Lauv","Modern Loneliness","Lauv",108,108,2,"5669590"
154,"spotify:track:3ee8Jmje8o58CHK66QrVC2","XXXTENTACION","SAD!","Bad Vibes Forever, LLC",1,146,105,"5640638"
155,"spotify:track:2xLMifQCjDGFmkHkpNLD9h","Travis Scott","SICKO MODE","Cactus Jack / Epic",2,144,83,"5640377"
156,"spotify:track:7m9OqQk4RVRkw9JJdeAw96","XXXTENTACION","Jocelyn Flores","Bad Vibes Forever / EMPIRE",7,148,131,"5606144"
157,"spotify:track:37zdqI4r1gswIzczSBkRon","Lunay, Anuel AA, Ozuna","Aventura","round2media - LaFamilia",50,137,19,"5567894"
158,"spotify:track:7hpJ9tATWb2vztlq99hERP","Conan Gray","Maniac","Republic Records",139,151,10,"5556968"
159,"spotify:track:0tgVpDi06FyKpA1z0VMD4v","Ed Sheeran","Perfect","Atlantic Records UK",4,152,156,"5541235"
160,"spotify:track:1DFD5Fotzgn6yYXkYsKiGs","MEDUZA, Goodboys","Piece Of Your Heart","Intercord",14,153,47,"5500516"
161,"spotify:track:7FGq80cy8juXBCD2nrqdWU","benny blanco, Halsey, Khalid","Eastside (with Halsey & Khalid)","Friends Keep Secrets/Interscope Records",4,159,85,"5494016"
162,"spotify:track:4z6wo6PJG4Fve45OXK6D9m","Arcángel, Bad Bunny","Infeliz","Rimas Entertainment LLC.",139,199,9,"5490386"
163,"spotify:track:5a6pdCHlWS2ekOOQ70QnAr","Noah Cyrus","July","Records/Columbia",77,147,17,"5490155"
164,"spotify:track:7fa9MBXhVfQ8P8Df9OEbD8","Maroon 5, Cardi B","Girls Like You (feat. Cardi B) - Cardi B Version","Interscope Records*",2,164,92,"5454877"
165,"spotify:track:0fySG6A6qLE8IvDpayb5bM","DaBaby","VIBEZ","South Coast Music Group/Interscope Records",53,141,23,"5443050"
166,"spotify:track:3jbT1Y5MoPwEIpZndDDwVq","Tainy, Anuel AA, Ozuna","Adicto (with Anuel AA & Ozuna)","NEON16/Interscope Records",24,132,28,"5442250"
167,"spotify:track:6RyaV7owmVU6fzEPE17sF1","Daddy Yankee","Que Tire Pa Lante","UME - Global Clearing House",25,138,20,"5436773"
168,"spotify:track:25sgk305KZfyuqVBQIahim","Ava Max","Sweet but Psycho","Atlantic Records",6,160,75,"5389356"
169,"spotify:track:2Ec33AVlkTTq8BHFgBTdQs","Lil Uzi Vert","Futsal Shuffle 2020","Generation Now/Atlantic",18,166,12,"5386512"
170,"spotify:track:2P91MQbaiQOfbiz9VqhqKQ","Lauv","I Like Me Better","Lauv",29,162,142,"5366798"
171,"spotify:track:3jT2LKH0RSbQ8jIUNFzXm5","G Herbo, Lil Uzi Vert, Juice WRLD, Chance the Rapper","PTSD","Machine Entertainment Group - G Herbo",171,-1,1,"5347070"
172,"spotify:track:58wyJLv6yH1La9NIZPl3ne","Kina, Adriana Proenza","Can We Kiss Forever?","Columbia",137,167,15,"5330081"
173,"spotify:track:6gBFPUFcJLzWGx4lenP6h2","Travis Scott","goosebumps","Cactus Jack / Epic",60,165,134,"5329586"
174,"spotify:track:5RUUkFNqH3GRKHg1xjprOb","5 Seconds of Summer","Old Me","5 Seconds Of Summer/Interscope",103,103,2,"5329464"
175,"spotify:track:5IUOU5xkzGHsRFOYNu3GSK","Niall Horan","No Judgement","Capitol Records",149,156,4,"5322433"
176,"spotify:track:3e9HZxeyfWwjeyPAMmWSSQ","Ariana Grande","thank u, next","Republic Records",1,163,70,"5296276"
177,"spotify:track:0Q2n5yzl2XRqYbV77tZNYp","TOKYO’S REVENGE","GOODMORNINGTOKYO!","Blac Noize! Recordings",123,143,8,"5286044"
178,"spotify:track:79s5XnCN4TJKTVMSmOx8Ep","Pop Smoke","Dior","Victor Victor Worldwide/Republic Records",118,118,2,"5275537"
179,"spotify:track:4QPEwDdOMhY7rNS05mTyMR","Stormzy, Burna Boy, Ed Sheeran","Own It (feat. Ed Sheeran & Burna Boy)","Atlantic Records UK",36,110,15,"5273046"
180,"spotify:track:78qd8dvwea0Gosb6Fe6j3k","Doja Cat","Boss Bitch","Atlantic Records",180,-1,1,"5271564"
181,"spotify:track:4iiWcajF1fEUpwcUewc464","Future, DaBaby, Drake, Lil Baby","Life Is Good (feat. Drake, DaBaby & Lil Baby) - Remix","Epic/Freebandz",128,128,2,"5260351"
182,"spotify:track:4vTgx6h4seHvkuFh84JXYP","BTS","My Time","BIGHIT MUSIC",58,58,2,"5212053"
183,"spotify:track:6oJ6le65B3SEqPwMRNXWjY","Kygo, Whitney Houston","Higher Love","Kygo/RCA Records",31,169,35,"5210344"
184,"spotify:track:033if6Adj8fwBYsQzHOfQ8","Capital Bra, Samra","100k Cash","Bra Musik",184,-1,1,"5192813"
185,"spotify:track:4RVtBlHFKj51Ipvpfv5ER4","Martin Garrix, Clinton Kane","Drown (feat. Clinton Kane)","Epic Amsterdam",185,-1,1,"5186141"
186,"spotify:track:4yJiXq86uM56uIfIZgE440","blackbear","me & ur ghost","Alamo",103,150,7,"5184069"
187,"spotify:track:3U4isOIWM3VvDubwSI3y7a","John Legend","All of Me","G.O.O.D. Music/Columbia",143,170,57,"5182314"
188,"spotify:track:7dt6x5M1jzdTEt8oCbisTK","Post Malone","Better Now","Republic Records",1,176,97,"5141208"
189,"spotify:track:25ZAibhr3bdlMCLmubZDVt","J Balvin, Bad Bunny","QUE PRETENDES","Universal Music Latino / Rimas",15,-1,34,"5141047"
190,"spotify:track:7MXVkk9YMctZqd1Srtv4MB","The Weeknd, Daft Punk","Starboy","Universal Republic Records",1,168,72,"5137462"
191,"spotify:track:6RRNNciQGZEXnqk8SQ9yv5","Taylor Swift","You Need To Calm Down","Taylor Swift",4,179,35,"5115153"
192,"spotify:track:5Id5B3dxJZhPcV9GzgYZZe","Rich Music LTD, Sech, Dalex, Justin Quiles, Lenny Tavárez, Feid, Wisin, Zion","Quizas","Rich Music",52,155,24,"5112244"
193,"spotify:track:6kls8cSlUyHW2BUOkDJIZE","Ellie Goulding, Juice WRLD","Hate Me (with Juice WRLD)","Polydor Records",46,173,30,"5087470"
194,"spotify:track:4t9a07PAghtQMRAIP9FQ7Z","Lunay, Daddy Yankee, Bad Bunny","Soltera (Remix)","round2media - LaFamilia",8,198,43,"5078459"
195,"spotify:track:2ez6qvOTHKeI3ss80NGqnI","SHAED, ZAYN","Trampoline (with ZAYN)","Photo Finish Records",19,158,23,"5075520"
196,"spotify:track:3HWzoMvoF3TQfYg4UPszDq","Lizzo","Truth Hurts","Nice Life/Atlantic",16,171,45,"5024683"
197,"spotify:track:4SSnFejRGlZikf02HLewEF","Billie Eilish","bury a friend","Darkroom/Interscope Records",2,161,58,"5020303"
198,"spotify:track:4a6q8CR2hzLk2plDkSxkfD","Bazzi","I.F.L.Y.","iamcosmic",47,181,29,"5002595"
199,"spotify:track:0JP9xo3adEtGSdUEISiszL","XXXTENTACION","Moonlight","Bad Vibes Forever, LLC",2,175,102,"4982070"
200,"spotify:track:3g0mEQx3NTanacLseoP0Gw","The Chainsmokers, ILLENIUM, Lennon Stella","Takeaway","Disruptor Records/Columbia",28,185,30,"4966053"
