﻿rank,uri,artist_names,track_name,source,peak_rank,previous_rank,weeks_on_chart,streams
1,"spotify:track:6uFsE1JgZ20EXyU0JQZbUR","Taylor Swift","Look What You Made Me Do","Taylor Swift",1,-1,1,"44480002"
2,"spotify:track:2rb5MvYT7ZIxbKW5hfcHx8","J Balvin, Willy William","Mi Gente","Scorpio Music (FR)",1,1,9,"31601477"
3,"spotify:track:7nZmah2llfvLDiUjm0kiyz","Justin Bieber, BloodPop®","Friends (with BloodPop®)","BloodPop/DJ/RMBG/Republic",2,2,2,"24755990"
4,"spotify:track:2ekn2ttSfGqwhhate0LSR0","Dua Lipa","New Rules","Warner Records",4,7,8,"23833281"
5,"spotify:track:3B54sVLJ402zGa6Xm4YGNe","French Montana, Swae Lee","Unforgettable","Bad Boy Entertainment/Epic Records",3,4,21,"22480426"
6,"spotify:track:5bcTCxgc7xVfSaMV3RuVke","Calvin Harris, Pharrell Williams, Katy Perry, Big Sean, Funk Wav","Feels (feat. Pharrell Williams, Katy Perry & Big Sean)","Columbia",5,5,11,"22221191"
7,"spotify:track:1OAh8uOEOvTDqkKFsKksCi","DJ Khaled, Rihanna, Bryson Tiller","Wild Thoughts (feat. Rihanna & Bryson Tiller)","Epic/We The Best",2,6,11,"21402984"
8,"spotify:track:5CtI0qwDJkDQGwXD1H1cLb","Luis Fonsi, Daddy Yankee, Justin Bieber","Despacito - Remix","UMLE - Latino",1,3,20,"20256922"
9,"spotify:track:25C5CowdsfXld2jJanbiex","Demi Lovato","Sorry Not Sorry","Island Records",9,11,8,"19294970"
10,"spotify:track:7GX5flRQZVHRAGd6B4TmDO","Lil Uzi Vert","XO Tour Llif3","Generation Now/Atlantic",10,18,23,"18201699"
11,"spotify:track:4iLqG9SeJSnt0cSPICSjxv","Charlie Puth","Attention","Artist Partner",5,9,19,"18127934"
12,"spotify:track:7qiZfU4dY1lWllzX7mPBI3","Ed Sheeran","Shape of You","Atlantic Records UK",1,10,34,"17960613"
13,"spotify:track:0ofbQMrRDsUaVKq2mGLEAb","Camila Cabello, Young Thug","Havana (feat. Young Thug)","Syco Music/Epic",13,23,4,"17395453"
14,"spotify:track:3A7qX2QjDlPnazUsRk5y0M","David Guetta, Justin Bieber","2U (feat. Justin Bieber)","Parlophone (France)",3,8,12,"17307002"
15,"spotify:track:7F9vK8hNFMml4GtHsaXui6","Louis Tomlinson, Bebe Rexha, Digital Farm Animals","Back to You (feat. Bebe Rexha & Digital Farm Animals)","Syco Music",15,17,6,"17094543"
16,"spotify:track:6EpRaXYhGOB3fj4V2uDkMJ","Liam Payne, Quavo","Strip That Down (feat. Quavo)","Capitol Records UK / EMI",9,12,15,"16856817"
17,"spotify:track:0tKcYR2II1VCQWT79i5NrW","Imagine Dragons","Thunder","Kid Ina Korner / Interscope",8,14,18,"16783183"
18,"spotify:track:3PEgB3fkiojxms35ntsTgs","Axwell /\ Ingrosso, Axwell, Sebastian Ingrosso","More Than You Know","Pophouse Entertainment Group",15,15,14,"16459437"
19,"spotify:track:7vGuf3Y35N4wmASOKLUVVU","Marshmello, Khalid","Silence","Joytime Collective/RCA Records",19,25,3,"16265782"
20,"spotify:track:0NiXXAI876aGImAd6rTj8w","Jonas Blue, William Singe","Mama","UMOD (Universal Music On Demand)",11,16,17,"15928070"
21,"spotify:track:3HVr6jTVwBHBa2flM0eURR","Macklemore, Skylar Grey","Glorious (feat. Skylar Grey)","Bendo LLC",19,19,8,"15007672"
22,"spotify:track:3DXncPQOG4VBw3QHh3S817","DJ Khaled, Justin Bieber, Quavo, Chance the Rapper, Lil Wayne","I'm the One (feat. Justin Bieber, Quavo, Chance the Rapper & Lil Wayne)","Epic/We The Best",2,13,18,"14713837"
23,"spotify:track:79cuOz3SPQTuFrp8WgftAu","Shawn Mendes","There's Nothing Holdin' Me Back","Island Records",5,20,19,"14685461"
24,"spotify:track:6WbADFqMvR8N5u0BvtsWQE","Avicii, Sandro Cavazza","Without You","Universal Music AB",21,21,3,"14170963"
25,"spotify:track:7m9OqQk4RVRkw9JJdeAw96","XXXTENTACION","Jocelyn Flores","Bad Vibes Forever / EMPIRE",25,-1,1,"13967227"
26,"spotify:track:5eqK0tbzUPo2SoeZsov04s","21 Savage","Bank Account","Slaughter Gang, LLC/Epic Records",22,24,8,"13557749"
27,"spotify:track:6De0lHrwBfPfrhorm9q1Xl","Danny Ocean","Me Rehúso","Atlantic Records",20,22,28,"13415822"
28,"spotify:track:7KXjTSCq5nL1LoYtL7XAwS","Kendrick Lamar","HUMBLE.","Aftermath",1,26,22,"13155026"
29,"spotify:track:5Z3GHaZ6ec9bsiI5BenrbY","Khalid","Young Dumb & Broke","Right Hand Music Group, LLC/RCA Records",29,39,10,"13134323"
30,"spotify:track:5tz69p7tJuGPeMGwNTxYuV","Logic, Alessia Cara, Khalid","1-800-273-8255","Def Jam Recordings",27,51,18,"12924794"
31,"spotify:track:1wjzFQodRWrPcQ0AnYnvQ9","Lauv","I Like Me Better","Lauv",29,29,13,"12434507"
32,"spotify:track:0qYTZCo5Bwh1nsUFGZP3zn","Maluma","Felices los 4","Sony Music Latin",17,27,19,"11712271"
33,"spotify:track:3a1lNhkSLSkpJE4MSHpDu9","Post Malone, Quavo","Congratulations","Universal Records",20,34,32,"11377865"
34,"spotify:track:2OALaHcDdKkjYEpAr0Qzab","Avicii, Rita Ora","Lonely Together","Universal Music AB",34,38,3,"11220443"
35,"spotify:track:2771LMNxwf62FTAdpJMQfM","Cardi B","Bodak Yellow","KSR/Atlantic",35,46,5,"11129999"
36,"spotify:track:4c2W3VKsOFoIg2SFaO6DY5","Rita Ora","Your Song","Atlantic Records UK",29,33,14,"11068334"
37,"spotify:track:6kex4EBAj0WHXDKZMEJaaF","Jason Derulo, Nicki Minaj, Ty Dolla $ign","Swalla (feat. Nicki Minaj & Ty Dolla $ign)","Beluga Heights/Warner Records",6,30,27,"10915481"
38,"spotify:track:6RUKPb4LETWmmr3iAEQktW","The Chainsmokers, Coldplay","Something Just Like This","Disruptor Records/Columbia",2,32,28,"10813446"
39,"spotify:track:4aWmUDTfIPGksMNLV2rQP2","Luis Fonsi, Daddy Yankee","Despacito","UMLE - Latino",4,36,33,"10546171"
40,"spotify:track:0XLOf9LhyazPX9Ld8jPiUq","Selena Gomez, Gucci Mane","Fetish (feat. Gucci Mane)","Selena Gomez PS",10,31,7,"10438518"
41,"spotify:track:7AQim7LbvFVZJE3O8TYgf2","XXXTENTACION, Trippie Redd","Fuck Love","Bad Vibes Forever / EMPIRE",41,-1,1,"10302103"
42,"spotify:track:167NczpNbRF7oWakJaY3Hh","Niall Horan","Slow Hands","Capitol Records (US1A)",29,37,17,"10173971"
43,"spotify:track:0CcQNd8CINkwQfe1RDtGV6","Imagine Dragons","Believer","Kid Ina Korner / Interscope",16,35,30,"10160868"
44,"spotify:track:6jA8HL9i4QGzsj6fjoxp8Y","Martin Garrix, Troye Sivan","There for You","Epic Amsterdam",18,28,14,"10121331"
45,"spotify:track:31MkGwj0SWgZaTvEt5Hgxv","P!nk","What About Us","RCA Records Label",45,55,3,"9981951"
46,"spotify:track:1yxgsra98r3qAtxqiGZPiX","Travis Scott","BUTTERFLY EFFECT","Cactus Jack / Epic",40,43,15,"9761999"
47,"spotify:track:7MHN1aCFtLXjownGhvEQlF","Manuel Turizo","Una Lady Como Tú","Sony Music Latin/La Industria",38,41,13,"9655442"
48,"spotify:track:693iqPOQvhI7PobtR8CC8v","J Balvin, Jowell & Randy","Bonita","Rimas (J Balvin - Jowell & Randy)",42,45,12,"9542484"
49,"spotify:track:7aF09WaavZAmAWuUeYxlYD","OneRepublic, Seeb","Rich Love (with Seeb)","Mosley / Interscope",49,52,7,"9304763"
50,"spotify:track:1NDxZ7cFAo481dtYWdrUnR","Maggie Lindemann, Cheat Codes, CADE","Pretty Girl - Cheat Codes X CADE Remix","300 Entertainment",23,42,22,"9135462"
51,"spotify:track:2cnKEkpVUSV4wnjQiTWfH6","Wisin, Ozuna","Escápate Conmigo (feat. Ozuna)","Sony Music Latin",38,44,21,"9130836"
52,"spotify:track:3GVkPk8mqxz0itaAriG1L7","XXXTENTACION","Everybody Dies In Their Nightmares","Bad Vibes Forever / EMPIRE",52,-1,1,"8964126"
53,"spotify:track:2eAZfqOm4EnOF9VvN50Tyc","Lil Uzi Vert, Oh Wonder","The Way Life Goes (feat. Oh Wonder)","Generation Now/Atlantic",53,-1,1,"8911295"
54,"spotify:track:3Ytr1SUCUi6J3L9dRFx5iH","Major Lazer, Travis Scott, Camila Cabello, Quavo","Know No Better (feat. Travis Scott, Camila Cabello & Quavo)","Third Pardee Records",31,40,13,"8609820"
55,"spotify:track:6QgjcU0zLnzq5OrUoSZ3OK","Portugal. The Man","Feel It Still","Atlantic Records",54,54,7,"8364355"
56,"spotify:track:1x5sYLZiu9r5E43kMlt9f8","Clean Bandit, Zara Larsson","Symphony (feat. Zara Larsson)","Atlantic Records UK",11,49,24,"8291099"
57,"spotify:track:0jdny0dhgjUwoIp5GkqEaA","Kesha","Praying","Kemosabe Records/RCA Records",37,48,8,"8187263"
58,"spotify:track:152lZdxL1OR0ZMW6KquMif","Khalid","Location","Right Hand Music Group, LLC/RCA Records",34,53,30,"8032317"
59,"spotify:track:0KKkJNfGyhkQ5aFogxQAPU","Bruno Mars","That's What I Like","Atlantic Records",6,47,36,"7800764"
60,"spotify:track:1louJpMmzEicAn7lzDalPW","Cheat Codes, Demi Lovato","No Promises (feat. Demi Lovato)","Parlophone UK",24,50,22,"7700328"
61,"spotify:track:57p8CBvPOxrvyCbn6ttl5r","Skrillex, Poo Bear","Would You Ever","OWSLA/Atlantic",57,57,5,"7671708"
62,"spotify:track:0dA2Mk56wEzDgegdC6R17g","Zedd, Alessia Cara","Stay","UMGRI Interscope",7,56,27,"7501143"
63,"spotify:track:5TXDeTFVRVY7Cvt0Dw4vWW","XXXTENTACION","Revenge","Bad Vibes Forever / EMPIRE",63,-1,1,"7415782"
64,"spotify:track:22eADXu8DfOAUEDw4vU8qy","Chris Jedi, J Balvin, Ozuna, Arcángel","Ahora Dice","UMLE - Latino",46,58,21,"7228989"
65,"spotify:track:5XQMr19TL7Mfksq9zihbOu","Chris Brown","Questions","RCA Records Label",65,81,2,"7209213"
66,"spotify:track:7JNh1cfm0eXjqFVOzKLyau","Becky G, Bad Bunny","Mayores","Kemosabe Records/RCA Records/Sony Music Latin",66,70,5,"7181439"
67,"spotify:track:3kxfsdsCpFgN412fpnW85Y","Childish Gambino","Redbone","Glassnote - VMG",35,59,36,"6800811"
68,"spotify:track:20H2Hd5AkUcRjB4yL3UQtJ","Fifth Harmony, Gucci Mane","Down (feat. Gucci Mane)","Syco Music/Epic",52,99,13,"6758833"
69,"spotify:track:3eR23VReFzcdmS7TYCrhCe","Kygo, Selena Gomez","It Ain't Me (with Selena Gomez)","Kygo",2,61,28,"6719180"
70,"spotify:track:3rOSwuTsUlJp0Pu0MkN8r8","Future","Mask Off","Epic/Freebandz/A1",5,60,28,"6696158"
71,"spotify:track:4z3GJkrtH97Bj6fRta983T","Carlos Vives, Sebastian Yatra","Robarte un Beso","Sony Music Latin",71,75,4,"6643220"
72,"spotify:track:0afhq8XCExXpqazXczTSve","Ed Sheeran","Galway Girl","Atlantic Records UK",2,62,26,"6566763"
73,"spotify:track:5zSOVwaY3sVjnmLhuEfsuf","Ozuna","Tú Foto","VP Records Corp/Dimelo Vi",72,76,18,"6466640"
74,"spotify:track:6gBFPUFcJLzWGx4lenP6h2","Travis Scott","goosebumps","Cactus Jack / Epic",60,71,35,"6423498"
75,"spotify:track:2H3wWrnO758y0fPH7Ilerg","XXXTENTACION","Depression & Obsession","Bad Vibes Forever / EMPIRE",75,-1,1,"6365715"
76,"spotify:track:209gZgcfLq2aUuu51vOWBl","CNCO, Yandel","Hey DJ","Sony Music Latin",52,66,19,"6313424"
77,"spotify:track:0XfOi87h82i09rQjWYG0Bm","Jax Jones, Demi Lovato, Stefflon Don","Instruction (feat. Demi Lovato & Stefflon Don)","Polydor Records",77,98,7,"6311713"
78,"spotify:track:0q75NwOoFiARAVp4EXU4Bs","SZA, Travis Scott","Love Galore (feat. Travis Scott)","Top Dawg Entertainment/RCA Records",77,77,12,"6309377"
79,"spotify:track:3rgjBiAMVGnxmsTDmUy8vb","Farruko, Bad Bunny, Rvssian","Krippy Kush","Sony Music Latin",79,79,3,"6284292"
80,"spotify:track:3bWAqKDWg6u1davspr5IkS","Robin Schulz, James Blunt","OK","WM Germany",55,69,15,"6273344"
81,"spotify:track:5uCax9HTNlzGybIStD3vDh","James Arthur","Say You Won't Let Go","Columbia",7,74,36,"6189063"
82,"spotify:track:1CKd1PnqfYx0H12V9MSaIY","Zedd, Liam Payne","Get Low (with Liam Payne)","UMGRI Interscope",51,73,8,"6172018"
83,"spotify:track:1uL78kFWxhz3umTMWJu8n5","Lil Uzi Vert","Sauce It Up","Generation Now/Atlantic",83,-1,1,"6157406"
84,"spotify:track:1e1JKLEDKP7hEQzJfNAgPl","Playboi Carti","Magnolia","AWGE Label",59,82,17,"6102000"
85,"spotify:track:6HZILIRieu8S0iqY8kIKhj","Kendrick Lamar","DNA.","Aftermath",3,72,20,"6090066"
86,"spotify:track:5EnYT6F7wEcdege6mDHEfO","Drake","Signs","Cash Money Records/Young Money Ent./Universal Rec.",19,67,10,"6067047"
87,"spotify:track:3zoYkqS4y2BsGVShPL2nTE","CNCO, Little Mix","Reggaetón Lento (Remix)","Sony Music Latin",87,94,2,"6045209"
88,"spotify:track:1QgTBfRN5m81a5K01qens6","Lil Uzi Vert","444+222","Generation Now/Atlantic",88,-1,1,"5940470"
89,"spotify:track:1HTtUBEY3tuw2btgwwI2Ja","Gucci Mane, Migos","I Get the Bag (feat. Migos)","Guwop Enterprises/Atlantic",89,92,2,"5935414"
90,"spotify:track:4xBjsLUSjcx2h7PcRikpQp","Camila Cabello, Quavo","OMG (feat. Quavo)","Syco Music/Epic",90,90,4,"5932526"
91,"spotify:track:6SwRhMLwNqEi6alNPVG00n","Kendrick Lamar, Rihanna","LOYALTY. FEAT. RIHANNA.","Aftermath",8,86,20,"5929881"
92,"spotify:track:2yZax79pOrYuyIFVW2cZY2","XXXTENTACION","Carry On","Bad Vibes Forever / EMPIRE",92,-1,1,"5903372"
93,"spotify:track:1SJtlNRJDeYHioymcvsqev","Camila Cabello","Crying in the Club","Syco Music/Epic",33,64,15,"5896823"
94,"spotify:track:2UwbhMie1EAYuTZ0QXeMwl","XXXTENTACION","Save Me","Bad Vibes Forever / EMPIRE",94,-1,1,"5817192"
95,"spotify:track:7tr2za8SQg2CI8EDgrdtNl","Calvin Harris, Frank Ocean, Migos, Funk Wav","Slide (feat. Frank Ocean & Migos)","Columbia",13,63,27,"5775465"
96,"spotify:track:7BKLCZ1jbUBVqRi2FVlTVw","The Chainsmokers, Halsey","Closer","Disruptor Records/Columbia",2,83,36,"5731628"
97,"spotify:track:1sCxVKWImDZSZKvG0U9B23","Selena Gomez","Bad Liar","Selena Gomez PS",6,80,16,"5707486"
98,"spotify:track:2habSXqcJGExM6JJyskY7O","Miley Cyrus","Malibu","RCA Records Label",7,85,16,"5651440"
99,"spotify:track:2mfUa8bLs2s5N4VaqJZ4lZ","Hailee Steinfeld","Most Girls","Universal Records",54,68,18,"5567502"
100,"spotify:track:0xG0SHshCStMEyNbNC5d4k","Julia Michaels","Issues","J/Republic",9,84,33,"5561860"
101,"spotify:track:3NdDpSvN911VPGivFlV5d0","ZAYN, Taylor Swift","I Don’t Wanna Live Forever (Fifty Shades Darker)","Taylor Swift",2,96,36,"5528683"
102,"spotify:track:2kVHAQKVtczchKctctzbtK","Katy Perry, Nicki Minaj","Swish Swish","Capitol Records (CAP)",41,147,15,"5481167"
103,"spotify:track:5tRmoZRoupvMYPV1oezFrH","Lil Uzi Vert","X","Generation Now/Atlantic",103,-1,1,"5437998"
104,"spotify:track:7nKBxz47S9SD79N086fuhn","Enrique Iglesias, Descemer Bueno, Zion & Lennox","SUBEME LA RADIO","RCA Records/Sony Music International/Sony Music Latin",31,65,27,"5267351"
105,"spotify:track:7hDc8b7IXETo14hHIHdnhd","Drake","Passionfruit","Cash Money Records/Young Money Ent./Universal Rec.",2,87,24,"5193051"
106,"spotify:track:0tgVpDi06FyKpA1z0VMD4v","Ed Sheeran","Perfect","Atlantic Records UK",7,100,26,"5164082"
107,"spotify:track:3VClLWqNn80Llv0PJOsKgr","Nacho, Yandel, Bad Bunny, Mambo Kingz, DJ Luian","Báilame - Remix","UMLE - Latino",107,141,2,"5104479"
108,"spotify:track:4okba5wu9mMLXx79DXLKi3","Daddy Yankee, Ozuna","La Rompe Corazones","Craft Latino",73,88,30,"5078235"
109,"spotify:track:6p8NuHm8uCGnn2Dtbtf7zE","Migos, Gucci Mane","Slippery (feat. Gucci Mane)","Quality Control Music",71,78,22,"5042581"
110,"spotify:track:6H0AwSQ20mo62jGlPGB8S6","2 Chainz, Ty Dolla $ign, Trey Songz, Jhené Aiko","It's A Vibe","2Chainz PS/Def Jam",106,109,11,"4998859"
111,"spotify:track:4qknM1pQz53QOyfDVTjcM9","Shakira","Me Enamoré","Sony Music Latin",71,89,20,"4923990"
112,"spotify:track:5aAx2yezTd8zXrkmtKl66Z","The Weeknd, Daft Punk","Starboy","Universal Republic Records",1,97,36,"4904634"
113,"spotify:track:3kGfazcbVvVkuZunzlLgTD","Sigala, Ella Eyre","Came Here for Love","Ministry of Sound Recordings",78,95,12,"4888154"
114,"spotify:track:40oKW22ZNNkEdZLJTScaQI","Kodak Black, XXXTENTACION","Roll in Peace (feat. XXXTENTACION)","Atlantic Records",114,179,2,"4869701"
115,"spotify:track:1xznGGDReH1oQq0xzbwXa3","Drake, Wizkid, Kyla","One Dance","Cash Money Records/Young Money Ent./Universal Rec.",12,103,36,"4869667"
116,"spotify:track:6c7D34787LOtPm8tzhsLgH","Yo Gotti, Nicki Minaj","Rake It Up (feat. Nicki Minaj)","Epic/CMG",111,111,5,"4789431"
117,"spotify:track:0ERbK7qVqveCaBWIiYCrl3","Romeo Santos, Daddy Yankee, Nicky Jam","Bella y Sensual","Sony Music Latin",116,116,5,"4766041"
118,"spotify:track:6fxVffaTuwjgEk5h9QyRjy","Ed Sheeran","Photograph","Atlantic Records UK",41,110,36,"4741391"
119,"spotify:track:7mldq42yDuxiUNn08nvzHO","Sam Hunt","Body Like A Back Road","MCA Nashville",62,91,30,"4703618"
120,"spotify:track:5knuzwU65gJK7IF5yJsuaW","Clean Bandit, Anne-Marie, Sean Paul","Rockabye (feat. Sean Paul & Anne-Marie)","Atlantic Records UK",3,101,36,"4667831"
121,"spotify:track:05bnEv2dpFzmGVLGdjD9UP","XXXTENTACION","Orlando","Bad Vibes Forever / EMPIRE",121,-1,1,"4648148"
122,"spotify:track:3ebXMykcMXOcLeJ9xZ17XH","Martin Garrix, Dua Lipa","Scared to Be Lonely","Epic Amsterdam",5,107,31,"4645118"
123,"spotify:track:5GXAXm5YOmYT0kL5jHvYBt","The Weeknd, Daft Punk","I Feel It Coming","Universal Republic Records",9,105,36,"4639697"
124,"spotify:track:3umS4y3uQDkqekNjVpiRUs","Nicky Jam","El Amante","Sony Music Latin",32,104,32,"4581646"
125,"spotify:track:2Gl0FzuLxflY6nPifJp5Dr","Kygo, Ellie Goulding","First Time","Kygo",19,93,18,"4570395"
126,"spotify:track:0m2orA1i5lLZUOt9XLwSd0","Fifth Harmony","He Like That","Syco Music/Epic",126,-1,1,"4569816"
127,"spotify:track:7i2DJ88J7jQ8K7zqFX2fW8","Halsey","Now Or Never","Astralwerks (ASW)",29,108,21,"4527723"
128,"spotify:track:6HUnnBwYZqcED1eQztxMBN","Martin Jensen","Solo Dance","Intercord",25,106,36,"4523378"
129,"spotify:track:2vQwlW8H1jFveGNXwZfJCV","XXXTENTACION","Dead Inside (Interlude)","Bad Vibes Forever / EMPIRE",129,-1,1,"4496232"
130,"spotify:track:5Ohxk2dO5COHF1krpoPigN","Harry Styles","Sign of the Times","Columbia",14,114,21,"4494434"
131,"spotify:track:6PCUP3dWmTjcTtXY02oFdT","Ed Sheeran","Castle on the Hill","Atlantic Records UK",2,119,34,"4455570"
132,"spotify:track:3GPI7hYiqD6enLRobhkBm8","ItaloBrothers","Summer Air","Zoo Digital",99,102,12,"4450067"
133,"spotify:track:5O8x1YlmLQopQHErxtDfi9","Lil Uzi Vert, The Weeknd","UnFazed (feat. The Weeknd)","Generation Now/Atlantic",133,-1,1,"4443320"
134,"spotify:track:6qDF4wWL49CAVbgT7yuHl8","J Balvin","Sigo Extrañándote","UMLE - Latino",72,113,26,"4405982"
135,"spotify:track:3ibRxEv4KkcU9e259eyNJA","Major Lazer, Anitta, Pabllo Vittar","Sua Cara (feat. Anitta & Pabllo Vittar)","Third Pardee Records",104,120,6,"4385261"
136,"spotify:track:3QwBODjSEzelZyVjxPOHdq","Zion & Lennox, J Balvin","Otra Vez (feat. J Balvin)","WEA Latina",50,115,36,"4385166"
137,"spotify:track:65kp3OFn7JXbCvkm3m2Ui2","Lil Uzi Vert","Two®","Generation Now/Atlantic",137,-1,1,"4364462"
138,"spotify:track:6PGoSes0D9eUDeeAafB2As","Kendrick Lamar, Zacari","LOVE. FEAT. ZACARI.","Aftermath",14,117,20,"4317226"
139,"spotify:track:74ODGXs4byLTRdnKGM4s6E","LANY","Super Far","Polydor Records",115,129,7,"4298680"
140,"spotify:track:2EEeOnHehOozLq4aS0n6SL","KYLE, Lil Yachty","iSpy (feat. Lil Yachty)","independently popular.",21,127,36,"4290872"
141,"spotify:track:5EId1m4DNwTf3at31w8bPJ","Ozuna","El Farsante","VP Records Corp/Dimelo Vi",141,165,3,"4290638"
142,"spotify:track:1839RWzPRZCVgvamu4sHSN","Cash Cash, Conor Maynard","All My Love (feat. Conor Maynard)","Big Beat Records",115,125,6,"4254153"
143,"spotify:track:53mrVsi49rLHIaKBiSvElG","blackbear, Gucci Mane","do re mi (feat. Gucci Mane)","Alamo",139,139,4,"4240473"
144,"spotify:track:2nYwV62UABTH0NanrwVIdQ","Rae Sremmurd, Swae Lee, Slim Jxmmi","Perplexing Pegasus - From SR3MM","Mike WiLL Made-It",84,112,4,"4218388"
145,"spotify:track:5q2JbCNi4FcnglgPfxcV65","Anuel AA, Daddy Yankee, Zion & Lennox, Farruko, Wisin","Sola (Remix)","Spiff TV, LLC / Real Hasta La Muerte, Inc.",91,118,31,"4205494"
146,"spotify:track:65MOTX6uSFAnqXl7dlAuId","Demi Lovato","Tell Me You Love Me","Island Records",146,-1,1,"4189111"
147,"spotify:track:4Km5HrUvYTaSUfiSGPJeQR","Migos, Lil Uzi Vert","Bad and Boujee (feat. Lil Uzi Vert)","Quality Control Music",9,136,36,"4168937"
148,"spotify:track:4yN6xPLopmTLvc27pO9LIE","Nicky Jam, Wisin","Si Tú La Ves (feat. Wisin)","Sony Music Latin",117,124,18,"4139594"
149,"spotify:track:6mICuAdrwEjh6Y6lroV2Kg","Shakira, Maluma","Chantaje (feat. Maluma)","Sony Music Latin",13,126,36,"4130908"
150,"spotify:track:1m69ELEgE6k5ZWsap40ozt","Ozuna","Se Preparó","VP Records Corp/Dimelo Vi",150,-1,1,"4128852"
151,"spotify:track:4ARPvK8DHLwt4oX65ZAFMw","XXXTENTACION","Look At Me!","Bad Vibes Forever / EMPIRE",70,169,26,"4088884"
152,"spotify:track:72jbDTw1piOOj770jWNeaG","The Chainsmokers","Paris","Disruptor Records/Columbia",2,130,33,"4050644"
153,"spotify:track:68EMU2RD1ECNeOeJ5qAXCV","Charlie Puth, Selena Gomez","We Don't Talk Anymore (feat. Selena Gomez)","Artist Partner",39,133,36,"4049665"
154,"spotify:track:4Hf7WnR761jpxPr5D46Bcd","Shawn Mendes","Treat You Better","Island Records",26,145,36,"4007332"
155,"spotify:track:3tcoEYOZUHKB3RKNByIN13","Lil Uzi Vert","For Real","Generation Now/Atlantic",155,-1,1,"3996651"
156,"spotify:track:1Slwb6dOYkBlWal1PGtnNg","Ed Sheeran","Thinking out Loud","Atlantic Records UK",58,143,36,"3993438"
157,"spotify:track:4pdPtRcBmOSQDlJ3Fk945m","DJ Snake, Justin Bieber","Let Me Love You","DJ Snake Def Jam",4,131,36,"3988968"
158,"spotify:track:0RYXEibxMami3QuT8kn4Iz","Macklemore, Lil Yachty","Marmalade (feat. Lil Yachty)","Bendo LLC",120,122,4,"3988826"
159,"spotify:track:0QsvXIfqM0zZoerQfsI9lm","The Chainsmokers, Daya","Don't Let Me Down","Disruptor Records/Columbia",25,135,36,"3951672"
160,"spotify:track:1MJErNPIQUoEMu4YUUmecm","Lil Uzi Vert, Pharrell Williams","Neon Guts (feat. Pharrell Williams)","Generation Now/Atlantic",160,-1,1,"3946801"
161,"spotify:track:4N1c5rmWOzRmB9SMacr5wB","Abraham Mateo, Farruko, Christian Daniel","Loco Enamorado","Sony Music Entertainment",150,150,4,"3940374"
162,"spotify:track:6Q2FftbUG530lCtBI74bMH","A Boogie Wit da Hoodie, Kodak Black","Drowning (feat. Kodak Black)","Highbridge The Label",90,132,20,"3911873"
163,"spotify:track:13X0XdLMOdtbXVtAj2ox4h","Piso 21","Besándote","WM Mexico",126,137,15,"3897570"
164,"spotify:track:6b8Be6ljOzmkOmFslEb23P","Bruno Mars","24K Magic","Atlantic Records",9,144,36,"3892231"
165,"spotify:track:61HHDBLqF3AmSvLfHKNGd2","KAROL G, Bad Bunny","Ahora Me Llama","UMLE - Latino",153,153,4,"3890277"
166,"spotify:track:1Sl3njkhhz8nrSPZroDQ82","Dimitri Vegas & Like Mike, David Guetta, Dimitri Vegas, Kiiara","Complicated (feat. Kiiara)","Epic Amsterdam",134,134,5,"3885632"
167,"spotify:track:5hEM0JchdVzQ5PwvSfITeX","Piso 21, Maluma","Me Llamas (feat. Maluma) - Remix","WM Mexico",87,140,36,"3841179"
168,"spotify:track:2Vdub5mY4lad7w64bFPUez","Pitbull, J Balvin, Camila Cabello","Hey Ma (with Pitbull & J Balvin feat. Camila Cabello)","Artist Partner",62,128,25,"3841114"
169,"spotify:track:6875MeXyCW0wLyT72Eetmo","Hailee Steinfeld, Grey, Zedd","Starving","UME - Global Clearing House",20,148,36,"3793261"
170,"spotify:track:3AEZUABDXNtecAOSC1qTfo","CNCO","Reggaetón Lento (Bailemos)","Sony Music Latin",32,138,36,"3782063"
171,"spotify:track:2jYmK1cb3Uya6FFsocdpzO","Sabrina Carpenter","Why","Hollywood Records",150,151,5,"3769952"
172,"spotify:track:7lRsNbdOGykkMAgsqs4R1C","Nacho","Báilame","UMLE - Latino",95,123,16,"3744750"
173,"spotify:track:0QV16pno66L6K3fn4W13b7","Lil Uzi Vert","No Sleep Leak","Generation Now/Atlantic",173,-1,1,"3729844"
174,"spotify:track:0ZiRSqlSsDlY0UyDYU9CTE","Thomas Rhett","Unforgettable","The Valory Music Co.",159,159,2,"3729272"
175,"spotify:track:4pLwZjInHj3SimIyN9SnOz","Ariana Grande, Nicki Minaj","Side To Side","Universal Records",18,155,36,"3718264"
176,"spotify:track:5xbrhx2tMMcN68IT3cJbhS","XXXTENTACION","Ayala (Outro)","Bad Vibes Forever / EMPIRE",176,-1,1,"3706781"
177,"spotify:track:0lMbuWUpfTWhEmOKxppEau","Calvin Harris, Future, Khalid, Funk Wav","Rollin (feat. Future & Khalid)","Columbia",38,142,16,"3677809"
178,"spotify:track:0Z9HQ8YvHqdeOjTwsR3cS7","Moon Taxi","Two High","RCA Records Label",115,146,10,"3651671"
179,"spotify:track:78rIJddV4X0HkNAInEcYde","Starley, Ryan Riback","Call on Me - Ryan Riback Remix","Central Station Records",13,149,36,"3648753"
180,"spotify:track:2ZdCrBA52bb4pIG3tOOZiQ","Lil Uzi Vert","Dark Queen","Generation Now/Atlantic",180,-1,1,"3635405"
181,"spotify:track:0SGkqnVQo9KPytSri1H6cF","Big Sean","Bounce Back","Getting Out Our Dreams Inc. (G.O.O.D.) Music / IDJ",21,157,36,"3622898"
182,"spotify:track:6JV2JOEocMgcZxYSZelKcc","Justin Timberlake","CAN'T STOP THE FEELING! (from DreamWorks Animation's ""TROLLS"")","Villa 40/RCA Records",28,154,36,"3606059"
183,"spotify:track:7ofxPmTNMj2GP07g1VZa0O","Alex Sensation, Ozuna","Que Va","JP Entertainment (Jorge Pino)",183,-1,1,"3556589"
184,"spotify:track:3hB5DgAiMAQ4DzYbsMq1IT","Justin Bieber","Love Yourself","RBMG/Def Jam",62,156,36,"3553323"
185,"spotify:track:343YBumqHu19cGoGARUTsd","Drake","Fake Love","Cash Money Records/Young Money Ent./Universal Rec.",7,162,36,"3464813"
186,"spotify:track:00lNx0OcTJrS3MKHcB80HY","Jax Jones, RAYE","You Don't Know Me (feat. RAYE)","Polydor Records",17,160,34,"3436425"
187,"spotify:track:04DwTuZ2VBdJCCC5TROn7L","Martin Garrix, Bebe Rexha","In the Name of Love","Epic Amsterdam",16,161,36,"3431044"
188,"spotify:track:5Z01UMMf7V1o0MzF86s6WJ","Eminem","Lose Yourself","Eminem Catalog PS",150,168,24,"3409975"
189,"spotify:track:7abpmGpF7PGep2rDU68GBR","Burak Yeter, Danelle Sandoval","Tuesday","SBA Production",58,158,29,"3399057"
190,"spotify:track:0Clb9aiXWa0dvVff5aN4VN","Astrid S","Think Before I Talk","Universal Music AS",190,-1,1,"3387382"
191,"spotify:track:2RttW7RAu5nOAfq6YFvApB","Ed Sheeran","Happier","Atlantic Records UK",10,170,26,"3361800"
192,"spotify:track:5yuShbu70mtHXY0yLzCQLQ","Post Malone","Go Flex","Universal Records",181,181,8,"3353929"
193,"spotify:track:3Q3myFA7q4Op95DOpHplaY","blackbear","do re mi","Alamo",77,171,21,"3331301"
194,"spotify:track:4TZy1wLyHec06pwgFYDh1a","Shawn Mendes","Mercy","Island Records",22,177,36,"3329902"
195,"spotify:track:5Y3Tj0wJhKAaPbwWxXxZGS","Lil Uzi Vert","Feelings Mutual","Generation Now/Atlantic",195,-1,1,"3323082"
196,"spotify:track:7KOlJ92bu51cltsD9KU5I7","Migos","T-Shirt","Quality Control Music",38,178,33,"3307313"
197,"spotify:track:6kig1UFggPUyZBCvXD3Wod","Metro Boomin, Offset, Drake","No Complaints (feat. Offset & Drake) (Bonus)","Republic Records",91,164,10,"3284972"
198,"spotify:track:6DNtNfH8hXkqOX1sjqmI7p","Major Lazer, Justin Bieber, MØ","Cold Water (feat. Justin Bieber & MØ)","Third Pardee Records",14,167,36,"3280427"
199,"spotify:track:4U9arGcc4ATa7shChhLQP0","Thirty Seconds To Mars","Walk on Water","Thirty Seconds to Mars",199,-1,1,"3278983"
200,"spotify:track:0VJYhKhrHgJ7fgjGaC2k07","XXXTENTACION","The Explanation","Bad Vibes Forever / EMPIRE",200,-1,1,"3275927"
