﻿rank,uri,artist_names,track_name,source,peak_rank,previous_rank,weeks_on_chart,streams
1,"spotify:track:7dt6x5M1jzdTEt8oCbisTK","Post Malone","Better Now","Republic Records",1,1,5,"29702255"
2,"spotify:track:7ef4DlsgrMEH11cDZd32M6","Calvin Harris, Dua Lipa","One Kiss (with Dua Lipa)","Sony Music UK",2,2,8,"29271455"
3,"spotify:track:1cTZMwcBJT0Ka3UJPXOeeN","Drake","Nice For What","Cash Money/Drake LP6",1,4,8,"26172922"
4,"spotify:track:2XW4DbS6NddZxRPm5rMCeY","Drake","God's Plan","Cash Money/Drake LP6",1,5,19,"22966660"
5,"spotify:track:5SxkdsY1ufZzoq9iXceLw9","Ariana Grande","no tears left to cry","Republic Records",2,6,6,"22523601"
6,"spotify:track:0b9oOr2ZgvyQu88wzixux9","Childish Gambino","This Is America","Wolf+Rothstein/RCA Records",1,3,4,"21619295"
7,"spotify:track:39N9RPD9MRb5WmoLzNzPeA","Nicky Jam, J Balvin","X","Sony Music Latin",4,8,13,"20059354"
8,"spotify:track:3V8UKqhEK5zBkBb6d6ub8i","Nio Garcia, Casper Magico, Bad Bunny, Darell, Ozuna, Nicky Jam","Te Boté - Remix","Flow La Movie, Inc.",8,10,7,"19829896"
9,"spotify:track:58q2HKrzhC3ozto2nDdN4z","Cardi B, Bad Bunny, J Balvin","I Like It","Atlantic/KSR",9,11,8,"19519095"
10,"spotify:track:3swc6WTsr7rl9DqQKQA55C","Post Malone, Ty Dolla $ign","Psycho (feat. Ty Dolla $ign)","Republic Records",2,7,14,"18658896"
11,"spotify:track:08bNPGLD8AhKpnnERrAc6G","Marshmello, Anne-Marie","FRIENDS","Joytime Collective",4,9,16,"18220071"
12,"spotify:track:514rhnksEwHUh6LxXsQ4Y9","Selena Gomez","Back To You","UMGRI Interscope",12,13,3,"17642602"
13,"spotify:track:6vN77lE9LK6HP2DewaN6HZ","Lil Baby, Drake","Yes Indeed","Quality Control Music, LLC",12,12,3,"16713448"
14,"spotify:track:21YnmkSDhUkmkkni22Svc4","Shawn Mendes","In My Blood","Island Records",7,29,10,"16233059"
15,"spotify:track:0X8DcetL926BYiPJYstJTc","Juice WRLD","Lucid Dreams","Juice WRLD Mixtape / ISR P&D",15,42,3,"15456637"
16,"spotify:track:0e7ipj03S05BNilyu5bRzt","Post Malone, 21 Savage","rockstar (feat. 21 Savage)","Republic Records",1,16,37,"15082355"
17,"spotify:track:45Egmo7icyopuzJN0oMEdk","Khalid, Normani","Love Lies","RCA Records Label",11,17,15,"15070323"
18,"spotify:track:2ARqIya5NAuvFVHSN3bL0m","Zedd, Maren Morris, Grey","The Middle","UMGRI Interscope",6,15,18,"14647713"
19,"spotify:track:55S2PQgSMYAhgoTCcGCDfw","5 Seconds of Summer","Youngblood","Capitol",19,26,7,"14429784"
20,"spotify:track:63SevszngYpZOwf63o61K4","Dennis Lloyd","Nevermind","WM Italy",19,19,11,"14264831"
21,"spotify:track:5SwEgzUFDHwpWHKrbnP32Z","Shawn Mendes, Khalid","Youth (feat. Khalid)","Island Records",21,36,4,"13833047"
22,"spotify:track:33IOhptvC2Qoy2UhjiHXLV","David Guetta, Sia","Flames","Parlophone (France)",22,23,10,"13694044"
23,"spotify:track:4qKcDkK6siZ7Jp1Jb4m0aL","BlocBoy JB, Drake","Look Alive (feat. Drake)","Bloc Nation",6,20,16,"13463437"
24,"spotify:track:76cy1WJvNGJTj78UqeA5zr","Dua Lipa","IDGAF","Warner Records",4,22,22,"13388343"
25,"spotify:track:7ycWLEP1GsNjVvcjawXz3z","A$AP Rocky, Skepta","Praise The Lord (Da Shine) (feat. Skepta)","A$AP Worldwide/Polo Grounds Music/RCA Records",25,-1,1,"13195161"
26,"spotify:track:10Igtw8bSDyyFs7KIsKngZ","Lil Dicky, Chris Brown","Freaky Friday (feat. Chris Brown)","Commission/BMG",7,18,11,"13193414"
27,"spotify:track:5CLGzJsGqhCEECcpnFQA8x","Rudimental, Jess Glynne, Macklemore, Dan Caplen","These Days (feat. Jess Glynne, Macklemore & Dan Caplen)","Atlantic Records UK",9,24,19,"12239055"
28,"spotify:track:6kPJZM97LwdG9QIsT7khp6","Clean Bandit, Demi Lovato","Solo (feat. Demi Lovato)","Atlantic Records UK",28,34,2,"12064418"
29,"spotify:track:1gm616Plq4ScqNi7TVkZ5N","The Weeknd","Call Out My Name","Universal Republic Records",1,21,9,"11903906"
30,"spotify:track:0Dq49j3dELbttQVUJbtn0c","Shawn Mendes","Nervous","Island Records",30,-1,1,"11870642"
31,"spotify:track:3aW0ds4A4tSQDIp75FqWTo","BTS","FAKE LOVE","BIGHIT MUSIC",14,14,2,"11561308"
32,"spotify:track:54oMZ3blwWwuPN4wEoG5mk","Drake","I'm Upset","Cash Money/Drake LP6",32,-1,1,"11523957"
33,"spotify:track:6jA8JUuPCGYjFcgw0AoM5T","Reik, Ozuna, Wisin","Me Niego (feat. Ozuna & Wisin)","Columbia",22,30,15,"11443248"
34,"spotify:track:0u2P5u6lvoDfwTYjAADbn4","Billie Eilish, Khalid","lovely (with Khalid)","Darkroom",34,48,6,"11327903"
35,"spotify:track:4F1yvJfQ7gJkrcgFJQDjOr","KYLE, Kehlani","Playinwitme (feat. Kehlani)","independently popular.",28,28,8,"11294237"
36,"spotify:track:6Hgh47WXVKtXN5zGOu0hjI","Khalid, 6LACK, Ty Dolla $ign","OTW","Right Hand Music Group, LLC/RCA Records",24,27,6,"11267709"
37,"spotify:track:6SFStUDQZNaGPKWOx9ZiJB","Anne-Marie","2002","Atlantic Records UK",37,40,6,"10881158"
38,"spotify:track:7iDa6hUg2VgEL1o1HjmfBn","Bebe Rexha, Florida Georgia Line","Meant to Be (feat. Florida Georgia Line)","Warner Records",18,33,37,"10748666"
39,"spotify:track:6xTU6B6nFwKKTSZ9ySXS80","Kygo, Miguel","Remind Me to Forget","Kygo",29,31,11,"10607192"
40,"spotify:track:2ijef6ni2amuunRoKTlgww","Becky G, NATTI NATASHA","Sin Pijama","Sony Music Latin",40,50,5,"10375517"
41,"spotify:track:3fpVWegR6YOS1Yk5HSMYIq","Post Malone","Paranoid","Republic Records",4,25,5,"10267761"
42,"spotify:track:3ee8Jmje8o58CHK66QrVC2","XXXTENTACION","SAD!","Bad Vibes Forever, LLC",3,32,13,"10244829"
43,"spotify:track:1rfofaqEpACxVEHIZBJe6W","Camila Cabello, Young Thug","Havana (feat. Young Thug)","Syco Music/Epic",1,39,43,"10138858"
44,"spotify:track:4QtiVmuA88tPQiCOHZuQ5b","Sofía Reyes, Jason Derulo, De La Ghetto","1, 2, 3 (feat. Jason Derulo & De La Ghetto)","WEA Latina",31,46,15,"9681957"
45,"spotify:track:3GCdLUSnKSMJhs4Tj6CV3s","Kendrick Lamar, SZA","All The Stars (with SZA) - From ""Black Panther: The Album""","Black Panther (TDE/DMG) PS",2,38,21,"9662450"
46,"spotify:track:6n4U3TlzUGhdSFbUUhTvLP","Migos, Drake","Walk It Talk It","Quality Control Music, LLC",22,35,18,"9393454"
47,"spotify:track:7qiZfU4dY1lWllzX7mPBI3","Ed Sheeran","Shape of You","Atlantic Records UK",1,47,73,"9174631"
48,"spotify:track:7uzmGiiJyRfuViKKK3lVmR","Bazzi","Mine","iamcosmic",3,41,19,"9114243"
49,"spotify:track:2ekn2ttSfGqwhhate0LSR0","Dua Lipa","New Rules","Warner Records",2,52,47,"9042243"
50,"spotify:track:6IaieqiCVvsNvEt6Y7yOFa","Post Malone, Nicki Minaj","Ball For Me (feat. Nicki Minaj)","Republic Records",15,37,5,"8846883"
51,"spotify:track:6mAz8D1TmlTuef90dbNIiZ","Rich The Kid","Plug Walk","Rich The Kid / (TDE/ISR PS)",19,43,13,"8717539"
52,"spotify:track:6U2NuJILEOEpW2tVCuqKHb","Daddy Yankee, NATTI NATASHA, Becky G, Bad Bunny","Dura - Remix","Craft Latino",52,54,5,"8594481"
53,"spotify:track:6RnkFd8Fqqgk1Uni8RgqCQ","David Guetta, Martin Garrix, Brooks","Like I Do","Parlophone (France)",24,49,14,"8054551"
54,"spotify:track:7sO5G9EABYOXQKNPNiE9NR","Offset, Metro Boomin","Ric Flair Drip (with Metro Boomin)","Slaughter Gang, LLC/Epic/Quality Control Music/Motown/Capitol/Boominati Worldwide/Republic",32,57,31,"7982687"
55,"spotify:track:2j2fIJGh4PMdXt9ULI5Tlc","Daddy Yankee","Dura","Craft Latino",9,56,19,"7779178"
56,"spotify:track:5Y9fnynLlIvqtM710MHzfz","Ozuna","Síguelo Bailando","VP Records Corp/Dimelo Vi",43,62,22,"7776190"
57,"spotify:track:5VuxWXbt7XENQCtE9TzpTv","Post Malone, Swae Lee","Spoil My Night (feat. Swae Lee)","Republic Records",9,45,5,"7742514"
58,"spotify:track:3pWcj8hxj3fsb9TDAcMpEl","The Chainsmokers, Drew Love","Somebody","Disruptor Records/Columbia",58,64,6,"7720635"
59,"spotify:track:2XVilv6s9GETnw9PG4T9Mz","Maluma","El Préstamo","Sony Music Latin",52,61,12,"7672027"
60,"spotify:track:4kWO6O1BUXcZmaxitpVUwp","Tiësto, Dzeko, Preme, Post Malone","Jackie Chan","Universal Music, a division of Universal International Music BV",60,88,2,"7665495"
61,"spotify:track:4H7WNRErSbONkM06blBoGc","Post Malone","Stay","Republic Records",11,44,5,"7649567"
62,"spotify:track:5IaHrVsrferBYDm0bDyABy","Tyga, Offset","Taste (feat. Offset)","Last Kings Music / EMPIRE",62,132,2,"7648061"
63,"spotify:track:1BuZAIO8WZpavWVbbq3Lci","Rae Sremmurd, Swae Lee, Slim Jxmmi, Juicy J","Powerglide (feat. Juicy J) - From SR3MM","Mike WiLL Made-It",50,55,13,"7646448"
64,"spotify:track:0VKkyBKCXyR99navhVRqcP","Zion & Lennox","La player (Bandolera)","WEA Latina",64,67,11,"7546014"
65,"spotify:track:3H2JThgdBxezwj1wwafQS8","Juice WRLD","All Girls Are The Same","Juice WRLD Mixtape / ISR P&D",65,86,3,"7423968"
66,"spotify:track:51wrmElSLxFzc0vSQPeTxs","Shawn Mendes","Where Were You In The Morning?","Island Records",66,126,2,"7393076"
67,"spotify:track:0tgVpDi06FyKpA1z0VMD4v","Ed Sheeran","Perfect","Atlantic Records UK",4,65,65,"7358808"
68,"spotify:track:0Y4hwUppbGc8aIBmiTz30A","Liam Payne, J Balvin","Familiar","Capitol Records UK / EMI",57,70,6,"7316346"
69,"spotify:track:6WBTeFDEfAJbaSUUc1V1xQ","Shawn Mendes","Lost In Japan","Island Records",23,-1,6,"7170365"
70,"spotify:track:75ZvA4QfFiZvzhj2xkaWAh","Post Malone","I Fall Apart","Universal Records",10,69,36,"7083711"
71,"spotify:track:1zsG4eaZmkA1dvjDDsAGLK","Luis Fonsi, Demi Lovato","Échame La Culpa","UMLE - Latino",7,68,28,"7064945"
72,"spotify:track:5mqzhMuUpvnMfwNz6iepmO","Diplo, French Montana, Lil Pump, Zhavia","Welcome to the Party (with French Montana & Lil Pump, feat. Zhavia Ward) - from Deadpool 2","Columbia",72,123,2,"6934878"
73,"spotify:track:5PTG6rrL6EPFD9E2QMI2pl","Famous Dex","JAPAN","300 Entertainment",34,66,10,"6886690"
74,"spotify:track:32lItqlMi4LBhb4k0BaSaC","Post Malone","Candy Paint","Republic Records",17,59,37,"6851208"
75,"spotify:track:2VdT56BGpdqNHUgOe1j5vc","Post Malone","Rich & Sad","Republic Records",10,53,5,"6796190"
76,"spotify:track:2RVrdr062uLFxXwIxwdXPH","Piso 21, Paulo Londra","Te Amo","WM Mexico",76,83,10,"6583634"
77,"spotify:track:7Izh7zLJGw1Nscd62Exxj4","Imagine Dragons","Believer","Kid Ina Korner / Interscope",16,77,69,"6566793"
78,"spotify:track:3soOPBuMK8YMdWnV7xpEyf","Sean Paul, David Guetta, Becky G","Mad Love","Universal-Island Records Ltd.",38,72,13,"6550843"
79,"spotify:track:0r9d60ZYPAlFHq8qnUtkXN","Cosculluela, Bad Bunny","Madura","Rottweilas, Inc.",79,87,7,"6448518"
80,"spotify:track:26gceVsA1ybT8qsX3aYLEn","Imagine Dragons","Thunder","Kid Ina Korner / Interscope",8,80,57,"6398237"
81,"spotify:track:0SaYeGhSXN0dDWstyNTQ56","Wolfine, Maluma","Bella - Remix","LOMIORECORDS",81,85,4,"6391246"
82,"spotify:track:7GX5flRQZVHRAGd6B4TmDO","Lil Uzi Vert","XO Tour Llif3","Generation Now/Atlantic",10,78,62,"6385604"
83,"spotify:track:1lsBTdE6MGsKeZCD6llNu7","Charlie Puth, Kehlani","Done for Me (feat. Kehlani)","Artist Partner",75,75,7,"6334961"
84,"spotify:track:1j6xOGusnyXq3l6IryKF3G","Piso 21, Manuel Turizo","Déjala Que Vuelva (feat. Manuel Turizo)","WM Mexico",33,76,30,"6298912"
85,"spotify:track:7yotKA30dwTKNEGomV9ZsI","J. Cole","KOD","J. Cole P&D",6,63,6,"6255435"
86,"spotify:track:5QskYLFPX9y7pLU0VEMNbr","Shawn Mendes, Julia Michaels","Like To Be You (feat. Julia Michaels)","Island Records",86,-1,1,"6192127"
87,"spotify:track:4gALhhysObk59C3fxeTLwh","Capital Bra","One Night Stand","Bra Musik",87,-1,1,"6127224"
88,"spotify:track:3oHkMCVJyOcjg5FhfLc2Rq","A$AP Rocky, Moby, T.I., Kid Cudi","A$AP Forever REMIX (feat. Moby, T.I. & Kid Cudi)","A$AP Worldwide/Polo Grounds Music/RCA Records",88,-1,1,"6099486"
89,"spotify:track:2alIsNw1mqEShbWyO1HXZZ","Sebastian Yatra, Luis Figueroa, Lary Over","Por Perro","UMLE - Latino",89,100,4,"6086628"
90,"spotify:track:1YNQscOx6OqBQjxgJVhEeW","Rita Ora, Bebe Rexha, Charli xcx, Cardi B","Girls (feat. Cardi B, Bebe Rexha & Charli XCX)","Atlantic Records UK",52,74,3,"6074720"
91,"spotify:track:3bH4HzoZZFq8UpZmI2AMgV","John Mayer","New Light","Columbia",91,-1,2,"6074568"
92,"spotify:track:19MBk3PbNFE36wqIqkMq9H","Alvaro Soler","La Cintura","Airforce1",92,150,3,"6009842"
93,"spotify:track:6XlSyYFTU1nodeWwwzVgTV","Pharrell Williams, Camila Cabello","Sangria Wine","Columbia",51,51,2,"5983512"
94,"spotify:track:7Fg342AJtNsIDdwCfX0paC","ZAYN","Let Me","RCA Records Label",28,73,7,"5953363"
95,"spotify:track:7EmGUiUaOSGDnUUQUDrOXC","Selena Gomez, Marshmello","Wolves","Selena Gomez PS",3,92,32,"5950484"
96,"spotify:track:5I8oEqbk2ZBmQfXCrZbUFb","Shawn Mendes","Fallin' All In You","Island Records",96,-1,1,"5941368"
97,"spotify:track:2RttW7RAu5nOAfq6YFvApB","Ed Sheeran","Happier","Atlantic Records UK",10,97,55,"5936392"
98,"spotify:track:4eWQlBRaTjPPUlzacqEeoQ","Camila Cabello","Never Be the Same","Syco Music/Epic",4,89,25,"5922112"
99,"spotify:track:6g1NlCpW7fgqDnWbCCDrHl","Avicii","Wake Me Up","Pophouse Entertainment Group",13,79,6,"5917402"
100,"spotify:track:6kp0inxIexxSiDJfWqq0ZL","6ix9ine, DJ SpinKing","TATI (feat. DJ Spinking)","ScumGang Records / TenThousand Projects, LLC",100,-1,1,"5917283"
101,"spotify:track:3DoBTwfr8yi2LN08SBpFkN","Travis Scott, Lil Uzi Vert, Kanye West","Watch (feat. Lil Uzi Vert & Kanye West)","Epic/Grand Hustle/Cactus Jack",27,58,4,"5875345"
102,"spotify:track:6WbADFqMvR8N5u0BvtsWQE","Avicii, Sandro Cavazza","Without You","Universal Music AB",20,113,34,"5873088"
103,"spotify:track:083Qf6hn6sFL6xiOHlZUyn","Jess Glynne","I'll Be There","Atlantic Records UK",103,115,4,"5849875"
104,"spotify:track:0CZ8lquoTX2Dkg7Ak2inwA","King Princess","1950","Zelig Records, LLC./Columbia Records",61,93,11,"5842154"
105,"spotify:track:6Za3190Sbw39BBC77WSS1C","NATTI NATASHA, Ozuna","Criminal","Pina Records",21,95,37,"5828632"
106,"spotify:track:7COfe3P7KgfwDwIRB8LIDw","J Balvin, Willy William","Mi Gente","Scorpio Music (FR)",1,172,48,"5738617"
107,"spotify:track:2BJSMvOGABRxokHKB0OI8i","Playboi Carti, Lil Uzi Vert","Shoota (feat. Lil Uzi Vert)","AWGE Label",86,91,3,"5709003"
108,"spotify:track:1LhMopPAallLeaeNutqbgS","Justin Timberlake, Chris Stapleton","Say Something (feat. Chris Stapleton)","RCA Records Label",25,94,18,"5698621"
109,"spotify:track:6VrBWh90BiwWmwKtvwWFcq","J Balvin","Ambiente","UMLE - Latino",109,-1,1,"5654634"
110,"spotify:track:09IOPhEh1OMe0HD9b36FJk","Post Malone","Over Now","Republic Records",13,71,5,"5630946"
111,"spotify:track:2gTYVoQCUh0QNUaFix01ld","Nicki Minaj","Chun-Li","Young Money/Cash Money Records",58,99,7,"5629696"
112,"spotify:track:6QgjcU0zLnzq5OrUoSZ3OK","Portugal. The Man","Feel It Still","Atlantic Records",18,103,46,"5620554"
113,"spotify:track:7vGuf3Y35N4wmASOKLUVVU","Marshmello, Khalid","Silence","Joytime Collective/RCA Records",8,109,42,"5604901"
114,"spotify:track:7KXjTSCq5nL1LoYtL7XAwS","Kendrick Lamar","HUMBLE.","Aftermath",1,104,61,"5577801"
115,"spotify:track:2EzRdhuoPyNJDlep7lnNf2","Danny Ocean","Dembow","Atlantic Records",65,102,20,"5558025"
116,"spotify:track:6bGwKHXHNLmTy6yt147FPh","Pusha T","If You Know You Know","Getting Out Our Dreams, Inc./Def Jam Recordings",116,-1,1,"5513542"
117,"spotify:track:44KKhCyI0BGS6LvVyDqJtH","Lil Pump","Esskeetit","Warner Records",51,111,7,"5501751"
118,"spotify:track:1mXVgsBdtIVeCLJnSnmtdV","Sam Smith","Too Good At Goodbyes","PLG - Capitol",1,105,38,"5493413"
119,"spotify:track:3a1lNhkSLSkpJE4MSHpDu9","Post Malone, Quavo","Congratulations","Universal Records",20,106,71,"5488135"
120,"spotify:track:1AqemxWsT0iGg5Lvkm16Bt","A$AP Rocky, FKA twigs","Fukk Sleep (feat. FKA twigs)","A$AP Worldwide/Polo Grounds Music/RCA Records",120,-1,1,"5486769"
121,"spotify:track:2yBWnRKj0Zx7AF1kufajvW","J Balvin","Ahora","UMLE - Latino",109,159,12,"5481614"
122,"spotify:track:7m9OqQk4RVRkw9JJdeAw96","XXXTENTACION","Jocelyn Flores","Bad Vibes Forever / EMPIRE",15,108,40,"5407871"
123,"spotify:track:51rXHuKN8Loc4sUlKPODgH","Jay Rock, Kendrick Lamar, Future, James Blake","King's Dead (with Kendrick Lamar, Future & James Blake)","Black Panther (TDE/DMG) PS",29,112,20,"5350538"
124,"spotify:track:2Yl4OmDby9iitgNWZPwxkd","Cardi B","Be Careful","Atlantic/KSR",27,116,9,"5340560"
125,"spotify:track:5cepAtqnEQ6yVG6088zMMu","Maluma, Nego do Borel","Corazón (feat. Nego do Borel)","Sony Music Latin",17,98,30,"5338074"
126,"spotify:track:1D2L6MefbXon28PzIk9I3r","Post Malone","92 Explorer","Republic Records",23,81,5,"5277310"
127,"spotify:track:18W92Zm1KjLCbUIszOhpkD","NOTD, Bea Miller","I Wanna Know (feat. Bea Miller)","Universal Music AB",74,96,8,"5248059"
128,"spotify:track:3Vo4wInECJQuz9BIBMOu8i","Bruno Mars, Cardi B","Finesse - Remix; feat. Cardi B","Atlantic Records",4,122,21,"5190343"
129,"spotify:track:5Z3GHaZ6ec9bsiI5BenrbY","Khalid","Young Dumb & Broke","Right Hand Music Group, LLC/RCA Records",12,125,49,"5146880"
130,"spotify:track:7boPPE857KEqCIHNwFkDop","Sia, Diplo, Labrinth, LSD","Audio (feat. Sia, Diplo, and Labrinth)","Records/Columbia",119,192,3,"5109193"
131,"spotify:track:5uCax9HTNlzGybIStD3vDh","James Arthur","Say You Won't Let Go","Columbia",7,129,75,"5084429"
132,"spotify:track:3Ga6eKrUFf12ouh9Yw3v2D","Anitta, J Balvin","Downtown","WM Brazil",21,128,28,"5060690"
133,"spotify:track:7hlhojpax9zg2FNdBLY5ox","Shawn Mendes","Because I Had You","Island Records",133,-1,1,"5053778"
134,"spotify:track:0JP9xo3adEtGSdUEISiszL","XXXTENTACION","Moonlight","Bad Vibes Forever, LLC",14,118,11,"5053613"
135,"spotify:track:0rrfXLr1p1yxsUy7LrKoYT","Shawn Mendes","Mutual","Island Records",135,-1,1,"5053420"
136,"spotify:track:5lZZmityu9TAjNvSY6GLhR","Post Malone","Zack And Codeine","Republic Records",16,84,5,"5046639"
137,"spotify:track:5LTGmestwpHZ1BfCmpFQJx","ZAYN","Entertainer","RCA Records Label",137,-1,1,"5019689"
138,"spotify:track:1mmAqhLcvPrknbslMiDlyU","Shawn Mendes","Particular Taste","Island Records",138,-1,1,"5012586"
139,"spotify:track:4ofvoCdXq99vpMZO4Cfp8x","The Weeknd, Kendrick Lamar","Pray For Me","Universal Republic Records",3,121,17,"5000810"
140,"spotify:track:7CneiDesUKFJO3Ix01dnfr","Taylor Swift","Delicate","Taylor Swift",26,110,14,"4990092"
141,"spotify:track:688QpQAwqsLdBR6lr13wK1","Post Malone, G-Eazy, YG","Same Bitches (feat. G-Eazy & YG)","Republic Records",18,90,5,"4970762"
142,"spotify:track:1xznGGDReH1oQq0xzbwXa3","Drake, Wizkid, Kyla","One Dance","Cash Money Records/Young Money Ent./Universal Rec.",12,138,75,"4957013"
143,"spotify:track:1KXFoiT2n4QXRsFvhWNI4I","Shawn Mendes","Why","Island Records",143,-1,1,"4901095"
144,"spotify:track:6mORGLOz79w6VsCRLWYYuK","Lord Huron","The Night We Met","Play It Again Sam",55,182,25,"4846388"
145,"spotify:track:1HagMz5nWk1HmevNCBOxF3","Banx & Ranx, Ella Eyre, Yxng Bane","Answerphone (feat. Yxng Bane)","Parlophone UK",125,145,6,"4839767"
146,"spotify:track:3ITvHA9zhZZdBJsOsAUegF","Bad Bunny","Amorfoda","Rimas Entertainment LLC",10,127,15,"4827751"
147,"spotify:track:630sXRhIcfwr2e4RdNtjKN","Zac Efron, Zendaya","Rewrite The Stars","Atlantic Records",20,151,22,"4827624"
148,"spotify:track:6mrKP2jyIQmM0rw6fQryjr","NF","Let You Down","NF Real Music",9,135,34,"4826404"
149,"spotify:track:5hcisvFMidkMJlElTO9Qmw","Bad Bunny, Prince Royce, J Balvin, Mambo Kingz, DJ Luian","Sensualidad","Hear This Music",21,139,30,"4803012"
150,"spotify:track:0UTHr20nqVFMoji8xYE9yl","Shawn Mendes","Perfectly Wrong","Island Records",150,-1,1,"4799951"
151,"spotify:track:3B54sVLJ402zGa6Xm4YGNe","French Montana, Swae Lee","Unforgettable","Bad Boy Entertainment/Epic Records",3,140,60,"4772896"
152,"spotify:track:3xcCix7Jv1Rp90YVmgo35D","Wolfine","Bella","LOMIORECORDS",28,130,23,"4742819"
153,"spotify:track:1j4kHkkpqZRBwE0A4CN4Yv","ZAYN, Sia","Dusk Till Dawn (feat. Sia) - Radio Edit","RCA Records Label",4,143,38,"4734283"
154,"spotify:track:2UVbBKQOdFAekPTRsnkzcf","Migos","Stir Fry","Quality Control Music, LLC",16,136,22,"4732893"
155,"spotify:track:5UEnHoDYpsxlfzWLZIc7LD","Eminem, Ed Sheeran","River (feat. Ed Sheeran)","Eminem Catalog PS",2,134,24,"4726928"
156,"spotify:track:3hBBKuWJfxlIlnd9QFoC8k","Maroon 5, SZA","What Lovers Do (feat. SZA)","Interscope Records*",5,149,39,"4692906"
157,"spotify:track:2xGjteMU3E1tkEPVFBO08U","Keala Settle, The Greatest Showman Ensemble","This Is Me","Atlantic Records",30,144,22,"4688195"
158,"spotify:track:1trFxVLL8WKhYap543e74l","BTS","Airplane pt.2","BIGHIT MUSIC",82,82,2,"4660290"
159,"spotify:track:4EAV2cKiqKP5UPZmY6dejk","Logic, Marshmello","Everyday","Def Jam Recordings",16,146,13,"4660276"
160,"spotify:track:6RUKPb4LETWmmr3iAEQktW","The Chainsmokers, Coldplay","Something Just Like This","Disruptor Records/Columbia",2,142,67,"4659803"
161,"spotify:track:1bhUWB0zJMIKr9yVPrkEuI","Ed Sheeran, Beyoncé","Perfect Duet (Ed Sheeran & Beyoncé)","Atlantic Records UK",3,147,26,"4651617"
162,"spotify:track:5ffntNJnJOeFv7b7DCd0Bw","Post Malone","Takin' Shots","Republic Records",19,101,5,"4643275"
163,"spotify:track:0dSIrRkA4PadGll16TgbnV","Famous Dex, A$AP Rocky","PICK IT UP (feat. A$AP Rocky)","300 Entertainment",60,157,29,"4625729"
164,"spotify:track:71bBFbfn2OBK5QwUJSLS44","Axwell /\ Ingrosso, Axwell, Sebastian Ingrosso","More Than You Know","Pophouse Entertainment Group",15,169,53,"4624183"
165,"spotify:track:5cF0dROlMOK5uNZtivgu50","Charlie Puth","Attention","Artist Partner",5,141,58,"4621676"
166,"spotify:track:6gBFPUFcJLzWGx4lenP6h2","Travis Scott","goosebumps","Cactus Jack / Epic",60,154,74,"4602006"
167,"spotify:track:7rwX0O3RlxqqIjQM8evm5E","Ozuna, Mambo Kingz, DJ Luian, Bad Bunny, Wisin, Almighty","Solita","Hear This Music",75,152,18,"4590706"
168,"spotify:track:17FyWGvqby379Q92sn23jW","Shawn Mendes","Queen","Island Records",168,-1,1,"4586807"
169,"spotify:track:7BKLCZ1jbUBVqRi2FVlTVw","The Chainsmokers, Halsey","Closer","Disruptor Records/Columbia",2,162,75,"4570383"
170,"spotify:track:5vnuJ8EopkP5dHukpOmT3L","Pusha T, Kanye West","What Would Meek Do?","Getting Out Our Dreams, Inc./Def Jam Recordings",170,-1,1,"4564060"
171,"spotify:track:2374M0fQpWi3dLnB54qaLX","TOTO","Africa","Columbia",164,167,11,"4563010"
172,"spotify:track:52eYVUkFTOVozbVFIaFrnV","A$AP Rocky","Tony Tone","A$AP Worldwide/Polo Grounds Music/RCA Records",172,-1,1,"4541260"
173,"spotify:track:6nO3tr47nr2P7f3hXb8JIo","NAV, Travis Scott","Champion (feat. Travis Scott)","Republic Records",158,158,2,"4520420"
174,"spotify:track:1Nj2oBISdFDSF8eDuXcALz","OneRepublic, Logic","Start Again (feat. Logic)","UMGRI Interscope",174,181,2,"4501085"
175,"spotify:track:152lZdxL1OR0ZMW6KquMif","Khalid","Location","Right Hand Music Group, LLC/RCA Records",34,164,69,"4480623"
176,"spotify:track:6ImrWnhjEOw5re3cGLMIHJ","A$AP Rocky","Buck Shots","A$AP Worldwide/Polo Grounds Music/RCA Records",176,-1,1,"4479406"
177,"spotify:track:7F3uo3304R2CTvOseU3H7u","Imagine Dragons","Whatever It Takes","Kid Ina Korner / Interscope",51,156,42,"4460770"
178,"spotify:track:1wjzFQodRWrPcQ0AnYnvQ9","Lauv","I Like Me Better","Lauv",29,165,52,"4424983"
179,"spotify:track:6752EZMgXswvRBH3N2PilO","Ozuna","Unica","VP Records Corp/Dimelo Vi",179,-1,1,"4418370"
180,"spotify:track:7AFASza1mXqntmGtbxXprO","XXXTENTACION","changes","Bad Vibes Forever, LLC",27,153,13,"4415609"
181,"spotify:track:48XfojJC87VKLlUotYV0Gm","BTS, Steve Aoki","The Truth Untold (feat. Steve Aoki)","BIGHIT MUSIC",60,60,2,"4400301"
182,"spotify:track:73F87Sqh6jQWucOOvz1WFx","Sia, Diplo, Labrinth, LSD","Genius (feat. Sia, Diplo, and Labrinth)","Records/Columbia",66,120,4,"4394215"
183,"spotify:track:57q6BgYP4gN6hPQViCB3um","A$AP Rocky","Distorted Records","A$AP Worldwide/Polo Grounds Music/RCA Records",183,-1,1,"4381163"
184,"spotify:track:7uYgVgRSgqluZclLS7wpp4","Ozuna, Romeo Santos","El Farsante - Remix","VP Records Corp/Dimelo Vi",102,166,17,"4373040"
185,"spotify:track:2OALaHcDdKkjYEpAr0Qzab","Avicii, Rita Ora","Lonely Together","Universal Music AB",19,148,38,"4358890"
186,"spotify:track:79cuOz3SPQTuFrp8WgftAu","Shawn Mendes","There's Nothing Holdin' Me Back","Island Records",5,189,56,"4312011"
187,"spotify:track:6De0lHrwBfPfrhorm9q1Xl","Danny Ocean","Me Rehúso","Atlantic Records",20,174,67,"4302387"
188,"spotify:track:4lRwa7PKcGIuJMwtPIYKdy","BTS","Anpanman","BIGHIT MUSIC",107,107,2,"4291806"
189,"spotify:track:5tz69p7tJuGPeMGwNTxYuV","Logic, Alessia Cara, Khalid","1-800-273-8255","Def Jam Recordings",5,168,57,"4290403"
190,"spotify:track:5CtI0qwDJkDQGwXD1H1cLb","Luis Fonsi, Daddy Yankee, Justin Bieber","Despacito - Remix","UMLE - Latino",1,186,59,"4235860"
191,"spotify:track:2xmrfQpmS2iJExTlklLoAL","Clean Bandit, Julia Michaels","I Miss You (feat. Julia Michaels)","Atlantic Records UK",23,161,31,"4234369"
192,"spotify:track:31M5m42C3EGlbydf9XB5to","Leslie Grace, Noriel","Duro y Suave","Sony Music Latin",180,180,3,"4216222"
193,"spotify:track:2vvdTrdryjsl8DmPIMDWZU","Enrique Iglesias, Bad Bunny","EL BAÑO","RCA Records/Sony Music International/Sony Music Latin",38,171,20,"4212199"
194,"spotify:track:3S0OXQeoh0w6AY8WQVckRW","Jason Mraz","I'm Yours","Atlantic Records/ATG",175,184,9,"4208144"
195,"spotify:track:03vyB3AHCuEGfhh7wPc7Yf","Shawn Mendes","When You're Ready","Island Records",195,-1,1,"4203767"
196,"spotify:track:4DnHUy01jEA4b5ydC3HgsT","Nicky Jam, Will Smith, Era Istrefi","Live It Up - Official Song 2018 FIFA World Cup Russia","Sony Music Latin",196,-1,1,"4199428"
197,"spotify:track:1Slwb6dOYkBlWal1PGtnNg","Ed Sheeran","Thinking out Loud","Atlantic Records UK",58,185,75,"4189085"
198,"spotify:track:5qqabIl2vWzo9ApSC317sa","Oasis","Wonderwall - Remastered","Big Brother",152,188,33,"4188091"
199,"spotify:track:6tvQzeCPwOytDlBYCIOY0n","Jax Jones, Ina Wroldsen","Breathe (feat. Ina Wroldsen)","Polydor Records",48,155,20,"4171350"
200,"spotify:track:2fQrGHiQOvpL9UgPvtYy6G","21 Savage","Bank Account","Slaughter Gang, LLC/Epic Records",22,176,47,"4162884"
