﻿rank,uri,artist_names,track_name,source,peak_rank,previous_rank,weeks_on_chart,streams
1,"spotify:track:7wGoVu4Dady5GV0Sv4UIsx","Post Malone, 21 Savage","rockstar (feat. 21 Savage)","Republic Records",1,1,13,"33496703"
2,"spotify:track:0ofbQMrRDsUaVKq2mGLEAb","Camila Cabello, Young Thug","Havana (feat. Young Thug)","Syco Music/Epic",2,2,19,"26957352"
3,"spotify:track:2ekn2ttSfGqwhhate0LSR0","Dua Lipa","New Rules","Warner Records",2,5,23,"21938710"
4,"spotify:track:7EmGUiUaOSGDnUUQUDrOXC","Selena Gomez, Marshmello","Wolves","Selena Gomez PS",3,4,8,"21660883"
5,"spotify:track:0bYg9bo50gSsH3LtXe2SQn","Mariah Carey","All I Want for Christmas Is You","Columbia",5,10,6,"21535828"
6,"spotify:track:1bhUWB0zJMIKr9yVPrkEuI","Ed Sheeran, Beyoncé","Perfect Duet (Ed Sheeran & Beyoncé)","Atlantic Records UK",3,3,2,"21315051"
7,"spotify:track:0tgVpDi06FyKpA1z0VMD4v","Ed Sheeran","Perfect","Atlantic Records UK",4,6,41,"19200067"
8,"spotify:track:43ZyHQITOjhciSUUNPVRHc","Lil Pump","Gucci Gang","Warner Records",6,7,14,"19002483"
9,"spotify:track:6mrKP2jyIQmM0rw6fQryjr","NF","Let You Down","NF Real Music",9,9,10,"18929402"
10,"spotify:track:1mXVgsBdtIVeCLJnSnmtdV","Sam Smith","Too Good At Goodbyes","PLG - Capitol",1,8,14,"18686291"
11,"spotify:track:3hBBKuWJfxlIlnd9QFoC8k","Maroon 5, SZA","What Lovers Do (feat. SZA)","Interscope Records*",5,11,15,"17899052"
12,"spotify:track:1zsG4eaZmkA1dvjDDsAGLK","Luis Fonsi, Demi Lovato","Échame La Culpa","UMLE - Latino",10,12,4,"16908605"
13,"spotify:track:7vGuf3Y35N4wmASOKLUVVU","Marshmello, Khalid","Silence","Joytime Collective/RCA Records",8,13,18,"16335557"
14,"spotify:track:7qiZfU4dY1lWllzX7mPBI3","Ed Sheeran","Shape of You","Atlantic Records UK",1,16,49,"15593544"
15,"spotify:track:1j4kHkkpqZRBwE0A4CN4Yv","ZAYN, Sia","Dusk Till Dawn (feat. Sia) - Radio Edit","RCA Records Label",4,14,14,"15558872"
16,"spotify:track:75ZvA4QfFiZvzhj2xkaWAh","Post Malone","I Fall Apart","Universal Records",10,15,12,"15068938"
17,"spotify:track:2FRnf9qhLbvw8fu4IBXx78","Wham!","Last Christmas","Epic",17,20,5,"14990547"
18,"spotify:track:3YU6vJbjYUG0tiJyXf9x5V","G-Eazy, Halsey","Him & I (with Halsey)","BPG/RVG/RCA Records",18,22,2,"14822746"
19,"spotify:track:5AEtlRudpgdT5FtNiuly6Y","Hailee Steinfeld, Alesso, Florida Georgia Line, WATT","Let Me Go (with Alesso, Florida Georgia Line & watt)","Universal Records",16,18,14,"12807723"
20,"spotify:track:42CeaId2XNlxugDvyqHfDf","Post Malone","Candy Paint","Republic Records",17,17,13,"12737347"
21,"spotify:track:5hcisvFMidkMJlElTO9Qmw","Bad Bunny, Prince Royce, J Balvin, Mambo Kingz, DJ Luian","Sensualidad","Hear This Music",21,25,6,"12487991"
22,"spotify:track:5Z3GHaZ6ec9bsiI5BenrbY","Khalid","Young Dumb & Broke","Right Hand Music Group, LLC/RCA Records",12,19,25,"12154951"
23,"spotify:track:7GX5flRQZVHRAGd6B4TmDO","Lil Uzi Vert","XO Tour Llif3","Generation Now/Atlantic",10,30,38,"11692420"
24,"spotify:track:0tKcYR2II1VCQWT79i5NrW","Imagine Dragons","Thunder","Kid Ina Korner / Interscope",8,29,33,"11653879"
25,"spotify:track:5tz69p7tJuGPeMGwNTxYuV","Logic, Alessia Cara, Khalid","1-800-273-8255","Def Jam Recordings",5,24,33,"11568114"
26,"spotify:track:32DGGj6KlNuBr6WaqRxpxi","Charlie Puth","How Long","Artist Partner",15,21,10,"11492017"
27,"spotify:track:6Za3190Sbw39BBC77WSS1C","NATTI NATASHA, Ozuna","Criminal","Pina Records",21,27,13,"11241879"
28,"spotify:track:2xmrfQpmS2iJExTlklLoAL","Clean Bandit, Julia Michaels","I Miss You (feat. Julia Michaels)","Atlantic Records UK",23,23,7,"11084704"
29,"spotify:track:7iDa6hUg2VgEL1o1HjmfBn","Bebe Rexha, Florida Georgia Line","Meant to Be (feat. Florida Georgia Line)","Warner Records",28,28,13,"11004287"
30,"spotify:track:3a1lNhkSLSkpJE4MSHpDu9","Post Malone, Quavo","Congratulations","Universal Records",20,33,47,"10883007"
31,"spotify:track:3B54sVLJ402zGa6Xm4YGNe","French Montana, Swae Lee","Unforgettable","Bad Boy Entertainment/Epic Records",3,35,36,"10838856"
32,"spotify:track:7sO5G9EABYOXQKNPNiE9NR","Offset, Metro Boomin","Ric Flair Drip (with Metro Boomin)","Slaughter Gang, LLC/Epic/Quality Control Music/Motown/Capitol/Boominati Worldwide/Republic",32,32,7,"10588835"
33,"spotify:track:0Zbbxnx4SGGHoIow4PpISP","Kygo, Justin Jesso","Stargazing","Kygo",15,26,12,"10469814"
34,"spotify:track:2rb5MvYT7ZIxbKW5hfcHx8","J Balvin, Willy William","Mi Gente","Scorpio Music (FR)",1,38,24,"10371987"
35,"spotify:track:6De0lHrwBfPfrhorm9q1Xl","Danny Ocean","Me Rehúso","Atlantic Records",20,40,43,"10353630"
36,"spotify:track:2nUJvBO87SkxCViQsLc9Zr","Big Shaq","Man's Not Hot","Universal-Island Records Ltd.",36,41,10,"10229463"
37,"spotify:track:4lESS6vuruP6a79KWRaQou","Maluma, Nego do Borel","Corazón (feat. Nego do Borel)","Sony Music Latin",37,53,6,"10181789"
38,"spotify:track:3Ga6eKrUFf12ouh9Yw3v2D","Anitta, J Balvin","Downtown","WM Brazil",31,31,4,"10097192"
39,"spotify:track:2Xqd0wUttjueBfdcltADOv","G-Eazy, A$AP Rocky, Cardi B","No Limit","BPG/RVG/RCA Records",34,37,11,"10074025"
40,"spotify:track:7KXjTSCq5nL1LoYtL7XAwS","Kendrick Lamar","HUMBLE.","Aftermath",1,52,37,"9976365"
41,"spotify:track:2fQrGHiQOvpL9UgPvtYy6G","21 Savage","Bank Account","Slaughter Gang, LLC/Epic Records",22,34,23,"9927045"
42,"spotify:track:1m69ELEgE6k5ZWsap40ozt","Ozuna","Se Preparó","VP Records Corp/Dimelo Vi",30,39,16,"9837201"
43,"spotify:track:2OALaHcDdKkjYEpAr0Qzab","Avicii, Rita Ora","Lonely Together","Universal Music AB",19,36,18,"9696842"
44,"spotify:track:6QgjcU0zLnzq5OrUoSZ3OK","Portugal. The Man","Feel It Still","Atlantic Records",18,42,22,"9610979"
45,"spotify:track:6VpQdig9pdpTSIFItgkJV5","Camila Cabello","Never Be the Same","Syco Music/Epic",45,-1,1,"9268520"
46,"spotify:track:0lLdorYw7lVrJydTINhWdI","Michael Bublé","It's Beginning to Look a Lot like Christmas","Reprise",41,51,4,"9148642"
47,"spotify:track:7JNh1cfm0eXjqFVOzKLyau","Becky G, Bad Bunny","Mayores","Kemosabe Records/RCA Records/Sony Music Latin",33,44,20,"9146981"
48,"spotify:track:3m660poUr1chesgkkjQM7P","Demi Lovato","Sorry Not Sorry","Island Records",7,43,23,"8994864"
49,"spotify:track:7EI6Iki24tBHAMxtb4xQN2","Rita Ora","Anywhere","Atlantic Records UK",45,45,8,"8906451"
50,"spotify:track:4iLqG9SeJSnt0cSPICSjxv","Charlie Puth","Attention","Artist Partner",5,47,34,"8684583"
51,"spotify:track:1ADjWm8QNhgNV8yCNNgQ1T","Ariana Grande","Santa Tell Me","Universal Records",51,58,4,"8590324"
52,"spotify:track:1hvpDAxZPKjKztOc72sv06","Band Aid","Do They Know It's Christmas? - 1984 Version","EMI",52,68,4,"8120507"
53,"spotify:track:6RUKPb4LETWmmr3iAEQktW","The Chainsmokers, Coldplay","Something Just Like This","Disruptor Records/Columbia",2,64,43,"8090345"
54,"spotify:track:4dVpf9jZjcORqGTLUaeYj9","A$AP Ferg","Plain Jane","RCA Records Label",37,46,13,"8044167"
55,"spotify:track:3T7dNA7O8c3Axj5WyDNcH3","Brenda Lee","Rockin' Around The Christmas Tree","MCA Nashville",55,74,4,"7888911"
56,"spotify:track:1YZfcVLbbJwfizR5cDOp3q","Migos, Nicki Minaj, Cardi B","MotorSport","Quality Control Music, LLC",34,57,7,"7826436"
57,"spotify:track:5CtI0qwDJkDQGwXD1H1cLb","Luis Fonsi, Daddy Yankee, Justin Bieber","Despacito - Remix","UMLE - Latino",1,76,35,"7725035"
58,"spotify:track:3whrwq4DtvucphBPUogRuJ","Camila Cabello, Daddy Yankee","Havana - Remix","Syco Music/Epic",50,50,4,"7670364"
59,"spotify:track:1wjzFQodRWrPcQ0AnYnvQ9","Lauv","I Like Me Better","Lauv",29,49,28,"7524497"
60,"spotify:track:70lnL3QaSOIIyMa2X9aVRL","Shakira, Nicky Jam","Perro Fiel (feat. Nicky Jam)","Sony Music Latin",46,48,10,"7523559"
61,"spotify:track:5hslUAKq9I9CG2bAulFkHN","Andy Williams","It's the Most Wonderful Time of the Year","Columbia/Legacy",45,86,4,"7505091"
62,"spotify:track:0CcQNd8CINkwQfe1RDtGV6","Imagine Dragons","Believer","Kid Ina Korner / Interscope",16,67,45,"7404449"
63,"spotify:track:5yFSF6qQA1rcLsQRnBsZgb","Alan Walker, Noah Cyrus, Digital Farm Animals, Juliander","All Falls Down (feat. Juliander)","Kreatell Music",52,56,7,"7234069"
64,"spotify:track:7nZmah2llfvLDiUjm0kiyz","Justin Bieber, BloodPop®","Friends (with BloodPop®)","BloodPop/DJ/RMBG/Republic",2,54,17,"7204205"
65,"spotify:track:7m9OqQk4RVRkw9JJdeAw96","XXXTENTACION","Jocelyn Flores","Bad Vibes Forever / EMPIRE",15,63,16,"7180418"
66,"spotify:track:33bnxcjePIkcmNjEFTJX0l","Piso 21, Manuel Turizo","Déjala Que Vuelva (feat. Manuel Turizo)","WM Mexico",66,77,6,"7158457"
67,"spotify:track:0OlnLZY4cmQzT6ZGttvWBM","Martin Garrix, David Guetta, Jamie Scott, Romy Dya","So Far Away (feat. Jamie Scott & Romy Dya)","Epic Amsterdam",62,62,2,"7153262"
68,"spotify:track:3ncgNpxLoBQ65ABk4djDyd","Famous Dex, A$AP Rocky","PICK IT UP (feat. A$AP Rocky)","300 Entertainment",61,61,5,"7056913"
69,"spotify:track:6NWl2m8asvH83xjuXVNsuG","Lil Xan","Betrayed","Columbia",55,55,6,"6996878"
70,"spotify:track:2z4pcBLQXF2BXKFvd0BuB6","Jason Derulo, French Montana","Tip Toe (feat. French Montana)","Beluga Heights/Warner Records",60,60,5,"6975819"
71,"spotify:track:32OWobmyAz8J2qA8iWekyS","Justin Bieber","Mistletoe","RBMG/Def Jam",71,73,4,"6957287"
72,"spotify:track:3PEgB3fkiojxms35ntsTgs","Axwell /\ Ingrosso, Axwell, Sebastian Ingrosso","More Than You Know","Pophouse Entertainment Group",15,66,29,"6950737"
73,"spotify:track:7ofxPmTNMj2GP07g1VZa0O","Alex Sensation, Ozuna","Que Va","JP Entertainment (Jorge Pino)",54,65,16,"6857677"
74,"spotify:track:2771LMNxwf62FTAdpJMQfM","Cardi B","Bodak Yellow","KSR/Atlantic",21,69,20,"6792239"
75,"spotify:track:0qYTZCo5Bwh1nsUFGZP3zn","Maluma","Felices los 4","Sony Music Latin",17,79,34,"6679965"
76,"spotify:track:3zJw3rugfpVrmBeDDnUYzy","John Lennon, Yoko Ono","Happy Xmas (War Is Over) - Remastered 2010","EMI Catalogue",76,101,3,"6636005"
77,"spotify:track:1P17dC1amhFzptugyAO7Il","Taylor Swift","Look What You Made Me Do","Taylor Swift",1,59,16,"6585991"
78,"spotify:track:3VClLWqNn80Llv0PJOsKgr","Nacho, Yandel, Bad Bunny, Mambo Kingz, DJ Luian","Báilame - Remix","UMLE - Latino",58,75,17,"6500406"
79,"spotify:track:0OI7AFifLSoGzpb8bdBLLV","mgk, X Ambassadors, Bebe Rexha","Home (with Machine Gun Kelly, X Ambassadors & Bebe Rexha)","Atlantic Records",70,70,3,"6450136"
80,"spotify:track:79cuOz3SPQTuFrp8WgftAu","Shawn Mendes","There's Nothing Holdin' Me Back","Island Records",5,84,34,"6424284"
81,"spotify:track:1KSqYYJFyfTecXFk9M0prc","Wisin, Ozuna","Escápate Conmigo (feat. Ozuna)","Sony Music Latin",38,87,36,"6393213"
82,"spotify:track:1yxgsra98r3qAtxqiGZPiX","Travis Scott","BUTTERFLY EFFECT","Cactus Jack / Epic",40,83,30,"6356388"
83,"spotify:track:5uCax9HTNlzGybIStD3vDh","James Arthur","Say You Won't Let Go","Columbia",7,92,51,"6345829"
84,"spotify:track:3wAI7MIQtTgwcRmwchPZBc","Big Sean, Metro Boomin, Travis Scott","Go Legend (& Metro Boomin)","Republic/MB/Big Sean",84,-1,1,"6327785"
85,"spotify:track:152lZdxL1OR0ZMW6KquMif","Khalid","Location","Right Hand Music Group, LLC/RCA Records",34,91,45,"6303774"
86,"spotify:track:5TysCiZtv1HnSWcTcUFusI","Joey Montana, Sebastian Yatra","Suena El Dembow","UMLE - Latino",66,81,13,"6278938"
87,"spotify:track:693iqPOQvhI7PobtR8CC8v","J Balvin, Jowell & Randy","Bonita","Rimas (J Balvin - Jowell & Randy)",42,82,27,"6209211"
88,"spotify:track:4IdXngKo4g5exqZ0fQTecu","Bobby Helms","Jingle Bell Rock","Geffen",51,108,4,"6194483"
89,"spotify:track:7inXu0Eaeg02VsM8kHNvzM","Frank Sinatra, B. Swanson Quartet","Let It Snow! Let It Snow! Let It Snow! (with The B. Swanson Quartet)","Columbia/Legacy",59,119,4,"6192277"
90,"spotify:track:0CokSRCu5hZgPxcZBaEzVE","Macklemore, Skylar Grey","Glorious (feat. Skylar Grey)","Bendo LLC",14,72,23,"6186335"
91,"spotify:track:6gBFPUFcJLzWGx4lenP6h2","Travis Scott","goosebumps","Cactus Jack / Epic",60,89,50,"6164047"
92,"spotify:track:4so0Wek9Ig1p6CRCHuINwW","Bing Crosby, Ken Darby Singers, John Scott Trotter & His Orchestra","White Christmas - 1947 Version","Geffen",60,115,3,"6142135"
93,"spotify:track:7y9iMe8SOB6z3NoHE2OfXl","Halsey","Bad At Love","Astralwerks (ASW)",68,78,16,"6133855"
94,"spotify:track:0ZoHHROTzwIYeNAHRPedTY","Chris Rea","Driving Home for Christmas","Rhino",94,141,2,"6049768"
95,"spotify:track:3DXncPQOG4VBw3QHh3S817","DJ Khaled, Justin Bieber, Quavo, Chance the Rapper, Lil Wayne","I'm the One (feat. Justin Bieber, Quavo, Chance the Rapper & Lil Wayne)","Epic/We The Best",2,103,33,"5994931"
96,"spotify:track:1XRgIKC5TPwo7nWGyKqgG0","Gucci Mane, Migos","I Get the Bag (feat. Migos)","Guwop Enterprises/Atlantic",45,71,17,"5920365"
97,"spotify:track:5bcTCxgc7xVfSaMV3RuVke","Calvin Harris, Pharrell Williams, Katy Perry, Big Sean, Funk Wav","Feels (feat. Pharrell Williams, Katy Perry & Big Sean)","Columbia",5,99,26,"5845047"
98,"spotify:track:0JcNysfWVWaMS7R6vzGB2k","Carlos Vives, Sebastian Yatra","Robarte un Beso","Sony Music Latin",61,93,19,"5836056"
99,"spotify:track:6EpRaXYhGOB3fj4V2uDkMJ","Liam Payne, Quavo","Strip That Down (feat. Quavo)","Capitol Records UK / EMI",9,100,30,"5780543"
100,"spotify:track:5u6vkDnOyaf8LsteDAj2ub","21 Savage, Offset, Metro Boomin, Travis Scott","Ghostface Killers (feat. Travis Scott)","Slaughter Gang, LLC/Epic/Quality Control Music/Motown/Capitol/Boominati Worldwide/Republic",36,90,7,"5763705"
101,"spotify:track:5WoaF1B5XIEnWfmb5NZikf","Miguel, Travis Scott","Sky Walker (feat. Travis Scott)","ByStorm Entertainment/RCA Records",101,128,4,"5753689"
102,"spotify:track:7Ed6BkggCS2KaKY5YlINaF","BTS, Desiigner, Steve Aoki","MIC Drop (feat. Desiigner) [Steve Aoki Remix]","BIGHIT MUSIC",71,85,3,"5679840"
103,"spotify:track:4aWmUDTfIPGksMNLV2rQP2","Luis Fonsi, Daddy Yankee","Despacito","UMLE - Latino",4,120,48,"5646045"
104,"spotify:track:0lJCqIx5BhZtf6QtYI2fbv","Daddy Yankee, Bad Bunny","Vuelve","Craft Latino",71,96,10,"5625678"
105,"spotify:track:0Qh38w01QRXK6KHIv0e3hb","P!nk","What About Us","RCA Records Label",18,94,18,"5599861"
106,"spotify:track:0KKkJNfGyhkQ5aFogxQAPU","Bruno Mars","That's What I Like","Atlantic Records",6,116,51,"5543681"
107,"spotify:track:0afhq8XCExXpqazXczTSve","Ed Sheeran","Galway Girl","Atlantic Records UK",2,111,41,"5526818"
108,"spotify:track:1OAh8uOEOvTDqkKFsKksCi","DJ Khaled, Rihanna, Bryson Tiller","Wild Thoughts (feat. Rihanna & Bryson Tiller)","Epic/We The Best",2,110,26,"5496329"
109,"spotify:track:7krbSH3rd8lhIZvuzTV3Bl","James Arthur","Naked","Columbia Local",89,102,3,"5478447"
110,"spotify:track:0NiXXAI876aGImAd6rTj8w","Jonas Blue, William Singe","Mama","UMOD (Universal Music On Demand)",11,107,32,"5476750"
111,"spotify:track:1x5sYLZiu9r5E43kMlt9f8","Clean Bandit, Zara Larsson","Symphony (feat. Zara Larsson)","Atlantic Records UK",11,114,39,"5460229"
112,"spotify:track:7taXf5odg9xCAZERYfyOkS","José Feliciano","Feliz Navidad","RCA Records Label",68,140,3,"5436759"
113,"spotify:track:4DTpngLjoHj5gFxEZFeD3J","Kodak Black, Lil Wayne","Codeine Dreaming (feat. Lil Wayne)","Atlantic Records",113,126,3,"5373580"
114,"spotify:track:5yuShbu70mtHXY0yLzCQLQ","Post Malone","Go Flex","Universal Records",52,105,23,"5336069"
115,"spotify:track:6PGoSes0D9eUDeeAafB2As","Kendrick Lamar, Zacari","LOVE. FEAT. ZACARI.","Aftermath",14,122,35,"5323975"
116,"spotify:track:4V6MRo0CEAC9MwAm7dkPuL","Camila Cabello","Real Friends","Syco Music/Epic",116,-1,1,"5313279"
117,"spotify:track:1Qg9jWGDkKAGZXj5v2OG59","Maroon 5","Wait","Interscope Records*",74,88,6,"5264848"
118,"spotify:track:4gavOCQdZ2g86gkvi17FM7","Paul McCartney","Wonderful Christmastime - Edited Version / Remastered 2011","Paul McCartney Catalog",118,154,3,"5244346"
119,"spotify:track:0VgkVdmE4gld66l8iyGjgx","Future","Mask Off","Epic/Freebandz/A1",5,123,43,"5238282"
120,"spotify:track:3eR23VReFzcdmS7TYCrhCe","Kygo, Selena Gomez","It Ain't Me (with Selena Gomez)","Kygo",2,134,43,"5223241"
121,"spotify:track:7AQim7LbvFVZJE3O8TYgf2","XXXTENTACION, Trippie Redd","Fuck Love","Bad Vibes Forever / EMPIRE",41,109,16,"5209150"
122,"spotify:track:3VTNVsTTu05dmTsVFrmGpK","The Pogues, Kirsty MacColl","Fairytale of New York (feat. Kirsty MacColl)","WM UK",110,137,3,"5200431"
123,"spotify:track:790MhTXPFrYkrqCKvpg4t1","NAV, Lil Uzi Vert","Wanted You (feat. Lil Uzi Vert)","XO Records",99,106,5,"5162251"
124,"spotify:track:7BKLCZ1jbUBVqRi2FVlTVw","The Chainsmokers, Halsey","Closer","Disruptor Records/Columbia",2,136,51,"5151229"
125,"spotify:track:40oKW22ZNNkEdZLJTScaQI","Kodak Black, XXXTENTACION","Roll in Peace (feat. XXXTENTACION)","Atlantic Records",79,112,17,"5146456"
126,"spotify:track:7fwXWKdDNI5IutOMc5OKYw","J Balvin, Willy William, Beyoncé","Mi Gente Feat. Beyoncé","Scorpio Music",15,95,11,"5027938"
127,"spotify:track:0ERbK7qVqveCaBWIiYCrl3","Romeo Santos, Daddy Yankee, Nicky Jam","Bella y Sensual","Sony Music Latin",106,124,20,"5026528"
128,"spotify:track:3NdDpSvN911VPGivFlV5d0","ZAYN, Taylor Swift","I Don’t Wanna Live Forever (Fifty Shades Darker)","Taylor Swift",2,145,51,"5021443"
129,"spotify:track:6fxVffaTuwjgEk5h9QyRjy","Ed Sheeran","Photograph","Atlantic Records UK",41,127,51,"5016009"
130,"spotify:track:2yLa0QULdQr0qAIvVwN6B5","Taylor Swift","...Ready For It?","Taylor Swift",13,97,15,"4995396"
131,"spotify:track:5TmZYdHW6HJ9gt7Aokuql5","Sebastian Yatra, Dalmata","SUTRA","UMLE - Latino",105,118,7,"4986438"
132,"spotify:track:7MHN1aCFtLXjownGhvEQlF","Manuel Turizo","Una Lady Como Tú","Sony Music Latin/La Industria",38,125,28,"4975801"
133,"spotify:track:6WbADFqMvR8N5u0BvtsWQE","Avicii, Sandro Cavazza","Without You","Universal Music AB",21,113,18,"4930151"
134,"spotify:track:6kex4EBAj0WHXDKZMEJaaF","Jason Derulo, Nicki Minaj, Ty Dolla $ign","Swalla (feat. Nicki Minaj & Ty Dolla $ign)","Beluga Heights/Warner Records",6,138,42,"4925278"
135,"spotify:track:5b2QnYcT9rQIkhRWt4HztQ","Eminem, Beyoncé","Walk On Water (feat. Beyoncé)","Eminem Catalog PS",13,80,5,"4897825"
136,"spotify:track:5aAx2yezTd8zXrkmtKl66Z","The Weeknd, Daft Punk","Starboy","Universal Republic Records",1,148,51,"4868950"
137,"spotify:track:0dA2Mk56wEzDgegdC6R17g","Zedd, Alessia Cara","Stay","UMGRI Interscope",7,150,42,"4835719"
138,"spotify:track:3kxfsdsCpFgN412fpnW85Y","Childish Gambino","Redbone","Glassnote - VMG",35,142,51,"4825997"
139,"spotify:track:38yBBH2jacvDxrznF7h08J","Niall Horan","Slow Hands","Capitol Records (US1A)",29,133,32,"4771127"
140,"spotify:track:4v094LQ9eF10k2O2Te2ngK","Niall Horan","Too Much To Ask","Capitol Records (US1A)",37,117,13,"4735252"
141,"spotify:track:22eADXu8DfOAUEDw4vU8qy","Chris Jedi, J Balvin, Ozuna, Arcángel","Ahora Dice","UMLE - Latino",46,139,36,"4718931"
142,"spotify:track:6ElmxV9B2mSNscEjP27M7i","Bad Bunny","Chambea","Rimas Entertainment LLC",142,160,2,"4696483"
143,"spotify:track:0tPQPaOKM32WgMSbPCYyRH","David Guetta, AFROJACK, Charli xcx, French Montana","Dirty Sexy Money (feat. Charli XCX & French Montana)","Parlophone (France)",100,131,6,"4689408"
144,"spotify:track:2Za1AlJNvksouPPWbXpR2X","Macklemore, Kesha","Good Old Days (feat. Kesha)","Bendo LLC",56,104,12,"4662904"
145,"spotify:track:5humEOJehpAwMJEJmb0JJ2","Nat King Cole","The Christmas Song (Merry Christmas To You)","Capitol Records",99,184,3,"4655146"
146,"spotify:track:6p8NuHm8uCGnn2Dtbtf7zE","Migos, Gucci Mane","Slippery (feat. Gucci Mane)","Quality Control Music",71,132,37,"4626404"
147,"spotify:track:6HZILIRieu8S0iqY8kIKhj","Kendrick Lamar","DNA.","Aftermath",3,167,35,"4614087"
148,"spotify:track:65Q2mv3UlVi9eO70OpsmSe","Burl Ives","A Holly Jolly Christmas","Geffen",140,192,3,"4597221"
149,"spotify:track:0Wv5wuenRLI3BcwgT3HPIP","DJ Snake, Lauv","A Different Way (with Lauv)","Geffen",66,98,12,"4586379"
150,"spotify:track:2eAZfqOm4EnOF9VvN50Tyc","Lil Uzi Vert, Oh Wonder","The Way Life Goes (feat. Oh Wonder)","Generation Now/Atlantic",44,149,16,"4580640"
151,"spotify:track:7F9vK8hNFMml4GtHsaXui6","Louis Tomlinson, Bebe Rexha, Digital Farm Animals","Back to You (feat. Bebe Rexha & Digital Farm Animals)","Syco Music",15,135,21,"4573814"
152,"spotify:track:7Hz6LLOVxrojLPIHJJ1S0E","Sam Smith","Have Yourself A Merry Little Christmas","PLG - Capitol",152,189,3,"4553291"
153,"spotify:track:6eT7xZZlB2mwyzJ2sUKG6w","Post Malone","White Iverson","Universal Records",100,143,43,"4550248"
154,"spotify:track:1Slwb6dOYkBlWal1PGtnNg","Ed Sheeran","Thinking out Loud","Atlantic Records UK",58,144,51,"4522218"
155,"spotify:track:6D0b04NJIKfEMg040WioJQ","Julia Michaels","Issues","J/Republic",9,158,48,"4513959"
156,"spotify:track:4IWAyPf1KMq7JCyGeCjTeH","Imagine Dragons","Whatever It Takes","Kid Ina Korner / Interscope",51,147,18,"4491407"
157,"spotify:track:7hDc8b7IXETo14hHIHdnhd","Drake","Passionfruit","Cash Money Records/Young Money Ent./Universal Rec.",2,171,39,"4471489"
158,"spotify:track:0yyZN5ASdrYu0XYWFzfxUu","Jesse & Joy, Gente De Zona","3 A.M.","WM Mexico",112,146,13,"4467423"
159,"spotify:track:4UgoXTsKI19EdofRMiqhp0","Eminem","Untouchable","Eminem Catalog PS",159,-1,1,"4435448"
160,"spotify:track:6PCUP3dWmTjcTtXY02oFdT","Ed Sheeran","Castle on the Hill","Atlantic Records UK",2,176,49,"4431370"
161,"spotify:track:3QiAAp20rPC3dcAtKtMaqQ","Elvis Presley","Blue Christmas","RCA Victor",77,200,3,"4431016"
162,"spotify:track:3A7qX2QjDlPnazUsRk5y0M","David Guetta, Justin Bieber","2U (feat. Justin Bieber)","Parlophone (France)",3,155,27,"4420009"
163,"spotify:track:6tjituizSxwSmBB5vtgHZE","Michael Bublé","Holly Jolly Christmas","Reprise",156,191,3,"4385171"
164,"spotify:track:5GXAXm5YOmYT0kL5jHvYBt","The Weeknd, Daft Punk","I Feel It Coming","Universal Republic Records",9,180,51,"4353490"
165,"spotify:track:1xznGGDReH1oQq0xzbwXa3","Drake, Wizkid, Kyla","One Dance","Cash Money Records/Young Money Ent./Universal Rec.",12,169,51,"4285421"
166,"spotify:track:7DuvVy7JfFgXwWlVzyyPys","Big Sean, Metro Boomin, 21 Savage","Pull Up N Wreck (& Metro Boomin)","Republic/MB/Big Sean",166,-1,3,"4277967"
167,"spotify:track:5zSOVwaY3sVjnmLhuEfsuf","Ozuna","Tú Foto","VP Records Corp/Dimelo Vi",72,152,33,"4276424"
168,"spotify:track:1LszjjoVwDDZcWUQbzeDLG","Yandel, Bad Bunny","Explícale (feat. Bad Bunny)","Sony Music Latin",101,159,15,"4275437"
169,"spotify:track:3ebXMykcMXOcLeJ9xZ17XH","Martin Garrix, Dua Lipa","Scared to Be Lonely","Epic Amsterdam",5,179,46,"4259688"
170,"spotify:track:2RttW7RAu5nOAfq6YFvApB","Ed Sheeran","Happier","Atlantic Records UK",10,164,41,"4237194"
171,"spotify:track:1louJpMmzEicAn7lzDalPW","Cheat Codes, Demi Lovato","No Promises (feat. Demi Lovato)","Parlophone UK",24,168,37,"4234505"
172,"spotify:track:4c2W3VKsOFoIg2SFaO6DY5","Rita Ora","Your Song","Atlantic Records UK",29,161,29,"4228044"
173,"spotify:track:1NDxZ7cFAo481dtYWdrUnR","Maggie Lindemann, Cheat Codes, CADE","Pretty Girl - Cheat Codes X CADE Remix","300 Entertainment",23,166,37,"4215726"
174,"spotify:track:2x0WlnmfG39ZuDmstl9xfX","Taylor Swift, Ed Sheeran, Future","End Game","Taylor Swift",129,129,2,"4208402"
175,"spotify:track:1ZY1PqizIl78geGM4xWlEA","Taylor Swift","Gorgeous","Taylor Swift",11,121,8,"4201213"
176,"spotify:track:2ISl1zekPsc26sUQpVt8UB","Shakin' Stevens","Merry Christmas Everyone","Sony Music CG",82,194,3,"4152179"
177,"spotify:track:5PB8zB1MOZASboLquvinMF","CNCO, Little Mix","Reggaetón Lento (Remix)","Sony Music Latin",56,151,17,"4151936"
178,"spotify:track:4fzyvSu73BhGvi96p2zwjL","Coldplay","Christmas Lights","Parlophone UK",178,-1,2,"4137663"
179,"spotify:track:5EId1m4DNwTf3at31w8bPJ","Ozuna","El Farsante","VP Records Corp/Dimelo Vi",105,170,18,"4090461"
180,"spotify:track:72jbDTw1piOOj770jWNeaG","The Chainsmokers","Paris","Disruptor Records/Columbia",2,-1,45,"4087514"
181,"spotify:track:5Htb1uFQ1KrkFXlefS8oGj","Demi Lovato","Tell Me You Love Me","Island Records",146,172,3,"4082919"
182,"spotify:track:5knuzwU65gJK7IF5yJsuaW","Clean Bandit, Anne-Marie, Sean Paul","Rockabye (feat. Sean Paul & Anne-Marie)","Atlantic Records UK",3,195,51,"4058814"
183,"spotify:track:550rQQCGkrTzvp4SfpOPzx","Pentatonix","Hallelujah","RCA Records Label",111,-1,2,"4010244"
184,"spotify:track:2rE9TX3VQ0WNt7kziFhKep","Lorde, Khalid, Post Malone, SZA","Homemade Dynamite (Feat. Khalid, Post Malone & SZA) - REMIX","Universal Music New Zealand Limited",54,130,13,"3997533"
185,"spotify:track:5uu28fUesZMl89lf9CLrgN","Cheat Codes, Fetty Wap, Sean Jacobs","Feels Great (feat. Fetty Wap & Sean Jacobs)","Parlophone UK",110,156,9,"3994101"
186,"spotify:track:6eYxmK9fdL4hwLnXG2zY3s","XXXTENTACION","Look At Me!","Bad Vibes Forever / EMPIRE",70,193,41,"3919178"
187,"spotify:track:0RTzJVkunbGwuRjXDFHnjf","Axwell /\ Ingrosso, Axwell, Sebastian Ingrosso","Dreamer","Pophouse Entertainment Group",187,-1,1,"3890940"
188,"spotify:track:4tHqQMWSqmL6YjXwsqthDI","John Williams","Carol of the Bells (From ""Home Alone"" Soundtrack)","Masterworks",171,-1,2,"3889012"
189,"spotify:track:2vjmyyAnDUzilFYxOlTdO1","6ix9ine","GUMMO","Scumgang/TenThousand Projects",162,162,4,"3887994"
190,"spotify:track:3AlpkljBS1AU7HFVPms8K6","Sia","Santa's Coming for Us","Monkey Puzzle/Atlantic",190,-1,1,"3882073"
191,"spotify:track:4hKWUzhQWsOkgT6LnDEASe","Bausa","Was du Liebe nennst","WM Germany",96,177,9,"3878332"
192,"spotify:track:1foCxQtxBweJtZmdxhEHVO","Eartha Kitt, Henri René and His Orchestra","Santa Baby (with Henri René & His Orchestra)","RCA Bluebird",162,-1,2,"3868779"
193,"spotify:track:1f5cbQtDrykjarZVrShaDI","A Boogie Wit da Hoodie, Kodak Black","Drowning (feat. Kodak Black)","Highbridge The Label",90,182,35,"3856469"
194,"spotify:track:3GVkPk8mqxz0itaAriG1L7","XXXTENTACION","Everybody Dies In Their Nightmares","Bad Vibes Forever / EMPIRE",52,188,16,"3835404"
195,"spotify:track:6IeK3Ap5m3HabwJxgI6eSE","Perry Como, The Fontane Sisters, Mitchell Ayres & His Orchestra","It's Beginning to Look a Lot Like Christmas (with Mitchell Ayres & His Orchestra)","RCA Records Label",139,-1,2,"3834281"
196,"spotify:track:7w9bgPAmPTtrkt2v16QWvQ","Eminem","Lose Yourself","Eminem Catalog PS",143,198,39,"3824127"
197,"spotify:track:6jA8HL9i4QGzsj6fjoxp8Y","Martin Garrix, Troye Sivan","There for You","Epic Amsterdam",18,199,29,"3798348"
198,"spotify:track:5Ohxk2dO5COHF1krpoPigN","Harry Styles","Sign of the Times","Columbia",14,-1,35,"3775611"
199,"spotify:track:0fWBFDRTIuk8ZgNdZqhCer","Big Sean, Metro Boomin, Kash Doll","So Good (& Metro Boomin)","Republic/MB/Big Sean",199,-1,1,"3752647"
200,"spotify:track:3ojTJaonfkL96iIWa47SU3","Chris Brown","Questions","RCA Records Label",56,178,17,"3752281"
