﻿rank,uri,artist_names,track_name,source,peak_rank,previous_rank,weeks_on_chart,streams
1,"spotify:track:2Fxmhks0bxGSBdJ92vM42m","Billie Eilish","bad guy","Darkroom/Interscope Records",1,-1,1,"50342324"
2,"spotify:track:5w9c2J52mkdntKOmRLeM2m","Daddy Yankee, Snow","Con Calma","Craft Latino",2,2,10,"29137725"
3,"spotify:track:3Fj47GNK2kUF0uaEDgXLaD","Billie Eilish","wish you were gay","Darkroom/Interscope Records",3,30,5,"28662157"
4,"spotify:track:6ocbgoVGwYJhOv1GgI9NsF","Ariana Grande","7 rings","Republic Records",1,1,11,"27648382"
5,"spotify:track:4SSnFejRGlZikf02HLewEF","Billie Eilish","bury a friend","Darkroom/Interscope Records",2,21,10,"27393218"
6,"spotify:track:4y3OI86AEP6PQoDE6olYhO","Jonas Brothers","Sucker","Jonas Brothers Recording",2,3,5,"24218675"
7,"spotify:track:3KkXRkHbMCARz0aVfEt68P","Post Malone, Swae Lee","Sunflower - Spider-Man: Into the Spider-Verse","Universal Records",1,4,24,"23611323"
8,"spotify:track:53CJANUxooaqGOtdsBTh7O","Lil Nas X","Old Town Road","Columbia",8,17,4,"23215851"
9,"spotify:track:43zdsphuZLzwA9k4DJhU0I","Billie Eilish","when the party's over","Darkroom/Interscope Records",9,56,24,"22448428"
10,"spotify:track:6MWtB6iiXyIwun0YzU6DFP","Post Malone","Wow.","Republic Records",2,5,15,"21498592"
11,"spotify:track:6IRdLKIyS4p7XNiP8r6rsx","Billie Eilish","all the good girls go to hell","Darkroom/Interscope Records",11,-1,1,"21263958"
12,"spotify:track:2VxeLyX666F8uXCJ0dZF8B","Lady Gaga, Bradley Cooper","Shallow","A Star is Born OST",3,6,27,"20910989"
13,"spotify:track:4QIo4oxwzzafcBWkKjDpXY","Billie Eilish","xanny","Darkroom/Interscope Records",13,-1,1,"20257146"
14,"spotify:track:4kV4N9D1iKVxx1KLvtTpjS","Ariana Grande","break up with your girlfriend, i'm bored","Republic Records",2,7,8,"18946110"
15,"spotify:track:3XF5xLJHOQQRbWya6hBp7d","Billie Eilish","you should see me in a crown","Darkroom/Interscope Records",15,-1,10,"18860942"
16,"spotify:track:3Tc57t9l2O8FwQZtQOvPXK","Billie Eilish","my strange addiction","Darkroom/Interscope Records",16,-1,1,"18477082"
17,"spotify:track:5WHTFyqSii0lmT9R21abT8","Mabel","Don't Call Me Up","Polydor Records",11,11,9,"16905027"
18,"spotify:track:6Qs4SXO9dwPj5GKvVOv8Ki","Sam Smith, Normani","Dancing With A Stranger (with Normani)","PLG - Capitol",7,8,12,"16724283"
19,"spotify:track:5iwz1NiezX7WWjnCgY5TH4","Pedro Capó, Farruko","Calma - Remix","Sony Music Latin",5,10,21,"16424570"
20,"spotify:track:25sgk305KZfyuqVBQIahim","Ava Max","Sweet but Psycho","Atlantic Records",6,9,27,"16101698"
21,"spotify:track:6CcJMwBtXByIz4zQLzFkKc","Billie Eilish","i love you","Darkroom/Interscope Records",21,-1,1,"15560959"
22,"spotify:track:2dpaYNEQHiRxtZbfNsse99","Marshmello, Bastille","Happier","Joytime Collective",2,13,33,"15532016"
23,"spotify:track:7qEKqBCD2vE5vIBsrUitpD","Billie Eilish","ilomilo","Darkroom/Interscope Records",23,-1,1,"15468792"
24,"spotify:track:7uH27oIt4a6cIFCA8ZPcyG","Ozuna","Baila Baila Baila","Aura Music Corp.",12,12,12,"15410721"
25,"spotify:track:224EVTFiLsdQignUFLvDeH","Dalex, Rafa Pabön, KHEA, Sech, Feid, Cazzu, Lenny Tavárez","Pa Mí (Remix)","Rich Music/Ingrooves Records",25,27,5,"15091598"
26,"spotify:track:2JvzF1RMd7lE3KmFlsyZD8","J. Cole","MIDDLE CHILD","Dreamville, Inc., Under exclusive license to Roc Nation Records",2,15,11,"15059659"
27,"spotify:track:31UjYv5vLsDkzchJOtUMtW","Maluma","HP","Sony Music Latin",24,24,5,"14963292"
28,"spotify:track:5icOoE6VgqFKohjWWNp0Ac","Marshmello, CHVRCHES","Here With Me","Joytime Collective",16,16,4,"14829573"
29,"spotify:track:5W83ErFkO3aKAIS1WMi6u0","Anuel AA, KAROL G","Secreto","Anuel AA & Karol G - Secreto",11,14,11,"14631926"
30,"spotify:track:5p7ujcrUXASCNwRaWNHR1C","Halsey","Without Me","Capitol Records",4,19,26,"14608542"
31,"spotify:track:0tMSssfxAL2oV8Vri0mFHE","Billie Eilish","listen before i go","Darkroom/Interscope Records",31,-1,1,"14236852"
32,"spotify:track:7COXchtUOMd6uIT6HvmRaI","Lauv, Troye Sivan","i'm so tired...","Lauv",18,18,10,"14213787"
33,"spotify:track:3e9HZxeyfWwjeyPAMmWSSQ","Ariana Grande","thank u, next","Republic Records",1,20,22,"13978594"
34,"spotify:track:0rTV5WefWd1J3OwIheTzxM","Khalid, Disclosure","Talk","Right Hand Music Group, LLC/RCA Records",17,23,8,"13779419"
35,"spotify:track:1wJRveJZLSb1rjhnUHQiv6","A Boogie Wit da Hoodie, 6ix9ine","Swervin (feat. 6ix9ine)","Highbridge the Label / Atlantic Records",29,29,14,"13618062"
36,"spotify:track:2qxmye6gAegTMjLKEBoR3d","Alec Benjamin","Let Me Down Slowly","2018",33,33,17,"13604006"
37,"spotify:track:6X29iaaazwho3ab7GNue5r","Billie Eilish","8","Darkroom/Interscope Records",37,-1,1,"13167012"
38,"spotify:track:7eBqSVxrzQZtK2mmgRG6lC","YNW Melly","Murder on My Mind","P2018",19,25,7,"12842010"
39,"spotify:track:2IRZnDFmlqMuOrYOLnZZyc","Meek Mill, Drake","Going Bad (feat. Drake)","MMG/Atlantic",11,28,18,"12731276"
40,"spotify:track:5itOtNx0WxtJmi1TQ3RuRd","Calvin Harris, Rag'n'Bone Man","Giant (with Rag'n'Bone Man)","Columbia",21,26,12,"12572581"
41,"spotify:track:2qG5sZ7Si6sdK74qLxedYM","ROSALÍA, J Balvin, El Guincho","Con Altura","Columbia",41,-1,1,"12456504"
42,"spotify:track:1rqqCSm0Qe4I9rUvWncaom","Panic! At The Disco","High Hopes","DCD2 / Fueled By Ramen",9,31,41,"12074144"
43,"spotify:track:4w8niZpiMy6qz1mntFA5uM","DJ Snake, Selena Gomez, Ozuna, Cardi B","Taki Taki (with Selena Gomez, Ozuna & Cardi B)","DJ Snake Music Productions Limited, under exclusive license to Geffen Records",1,32,27,"11403465"
44,"spotify:track:1WSGTYKLEpKfNQYYW5Oymt","benny blanco, Selena Gomez, J Balvin, Tainy","I Can’t Get Enough (benny blanco, Selena Gomez, J Balvin, Tainy)","NEON16/Friends Keep Secrets/Interscope Records",21,22,5,"11308274"
45,"spotify:track:116H0KvKr2Zl4RPuVBruDO","Bad Bunny, Drake","MIA","Rimas Entertainment LLC",1,36,25,"10900990"
46,"spotify:track:63cd4JkwGgYJrbOizbfmsp","Mustard, Migos","Pure Water (with Migos)","10 Summers Records/Interscope Records",38,44,11,"10837113"
47,"spotify:track:1DUSuNhF8P5vUGNPpQiZa5","Khalid","My Bad","Right Hand Music Group, LLC/RCA Records",34,37,4,"10836343"
48,"spotify:track:6FyRXC8tJUh863JCkyWqtk","Paulo Londra","Adan y Eva","WEA Latina",11,41,21,"10739990"
49,"spotify:track:1NJcg626wLln4pGHpiV7mf","Billie Eilish, Khalid","lovely (with Khalid)","Darkroom",24,55,50,"10636971"
50,"spotify:track:4u7EnebtmKWzUH433cf5Qv","Queen","Bohemian Rhapsody - Remastered 2011","EMI",11,39,31,"10608227"
51,"spotify:track:0PG9fbaaHFHfre2gUVo7AN","Cardi B, Bruno Mars","Please Me","Atlantic/KSR",20,38,7,"10217997"
52,"spotify:track:3LgWsmilsrWXiPYQFRD0T7","Billie Eilish","goodbye","Darkroom/Interscope Records",52,-1,1,"10129260"
53,"spotify:track:2TIlqbIneP0ZY1O0EzYLlc","Lewis Capaldi","Someone You Loved","Vertigo Berlin",49,49,13,"10114924"
54,"spotify:track:4n7jnSxVLd8QioibtTDBDq","Alan Walker, Sabrina Carpenter, Farruko","On My Way","Kreatell Music",54,58,2,"10083932"
55,"spotify:track:7FGq80cy8juXBCD2nrqdWU","benny blanco, Halsey, Khalid","Eastside (with Halsey & Khalid)","Friends Keep Secrets/Interscope Records",4,45,38,"10021522"
56,"spotify:track:6v0lAdFF4haL8xjBIUjtOw","Nicky Jam, Ozuna","Te Robaré","Sony Music Latin",56,75,2,"9908544"
57,"spotify:track:0s5DNDV6LAKn2u2Ufa3VjQ","Mau y Ricky, Manuel Turizo, Camilo","Desconocidos","Sony Music Latin",34,46,21,"9892495"
58,"spotify:track:11cDEev79fPKi6uJCjUhu8","The Chainsmokers, 5 Seconds of Summer","Who Do You Love","Disruptor Records/Columbia",33,51,8,"9756430"
59,"spotify:track:6Hj9jySrnFppAI0sEMCZpJ","Juice WRLD","Robbery","Grade A Productions/Interscope Records",18,42,7,"9726933"
60,"spotify:track:7dt6x5M1jzdTEt8oCbisTK","Post Malone","Better Now","Republic Records",1,48,49,"9653857"
61,"spotify:track:2xLMifQCjDGFmkHkpNLD9h","Travis Scott","SICKO MODE","Cactus Jack / Epic",2,43,35,"9639314"
62,"spotify:track:2H4gf1wLxvYreMj1jcaN0k","Dean Lewis","Be Alright","Universal Music Australia Pty. Ltd.",12,47,37,"9385021"
63,"spotify:track:4lzxJ4jCuFDXXGkE1LmpKR","DJ Luian, Mambo Kingz, Anuel AA, Nicky Jam, Darell, Brytiago","Verte Ir","Hear This Music",63,-1,1,"9342641"
64,"spotify:track:059bcIhyc2SBwm6sw2AZzd","Piso 21, Micro TDH","Te Vi","WM Mexico",50,52,12,"9225029"
65,"spotify:track:3Ol2xnObFdKV9pmRD2t9x8","A Boogie Wit da Hoodie","Look Back at It","Highbridge the Label / Atlantic Records",20,50,15,"9093064"
66,"spotify:track:6vWEAOUSxohKxhp0K1BsxL","YNW Melly, Kanye West","Mixed Personalities (feat. Kanye West)","P2019",59,59,7,"8902049"
67,"spotify:track:5BDP2tky8oMQJPS33frKVp","Sebastian Yatra, Reik","Un Año","UMLE - Latino",52,54,10,"8777062"
68,"spotify:track:6VSaNvPPagk4U5Skxp6XfV","PNL","Au DD","QLF Records",34,34,2,"8696416"
69,"spotify:track:7fa9MBXhVfQ8P8Df9OEbD8","Maroon 5, Cardi B","Girls Like You (feat. Cardi B) - Cardi B Version","Interscope Records*",2,57,44,"8696290"
70,"spotify:track:1LiN0Z98FkR1t0m8KmLcAH","Anuel AA, Haze","Amanece","House of Haze",45,60,16,"8680603"
71,"spotify:track:0uUNN1nSoUx1A4fkDCWDQ7","Ava Max","So Am I","Atlantic Records",70,70,4,"8459491"
72,"spotify:track:0e7ipj03S05BNilyu5bRzt","Post Malone, 21 Savage","rockstar (feat. 21 Savage)","Republic Records",1,63,81,"8447496"
73,"spotify:track:6zeeWid2sgw4lap2jV61PZ","Khalid","Better","Right Hand Music Group, LLC/RCA Records",7,66,29,"8424850"
74,"spotify:track:3oh6SCCeLuXhFpEyepla6G","Blueface","Thotiana","Fifth Amendment Entertainment/eOne Music",29,53,10,"8378028"
75,"spotify:track:3f5lA8nnc4YYF1qf78WpHw","Anuel AA, Romeo Santos","Ella Quiere Beber - Remix","Real Hasta La Muerte, LLC",33,62,22,"8301733"
76,"spotify:track:2t8yVaLvJ0RenpXUIAC52d","21 Savage","a lot","Slaughter Gang, LLC/Epic Records",21,61,15,"8211713"
77,"spotify:track:5JEx7HbmvHQQswJCsoo9rA","Ellie Goulding, Diplo, Swae Lee","Close To Me (with Diplo) (feat. Swae Lee)","Polydor Records",19,64,23,"8176864"
78,"spotify:track:285pBltuF7vW8TeWk8hdRR","Juice WRLD","Lucid Dreams","Juice WRLD Mixtape / ISR P&D",3,65,47,"8149465"
79,"spotify:track:6tsOcBnaKgzK22yEiqRh8P","Ariana Grande, Victoria Monét","MONOPOLY (with Victoria Monét)","Republic Records",79,-1,1,"8019172"
80,"spotify:track:3ee8Jmje8o58CHK66QrVC2","XXXTENTACION","SAD!","Bad Vibes Forever, LLC",1,69,57,"7861416"
81,"spotify:track:2RSHsoi04658QL5xgQVov3","Imagine Dragons","Bad Liar","Kid Ina Korner / Interscope",17,77,21,"7767029"
82,"spotify:track:3g4UyIcQwutiG0TfW32GnX","Manuel Turizo, Ozuna","Esclavo de Tus Besos","Sony Music Latin/La Industria",73,73,6,"7735083"
83,"spotify:track:78QR3Wp35dqAhFEc2qAGjE","Lil Baby, Gunna","Drip Too Hard (Lil Baby & Gunna)","Quality Control Music/Young Stoner Life Records, a 300 Entertainment Label/Motown Records/Capitol Records",13,72,29,"7607157"
84,"spotify:track:2rbDhOo9Fh61Bbu23T2qCk","Lady Gaga","Always Remember Us This Way","A Star is Born OST",35,71,24,"7542205"
85,"spotify:track:5kfNriitmkNE8mUbZ7gbq8","Khalid","Saturday Nights","Right Hand Music Group, LLC/RCA Records",19,78,22,"7533474"
86,"spotify:track:1T8IRUJBga0JXioJZvxjBR","Rammstein","Deutschland","Rammstein",86,-1,1,"7512393"
87,"spotify:track:2iUXsYOEPhVqEBwsqP70rE","5 Seconds of Summer","Youngblood","Capitol",8,74,51,"7456388"
88,"spotify:track:0FZ4Dmg8jJJAPJnvBIzD9z","Kodak Black, Offset, Travis Scott","ZEZE (feat. Travis Scott & Offset)","Atlantic Records",3,68,25,"7453833"
89,"spotify:track:40T5GIqQ1CegGm2PTEl8Bu","Billie Eilish","idontwannabeyouanymore","Darkroom",67,92,24,"7441956"
90,"spotify:track:3r1cV21xPMkgCmxk8VqWOB","Capital Bra","Cherry Lady","Bra Musik",40,40,2,"7428885"
91,"spotify:track:6JqpFboOH2bq9pzaYbkKBn","Sofía Reyes, Rita Ora, Anitta","R.I.P. (feat. Rita Ora & Anitta)","WEA Latina",35,35,3,"7404701"
92,"spotify:track:7DHApOHsIFo7EyfieArYGE","P!nk","Walk Me Home","RCA Records Label",81,81,6,"7327916"
93,"spotify:track:0JP9xo3adEtGSdUEISiszL","XXXTENTACION","Moonlight","Bad Vibes Forever, LLC",2,79,55,"7284579"
94,"spotify:track:03x2rVJRFUrvwlfxoHd9Mo","Tom Walker","Just You and I","Relentless Records",94,106,5,"7070090"
95,"spotify:track:0E9ZjEAyAwOXZ7wJC0PD33","Dynoro, Gigi D'Agostino","In My Mind","Columbia/B1 Recordings",6,83,39,"6979672"
96,"spotify:track:7qiZfU4dY1lWllzX7mPBI3","Ed Sheeran","Shape of You","Atlantic Records UK",1,88,117,"6929341"
97,"spotify:track:1ThmUihH9dF8EV08ku5AXN","Ski Mask The Slump God","Faucet Failure","Republic Records",97,103,5,"6920392"
98,"spotify:track:2BgEsaKNfHUdlh97KmvFyo","Anne-Marie","2002","Atlantic Records UK",27,87,50,"6910268"
99,"spotify:track:5T8EDUDqKcs6OSOwEsfqG7","Queen","Don't Stop Me Now - Remastered 2011","EMI",51,82,23,"6896014"
100,"spotify:track:5vdp5UmvTsnMEMESIF2Ym7","Queen","Another One Bites The Dust - Remastered 2011","EMI",36,86,23,"6791659"
101,"spotify:track:5N5k9nd479b1xpDZ4usjrg","Calvin Harris, Sam Smith, Jessie Reyez","Promises (with Sam Smith)","Columbia",5,91,33,"6681321"
102,"spotify:track:1xzBco0xcoJEDXktl7Jxrr","Sheck Wes","Mo Bamba","Cactus Jack Records/ G.O.O.D. Music/ Interscope Records",11,85,33,"6680411"
103,"spotify:track:2G1tXoGBaEMJ7FKGnkf6ud","Gucci Mane, Bruno Mars, Kodak Black","Wake Up in the Sky","Guwop Enterprises/Atlantic",26,84,29,"6612284"
104,"spotify:track:58q2HKrzhC3ozto2nDdN4z","Cardi B, Bad Bunny, J Balvin","I Like It","Atlantic/KSR",2,89,52,"6610997"
105,"spotify:track:0pqnGHJpmpxLKifKRmU6WP","Imagine Dragons","Believer","Kid Ina Korner / Interscope",16,98,113,"6573681"
106,"spotify:track:4T4CZ3Q4z3GG7lU720YYhM","Lunay, Gaby Music, Chris Jedi","Soltera","round2media - LaFamilia",104,104,4,"6523998"
107,"spotify:track:6MJUCumnQsQEKbCy28tbCP","Daddy Yankee, Anuel AA","Adictiva","Craft Latino",37,90,21,"6516511"
108,"spotify:track:6WkJ2OK163XXS2oARUC9JM","Aaron Smith, Krono, Luvli","Dancin (feat. Luvli) - Krono Remix","Sony Music Entertainment",101,101,5,"6475395"
109,"spotify:track:0YammaEkYSeo9vQYZ1OwS6","David Guetta, Bebe Rexha, J Balvin","Say My Name","Parlophone (France)",68,94,28,"6474932"
110,"spotify:track:0i0wnv9UoFdZ5MfuFGQzMy","Bebe Rexha","Last Hurrah","Warner Records",63,76,7,"6463466"
111,"spotify:track:7K7MUBCnzgBAvMVW2RTWNs","Loud Luxury, Brando","Body","Armada Music",19,99,44,"6428590"
112,"spotify:track:29uWfSrklmIxzRIqFFK9jj","Khalid","Self","Right Hand Music Group, LLC/RCA Records",112,-1,1,"6377533"
113,"spotify:track:3JjaofJ0lCeEsFSZqppzOp","Sean Paul, J Balvin","Contra La Pared","Universal-Island Records Ltd.",113,168,3,"6349236"
114,"spotify:track:7BuHdm4lQqcyG3qTwdkxus","Wisin & Yandel, Romeo Santos","Aullando","Sony Music Latin",113,113,5,"6297297"
115,"spotify:track:5IaHrVsrferBYDm0bDyABy","Tyga, Offset","Taste (feat. Offset)","Last Kings Music / EMPIRE",6,102,46,"6282393"
116,"spotify:track:5KbBGUpIZd6gVFUU8tqYiQ","Myke Towers, Farruko","Si Se Da","2019 Casablanca Records & One World Music | Distributed by GLAD Empire",115,115,3,"6248550"
117,"spotify:track:51NFxnQvaosfDDutk0tams","Billie Eilish","bellyache","Darkroom",70,128,19,"6232053"
118,"spotify:track:2uIX8YMNjGMD7441kqyyNU","Billie Eilish","ocean eyes","Darkroom",108,150,27,"6213554"
119,"spotify:track:0tgVpDi06FyKpA1z0VMD4v","Ed Sheeran","Perfect","Atlantic Records UK",4,107,109,"6201555"
120,"spotify:track:2P91MQbaiQOfbiz9VqhqKQ","Lauv","I Like Me Better","Lauv",29,105,96,"6195971"
121,"spotify:track:3swc6WTsr7rl9DqQKQA55C","Post Malone, Ty Dolla $ign","Psycho (feat. Ty Dolla $ign)","Republic Records",2,110,58,"6182251"
122,"spotify:track:7m9OqQk4RVRkw9JJdeAw96","XXXTENTACION","Jocelyn Flores","Bad Vibes Forever / EMPIRE",7,109,84,"6140962"
123,"spotify:track:3id2EVGKc3eFAMn9nFnB0r","Lukas Graham","Love Someone","Universal Music A/S",53,108,30,"6085103"
124,"spotify:track:6MjNilJCVKJq0LfFvo5jWJ","Juice WRLD","Fast","Grade A Productions/Interscope Records",20,67,4,"6068408"
125,"spotify:track:1Pz3QmQFBFuI60rxCQBeW6","The Chainsmokers","Kills You Slowly","Disruptor Records/Columbia",125,-1,1,"6061025"
126,"spotify:track:507tQXutCPYNFkpOq8tmKF","Zara Larsson","Don't Worry Bout Me","Epic/Record Company TEN",126,-1,1,"6045620"
127,"spotify:track:27rdGxbavYJeBphck5MZAF","Mark Ronson, Miley Cyrus","Nothing Breaks Like a Heart (feat. Miley Cyrus)","Columbia",22,95,18,"6032687"
128,"spotify:track:2qT1uLXPVPzGgFOx4jtEuo","Ariana Grande","no tears left to cry","Republic Records",2,112,50,"5931717"
129,"spotify:track:6DCZcSspjsKoFjzjrWoCdn","Drake","God's Plan","Cash Money/Drake LP6",1,114,63,"5912225"
130,"spotify:track:1L8LtC2s161XwY6YrtnQjw","Shindy, Shirin David","Affalterbach","Sony Music/Friends with Money",130,-1,1,"5898430"
131,"spotify:track:2D3z17LBMJ2HEHeBFFjTLi","J Balvin","Reggaeton","UMLE - Latino",74,111,19,"5838676"
132,"spotify:track:3npzogdOEiVsieXmmhBepL","Maren Morris","The Bones","Columbia Nashville",119,119,3,"5806810"
133,"spotify:track:79esEXlqqmq0GPz0xQSZTV","Shawn Mendes","Lost In Japan","Island Records",23,121,23,"5744231"
134,"spotify:track:7ef4DlsgrMEH11cDZd32M6","Calvin Harris, Dua Lipa","One Kiss (with Dua Lipa)","Sony Music UK",2,122,52,"5741502"
135,"spotify:track:05t7JMip6JrLuSrMV5yYjX","Calboy","Envy Me","Polo Grounds Music/RCA Records",135,144,5,"5740837"
136,"spotify:track:4ZT9FnbFu1PaBfV3itxiqT","Lil Skies","I","All We Got Ent.",58,124,5,"5629785"
137,"spotify:track:1mXVgsBdtIVeCLJnSnmtdV","Sam Smith","Too Good At Goodbyes","PLG - Capitol",1,135,81,"5600569"
138,"spotify:track:0fcq51a3gOI6gPvzc0YLsk","Post Malone, Roddy Ricch, Tyga","Wow. - Remix","Republic Records",129,129,3,"5580824"
139,"spotify:track:5SHhPFh68OhUmuRPymKX9d","FLETCHER","Undrunk","Capitol Records",118,118,3,"5561210"
140,"spotify:track:2fuCquhmrzHpu5xcA1ci9x","Queen, David Bowie","Under Pressure - Remastered 2011","EMI",55,125,22,"5539988"
141,"spotify:track:1zB4vmk8tFRmM9UULNzbLB","Imagine Dragons","Thunder","Kid Ina Korner / Interscope",8,132,101,"5479526"
142,"spotify:track:4hqOmrCCJKyiuwDexd8c2t","NAV, The Weeknd","Price On My Head (feat. The Weeknd)","XO Records, LLC and Republic Records",93,93,2,"5459912"
143,"spotify:track:5uCax9HTNlzGybIStD3vDh","James Arthur","Say You Won't Let Go","Columbia",7,138,118,"5433886"
144,"spotify:track:2FY7b99s15jUprqC0M5NCT","Imagine Dragons","Natural","Kid Ina Korner / Interscope",19,134,37,"5428786"
145,"spotify:track:1mT47pKLXUwPYGwB91GcNz","KAROL G, Maluma","Créeme","UMLE - Latino",114,133,17,"5376106"
146,"spotify:track:1OUPXna2MCgAt3VNmXJBtg","Tropkillaz, J Balvin, Anitta, ZAAC","Bola Rebola","Universal Music Ltda.",73,143,6,"5358630"
147,"spotify:track:4VUwkH455At9kENOfzTqmF","Bazzi, Camila Cabello","Beautiful (feat. Camila Cabello)","iamcosmic",30,146,35,"5353534"
148,"spotify:track:76cy1WJvNGJTj78UqeA5zr","Dua Lipa","IDGAF","Warner Records",4,140,66,"5324401"
149,"spotify:track:7o0oY5wRcoV7oPuDhD2J1z","Paloma Mami","Fingías","Sony Music Latin",80,80,2,"5304149"
150,"spotify:track:1ahVFh0ViDZr8LvkEVlq3B","Martin Garrix, Bonn","No Sleep (feat. Bonn)","Epic Amsterdam",107,120,6,"5217770"
151,"spotify:track:3KLo7ByvjCNyBrfz5DZ2mO","Rich The Kid","Splashin","Interscope Records",91,100,15,"5210083"
152,"spotify:track:0NJp8GyCOWnQh71xKSPfuV","Tory Lanez","Freaky","Mad Love/Interscope Records",148,176,3,"5198770"
153,"spotify:track:09IStsImFySgyp0pIQdqAc","Zedd, Maren Morris, Grey","The Middle","UMGRI Interscope",6,153,62,"5170739"
154,"spotify:track:75ZvA4QfFiZvzhj2xkaWAh","Post Malone","I Fall Apart","Universal Records",10,157,80,"5160798"
155,"spotify:track:2G7V7zsVDxg1yRsu7Ew9RJ","Drake","In My Feelings","Cash Money/Drake LP6",1,149,40,"5135300"
156,"spotify:track:0TlLq3lA83rQOYtrqBqSct","Drake","Nonstop","Cash Money/Drake LP6",1,139,40,"5114240"
157,"spotify:track:1rfofaqEpACxVEHIZBJe6W","Camila Cabello, Young Thug","Havana (feat. Young Thug)","Syco Music/Epic",1,148,87,"5105799"
158,"spotify:track:13ZyrkCDmRz5xY3seuAWYk","Juice WRLD","Hear Me Calling","Grade A Productions/Interscope Records",50,137,5,"5098963"
159,"spotify:track:4cawYWrqMRz0T0hOIVxk6j","Eno","Blackberry Sky","Alles Oder Nix Records",96,96,2,"5084906"
160,"spotify:track:3a1lNhkSLSkpJE4MSHpDu9","Post Malone, Quavo","Congratulations","Universal Records",20,161,114,"5042969"
161,"spotify:track:1rCcsYnmqbMYdkG7kS9GC5","Robin Schulz, Erika Sirola","Speechless (feat. Erika Sirola)","WM Germany",116,142,10,"5036001"
162,"spotify:track:14mHfNsSHN0FbLftyjrV9g","Flipp Dinero","Leave Me Alone","Cinematic/Epic/We The Best",34,151,30,"5023734"
163,"spotify:track:2LskIZrCeLxRvCiGP8gxlh","XXXTENTACION, Lil Pump, Swae Lee, Maluma","Arms Around You (feat. Maluma & Swae Lee)","Warner Records",3,152,23,"5022837"
164,"spotify:track:7dNwJbsT0sg1le5kVugGJb","Becky G, Prince Royce, DJ Luian, Mambo Kingz, Anuel AA","Bubalu","Hear This Music",71,145,21,"5015074"
165,"spotify:track:2GGMabyHXnJmjY6CXhhB2e","Cardi B","Money","Atlantic/KSR",46,127,23,"4989634"
166,"spotify:track:4NBTZtAt1F13VvlSKe6KTl","The Chainsmokers, Kelsea Ballerini","This Feeling","Disruptor Records/Columbia",23,163,28,"4983572"
167,"spotify:track:7AFASza1mXqntmGtbxXprO","XXXTENTACION","changes","Bad Vibes Forever, LLC",9,159,57,"4972444"
168,"spotify:track:2XWjPtKdi5sucFYtVav07d","Zedd, Katy Perry","365","Interscope Records",48,130,7,"4971009"
169,"spotify:track:0A5gdlrpAuQqZ2iFgnqBFW","Gaullin","Moonlight","Columbia/B1 Recordings",169,189,2,"4951883"
170,"spotify:track:6ya8ejoKgw906Y8LWclqrp","Nipsey Hussle, Roddy Ricch, Hit-Boy","Racks in the Middle (feat. Roddy Ricch and Hit-Boy)","Atlantic Records",170,-1,1,"4905178"
171,"spotify:track:4ofwffwvvnbSkrMSCKQDaC","George Ezra","Shotgun","Columbia",35,164,41,"4900666"
172,"spotify:track:08bNPGLD8AhKpnnERrAc6G","Marshmello, Anne-Marie","FRIENDS","Joytime Collective",4,167,60,"4875609"
173,"spotify:track:3NuK5xMlSlB6K2Qp16zf3h","Clean Bandit, Demi Lovato","Solo (feat. Demi Lovato)","Atlantic Records UK",8,165,46,"4875595"
174,"spotify:track:6ZRuF2n1CQxyxxAAWsKJOy","Kehlani, Ty Dolla $ign","Nights Like This (feat. Ty Dolla $ign)","TSNMI / Atlantic",37,116,12,"4868669"
175,"spotify:track:1TEL6MlSSVLSdhOSddidlJ","Ariana Grande","needy","Republic Records",5,136,8,"4825635"
176,"spotify:track:278kSqsZIiYp8p3QjYAqa8","Bad Bunny","NI BIEN NI MAL","Rimas Entertainment LLC",56,147,14,"4824380"
177,"spotify:track:6fxVffaTuwjgEk5h9QyRjy","Ed Sheeran","Photograph","Atlantic Records UK",41,177,109,"4813662"
178,"spotify:track:2ktoFujjJtantyMoVdBJlX","ChocQuibTown, Zion & Lennox, Farruko, Manuel Turizo","Pa Olvidarte (feat. Manuel Turizo) - Remix","Sony Music Latin",130,166,7,"4789515"
179,"spotify:track:7BKLCZ1jbUBVqRi2FVlTVw","The Chainsmokers, Halsey","Closer","Disruptor Records/Columbia",2,184,118,"4786916"
180,"spotify:track:6Cs7b9bu3fy5XhMwBA9Tz4","Don Patricio, Cruz Cafuné","Contando Lunares (feat. Cruz Cafuné)","WM Spain",180,-1,1,"4784115"
181,"spotify:track:4OBZT9EnhYIV17t4pGw7ig","Daniel Caesar, H.E.R.","Best Part (feat. H.E.R.)","MBK Entertainment/RCA Records",110,156,14,"4765358"
182,"spotify:track:4SPu0Ql902hTVXkBoNIYtq","Ariana Grande","NASA","Republic Records",7,141,8,"4752224"
183,"spotify:track:2xJCMIJfcNYDc5iR0sAm2O","Dua Lipa","New Rules","Warner Records",2,169,91,"4752074"
184,"spotify:track:5Fla3zyOCcIRqrDoKLU0DP","Rita Ora","Let You Love Me","Atlantic Records UK",29,160,28,"4747231"
185,"spotify:track:3Y7a0typ6ik1KscmebXd6D","Sia, Diplo, Labrinth, LSD","No New Friends (feat. Sia, Diplo, and Labrinth)","Records/Columbia",139,155,3,"4738902"
186,"spotify:track:4pbJqGIASGPr0ZpGpnWkDn","Queen","We Will Rock You - Remastered 2011","EMI",73,171,21,"4706163"
187,"spotify:track:3V8UKqhEK5zBkBb6d6ub8i","Nio Garcia, Casper Magico, Bad Bunny, Darell, Ozuna, Nicky Jam","Te Boté - Remix","Flow La Movie, Inc.",8,174,51,"4688974"
188,"spotify:track:675w3ACw5xZR3ODhUJlEVN","Manuel Turizo","Sola","Sony Music Latin/La Industria",156,175,12,"4673550"
189,"spotify:track:7GX5flRQZVHRAGd6B4TmDO","Lil Uzi Vert","XO Tour Llif3","Generation Now/Atlantic",10,187,106,"4673411"
190,"spotify:track:4cuGZb0iFyHtwaSKdKrJkF","Luis Fonsi, Ozuna","Imposible","UMLE - Latino",59,170,24,"4653695"
191,"spotify:track:200cTjC6si5Xz9af2QeHi2","MERO","Wolke 10","Groove Attack TraX",47,126,4,"4638924"
192,"spotify:track:2IA8cFA46DkjgbsRG7kKbp","Amenazzy, Nicky Jam, Farruko","Baby","Rimas Music",162,181,6,"4635298"
193,"spotify:track:1Kjer1JoWuJGNwGV6Pbgv1","Sebastian Yatra","Cristina","UMLE - Latino",185,185,2,"4627390"
194,"spotify:track:4rDbp1vnvEhieiccprPMdI","Queen","Somebody To Love - Remastered 2011","EMI",50,173,22,"4584400"
195,"spotify:track:13hvHEstJ4sNbzdroPrPI3","Dua Lipa, BLACKPINK","Kiss and Make Up","Warner Records",16,188,24,"4577121"
196,"spotify:track:5wujBwqG7INdStqGd4tRMX","Juice WRLD","Armed And Dangerous","Juice WRLD Mixtape / ISR P&D",34,182,21,"4574628"
197,"spotify:track:48zFZh27QU5qsrBjn4C2FA","Ozuna, Manuel Turizo","Vaina Loca","VP Records Corp/Dimelo Vi",18,179,40,"4553493"
198,"spotify:track:3KLygy1YWhmrQx0GRs7IOx","Jonas Blue, Jack & Jack","Rise","Positiva",12,190,44,"4534395"
199,"spotify:track:4e4fqjx0Izh4svvTef1z7e","Bebe Rexha, Florida Georgia Line","Meant to Be (feat. Florida Georgia Line)","Warner Records",18,195,80,"4468183"
200,"spotify:track:7AQim7LbvFVZJE3O8TYgf2","XXXTENTACION, Trippie Redd","Fuck Love","Bad Vibes Forever / EMPIRE",19,-1,80,"4461589"
