﻿rank,uri,artist_names,track_name,source,peak_rank,previous_rank,weeks_on_chart,streams
1,"spotify:track:6ocbgoVGwYJhOv1GgI9NsF","Ariana Grande","7 rings","Republic Records",1,1,9,"33140804"
2,"spotify:track:5w9c2J52mkdntKOmRLeM2m","Daddy Yankee, Snow","Con Calma","Craft Latino",2,3,8,"30456817"
3,"spotify:track:4y3OI86AEP6PQoDE6olYhO","Jonas Brothers","Sucker","Jonas Brothers Recording",2,2,3,"28098655"
4,"spotify:track:2VxeLyX666F8uXCJ0dZF8B","Lady Gaga, Bradley Cooper","Shallow","A Star is Born OST",3,5,25,"24304247"
5,"spotify:track:3KkXRkHbMCARz0aVfEt68P","Post Malone, Swae Lee","Sunflower - Spider-Man: Into the Spider-Verse","Universal Records",1,7,22,"24093634"
6,"spotify:track:4kV4N9D1iKVxx1KLvtTpjS","Ariana Grande","break up with your girlfriend, i'm bored","Republic Records",2,4,6,"23318973"
7,"spotify:track:6MWtB6iiXyIwun0YzU6DFP","Post Malone","Wow.","Republic Records",2,6,13,"22700765"
8,"spotify:track:6Qs4SXO9dwPj5GKvVOv8Ki","Sam Smith, Normani","Dancing With A Stranger (with Normani)","PLG - Capitol",7,8,10,"18604303"
9,"spotify:track:25sgk305KZfyuqVBQIahim","Ava Max","Sweet but Psycho","Atlantic Records",6,13,25,"17606483"
10,"spotify:track:2dpaYNEQHiRxtZbfNsse99","Marshmello, Bastille","Happier","Joytime Collective",2,10,31,"17503616"
11,"spotify:track:5iwz1NiezX7WWjnCgY5TH4","Pedro Capó, Farruko","Calma - Remix","Sony Music Latin",5,9,19,"17503145"
12,"spotify:track:5W83ErFkO3aKAIS1WMi6u0","Anuel AA, KAROL G","Secreto","Anuel AA & Karol G - Secreto",11,11,9,"17332372"
13,"spotify:track:2JvzF1RMd7lE3KmFlsyZD8","J. Cole","MIDDLE CHILD","Dreamville, Inc., Under exclusive license to Roc Nation Records",2,12,9,"17308718"
14,"spotify:track:5p7ujcrUXASCNwRaWNHR1C","Halsey","Without Me","Capitol Records",4,16,24,"16881407"
15,"spotify:track:7uH27oIt4a6cIFCA8ZPcyG","Ozuna","Baila Baila Baila","Aura Music Corp.",15,19,10,"16490792"
16,"spotify:track:3e9HZxeyfWwjeyPAMmWSSQ","Ariana Grande","thank u, next","Republic Records",1,17,20,"16194401"
17,"spotify:track:4NzMOnvSJVNKF7nw5NkXIP","Billie Eilish","bury a friend","Darkroom/Interscope Records",2,14,8,"15589476"
18,"spotify:track:7COXchtUOMd6uIT6HvmRaI","Lauv, Troye Sivan","i'm so tired...","Lauv",18,22,8,"15458453"
19,"spotify:track:5WHTFyqSii0lmT9R21abT8","Mabel","Don't Call Me Up","Polydor Records",19,29,7,"15114195"
20,"spotify:track:7eBqSVxrzQZtK2mmgRG6lC","YNW Melly","Murder on My Mind","P2018",19,21,5,"14782398"
21,"spotify:track:0rTV5WefWd1J3OwIheTzxM","Khalid, Disclosure","Talk","Right Hand Music Group, LLC/RCA Records",17,23,6,"14755357"
22,"spotify:track:1WSGTYKLEpKfNQYYW5Oymt","benny blanco, Selena Gomez, J Balvin, Tainy","I Can’t Get Enough (benny blanco, Selena Gomez, J Balvin, Tainy)","NEON16/Friends Keep Secrets/Interscope Records",21,26,3,"14739772"
23,"spotify:track:5icOoE6VgqFKohjWWNp0Ac","Marshmello, CHVRCHES","Here With Me","Joytime Collective",23,43,2,"14658029"
24,"spotify:track:5itOtNx0WxtJmi1TQ3RuRd","Calvin Harris, Rag'n'Bone Man","Giant (with Rag'n'Bone Man)","Columbia",21,24,10,"13705404"
25,"spotify:track:4txc3txsIt81diMzGhrVPS","Billie Eilish","wish you were gay","Darkroom/Interscope Records",15,15,3,"13668800"
26,"spotify:track:2IRZnDFmlqMuOrYOLnZZyc","Meek Mill, Drake","Going Bad (feat. Drake)","MMG/Atlantic",11,27,16,"13626350"
27,"spotify:track:4w8niZpiMy6qz1mntFA5uM","DJ Snake, Selena Gomez, Ozuna, Cardi B","Taki Taki (with Selena Gomez, Ozuna & Cardi B)","DJ Snake Music Productions Limited, under exclusive license to Geffen Records",1,25,25,"13010600"
28,"spotify:track:0PG9fbaaHFHfre2gUVo7AN","Cardi B, Bruno Mars","Please Me","Atlantic/KSR",20,28,5,"12664624"
29,"spotify:track:1rqqCSm0Qe4I9rUvWncaom","Panic! At The Disco","High Hopes","DCD2 / Fueled By Ramen",9,31,39,"12624633"
30,"spotify:track:116H0KvKr2Zl4RPuVBruDO","Bad Bunny, Drake","MIA","Rimas Entertainment LLC",1,30,23,"12552307"
31,"spotify:track:6Hj9jySrnFppAI0sEMCZpJ","Juice WRLD","Robbery","Grade A Productions/Interscope Records",18,18,5,"12531714"
32,"spotify:track:31UjYv5vLsDkzchJOtUMtW","Maluma","HP","Sony Music Latin",32,42,3,"12425690"
33,"spotify:track:2qxmye6gAegTMjLKEBoR3d","Alec Benjamin","Let Me Down Slowly","2018",33,36,15,"12094443"
34,"spotify:track:1DUSuNhF8P5vUGNPpQiZa5","Khalid","My Bad","Right Hand Music Group, LLC/RCA Records",34,35,2,"11959178"
35,"spotify:track:6FyRXC8tJUh863JCkyWqtk","Paulo Londra","Adan y Eva","WEA Latina",11,33,19,"11710421"
36,"spotify:track:7tFiyTwD0nx5a1eklYtX2J","Queen","Bohemian Rhapsody - Remastered 2011","EMI",11,32,29,"11677158"
37,"spotify:track:6JqpFboOH2bq9pzaYbkKBn","Sofía Reyes, Rita Ora, Anitta","R.I.P. (feat. Rita Ora & Anitta)","WEA Latina",37,-1,1,"11669052"
38,"spotify:track:1wJRveJZLSb1rjhnUHQiv6","A Boogie Wit da Hoodie, 6ix9ine","Swervin (feat. 6ix9ine)","Highbridge the Label / Atlantic Records",38,44,12,"11663910"
39,"spotify:track:2xLMifQCjDGFmkHkpNLD9h","Travis Scott","SICKO MODE","Cactus Jack / Epic",2,34,33,"11375100"
40,"spotify:track:224EVTFiLsdQignUFLvDeH","Dalex, Rafa Pabön, KHEA, Sech, Feid, Cazzu, Lenny Tavárez","Pa Mí (Remix)","Rich Music/Ingrooves Records",40,69,3,"11185907"
41,"spotify:track:3oh6SCCeLuXhFpEyepla6G","Blueface","Thotiana","Fifth Amendment Entertainment/eOne Music",29,37,8,"10982509"
42,"spotify:track:63cd4JkwGgYJrbOizbfmsp","Mustard, Migos","Pure Water (with Migos)","10 Summers Records/Interscope Records",38,40,9,"10747335"
43,"spotify:track:0s5DNDV6LAKn2u2Ufa3VjQ","Mau y Ricky, Manuel Turizo, Camilo","Desconocidos","Sony Music Latin",34,41,19,"10594035"
44,"spotify:track:7FGq80cy8juXBCD2nrqdWU","benny blanco, Halsey, Khalid","Eastside (with Halsey & Khalid)","Friends Keep Secrets/Interscope Records",4,39,36,"10588793"
45,"spotify:track:6MjNilJCVKJq0LfFvo5jWJ","Juice WRLD","Fast","Grade A Productions/Interscope Records",20,20,2,"10573814"
46,"spotify:track:53CJANUxooaqGOtdsBTh7O","Lil Nas X","Old Town Road","Columbia",46,99,2,"10500120"
47,"spotify:track:3Ol2xnObFdKV9pmRD2t9x8","A Boogie Wit da Hoodie","Look Back at It","Highbridge the Label / Atlantic Records",20,38,13,"10417154"
48,"spotify:track:7dt6x5M1jzdTEt8oCbisTK","Post Malone","Better Now","Republic Records",1,45,47,"10134292"
49,"spotify:track:11cDEev79fPKi6uJCjUhu8","The Chainsmokers, 5 Seconds of Summer","Who Do You Love","Disruptor Records/Columbia",33,46,6,"10045244"
50,"spotify:track:059bcIhyc2SBwm6sw2AZzd","Piso 21, Micro TDH","Te Vi","WM Mexico",50,57,10,"9732383"
51,"spotify:track:3EPXxR3ImUwfayaurPi3cm","Dean Lewis","Be Alright","Universal Music Australia Pty. Ltd.",12,53,35,"9543751"
52,"spotify:track:5BDP2tky8oMQJPS33frKVp","Sebastian Yatra, Reik","Un Año","UMLE - Latino",52,56,8,"9499562"
53,"spotify:track:2t8yVaLvJ0RenpXUIAC52d","21 Savage","a lot","Slaughter Gang, LLC/Epic Records",21,48,13,"9462763"
54,"spotify:track:0FZ4Dmg8jJJAPJnvBIzD9z","Kodak Black, Offset, Travis Scott","ZEZE (feat. Travis Scott & Offset)","Atlantic Records",3,49,23,"9452705"
55,"spotify:track:2TIlqbIneP0ZY1O0EzYLlc","Lewis Capaldi","Someone You Loved","Vertigo Berlin",55,62,11,"9386918"
56,"spotify:track:3f5lA8nnc4YYF1qf78WpHw","Anuel AA, Romeo Santos","Ella Quiere Beber - Remix","Real Hasta La Muerte, LLC",33,52,20,"9297734"
57,"spotify:track:7fa9MBXhVfQ8P8Df9OEbD8","Maroon 5, Cardi B","Girls Like You (feat. Cardi B) - Cardi B Version","Interscope Records*",2,55,42,"9213838"
58,"spotify:track:1LiN0Z98FkR1t0m8KmLcAH","Anuel AA, Haze","Amanece","House of Haze",45,58,14,"9187156"
59,"spotify:track:1NJcg626wLln4pGHpiV7mf","Billie Eilish, Khalid","lovely (with Khalid)","Darkroom",24,54,48,"8973181"
60,"spotify:track:14JzyD6FlBD5z0wV5P07YI","Billie Eilish","when the party's over","Darkroom/Interscope Records",12,51,22,"8909715"
61,"spotify:track:285pBltuF7vW8TeWk8hdRR","Juice WRLD","Lucid Dreams","Juice WRLD Mixtape / ISR P&D",3,60,45,"8755269"
62,"spotify:track:6vWEAOUSxohKxhp0K1BsxL","YNW Melly, Kanye West","Mixed Personalities (feat. Kanye West)","P2019",62,72,5,"8685469"
63,"spotify:track:5JEx7HbmvHQQswJCsoo9rA","Ellie Goulding, Diplo, Swae Lee","Close To Me (with Diplo) (feat. Swae Lee)","Polydor Records",19,68,21,"8596738"
64,"spotify:track:0e7ipj03S05BNilyu5bRzt","Post Malone, 21 Savage","rockstar (feat. 21 Savage)","Republic Records",1,65,79,"8568497"
65,"spotify:track:6zeeWid2sgw4lap2jV61PZ","Khalid","Better","Right Hand Music Group, LLC/RCA Records",7,64,27,"8526400"
66,"spotify:track:3ee8Jmje8o58CHK66QrVC2","XXXTENTACION","SAD!","Bad Vibes Forever, LLC",1,61,55,"8525379"
67,"spotify:track:1mdJ39D1lrR3aWIOhgeNaE","Capital Bra, Samra","Wir ticken","Bra Musik",67,-1,1,"8312433"
68,"spotify:track:78QR3Wp35dqAhFEc2qAGjE","Lil Baby, Gunna","Drip Too Hard (Lil Baby & Gunna)","Quality Control Music/Young Stoner Life Records, a 300 Entertainment Label/Motown Records/Capitol Records",13,66,27,"8243409"
69,"spotify:track:2rbDhOo9Fh61Bbu23T2qCk","Lady Gaga","Always Remember Us This Way","A Star is Born OST",35,67,22,"8218925"
70,"spotify:track:0i0wnv9UoFdZ5MfuFGQzMy","Bebe Rexha","Last Hurrah","Warner Records",63,63,5,"8218109"
71,"spotify:track:200cTjC6si5Xz9af2QeHi2","MERO","Wolke 10","Groove Attack TraX",47,47,2,"7915134"
72,"spotify:track:2iUXsYOEPhVqEBwsqP70rE","5 Seconds of Summer","Youngblood","Capitol",8,76,49,"7769773"
73,"spotify:track:5kfNriitmkNE8mUbZ7gbq8","Khalid","Saturday Nights","Right Hand Music Group, LLC/RCA Records",19,74,20,"7712864"
74,"spotify:track:0JP9xo3adEtGSdUEISiszL","XXXTENTACION","Moonlight","Bad Vibes Forever, LLC",2,71,53,"7705725"
75,"spotify:track:4dTiQezDWmEOWcdCbWVWMp","ScHoolboy Q","Numb Numb Juice","Top Dawg Entertainment/Interscope Records",75,-1,1,"7630971"
76,"spotify:track:1xzBco0xcoJEDXktl7Jxrr","Sheck Wes","Mo Bamba","Cactus Jack Records/ G.O.O.D. Music/ Interscope Records",11,70,31,"7540135"
77,"spotify:track:2G1tXoGBaEMJ7FKGnkf6ud","Gucci Mane, Bruno Mars, Kodak Black","Wake Up in the Sky","Guwop Enterprises/Atlantic",26,73,27,"7537505"
78,"spotify:track:3g4UyIcQwutiG0TfW32GnX","Manuel Turizo, Ozuna","Esclavo de Tus Besos","Sony Music Latin/La Industria",78,87,4,"7499315"
79,"spotify:track:5T8EDUDqKcs6OSOwEsfqG7","Queen","Don't Stop Me Now - Remastered 2011","EMI",51,79,21,"7381110"
80,"spotify:track:0E9ZjEAyAwOXZ7wJC0PD33","Dynoro, Gigi D'Agostino","In My Mind","Columbia/B1 Recordings",6,83,37,"7342539"
81,"spotify:track:5vdp5UmvTsnMEMESIF2Ym7","Queen","Another One Bites The Dust - Remastered 2011","EMI",36,80,21,"7300598"
82,"spotify:track:27rdGxbavYJeBphck5MZAF","Mark Ronson, Miley Cyrus","Nothing Breaks Like a Heart (feat. Miley Cyrus)","Columbia",22,77,16,"7285967"
83,"spotify:track:2BgEsaKNfHUdlh97KmvFyo","Anne-Marie","2002","Atlantic Records UK",27,81,48,"7195698"
84,"spotify:track:6MJUCumnQsQEKbCy28tbCP","Daddy Yankee, Anuel AA","Adictiva","Craft Latino",37,84,19,"7178715"
85,"spotify:track:2RSHsoi04658QL5xgQVov3","Imagine Dragons","Bad Liar","Kid Ina Korner / Interscope",17,93,19,"7156250"
86,"spotify:track:58q2HKrzhC3ozto2nDdN4z","Cardi B, Bad Bunny, J Balvin","I Like It","Atlantic/KSR",2,85,50,"7103083"
87,"spotify:track:7DHApOHsIFo7EyfieArYGE","P!nk","Walk Me Home","RCA Records Label",85,91,4,"7098974"
88,"spotify:track:13ZyrkCDmRz5xY3seuAWYk","Juice WRLD","Hear Me Calling","Grade A Productions/Interscope Records",50,50,3,"7059183"
89,"spotify:track:7qiZfU4dY1lWllzX7mPBI3","Ed Sheeran","Shape of You","Atlantic Records UK",1,88,115,"7007904"
90,"spotify:track:0YammaEkYSeo9vQYZ1OwS6","David Guetta, Bebe Rexha, J Balvin","Say My Name","Parlophone (France)",68,90,26,"6873611"
91,"spotify:track:5N5k9nd479b1xpDZ4usjrg","Calvin Harris, Sam Smith, Jessie Reyez","Promises (with Sam Smith)","Columbia",5,86,31,"6737975"
92,"spotify:track:0pqnGHJpmpxLKifKRmU6WP","Imagine Dragons","Believer","Kid Ina Korner / Interscope",16,104,111,"6615819"
93,"spotify:track:3id2EVGKc3eFAMn9nFnB0r","Lukas Graham","Love Someone","Universal Music A/S",53,96,28,"6599506"
94,"spotify:track:5IaHrVsrferBYDm0bDyABy","Tyga, Offset","Taste (feat. Offset)","Last Kings Music / EMPIRE",6,89,44,"6596205"
95,"spotify:track:6ZRuF2n1CQxyxxAAWsKJOy","Kehlani, Ty Dolla $ign","Nights Like This (feat. Ty Dolla $ign)","TSNMI / Atlantic",37,75,10,"6580157"
96,"spotify:track:7K7MUBCnzgBAvMVW2RTWNs","Loud Luxury, Brando","Body","Armada Music",19,100,42,"6527909"
97,"spotify:track:40T5GIqQ1CegGm2PTEl8Bu","Billie Eilish","idontwannabeyouanymore","Darkroom",67,97,22,"6475201"
98,"spotify:track:2D3z17LBMJ2HEHeBFFjTLi","J Balvin","Reggaeton","UMLE - Latino",74,101,17,"6458276"
99,"spotify:track:7m9OqQk4RVRkw9JJdeAw96","XXXTENTACION","Jocelyn Flores","Bad Vibes Forever / EMPIRE",7,98,82,"6420566"
100,"spotify:track:2P91MQbaiQOfbiz9VqhqKQ","Lauv","I Like Me Better","Lauv",29,102,94,"6411674"
101,"spotify:track:0tgVpDi06FyKpA1z0VMD4v","Ed Sheeran","Perfect","Atlantic Records UK",4,103,107,"6407416"
102,"spotify:track:6DCZcSspjsKoFjzjrWoCdn","Drake","God's Plan","Cash Money/Drake LP6",1,109,61,"6290602"
103,"spotify:track:3swc6WTsr7rl9DqQKQA55C","Post Malone, Ty Dolla $ign","Psycho (feat. Ty Dolla $ign)","Republic Records",2,108,56,"6285861"
104,"spotify:track:2qT1uLXPVPzGgFOx4jtEuo","Ariana Grande","no tears left to cry","Republic Records",2,105,48,"6227054"
105,"spotify:track:4ZT9FnbFu1PaBfV3itxiqT","Lil Skies","I","All We Got Ent.",58,92,3,"6209017"
106,"spotify:track:0uUNN1nSoUx1A4fkDCWDQ7","Ava Max","So Am I","Atlantic Records",106,187,2,"6184161"
107,"spotify:track:1ahVFh0ViDZr8LvkEVlq3B","Martin Garrix, Bonn","No Sleep (feat. Bonn)","Epic Amsterdam",107,113,4,"6165747"
108,"spotify:track:6WkJ2OK163XXS2oARUC9JM","Aaron Smith, Krono, Luvli","Dancin (feat. Luvli) - Krono Remix","Sony Music Entertainment",108,139,3,"6158847"
109,"spotify:track:278kSqsZIiYp8p3QjYAqa8","Bad Bunny","NI BIEN NI MAL","Rimas Entertainment LLC",56,95,12,"6136361"
110,"spotify:track:2GGMabyHXnJmjY6CXhhB2e","Cardi B","Money","Atlantic/KSR",46,111,21,"6102213"
111,"spotify:track:5NsCv3I7o0f6vSQScG01f1","Ufo361","Pass auf wen du liebst","Stay High",111,-1,1,"6051802"
112,"spotify:track:79esEXlqqmq0GPz0xQSZTV","Shawn Mendes","Lost In Japan","Island Records",23,110,21,"6019275"
113,"spotify:track:1TEL6MlSSVLSdhOSddidlJ","Ariana Grande","needy","Republic Records",5,106,6,"6009077"
114,"spotify:track:2XWjPtKdi5sucFYtVav07d","Zedd, Katy Perry","365","Interscope Records",48,94,5,"5996102"
115,"spotify:track:7BuHdm4lQqcyG3qTwdkxus","Wisin & Yandel, Romeo Santos","Aullando","Sony Music Latin",115,130,3,"5921950"
116,"spotify:track:2fuCquhmrzHpu5xcA1ci9x","Queen, David Bowie","Under Pressure - Remastered 2011","EMI",55,114,20,"5907956"
117,"spotify:track:7ef4DlsgrMEH11cDZd32M6","Calvin Harris, Dua Lipa","One Kiss (with Dua Lipa)","Sony Music UK",2,119,50,"5877430"
118,"spotify:track:1ThmUihH9dF8EV08ku5AXN","Ski Mask The Slump God","Faucet Failure","Republic Records",118,199,3,"5853933"
119,"spotify:track:03x2rVJRFUrvwlfxoHd9Mo","Tom Walker","Just You and I","Relentless Records",119,151,3,"5793670"
120,"spotify:track:4SPu0Ql902hTVXkBoNIYtq","Ariana Grande","NASA","Republic Records",7,107,6,"5770329"
121,"spotify:track:4T4CZ3Q4z3GG7lU720YYhM","Lunay, Gaby Music, Chris Jedi","Soltera","round2media - LaFamilia",121,180,2,"5751220"
122,"spotify:track:7dNwJbsT0sg1le5kVugGJb","Becky G, Prince Royce, DJ Luian, Mambo Kingz, Anuel AA","Bubalu","Hear This Music",71,123,19,"5715774"
123,"spotify:track:1zB4vmk8tFRmM9UULNzbLB","Imagine Dragons","Thunder","Kid Ina Korner / Interscope",8,126,99,"5667946"
124,"spotify:track:2FY7b99s15jUprqC0M5NCT","Imagine Dragons","Natural","Kid Ina Korner / Interscope",19,124,35,"5645142"
125,"spotify:track:41MCdlvXOl62B7Kv86Bb1v","Juice WRLD","Empty","Grade A Productions/Interscope Records",59,59,2,"5643696"
126,"spotify:track:0TlLq3lA83rQOYtrqBqSct","Drake","Nonstop","Cash Money/Drake LP6",1,129,38,"5634765"
127,"spotify:track:3npzogdOEiVsieXmmhBepL","Maren Morris","The Bones","Columbia Nashville",127,-1,1,"5621878"
128,"spotify:track:2LskIZrCeLxRvCiGP8gxlh","XXXTENTACION, Lil Pump, Swae Lee, Maluma","Arms Around You (feat. Maluma & Swae Lee)","Warner Records",3,118,21,"5587805"
129,"spotify:track:1mXVgsBdtIVeCLJnSnmtdV","Sam Smith","Too Good At Goodbyes","PLG - Capitol",1,125,79,"5567732"
130,"spotify:track:1rCcsYnmqbMYdkG7kS9GC5","Robin Schulz, Erika Sirola","Speechless (feat. Erika Sirola)","WM Germany",116,116,8,"5563575"
131,"spotify:track:1mT47pKLXUwPYGwB91GcNz","KAROL G, Maluma","Créeme","UMLE - Latino",114,131,15,"5547763"
132,"spotify:track:79OEIr4J4FHV0O3KrhaXRb","Rich The Kid","Splashin","Interscope Records",91,140,13,"5529592"
133,"spotify:track:51NFxnQvaosfDDutk0tams","Billie Eilish","bellyache","Darkroom",70,121,17,"5529366"
134,"spotify:track:2hloaUoRonYssMuqLCBLTX","Ariana Grande","bloodline","Republic Records",8,115,6,"5522198"
135,"spotify:track:4mGdjNMo0RonTlOEb7cYg4","YUNGBLUD, Halsey, Travis Barker","11 Minutes (with Halsey feat. Travis Barker)","Locomotion Recordings/Geffen Records",65,120,5,"5489518"
136,"spotify:track:76cy1WJvNGJTj78UqeA5zr","Dua Lipa","IDGAF","Warner Records",4,127,64,"5482294"
137,"spotify:track:4VUwkH455At9kENOfzTqmF","Bazzi, Camila Cabello","Beautiful (feat. Camila Cabello)","iamcosmic",30,135,33,"5459890"
138,"spotify:track:14mHfNsSHN0FbLftyjrV9g","Flipp Dinero","Leave Me Alone","Cinematic/Epic/We The Best",34,117,28,"5438092"
139,"spotify:track:3Y7a0typ6ik1KscmebXd6D","Sia, Diplo, Labrinth, LSD","No New Friends (feat. Sia, Diplo, and Labrinth)","Records/Columbia",139,-1,1,"5419730"
140,"spotify:track:1OUPXna2MCgAt3VNmXJBtg","Tropkillaz, J Balvin, Anitta, ZAAC","Bola Rebola","Universal Music Ltda.",73,136,4,"5416641"
141,"spotify:track:2G7V7zsVDxg1yRsu7Ew9RJ","Drake","In My Feelings","Cash Money/Drake LP6",1,144,38,"5410814"
142,"spotify:track:5uCax9HTNlzGybIStD3vDh","James Arthur","Say You Won't Let Go","Columbia",7,142,116,"5406974"
143,"spotify:track:4TWflhgevIGo448fWc6mQq","Offset","Red Room","Quality Control Music/Motown Records",66,112,5,"5350192"
144,"spotify:track:09IStsImFySgyp0pIQdqAc","Zedd, Maren Morris, Grey","The Middle","UMGRI Interscope",6,149,60,"5328689"
145,"spotify:track:1rfofaqEpACxVEHIZBJe6W","Camila Cabello, Young Thug","Havana (feat. Young Thug)","Syco Music/Epic",1,145,85,"5322006"
146,"spotify:track:39LmTF9RgyakzSYX8txrow","Ariana Grande","imagine","Republic Records",8,122,14,"5320979"
147,"spotify:track:6eiztdXRkooWsBt2xToMWI","Juice WRLD","Make Believe","Grade A Productions/Interscope Records",78,78,2,"5305395"
148,"spotify:track:0NJp8GyCOWnQh71xKSPfuV","Tory Lanez","Freaky","Mad Love/Interscope Records",148,-1,1,"5274108"
149,"spotify:track:05t7JMip6JrLuSrMV5yYjX","Calboy","Envy Me","Polo Grounds Music/RCA Records",149,176,3,"5270307"
150,"spotify:track:7AFASza1mXqntmGtbxXprO","XXXTENTACION","changes","Bad Vibes Forever, LLC",9,147,55,"5249231"
151,"spotify:track:4cuGZb0iFyHtwaSKdKrJkF","Luis Fonsi, Ozuna","Imposible","UMLE - Latino",59,138,22,"5230598"
152,"spotify:track:4OBZT9EnhYIV17t4pGw7ig","Daniel Caesar, H.E.R.","Best Part (feat. H.E.R.)","MBK Entertainment/RCA Records",110,156,12,"5217829"
153,"spotify:track:75ZvA4QfFiZvzhj2xkaWAh","Post Malone","I Fall Apart","Universal Records",10,146,78,"5213045"
154,"spotify:track:2ktoFujjJtantyMoVdBJlX","ChocQuibTown, Zion & Lennox, Farruko, Manuel Turizo","Pa Olvidarte (feat. Manuel Turizo) - Remix","Sony Music Latin",130,150,5,"5208827"
155,"spotify:track:5Fla3zyOCcIRqrDoKLU0DP","Rita Ora","Let You Love Me","Atlantic Records UK",29,141,26,"5191109"
156,"spotify:track:3UDsmMZsEMsvM82OcdqJWu","KC Rebell","Alleen","Rebell Army",156,-1,1,"5147368"
157,"spotify:track:3NuK5xMlSlB6K2Qp16zf3h","Clean Bandit, Demi Lovato","Solo (feat. Demi Lovato)","Atlantic Records UK",8,155,44,"5133641"
158,"spotify:track:3YxCKq3YPnTekAofhaHABZ","MERO","Jay Jay","Groove Attack TraX",158,-1,1,"5116889"
159,"spotify:track:2uIX8YMNjGMD7441kqyyNU","Billie Eilish","ocean eyes","Darkroom",108,148,25,"5109709"
160,"spotify:track:4NBTZtAt1F13VvlSKe6KTl","The Chainsmokers, Kelsea Ballerini","This Feeling","Disruptor Records/Columbia",23,162,26,"5092868"
161,"spotify:track:4uP3pUP18ennmz0tb3GphR","Bad Bunny","Solo de Mi","Rimas Entertainment LLC",38,143,14,"5087761"
162,"spotify:track:5tAa8Uaqr4VvA3693mbIhU","Zara Larsson","Ruin My Life","Epic/Record Company TEN",28,158,22,"5082260"
163,"spotify:track:4rDbp1vnvEhieiccprPMdI","Queen","Somebody To Love - Remastered 2011","EMI",50,153,20,"5081741"
164,"spotify:track:4pbJqGIASGPr0ZpGpnWkDn","Queen","We Will Rock You - Remastered 2011","EMI",73,157,19,"5076445"
165,"spotify:track:08bNPGLD8AhKpnnERrAc6G","Marshmello, Anne-Marie","FRIENDS","Joytime Collective",4,159,58,"5074659"
166,"spotify:track:3a1lNhkSLSkpJE4MSHpDu9","Post Malone, Quavo","Congratulations","Universal Records",20,165,112,"5064841"
167,"spotify:track:5wujBwqG7INdStqGd4tRMX","Juice WRLD","Armed And Dangerous","Juice WRLD Mixtape / ISR P&D",34,128,19,"5064113"
168,"spotify:track:5KbBGUpIZd6gVFUU8tqYiQ","Myke Towers, Farruko","Si Se Da","2019 Casablanca Records & One World Music | Distributed by GLAD Empire",168,-1,1,"5048178"
169,"spotify:track:4ofwffwvvnbSkrMSCKQDaC","George Ezra","Shotgun","Columbia",35,164,39,"5039682"
170,"spotify:track:675w3ACw5xZR3ODhUJlEVN","Manuel Turizo","Sola","Sony Music Latin/La Industria",156,163,10,"5021133"
171,"spotify:track:14SaZBTjxlorHJQxXh01Hu","Summer Walker, Drake","Girls Need Love (with Drake) - Remix","LVRN/Interscope Records",106,132,3,"4992485"
172,"spotify:track:48zFZh27QU5qsrBjn4C2FA","Ozuna, Manuel Turizo","Vaina Loca","VP Records Corp/Dimelo Vi",18,161,38,"4990776"
173,"spotify:track:3IKRHd9ihUdGffgz4Mbgv0","Post Malone, Roddy Ricch, Tyga","Wow. - Remix","Republic Records",173,-1,1,"4975639"
174,"spotify:track:2xJCMIJfcNYDc5iR0sAm2O","Dua Lipa","New Rules","Warner Records",2,160,89,"4971086"
175,"spotify:track:5SHhPFh68OhUmuRPymKX9d","FLETCHER","Undrunk","Capitol Records",175,-1,1,"4969438"
176,"spotify:track:4mUIe9gfsdtsVP2zFIl74x","Juice WRLD","Maze","Grade A Productions/Interscope Records",82,82,2,"4968090"
177,"spotify:track:7EQpvVujgytLVY8vKiDHAg","Ariana Grande","bad idea","Republic Records",9,134,6,"4940060"
178,"spotify:track:37eGbhE1xVFSvcKkqGb6i1","Sean Paul, J Balvin","Contra La Pared","Universal-Island Records Ltd.",178,-1,1,"4907367"
179,"spotify:track:3V8UKqhEK5zBkBb6d6ub8i","Nio Garcia, Casper Magico, Bad Bunny, Darell, Ozuna, Nicky Jam","Te Boté - Remix","Flow La Movie, Inc.",8,170,49,"4890258"
180,"spotify:track:0jAfdqv18goRTUxm3ilRjb","A Boogie Wit da Hoodie, Tyga, Offset","Startender (feat. Offset and Tyga)","Highbridge the Label / Atlantic Records",57,167,13,"4826454"
181,"spotify:track:6fxVffaTuwjgEk5h9QyRjy","Ed Sheeran","Photograph","Atlantic Records UK",41,172,107,"4822616"
182,"spotify:track:2IA8cFA46DkjgbsRG7kKbp","Amenazzy, Nicky Jam, Farruko","Baby","Rimas Music",162,179,4,"4790686"
183,"spotify:track:7BKLCZ1jbUBVqRi2FVlTVw","The Chainsmokers, Halsey","Closer","Disruptor Records/Columbia",2,178,116,"4734727"
184,"spotify:track:7GX5flRQZVHRAGd6B4TmDO","Lil Uzi Vert","XO Tour Llif3","Generation Now/Atlantic",10,177,104,"4702194"
185,"spotify:track:13hvHEstJ4sNbzdroPrPI3","Dua Lipa, BLACKPINK","Kiss and Make Up","Warner Records",16,169,22,"4687107"
186,"spotify:track:2QZ7WLBE8h2y1Y5Fb8RYbH","Shawn Mendes","In My Blood","Island Records",7,171,49,"4686710"
187,"spotify:track:3KLygy1YWhmrQx0GRs7IOx","Jonas Blue, Jack & Jack","Rise","Positiva",12,183,42,"4649607"
188,"spotify:track:6Yx181fZzA0YE2EkUsYruq","Why Don't We","Big Plans","Atlantic Records",167,173,4,"4573499"
189,"spotify:track:7uttm8Iurm5uK67Vr9G2Sp","Hozier","Almost (Sweet Music)","Universal-Island Records Ltd.",133,133,3,"4572105"
190,"spotify:track:1fewSx2d5KIZ04wsooEBOz","Metro Boomin, Gunna","Space Cadet (feat. Gunna)","Republic Records",63,168,16,"4561907"
191,"spotify:track:7AQim7LbvFVZJE3O8TYgf2","XXXTENTACION, Trippie Redd","Fuck Love","Bad Vibes Forever / EMPIRE",19,185,79,"4539023"
192,"spotify:track:4e4fqjx0Izh4svvTef1z7e","Bebe Rexha, Florida Georgia Line","Meant to Be (feat. Florida Georgia Line)","Warner Records",18,192,78,"4522226"
193,"spotify:track:14sOS5L36385FJ3OL8hew4","Kygo, Sandro Cavazza","Happy Now","Kygo",37,175,21,"4490992"
194,"spotify:track:2374M0fQpWi3dLnB54qaLX","TOTO","Africa","Columbia",137,193,46,"4459055"
195,"spotify:track:7sO5G9EABYOXQKNPNiE9NR","Offset, Metro Boomin","Ric Flair Drip (with Metro Boomin)","Slaughter Gang, LLC/Epic/Quality Control Music/Motown/Capitol/Boominati Worldwide/Republic",32,184,67,"4456575"
196,"spotify:track:1Slwb6dOYkBlWal1PGtnNg","Ed Sheeran","Thinking out Loud","Atlantic Records UK",58,197,112,"4439403"
197,"spotify:track:6JQvHMSaR8flFsN53ypOfP","Lil Mosey","Noticed","Mogul Vision/Interscope Records",41,194,28,"4387848"
198,"spotify:track:5qqabIl2vWzo9ApSC317sa","Oasis","Wonderwall - Remastered","Big Brother",152,-1,67,"4373480"
199,"spotify:track:6it15CsDlkqB7N4lF0C1qM","Bad Bunny","Caro","Rimas Entertainment LLC",181,-1,2,"4366826"
200,"spotify:track:7KXjTSCq5nL1LoYtL7XAwS","Kendrick Lamar","HUMBLE.","Aftermath",1,-1,95,"4356197"
