﻿rank,uri,artist_names,track_name,source,peak_rank,previous_rank,weeks_on_chart,streams
1,"spotify:track:5CtI0qwDJkDQGwXD1H1cLb","Luis Fonsi, Daddy Yankee, Justin Bieber","Despacito - Remix","UMLE - Latino",1,1,4,"50575073"
2,"spotify:track:3DXncPQOG4VBw3QHh3S817","DJ Khaled, Justin Bieber, Quavo, Chance the Rapper, Lil Wayne","I'm the One (feat. Justin Bieber, Quavo, Chance the Rapper & Lil Wayne)","Epic/We The Best",2,3,2,"40600772"
3,"spotify:track:7qiZfU4dY1lWllzX7mPBI3","Ed Sheeran","Shape of You","Atlantic Records UK",1,2,18,"34711265"
4,"spotify:track:7KXjTSCq5nL1LoYtL7XAwS","Kendrick Lamar","HUMBLE.","Aftermath",1,4,6,"30966107"
5,"spotify:track:6RUKPb4LETWmmr3iAEQktW","The Chainsmokers, Coldplay","Something Just Like This","Disruptor Records/Columbia",2,5,12,"23738140"
6,"spotify:track:3rOSwuTsUlJp0Pu0MkN8r8","Future","Mask Off","Epic/Freebandz/A1",5,7,12,"22981683"
7,"spotify:track:3eR23VReFzcdmS7TYCrhCe","Kygo, Selena Gomez","It Ain't Me (with Selena Gomez)","Kygo",2,6,12,"22528403"
8,"spotify:track:0dA2Mk56wEzDgegdC6R17g","Zedd, Alessia Cara","Stay","UMGRI Interscope",7,8,11,"21683466"
9,"spotify:track:0KKkJNfGyhkQ5aFogxQAPU","Bruno Mars","That's What I Like","Atlantic Records",6,9,20,"21286479"
10,"spotify:track:4aWmUDTfIPGksMNLV2rQP2","Luis Fonsi, Daddy Yankee","Despacito","UMLE - Latino",4,10,17,"20938203"
11,"spotify:track:1x5sYLZiu9r5E43kMlt9f8","Clean Bandit, Zara Larsson","Symphony (feat. Zara Larsson)","Atlantic Records UK",11,11,8,"20311389"
12,"spotify:track:6kex4EBAj0WHXDKZMEJaaF","Jason Derulo, Nicki Minaj, Ty Dolla $ign","Swalla (feat. Nicki Minaj & Ty Dolla $ign)","Beluga Heights/Warner Records",12,13,11,"20113277"
13,"spotify:track:7hDc8b7IXETo14hHIHdnhd","Drake","Passionfruit","Cash Money Records/Young Money Ent./Universal Rec.",2,12,8,"19591088"
14,"spotify:track:79cuOz3SPQTuFrp8WgftAu","Shawn Mendes","There's Nothing Holdin' Me Back","Island Records",14,15,3,"18879234"
15,"spotify:track:6HZILIRieu8S0iqY8kIKhj","Kendrick Lamar","DNA.","Aftermath",3,14,4,"16769513"
16,"spotify:track:2eMwDehkIC1j68U6FA3Eiq","Lil Uzi Vert","XO Tour Llif3","Generation Now/Atlantic",16,18,7,"16396465"
17,"spotify:track:0qYTZCo5Bwh1nsUFGZP3zn","Maluma","Felices los 4","Sony Music Latin",17,24,3,"16145777"
18,"spotify:track:7tr2za8SQg2CI8EDgrdtNl","Calvin Harris, Frank Ocean, Migos, Funk Wav","Slide (feat. Frank Ocean & Migos)","Columbia",13,16,11,"15720630"
19,"spotify:track:2Gl0FzuLxflY6nPifJp5Dr","Kygo, Ellie Goulding","First Time","Kygo",19,30,2,"15430164"
20,"spotify:track:3B54sVLJ402zGa6Xm4YGNe","French Montana, Swae Lee","Unforgettable","Bad Boy Entertainment/Epic Records",20,26,5,"15359582"
21,"spotify:track:4iLqG9SeJSnt0cSPICSjxv","Charlie Puth","Attention","Artist Partner",21,32,3,"15352909"
22,"spotify:track:3ebXMykcMXOcLeJ9xZ17XH","Martin Garrix, Dua Lipa","Scared to Be Lonely","Epic Amsterdam",5,17,15,"15226258"
23,"spotify:track:0afhq8XCExXpqazXczTSve","Ed Sheeran","Galway Girl","Atlantic Records UK",2,20,10,"15203521"
24,"spotify:track:6D0b04NJIKfEMg040WioJQ","Julia Michaels","Issues","J/Republic",9,19,17,"15124894"
25,"spotify:track:2EEeOnHehOozLq4aS0n6SL","KYLE, Lil Yachty","iSpy (feat. Lil Yachty)","independently popular.",21,21,20,"13642449"
26,"spotify:track:5Ohxk2dO5COHF1krpoPigN","Harry Styles","Sign of the Times","Columbia",14,22,5,"13529581"
27,"spotify:track:5tz69p7tJuGPeMGwNTxYuV","Logic, Alessia Cara, Khalid","1-800-273-8255","Def Jam Recordings",27,89,2,"13161966"
28,"spotify:track:6De0lHrwBfPfrhorm9q1Xl","Danny Ocean","Me Rehúso","Atlantic Records",28,29,12,"12392193"
29,"spotify:track:1Eck97uRMlprKOOJN9oO1E","G-Eazy, Kehlani","Good Life (with G-Eazy & Kehlani)","Artist Partner",25,25,7,"12311655"
30,"spotify:track:72jbDTw1piOOj770jWNeaG","The Chainsmokers","Paris","Disruptor Records/Columbia",2,23,17,"12122060"
31,"spotify:track:3a1lNhkSLSkpJE4MSHpDu9","Post Malone, Quavo","Congratulations","Universal Records",31,46,16,"11673246"
32,"spotify:track:7nKBxz47S9SD79N086fuhn","Enrique Iglesias, Descemer Bueno, Zion & Lennox","SUBEME LA RADIO","RCA Records/Sony Music International/Sony Music Latin",32,34,11,"11645795"
33,"spotify:track:51PIvodunv6NmX5250zxAh","Lady Gaga","The Cure","Interscope",33,36,4,"11599705"
34,"spotify:track:1louJpMmzEicAn7lzDalPW","Cheat Codes, Demi Lovato","No Promises (feat. Demi Lovato)","Parlophone UK",34,45,6,"11518340"
35,"spotify:track:78rIJddV4X0HkNAInEcYde","Starley, Ryan Riback","Call on Me - Ryan Riback Remix","Central Station Records",13,39,20,"11145408"
36,"spotify:track:5NNlUMcOEOdoOIwwaWXv0k","Maroon 5, Future","Cold (feat. Future)","Interscope Records*",19,28,12,"11129356"
37,"spotify:track:0CcQNd8CINkwQfe1RDtGV6","Imagine Dragons","Believer","Kid Ina Korner / Interscope",19,27,14,"10960453"
38,"spotify:track:5knuzwU65gJK7IF5yJsuaW","Clean Bandit, Anne-Marie, Sean Paul","Rockabye (feat. Sean Paul & Anne-Marie)","Atlantic Records UK",3,38,20,"10949509"
39,"spotify:track:7i2DJ88J7jQ8K7zqFX2fW8","Halsey","Now Or Never","Astralwerks (ASW)",39,43,5,"10790981"
40,"spotify:track:3NdDpSvN911VPGivFlV5d0","ZAYN, Taylor Swift","I Don’t Wanna Live Forever (Fifty Shades Darker)","Taylor Swift",2,33,20,"10656825"
41,"spotify:track:152lZdxL1OR0ZMW6KquMif","Khalid","Location","Right Hand Music Group, LLC/RCA Records",34,41,14,"10641099"
42,"spotify:track:1NDxZ7cFAo481dtYWdrUnR","Maggie Lindemann, Cheat Codes, CADE","Pretty Girl - Cheat Codes X CADE Remix","300 Entertainment",42,51,6,"10531725"
43,"spotify:track:00lNx0OcTJrS3MKHcB80HY","Jax Jones, RAYE","You Don't Know Me (feat. RAYE)","Polydor Records",17,37,18,"10427124"
44,"spotify:track:6PGoSes0D9eUDeeAafB2As","Kendrick Lamar, Zacari","LOVE. FEAT. ZACARI.","Aftermath",14,35,4,"10283437"
45,"spotify:track:5GXAXm5YOmYT0kL5jHvYBt","The Weeknd, Daft Punk","I Feel It Coming","Universal Republic Records",9,42,20,"10152381"
46,"spotify:track:6SwRhMLwNqEi6alNPVG00n","Kendrick Lamar, Rihanna","LOYALTY. FEAT. RIHANNA.","Aftermath",8,31,4,"10085995"
47,"spotify:track:6HUnnBwYZqcED1eQztxMBN","Martin Jensen","Solo Dance","Intercord",25,44,20,"9714174"
48,"spotify:track:3umS4y3uQDkqekNjVpiRUs","Nicky Jam","El Amante","Sony Music Latin",32,47,16,"9535964"
49,"spotify:track:5uCax9HTNlzGybIStD3vDh","James Arthur","Say You Won't Let Go","Columbia",7,48,20,"9506164"
50,"spotify:track:167NczpNbRF7oWakJaY3Hh","Niall Horan","Slow Hands","Capitol Records (US1A)",50,-1,1,"9348980"
51,"spotify:track:1EaKU4dMbesXXd3BrLCtYG","Kendrick Lamar","ELEMENT.","Aftermath",10,40,4,"9077723"
52,"spotify:track:2bjwRfXMk4uRgOD9IBYl9h","Drake, Quavo, Travis Scott","Portland","Cash Money Records/Young Money Ent./Universal Rec.",13,50,8,"8754693"
53,"spotify:track:0tKcYR2II1VCQWT79i5NrW","Imagine Dragons","Thunder","Kid Ina Korner / Interscope",53,83,2,"8739631"
54,"spotify:track:7BKLCZ1jbUBVqRi2FVlTVw","The Chainsmokers, Halsey","Closer","Disruptor Records/Columbia",2,49,20,"8509927"
55,"spotify:track:6mORGLOz79w6VsCRLWYYuK","Lord Huron","The Night We Met","Play It Again Sam",55,59,5,"8377163"
56,"spotify:track:6PCUP3dWmTjcTtXY02oFdT","Ed Sheeran","Castle on the Hill","Atlantic Records UK",2,53,18,"8222834"
57,"spotify:track:2cnKEkpVUSV4wnjQiTWfH6","Wisin, Ozuna","Escápate Conmigo (feat. Ozuna)","Sony Music Latin",57,65,5,"8121534"
58,"spotify:track:4Q3N4Ct4zCuIHuZ65E3BD4","Kodak Black","Tunnel Vision","Atlantic Records",39,58,12,"7969539"
59,"spotify:track:22eADXu8DfOAUEDw4vU8qy","Chris Jedi, J Balvin, Ozuna, Arcángel","Ahora Dice","UMLE - Latino",59,70,5,"7813900"
60,"spotify:track:000xQL6tZNLJzIrtIgxqSl","ZAYN, PARTYNEXTDOOR","Still Got Time (feat. PARTYNEXTDOOR)","RCA Records Label",46,57,7,"7803316"
61,"spotify:track:6mICuAdrwEjh6Y6lroV2Kg","Shakira, Maluma","Chantaje (feat. Maluma)","Sony Music Latin",13,60,20,"7752993"
62,"spotify:track:7abpmGpF7PGep2rDU68GBR","Burak Yeter, Danelle Sandoval","Tuesday","SBA Production",62,66,13,"7736141"
63,"spotify:track:5aAx2yezTd8zXrkmtKl66Z","The Weeknd, Daft Punk","Starboy","Universal Republic Records",1,61,20,"7710529"
64,"spotify:track:2Vdub5mY4lad7w64bFPUez","Pitbull, J Balvin, Camila Cabello","Hey Ma (with Pitbull & J Balvin feat. Camila Cabello)","Artist Partner",63,63,9,"7599826"
65,"spotify:track:6520aj0B4FSKGVuKNsOCOi","Katy Perry, Skip Marley","Chained To The Rhythm","Capitol Records (CAP)",7,52,13,"7338492"
66,"spotify:track:0fg8CqpjdojMyXLNzM2PaJ","Major Lazer, PARTYNEXTDOOR, Nicki Minaj","Run Up (feat. PARTYNEXTDOOR & Nicki Minaj)","Third Pardee Records",17,62,15,"7098483"
67,"spotify:track:2Ce5IyMlVRVvN997ZJjJJA","Future, Rihanna","Selfish (feat. Rihanna)","Epic/Freebandz/A1",45,64,11,"7091034"
68,"spotify:track:6gBFPUFcJLzWGx4lenP6h2","Travis Scott","goosebumps","Cactus Jack / Epic",68,72,19,"7011495"
69,"spotify:track:0tgVpDi06FyKpA1z0VMD4v","Ed Sheeran","Perfect","Atlantic Records UK",7,69,10,"6985558"
70,"spotify:track:4Km5HrUvYTaSUfiSGPJeQR","Migos, Lil Uzi Vert","Bad and Boujee (feat. Lil Uzi Vert)","Quality Control Music",9,68,20,"6950265"
71,"spotify:track:61WbtB6ujkpNAsAf5LjF4b","Katy Perry, Migos","Bon Appétit","Capitol Records (CAP)",54,54,2,"6904397"
72,"spotify:track:1xznGGDReH1oQq0xzbwXa3","Drake, Wizkid, Kyla","One Dance","Cash Money Records/Young Money Ent./Universal Rec.",12,71,20,"6834975"
73,"spotify:track:0wfbD5rAksdXUzRvMfM3x5","The Chainsmokers","The One","Disruptor Records/Columbia",18,56,6,"6779131"
74,"spotify:track:6qDF4wWL49CAVbgT7yuHl8","J Balvin","Sigo Extrañándote","UMLE - Latino",72,73,10,"6750612"
75,"spotify:track:0gbBzIqrECJOEPvQJIBFs5","Lorde","Green Light","Universal Music New Zealand Limited",24,55,10,"6649212"
76,"spotify:track:343YBumqHu19cGoGARUTsd","Drake","Fake Love","Cash Money Records/Young Money Ent./Universal Rec.",7,75,20,"6539456"
77,"spotify:track:5Ua3GXyHwiSfpNTMjq6m2z","Little Mix","Touch","Syco Music",59,67,19,"6510173"
78,"spotify:track:0FuTx2s3YH1ppmtiM6l0zI","JP Cooper","September Song","Universal-Island Records Ltd.",53,74,19,"6444094"
79,"spotify:track:0SGkqnVQo9KPytSri1H6cF","Big Sean","Bounce Back","Getting Out Our Dreams Inc. (G.O.O.D.) Music / IDJ",21,79,20,"6385650"
80,"spotify:track:4pdPtRcBmOSQDlJ3Fk945m","DJ Snake, Justin Bieber","Let Me Love You","DJ Snake Def Jam",4,78,20,"6216219"
81,"spotify:track:3QwBODjSEzelZyVjxPOHdq","Zion & Lennox, J Balvin","Otra Vez (feat. J Balvin)","WEA Latina",50,82,20,"6125930"
82,"spotify:track:7mldq42yDuxiUNn08nvzHO","Sam Hunt","Body Like A Back Road","MCA Nashville",63,81,14,"6062070"
83,"spotify:track:7cGFbx7MP0H23iHZTZpqMM","Logic","Everybody","Def Jam Recordings",83,-1,4,"6054549"
84,"spotify:track:3E2Zh20GDCR9B1EYjfXWyv","AJR","Weak","Black Butter",25,80,20,"6009906"
85,"spotify:track:3Q3myFA7q4Op95DOpHplaY","blackbear","do re mi","Alamo",77,77,5,"5935246"
86,"spotify:track:4okba5wu9mMLXx79DXLKi3","Daddy Yankee, Ozuna","La Rompe Corazones","Craft Latino",73,85,14,"5907569"
87,"spotify:track:7KOlJ92bu51cltsD9KU5I7","Migos","T-Shirt","Quality Control Music",38,90,17,"5881109"
88,"spotify:track:6b8Be6ljOzmkOmFslEb23P","Bruno Mars","24K Magic","Atlantic Records",9,88,20,"5864943"
89,"spotify:track:2mfUa8bLs2s5N4VaqJZ4lZ","Hailee Steinfeld","Most Girls","Universal Records",89,174,2,"5798961"
90,"spotify:track:2RttW7RAu5nOAfq6YFvApB","Ed Sheeran","Happier","Atlantic Records UK",10,86,10,"5702071"
91,"spotify:track:1qOLh0tI7trd1zdDKxYZTe","Hailee Steinfeld, Grey, Zedd","Starving","UME - Global Clearing House",20,93,20,"5692631"
92,"spotify:track:4ARPvK8DHLwt4oX65ZAFMw","XXXTENTACION","Look At Me!","Bad Vibes Forever / EMPIRE",70,92,10,"5577830"
93,"spotify:track:5hYTyyh2odQKphUbMqc5gN","Alessia Cara, Disney","How Far I'll Go - From ""Vaiana""","Walt Disney Records",19,87,20,"5499802"
94,"spotify:track:5q2JbCNi4FcnglgPfxcV65","Anuel AA, Daddy Yankee, Zion & Lennox, Farruko, Wisin","Sola (Remix)","Spiff TV, LLC / Real Hasta La Muerte, Inc.",91,95,15,"5487737"
95,"spotify:track:3AEZUABDXNtecAOSC1qTfo","CNCO","Reggaetón Lento (Bailemos)","Sony Music Latin",32,91,20,"5486835"
96,"spotify:track:209gZgcfLq2aUuu51vOWBl","CNCO, Yandel","Hey DJ","Sony Music Latin",96,125,3,"5436613"
97,"spotify:track:6UjfByV1lDLW0SOVQA4NAi","Drake","Gyalchester","Cash Money Records/Young Money Ent./Universal Rec.",23,99,8,"5411464"
98,"spotify:track:5kRPPEWFJIMox5qIkQkiz5","Harry Styles","Sweet Creature","Columbia",98,-1,1,"5389432"
99,"spotify:track:6Q2FftbUG530lCtBI74bMH","A Boogie Wit da Hoodie, Kodak Black","Drowning (feat. Kodak Black)","Highbridge The Label",99,100,4,"5364865"
100,"spotify:track:3kxfsdsCpFgN412fpnW85Y","Childish Gambino","Redbone","Glassnote - VMG",72,105,20,"5260296"
101,"spotify:track:3EfugazgSddQvzZpkof5I4","Anne-Marie","Ciao Adios","Atlantic Records UK",101,108,7,"5218968"
102,"spotify:track:3QWjljChcOMkRDYSzF33Qr","Kiiara, Felix Snow","Whippin (feat. Felix Snow)","Atlantic Records",102,109,2,"5102046"
103,"spotify:track:0QsvXIfqM0zZoerQfsI9lm","The Chainsmokers, Daya","Don't Let Me Down","Disruptor Records/Columbia",25,104,20,"5100970"
104,"spotify:track:1a5Yu5L18qNxVhXx38njON","Alok, Zeeba, Bruno Martini","Hear Me Now","Spinnin' Records",27,96,20,"5086402"
105,"spotify:track:6p8NuHm8uCGnn2Dtbtf7zE","Migos, Gucci Mane","Slippery (feat. Gucci Mane)","Quality Control Music",105,-1,6,"5080584"
106,"spotify:track:6mapJIPnQ23RTAevUoE0DL","Rae Sremmurd","Swang","Mike WiLL Made-It",71,102,20,"5061721"
107,"spotify:track:4iYRa2btalAzPZoSYfROqF","Kendrick Lamar, U2","XXX. FEAT. U2.","Aftermath",20,76,4,"5048621"
108,"spotify:track:5hEM0JchdVzQ5PwvSfITeX","Piso 21, Maluma","Me Llamas (feat. Maluma) - Remix","WM Mexico",87,106,20,"4948672"
109,"spotify:track:5MFzQMkrl1FOOng9tq6R9r","Maroon 5, Kendrick Lamar","Don't Wanna Know (feat. Kendrick Lamar)","Interscope Records*",5,103,20,"4925764"
110,"spotify:track:4qknM1pQz53QOyfDVTjcM9","Shakira","Me Enamoré","Sony Music Latin",110,110,4,"4736085"
111,"spotify:track:6JV2JOEocMgcZxYSZelKcc","Justin Timberlake","CAN'T STOP THE FEELING! (from DreamWorks Animation's ""TROLLS"")","Villa 40/RCA Records",28,111,20,"4628414"
112,"spotify:track:04DwTuZ2VBdJCCC5TROn7L","Martin Garrix, Bebe Rexha","In the Name of Love","Epic Amsterdam",16,114,20,"4627375"
113,"spotify:track:4Q5yMlwAfAoitqg4r9oZHN","Cashmere Cat, Ariana Grande","Quit (feat. Ariana Grande)","Benny Blanco Major",113,162,2,"4607701"
114,"spotify:track:1CnPYaKxTVb4LWOtiGOm0m","Jon Bellion","All Time Low","Capitol Records (CAP)",30,107,20,"4587482"
115,"spotify:track:17Fd6Yb7mSbinKG8LoWfFl","Mike Posner, Seeb","I Took A Pill In Ibiza - Seeb Remix","Monster Mountain, LLC / Island",40,120,20,"4582219"
116,"spotify:track:4BHSjbYylfOH5WAGusDyni","Kendrick Lamar","YAH.","Aftermath",18,84,4,"4553903"
117,"spotify:track:51ChrwmUPDJvedPQnIU8Ls","Ed Sheeran","Dive","Atlantic Records UK",11,118,10,"4543868"
118,"spotify:track:0Szp49tpFasIjX04Mcsydp","Ozuna","Tú Foto","VP Records Corp/Dimelo Vi",118,189,2,"4513961"
119,"spotify:track:6DNtNfH8hXkqOX1sjqmI7p","Major Lazer, Justin Bieber, MØ","Cold Water (feat. Justin Bieber & MØ)","Third Pardee Records",14,117,20,"4494343"
120,"spotify:track:4Hf7WnR761jpxPr5D46Bcd","Shawn Mendes","Treat You Better","Island Records",26,113,20,"4492398"
121,"spotify:track:7DM4BPaS7uofFul3ywMe46","Ricky Martin, Maluma","Vente Pa' Ca (feat. Maluma)","Sony Music Latin",49,122,20,"4468266"
122,"spotify:track:0pSBuHjILhNEo55xK1zrRt","Ayo & Teo","Rolex","Columbia",99,115,10,"4458187"
123,"spotify:track:7BKUWh5sdtdS17crohRe4L","Logic, Damian Lemar Hudson","Black SpiderMan","Def Jam Recordings",123,-1,2,"4438290"
124,"spotify:track:6fxVffaTuwjgEk5h9QyRjy","Ed Sheeran","Photograph","Atlantic Records UK",41,135,20,"4435128"
125,"spotify:track:4pLwZjInHj3SimIyN9SnOz","Ariana Grande, Nicki Minaj","Side To Side","Universal Records",18,121,20,"4421513"
126,"spotify:track:68EMU2RD1ECNeOeJ5qAXCV","Charlie Puth, Selena Gomez","We Don't Talk Anymore (feat. Selena Gomez)","Artist Partner",39,132,20,"4260014"
127,"spotify:track:6IZvVAP7VPPnsGX6bvgkqg","Kendrick Lamar","PRIDE.","Aftermath",24,94,4,"4227991"
128,"spotify:track:06FCvd7rrRcF3DdvWH5Isp","Kendrick Lamar","LUST.","Aftermath",27,98,4,"4198624"
129,"spotify:track:4ZJPwET9Jrgpkqi4Vo3Yg8","Bebe Rexha, Ty Dolla $ign","Bad Bitch (feat. Ty Dolla $ign)","Warner Records",126,126,4,"4155854"
130,"spotify:track:4L7Y2OAPiY2I2GndZjAs5K","Lana Del Rey, The Weeknd","Lust For Life (with The Weeknd)","Polydor Records",50,97,3,"4139845"
131,"spotify:track:6i0V12jOa3mr6uu4WYhUBr","Twenty One Pilots","Heathens","Atlantic Records",27,131,20,"4118629"
132,"spotify:track:0w5Bdu51Ka25Pf3hojsKHh","Paramore","Hard Times","Fueled By Ramen",87,124,3,"4079429"
133,"spotify:track:6rQSrBHf7HlZjtcMZ4S4bO","J Balvin, Pharrell Williams, BIA, Sky Rompiendo","Safari","UMLE - Latino",43,136,20,"4067329"
134,"spotify:track:4TZy1wLyHec06pwgFYDh1a","Shawn Mendes","Mercy","Island Records",22,130,20,"4057431"
135,"spotify:track:2LTlO3NuNVN70lp2ZbVswF","Kendrick Lamar","FEEL.","Aftermath",21,101,4,"4023618"
136,"spotify:track:4b4KcovePX8Ke2cLIQTLM0","The Vamps, Matoma","All Night","EMI",22,133,20,"4022990"
137,"spotify:track:5pvVAwQbuFoR7LkcicrKnk","Vice, Jon Bellion","Obsession (feat. Jon Bellion)","Atlantic Records",119,119,5,"4013751"
138,"spotify:track:5i50gKdLAjjIr7UxRT5IVy","Sebastian Yatra, Nacho, Wisin","Alguien Robo","UMLE - Latino",138,143,9,"3994109"
139,"spotify:track:6cPyTS0Kk2sc4xQwC93kOg","The Chainsmokers","Break Up Every Night","Disruptor Records/Columbia",55,123,5,"3958669"
140,"spotify:track:58zsLZPvfflaiIbNWoA22O","Rag'n'Bone Man","Human","Best Laid Plans/Columbia",53,141,20,"3955552"
141,"spotify:track:2aksifNn5ph8igDOkPBA02","Rihanna","Love On The Brain","Roc Nation / Rihanna",68,138,20,"3952088"
142,"spotify:track:6y2Kaz9QI01XBKJ8mTb7Pf","Rag'n'Bone Man","Skin","Best Laid Plans/Columbia",95,139,13,"3950253"
143,"spotify:track:1Slwb6dOYkBlWal1PGtnNg","Ed Sheeran","Thinking out Loud","Atlantic Records UK",58,155,20,"3925038"
144,"spotify:track:2pJZ1v8HezrAoZ0Fhzby92","Ed Sheeran","What Do I Know?","Atlantic Records UK",14,142,10,"3899479"
145,"spotify:track:3hB5DgAiMAQ4DzYbsMq1IT","Justin Bieber","Love Yourself","RBMG/Def Jam",62,150,20,"3883361"
146,"spotify:track:6stYbAJgTszHAHZMPxWWCY","IAmChino, Pitbull, Yandel, El Chacal","Ay Mi Dios","Mr. 305 Records",74,144,20,"3872727"
147,"spotify:track:7gHs73wELdeycvS48JfIos","Alan Walker","Faded","Kreatell Music",64,145,20,"3869557"
148,"spotify:track:3CRDbSIZ4r5MsZ0YwxuEkn","Twenty One Pilots","Stressed Out","Fueled By Ramen",63,149,20,"3820606"
149,"spotify:track:3EmmCZoqpWOTY1g2GBwJoR","Steve Aoki, Louis Tomlinson","Just Hold On","Ultra Records, LLC",16,140,20,"3809942"
150,"spotify:track:27SdWb2rFzO6GWiYDBTD9j","Sia","Cheap Thrills","Monkey Puzzle Records/RCA Records",31,152,20,"3807470"
151,"spotify:track:77lGafvlU68CeHgB2pkHC9","mgk, Hailee Steinfeld","At My Best (feat. Hailee Steinfeld)","Bad Boy / Interscope",127,127,8,"3803626"
152,"spotify:track:3dQDid3IUNhZy1OehIfYfE","Wisin","Vacaciones","Sony Music Latin",79,148,20,"3799760"
153,"spotify:track:2XlHu0HcujBCkWMdIAvrqt","Drake","Blem","Cash Money Records/Young Money Ent./Universal Rec.",19,128,8,"3798004"
154,"spotify:track:4tCtwWceOPWzenK2HAIJSb","Fifth Harmony, Ty Dolla $ign","Work from Home (feat. Ty Dolla $ign)","Syco Music/Epic",48,157,20,"3795936"
155,"spotify:track:3BY2mafsbsoKGqS380Xnuz","Don Omar, Zion & Lennox","Te Quiero Pa´Mi","UMLE - Machete",141,154,17,"3755321"
156,"spotify:track:6OQea06z3cbOqYgG2O6eOZ","Logic, Ansel Elgort","Killing Spree","Def Jam Recordings",156,-1,1,"3726948"
157,"spotify:track:7yyRTcZmCiyzzJlNzGC9Ol","DRAM, Lil Yachty","Broccoli (feat. Lil Yachty)","W.A.V.E. Recordings/EMPIRE/Atlantic",44,156,20,"3711890"
158,"spotify:track:1vvNmPOiUuyCbgWmtc6yfm","Calvin Harris","My Way","Columbia",23,151,20,"3682879"
159,"spotify:track:6fujklziTHa8uoM5OQSfIo","Rae Sremmurd, Gucci Mane","Black Beatles","Mike WiLL Made-It",6,153,20,"3673841"
160,"spotify:track:69bp2EbF7Q2rqc5N3ylezZ","Justin Bieber","Sorry","RBMG/Def Jam",65,160,20,"3667910"
161,"spotify:track:58kwvMXeOlsvzPqUlyj75Y","Logic, Killer Mike","Confess","Def Jam Recordings",161,-1,1,"3651458"
162,"spotify:track:0NiXXAI876aGImAd6rTj8w","Jonas Blue, William Singe","Mama","UMOD (Universal Music On Demand)",162,-1,1,"3642233"
163,"spotify:track:4uoumbAMEMaKdtiv763jKz","Zara Larsson","TG4M","Epic/Record Company TEN",128,146,6,"3641477"
164,"spotify:track:5HDPtsnyb3maFmPL8LLUTG","Ed Sheeran","New Man","Atlantic Records UK",12,168,10,"3640674"
165,"spotify:track:1e1JKLEDKP7hEQzJfNAgPl","Playboi Carti","Magnolia","AWGE Label",165,-1,1,"3618266"
166,"spotify:track:2Z8WuEywRWYTKe1NybPQEW","Twenty One Pilots","Ride","Fueled By Ramen",54,163,20,"3580656"
167,"spotify:track:0prNGof3XqfTvNDxHonvdK","Alessia Cara","Scars To Your Beautiful","EP Entertainment, LLC / Def Jam",29,164,20,"3568492"
168,"spotify:track:5J1c3M4EldCfNxXwrwt8mT","Sebastian Yatra","Traicionera","UMLE - Latino",84,165,20,"3567514"
169,"spotify:track:1cG0umU5TKStygKsPFZ9pY","Robin Schulz, David Guetta, Cheat Codes","Shed a Light","Tonspiel",30,159,20,"3558597"
170,"spotify:track:6HN5XPJEV31RQJGoyqZ81K","Logic","Take It Back","Def Jam Recordings",170,-1,1,"3557778"
171,"spotify:track:0azC730Exh71aQlOt9Zj3y","Calvin Harris, Rihanna","This Is What You Came For","Columbia",45,166,20,"3551298"
172,"spotify:track:5ZnJsoJGkQ5K15W7Rcr5JO","Little Mix, mgk","No More Sad Songs (feat. Machine Gun Kelly)","Syco Music",172,193,2,"3509205"
173,"spotify:track:5bZtRlMBU76vHuDOb1GM5u","Jonas Blue, JP Cooper","Perfect Strangers","UMOD (Universal Music On Demand)",53,169,20,"3505891"
174,"spotify:track:59J5nzL1KniFHnU120dQzt","Playboi Carti, Lil Uzi Vert","wokeuplikethis*","AWGE Label",174,-1,1,"3481729"
175,"spotify:track:6eT7xZZlB2mwyzJ2sUKG6w","Post Malone","White Iverson","Universal Records",175,-1,13,"3455909"
176,"spotify:track:76Y0gxtTxN0FyDCYh5qYQj","Migos","Get Right Witcha","Quality Control Music",118,171,5,"3414161"
177,"spotify:track:4yN6xPLopmTLvc27pO9LIE","Nicky Jam, Wisin","Si Tú La Ves (feat. Wisin)","Sony Music Latin",177,196,2,"3390721"
178,"spotify:track:6VHdcVbiKLYYOcMbIqBcuK","Cali Y El Dandee, Shaggy","Lumbra","Cali y El Dandee Catalog",174,176,5,"3388149"
179,"spotify:track:77mLzdHEWRB60CLlV02TV2","Logic, Black Thought, Chuck D, Big Lenbo, No ID","America","Def Jam Recordings",179,-1,1,"3372475"
180,"spotify:track:5p3NP9mQblDsVJLdfNZJ3I","Kendrick Lamar","GOD.","Aftermath",39,134,4,"3359012"
181,"spotify:track:5OOkp4U9P9oL23maHFHL1h","Desiigner","Panda","Getting Out Our Dreams Inc. (G.O.O.D.) Music / IDJ",66,178,20,"3337042"
182,"spotify:track:5qbcsZMwL0x46sX7VO37Ye","NAV","Up","XO Records",182,-1,2,"3319044"
183,"spotify:track:1PSBzsahR2AKwLJgx8ehBj","mgk, Camila Cabello","Bad Things (with Camila Cabello)","Bad Boy / Interscope",16,173,20,"3295259"
184,"spotify:track:7129iqBafaphfc3WPCGC0L","Lukas Graham","7 Years","Universal Music A/S",89,192,20,"3286408"
185,"spotify:track:23luOrEVHMfoX0AhfbQuS6","Kendrick Lamar","FEAR.","Aftermath",36,129,4,"3286242"
186,"spotify:track:4VuS959DSpr82t3qBqCrWG","Ed Sheeran","Supermarket Flowers","Atlantic Records UK",21,187,10,"3281564"
187,"spotify:track:2WQn7Yvs728KZmmY6tgWqH","Halsey","Eyes Closed","Astralwerks (ASW)",187,-1,1,"3277630"
188,"spotify:track:7fRfIvHPH6bHdMDjPFwTMh","Logic","Hallelujah","Def Jam Recordings",188,-1,1,"3274144"
189,"spotify:track:4WjH9Bzt3kx7z8kl0awxh4","Major Lazer, MØ, DJ Snake","Lean On (feat. MØ & DJ Snake)","Third Pardee Records",113,182,20,"3265018"
190,"spotify:track:60APt5N2NRaKWf5xzJdzyC","Calvin Harris, Young Thug, Pharrell Williams, Ariana Grande, Funk Wav","Heatstroke (feat. Young Thug, Pharrell Williams & Ariana Grande)","Columbia",64,112,6,"3250564"
191,"spotify:track:732btJLGu7gYNHHNdzshrG","Logic, Juicy J","Ink Blot","Def Jam Recordings",191,-1,1,"3245431"
192,"spotify:track:5hTpBe8h35rJ67eAWHQsJx","Aminé","Caroline","Universal Records",42,179,20,"3225527"
193,"spotify:track:4dASQiO1Eoo3RJvt74FtXB","Lil Wayne, Wiz Khalifa, Imagine Dragons, X Ambassadors, Logic, Ty Dolla $ign","Sucker for Pain (with Wiz Khalifa, Imagine Dragons, Logic & Ty Dolla $ign feat. X Ambassadors)","Atlantic Records",75,184,20,"3208958"
194,"spotify:track:0tICYNayWWhH9GPeFrfjfD","Kungs, Cookin' On 3 Burners","This Girl (Kungs Vs. Cookin' On 3 Burners)","Universal Music Division Island Def Jam",97,172,20,"3197099"
195,"spotify:track:5Z01UMMf7V1o0MzF86s6WJ","Eminem","Lose Yourself","Eminem Catalog PS",150,195,15,"3180527"
196,"spotify:track:2aFiaMXmWsM3Vj72F9ksBl","DNCE","Cake By The Ocean","Joseph Jonas/Republic Records",70,190,20,"3170146"
197,"spotify:track:3caMfJGFp53NAH2TuigdNj","Galantis","Hunter","Big Beat Records",197,-1,1,"3164288"
198,"spotify:track:3Lfiu5sZ4M4B6JaKMBc0FU","Ed Sheeran","Barcelona","Atlantic Records UK",22,183,10,"3162209"
199,"spotify:track:0kN8xEmgMW9mh7UmDYHlJP","Bruno Mars","Versace on the Floor","Atlantic Records",82,185,20,"3160613"
200,"spotify:track:6XOYVSmNDjKUNMXooU4s4z","OneRepublic","No Vacancy","Mosley / Interscope",177,177,2,"3158116"
