﻿rank,uri,artist_names,track_name,source,peak_rank,previous_rank,weeks_on_chart,streams
1,"spotify:track:1rgnBhdG2JDFTbYkYRZAku","Tones And I","Dance Monkey","Elektra (NEK)",1,1,17,"43258501"
2,"spotify:track:2b8fOow8UzyDFAE27YhOZM","Maroon 5","Memories","Interscope Records*",2,3,8,"30217278"
3,"spotify:track:1HfMVBKM75vxSfsQ5VefZ5","Selena Gomez","Lose You To Love Me","Interscope Records",1,2,4,"28841253"
4,"spotify:track:21jGcNKet2qwijlDFuPiPb","Post Malone","Circles","Republic Records",1,4,11,"28081671"
5,"spotify:track:6WrI0LAC5M1Rw2MnX2ZvEg","Dua Lipa","Don't Start Now","Warner Records",5,5,2,"25855005"
6,"spotify:track:1ZPWWSwCkxKfqdp4H0RFCo","Arizona Zervas","ROXANNE","Arizona Zervas",6,15,3,"25479514"
7,"spotify:track:3eekarcy7kvN4yt5ZFzltW","Travis Scott","HIGHEST IN THE ROOM","Cactus Jack/Epic",1,6,6,"23857251"
8,"spotify:track:7qEHsqek33rTcFNT9PFqLf","Lewis Capaldi","Someone You Loved","Vertigo Berlin",4,8,45,"23802904"
9,"spotify:track:6v3KW9xbzN5yKLt9YKDYA2","Shawn Mendes, Camila Cabello","Señorita","Island Records",1,7,21,"23241150"
10,"spotify:track:6cy3ki60hLwimwIje7tALf","Black Eyed Peas, J Balvin","RITMO (Bad Boys For Life)","Epic/We The Best",10,10,5,"22546367"
11,"spotify:track:7aiClxsDWFRQ0Kzk5KI5ku","blackbear","hot girl bummer","Alamo",9,9,12,"19908645"
12,"spotify:track:2tnVG71enUj33Ic2nFN6kZ","Regard","Ride It","Ministry of Sound Recordings",12,13,10,"17126413"
13,"spotify:track:2wrJq5XKLnmhRXHIAf9xBa","Dan + Shay, Justin Bieber","10,000 Hours (with Justin Bieber)","Warner Records Nashville",5,12,6,"15909860"
14,"spotify:track:70eFcWOvlMObDhURTqT4Fv","Ed Sheeran, Khalid","Beautiful People (feat. Khalid)","Atlantic Records UK",3,14,20,"15674529"
15,"spotify:track:2Fxmhks0bxGSBdJ92vM42m","Billie Eilish","bad guy","Darkroom/Interscope Records",1,17,33,"15191130"
16,"spotify:track:2ksOAxtIxY8yElEWw8RhgK","Anuel AA, Daddy Yankee, KAROL G, J Balvin, Ozuna","China","2019 Real Hasta La Muerte, LLC.",2,19,17,"14963137"
17,"spotify:track:6b2RcmUt1g9N9mQ3CbjX2Y","Sam Smith","How Do You Sleep?","PLG - Capitol",7,18,17,"14707090"
18,"spotify:track:6Gg1gjgKi2AK4e0qzsR7sd","Juice WRLD, YoungBoy Never Broke Again","Bandit (with YoungBoy Never Broke Again)","Grade A Productions/Interscope Records",14,20,6,"14317511"
19,"spotify:track:1iQDltZqI7BXnHrFy4Qo1k","SHAED, ZAYN","Trampoline (with ZAYN)","Photo Finish Records",19,22,7,"13878481"
20,"spotify:track:2plLJpUcYPFrl1sW2pMG63","Harry Styles","Lights Up","Columbia",5,21,5,"13703996"
21,"spotify:track:2QpGZOhTCHHiKmpSO9FW4h","Kanye West","Follow God","Getting Out Our Dreams II / Def Jam Recordings",4,11,3,"13693862"
22,"spotify:track:4vUmTMuQqjdnvlZmAH61Qk","Ed Sheeran, Camila Cabello, Cardi B","South of the Border (feat. Camila Cabello & Cardi B)","Atlantic Records UK",10,24,18,"13456428"
23,"spotify:track:51Fjme0JiitpyXKuyQiCDo","Y2K, bbno$","Lalala","Columbia",4,23,21,"13050148"
24,"spotify:track:0hVXuCcriWRGvwMV1r5Yn9","Ed Sheeran & Justin Bieber, Justin Bieber","I Don't Care (with Justin Bieber)","Atlantic Records UK",1,25,27,"12776463"
25,"spotify:track:4yI3HpbSFSgFZtJP2kDe5m","Selena Gomez","Look At Her Now","Interscope Records",9,16,3,"12707039"
26,"spotify:track:7LzouaWGFCy4tkXDOOnEyM","Camila Cabello","Liar","Syco Music/Epic",22,27,10,"12417193"
27,"spotify:track:6vBdBCoOhKHiYDDOcorfNo","Post Malone, Young Thug","Goodbyes (feat. Young Thug)","Republic Records",2,26,19,"12409880"
28,"spotify:track:0RiRZpuVRbi7oqRdSMwhQY","Post Malone, Swae Lee","Sunflower - Spider-Man: Into the Spider-Verse","Republic Records",1,28,56,"12083193"
29,"spotify:track:3jbT1Y5MoPwEIpZndDDwVq","Tainy, Anuel AA, Ozuna","Adicto (with Anuel AA & Ozuna)","NEON16/Interscope Records",24,30,12,"11503915"
30,"spotify:track:0fea68AdmYNygeTGI4RC18","J Balvin, Bad Bunny","LA CANCIÓN","Universal Music Latino / Rimas",17,32,20,"11174873"
31,"spotify:track:1lOe9qE0vR9zwWQAOk6CoO","Lil Tecca","Ransom","Republic Records",3,31,24,"11002397"
32,"spotify:track:6mAN61JH0dzyZpWslS11jy","Rauw Alejandro, Farruko","Fantasias","(SME US Latin) Duars Entertainment, Corp. (2)",32,40,7,"10968871"
33,"spotify:track:5DqdesEfbRyOlSS3Tf6c29","Ali Gatie","It's You","Warner Records",27,36,22,"10757150"
34,"spotify:track:7CHi4DtfK4heMlQaudCuHK","MEDUZA, Becky Hill, Goodboys","Lose Control","Intercord",34,42,4,"10733892"
35,"spotify:track:07Oz5StQ7GRoygNLaXs2pd","Lizzo, Ariana Grande","Good as Hell (feat. Ariana Grande) - Remix","Nice Life/Atlantic",29,29,3,"10705922"
36,"spotify:track:2TH65lNHgvLxCKXM3apjxI","Bad Bunny, Tainy","Callaita","Rimas Entertainment LLC",7,34,24,"10692242"
37,"spotify:track:7iHHxY2NLlJRAmlAmC4ahQ","Lil Mosey, Gunna","Stuck In A Dream (feat. Gunna)","Mogul Vision/Interscope Records",37,49,7,"10615406"
38,"spotify:track:56AMYGJzxBO6p8v0wEe9de","Young Thug, Travis Scott, Gunna","Hot (Remix) [feat. Gunna and Travis Scott]","300 Entertainment/Atl",33,33,2,"10397768"
39,"spotify:track:6RyaV7owmVU6fzEPE17sF1","Daddy Yankee","Que Tire Pa Lante","UME - Global Clearing House",39,47,4,"10235290"
40,"spotify:track:4R8BJggjosTswLxtkw8V7P","JHAYCO, J Balvin, Bad Bunny","No Me Conoce - Remix","N&E Entertainment LLC",20,38,25,"10210896"
41,"spotify:track:4sjiIpEv617LDXaidKioOI","YNW Melly, 9lokknine","223's (feat. 9lokknine)","300 Entertainment",32,43,10,"9756234"
42,"spotify:track:6V9fHiv84WlVTg7CSnIVY2","Halsey","Graveyard","Capitol Records",31,39,9,"9469161"
43,"spotify:track:7CZyCXKG6d5ALeq41sLzbw","Post Malone, Ozzy Osbourne, Travis Scott","Take What You Want (feat. Ozzy Osbourne & Travis Scott)","Republic Records",6,41,10,"9282993"
44,"spotify:track:63VyEdzMM3w4ZQ1WtARa2S","The Chainsmokers, ILLENIUM, Lennon Stella","Takeaway","Disruptor Records/Columbia",28,46,16,"9000571"
45,"spotify:track:6osaMSJh9NguagEDQcZaKx","DJ Snake, J Balvin, Tyga","Loco Contigo (feat. J. Balvin & Tyga)","DJ Snake Music Productions Limited",10,44,22,"8987355"
46,"spotify:track:2YpeDb67231RjR0MgVLzsG","Lil Nas X, Billy Ray Cyrus","Old Town Road (feat. Billy Ray Cyrus) - Remix","Columbia",2,45,32,"8949005"
47,"spotify:track:2pWOMNQJW3g2zmGjP0Vkb0","Nicky Jam, Anuel AA","Whine Up","Sony Music Latin",47,52,2,"8899000"
48,"spotify:track:6Y4PDQv4XjYjHLeLmvyOt0","Sech, Ozuna","Si Te Vas","Rich Music",48,48,7,"8889228"
49,"spotify:track:20JtELGPfOAMq7FpUt8eSM","Ant Saunders","Yellow Hearts","Arista Records",49,-1,1,"8879641"
50,"spotify:track:7BlBVFwvbWvcwNcUarQmjk","ROSALÍA, Ozuna","Yo x Ti, Tu x Mi","Columbia",20,50,13,"8574822"
51,"spotify:track:2VxeLyX666F8uXCJ0dZF8B","Lady Gaga, Bradley Cooper","Shallow","A Star is Born OST",3,54,59,"8558566"
52,"spotify:track:1000nHvUdawXuUHgBod4Wv","Lil Nas X","Panini","Columbia",7,35,21,"8285208"
53,"spotify:track:5Id5B3dxJZhPcV9GzgYZZe","Rich Music LTD, Sech, Dalex, Justin Quiles, Lenny Tavárez, Feid, Wisin, Zion","Quizas","Rich Music",52,53,8,"8282965"
54,"spotify:track:37zdqI4r1gswIzczSBkRon","Lunay, Anuel AA, Ozuna","Aventura","round2media - LaFamilia",54,73,3,"8260893"
55,"spotify:track:1nocRtwyNPVtGcIJqfgdzZ","Camilo, Pedro Capó","Tutu","Sony Music Latin",27,55,14,"8039404"
56,"spotify:track:598yNsG1JFrGd4n2kMoz7F","Lil Baby","Woah","Quality Control/Motown Records",56,-1,1,"8003940"
57,"spotify:track:3cphb8kdsjElYR7r5icK3H","Niall Horan","Nice To Meet Ya","Capitol Records",56,56,6,"7994372"
58,"spotify:track:5qmq61DAAOUaW8AUo8xKhh","Lizzo","Truth Hurts","Nice Life/Atlantic",16,51,29,"7946816"
59,"spotify:track:6XHVuErjQ4XNm6nDPVCxVX","Chris Brown, Drake","No Guidance (feat. Drake)","Chris Brown Entertainment/RCA Records",11,57,23,"7783512"
60,"spotify:track:59s0s39NFWScuHDbHytI14","Reik, J Balvin, Lalo Ebratt","Indeciso","Indeciso",60,66,10,"7750729"
61,"spotify:track:5ry2OE6R2zPQFDO85XkgRb","Drake, Rick Ross","Money In The Grave (Drake ft. Rick Ross)","Republic Records",5,61,22,"7591290"
62,"spotify:track:6ocbgoVGwYJhOv1GgI9NsF","Ariana Grande","7 rings","Republic Records",1,68,43,"7428810"
63,"spotify:track:0oR0Wr9N52K1vbAOuGvMJz","thasup","blun7 a swishland","Epic",63,-1,1,"7426611"
64,"spotify:track:0u2P5u6lvoDfwTYjAADbn4","Billie Eilish, Khalid","lovely (with Khalid)","Darkroom",24,71,82,"7362907"
65,"spotify:track:6oJ6le65B3SEqPwMRNXWjY","Kygo, Whitney Houston","Higher Love","Kygo/RCA Records",31,65,20,"7335970"
66,"spotify:track:4sWuPniHClkInYAnzXAYUF","NLE Choppa","Camelot","Warner Records",47,63,9,"7335451"
67,"spotify:track:7k4t7uLgtOxPwTpFmtJNTY","KAROL G, Nicki Minaj","Tusa","TUSA - Karol G & Nicki Minaj",67,-1,1,"7210300"
68,"spotify:track:0Z26mbSHJ1dkUu7g9DDgif","Major Lazer, Khalid, Death Stranding: Timefall, Diplo","Trigger","Right Hand Music Group, LLC/RCA Records",50,59,3,"7210063"
69,"spotify:track:314ZkcV7oLWG8yWE7LABvH","BTS, Lauv","Make It Right (feat. Lauv)","BIGHIT MUSIC",40,58,4,"7193679"
70,"spotify:track:1DFD5Fotzgn6yYXkYsKiGs","MEDUZA, Goodboys","Piece Of Your Heart","Intercord",14,64,31,"7183286"
71,"spotify:track:5aUSEPNd3m5xliFK4pn5mU","Zedd, Kehlani","Good Thing (with Kehlani)","Interscope Records",53,60,7,"7155623"
72,"spotify:track:4Of7rzpRpV1mWRbhp5rAqG","Lewis Capaldi","Bruises","Vertigo Berlin",70,70,17,"7096823"
73,"spotify:track:2dpaYNEQHiRxtZbfNsse99","Marshmello, Bastille","Happier","Joytime Collective",2,75,65,"7051674"
74,"spotify:track:6kls8cSlUyHW2BUOkDJIZE","Ellie Goulding, Juice WRLD","Hate Me (with Juice WRLD)","Polydor Records",66,67,14,"7013718"
75,"spotify:track:4a6q8CR2hzLk2plDkSxkfD","Bazzi","I.F.L.Y.","iamcosmic",47,69,17,"6997625"
76,"spotify:track:7vJS1DPc3FzBtqBs8n3mW5","Ariana Grande, Normani, Nicki Minaj","Bad To You (with Normani & Nicki Minaj)","Silver Cloud/Charlie's Angels",37,37,2,"6981052"
77,"spotify:track:43zdsphuZLzwA9k4DJhU0I","Billie Eilish","when the party's over","Darkroom/Interscope Records",9,78,56,"6943852"
78,"spotify:track:4t9a07PAghtQMRAIP9FQ7Z","Lunay, Daddy Yankee, Bad Bunny","Soltera (Remix)","round2media - LaFamilia",8,72,27,"6935776"
79,"spotify:track:4wopYJ5wpYOM6ogm2Jugnw","Lauv, Anne-Marie","fuck, i'm lonely","Lauv",30,76,15,"6821831"
80,"spotify:track:4u7EnebtmKWzUH433cf5Qv","Queen","Bohemian Rhapsody - Remastered 2011","EMI",11,79,63,"6809692"
81,"spotify:track:0pqnGHJpmpxLKifKRmU6WP","Imagine Dragons","Believer","Kid Ina Korner / Interscope",16,88,145,"6592471"
82,"spotify:track:0bYg9bo50gSsH3LtXe2SQn","Mariah Carey","All I Want for Christmas Is You","Columbia",1,157,17,"6570623"
83,"spotify:track:22vgEDb5hykfaTwLuskFGD","Jonas Brothers","Sucker","Jonas Brothers Recording",2,84,37,"6550990"
84,"spotify:track:6hw1Sy9wZ8UCxYGdpKrU6M","Apache 207","Roller","Four Music Local",66,82,12,"6517815"
85,"spotify:track:1ndyl3wJCFs872XZ3ztPk6","Justin Quiles, NATTI NATASHA, Farruko, Lenny Tavárez, Dalex, Zion","DJ No Pare (feat. Zion, Dalex, Lenny Tavárez) - Remix","WEA Latina",85,90,9,"6485864"
86,"spotify:track:0rIAC4PXANcKmitJfoqmVm","Normani","Motivation","Keep Cool/RCA Records",42,74,13,"6435350"
87,"spotify:track:1cL3ucXzG2hj3XOUPIWdvZ","Lauv","Feelings","Lauv",81,81,8,"6434167"
88,"spotify:track:26wLOs3ZuHJa2Ihhx6QIE6","5 Seconds of Summer","Teeth","UMGRI Interscope",46,80,12,"6424863"
89,"spotify:track:7pWK1kMgHy5lNNiIfuRbkP","Martin Garrix, Dean Lewis","Used To Love (with Dean Lewis)","Epic Amsterdam",89,105,2,"6419416"
90,"spotify:track:1VJwtWR6z7SpZRwipI12be","Doja Cat","Candy","MAU Records",90,-1,1,"6373833"
91,"spotify:track:5p7ujcrUXASCNwRaWNHR1C","Halsey","Without Me","Capitol Records",4,93,58,"6347517"
92,"spotify:track:4bTZeO72FwMa6wKOiqoynL","Sech, Ozuna, Anuel AA, Darell, Nicky Jam","Otro Trago - Remix","Rich Music",11,87,16,"6343928"
93,"spotify:track:2xLMifQCjDGFmkHkpNLD9h","Travis Scott","SICKO MODE","Cactus Jack / Epic",2,92,67,"6311464"
94,"spotify:track:3s4mrPrEFFPF0LmAfutW0n","Young Thug, J. Cole, Travis Scott","The London (feat. J. Cole & Travis Scott)","300 Entertainment/Atl",6,83,25,"6278412"
95,"spotify:track:7xQAfvXzm3AkraOtGPWIZg","Post Malone","Wow.","Republic Records",2,91,47,"6274805"
96,"spotify:track:2bT1PH7Cw3J9p3t7nlXCdh","Shawn Mendes","If I Can't Have You","Island Records",4,94,28,"6221305"
97,"spotify:track:25ZAibhr3bdlMCLmubZDVt","J Balvin, Bad Bunny","QUE PRETENDES","Universal Music Latino / Rimas",15,97,20,"6172530"
98,"spotify:track:0e7ipj03S05BNilyu5bRzt","Post Malone, 21 Savage","rockstar (feat. 21 Savage)","Republic Records",1,106,113,"6085375"
99,"spotify:track:0c7K73roy6RW4ebDkf4yGh","24kGoldn","VALENTINO","Records/Columbia",99,110,7,"6072700"
100,"spotify:track:2qG5sZ7Si6sdK74qLxedYM","ROSALÍA, J Balvin, El Guincho","Con Altura","Columbia",30,103,33,"6066956"
101,"spotify:track:05mDaV9Vb3wrzjF6OPZnhq","Post Malone","Saint-Tropez","Republic Records",4,86,10,"6042887"
102,"spotify:track:3ZCTVFBt2Brf31RLEnCkWJ","Billie Eilish","everything i wanted","Darkroom/Interscope Records",102,-1,1,"6039402"
103,"spotify:track:7KbF6AdprOXEEHlsq11Z6d","Maluma","11 PM","Sony Music Latin",31,99,26,"6038972"
104,"spotify:track:5099x34vBakWpGkHourFxP","Maluma, J Balvin","Qué Pena","Sony Music Latin",77,96,7,"6025696"
105,"spotify:track:0fySG6A6qLE8IvDpayb5bM","DaBaby","VIBEZ","South Coast Music Group/Interscope Records",53,98,7,"6001684"
106,"spotify:track:6muOWhMh7Tf0UFUtMDBhUR","Coldplay","Orphans","Parlophone UK",52,77,3,"6000355"
107,"spotify:track:1G2CAJeP7rCwOZjlSJ0Zw3","Major Lazer, J Balvin, El Alfa, Diplo","Que Calor","Mad Decent",77,109,9,"5982585"
108,"spotify:track:7qiZfU4dY1lWllzX7mPBI3","Ed Sheeran","Shape of You","Atlantic Records UK",1,115,149,"5976893"
109,"spotify:track:1dGr1c8CrMLDpV6mPbImSI","Taylor Swift","Lover","Taylor Swift",2,112,13,"5962069"
110,"spotify:track:36orMWv2PgvnzXsd5CJ0yL","Sam Feldt, RANI","Post Malone (feat. RANI)","Spinnin' Remixes",59,107,21,"5907828"
111,"spotify:track:6Qs4SXO9dwPj5GKvVOv8Ki","Sam Smith, Normani","Dancing With A Stranger (with Normani)","PLG - Capitol",7,114,44,"5887773"
112,"spotify:track:0DiDStADDVh3SvAsoJAFMk","Jonas Brothers","Only Human","Jonas Brothers Recording",31,116,23,"5834990"
113,"spotify:track:25sgk305KZfyuqVBQIahim","Ava Max","Sweet but Psycho","Atlantic Records",6,119,59,"5808000"
114,"spotify:track:5uCax9HTNlzGybIStD3vDh","James Arthur","Say You Won't Let Go","Columbia",7,123,150,"5804023"
115,"spotify:track:3e9HZxeyfWwjeyPAMmWSSQ","Ariana Grande","thank u, next","Republic Records",1,111,54,"5799192"
116,"spotify:track:285pBltuF7vW8TeWk8hdRR","Juice WRLD","Lucid Dreams","Juice WRLD Mixtape / ISR P&D",3,118,79,"5780963"
117,"spotify:track:7fa9MBXhVfQ8P8Df9OEbD8","Maroon 5, Cardi B","Girls Like You (feat. Cardi B) - Cardi B Version","Interscope Records*",2,126,76,"5727455"
118,"spotify:track:7FGq80cy8juXBCD2nrqdWU","benny blanco, Halsey, Khalid","Eastside (with Halsey & Khalid)","Friends Keep Secrets/Interscope Records",4,122,70,"5719616"
119,"spotify:track:0Xek5rqai2jcOWCYWJfVCF","Post Malone, DaBaby","Enemies (feat. DaBaby)","Republic Records",7,104,10,"5693142"
120,"spotify:track:0RLLvYBopDwooCyvnTwgYu","Lil Tjay","F.N","Columbia",82,120,11,"5691423"
121,"spotify:track:6gBFPUFcJLzWGx4lenP6h2","Travis Scott","goosebumps","Cactus Jack / Epic",60,124,119,"5691001"
122,"spotify:track:4ZLzoOkj0MPWrTLvooIuaa","Kina, Snøw","Get You The Moon (feat. Snøw)","Columbia",95,136,23,"5674900"
123,"spotify:track:0tgVpDi06FyKpA1z0VMD4v","Ed Sheeran","Perfect","Atlantic Records UK",4,131,141,"5586323"
124,"spotify:track:4IO8X9W69dIQe0EC5ALXhq","21 Savage","Immortal","Slaughter Gang, LLC/Epic Records",62,62,2,"5546012"
125,"spotify:track:6zegtH6XXd2PDPLvy1Y0n2","Ariana Grande, Miley Cyrus, Lana Del Rey","Don’t Call Me Angel (Charlie’s Angels) (with Miley Cyrus & Lana Del Rey)","Silver Cloud/Charlie's Angels",3,85,9,"5534132"
126,"spotify:track:0Ryd8975WihbObpp5cPW1t","Ariana Grande, Social House","boyfriend (with Social House)","Republic Records",3,121,15,"5504717"
127,"spotify:track:6TqXcAFInzjp0bODyvrWEq","Khalid, Disclosure","Talk (feat. Disclosure)","Right Hand Music Group, LLC/RCA Records",10,128,40,"5501780"
128,"spotify:track:4fwo6czG5nvOQMzhOto1ya","Diplo, Jonas Brothers","Lonely (with Jonas Brothers)","Columbia",80,102,7,"5487381"
129,"spotify:track:7sWRlDoTDX8geTR8zzr2vt","Post Malone","Hollywood's Bleeding","Republic Records",5,117,10,"5458488"
130,"spotify:track:3QzAOrNlsabgbMwlZt7TAY","Mustard, Roddy Ricch","Ballin' (with Roddy Ricch)","10 Summers Records/Interscope Records",130,142,6,"5382552"
131,"spotify:track:46D0hYb1B7qiU33VtXt21W","Camila Cabello","Easy","Syco Music/Epic",80,95,5,"5362236"
132,"spotify:track:5C0ivQMxes2lWuOANhvVAm","True Damage, Becky G, Keke Palmer, SOYEON, Duckwrth, Thutmose, League of Legends","GIANTS","Riot Games",132,-1,1,"5316124"
133,"spotify:track:1tNJrcVe6gwLEiZCtprs1u","Dominic Fike","3 Nights","Columbia",51,129,33,"5311341"
134,"spotify:track:5qrSlOut2rNAWv3ubArkNy","Dean Lewis","Be Alright","Universal Music Australia Pty. Ltd.",12,138,69,"5307797"
135,"spotify:track:2a3dopgTF1q4rMVDJ1rwBU","The Chainsmokers","Push My Luck","Disruptor Records/Columbia",135,-1,1,"5256517"
136,"spotify:track:6RRNNciQGZEXnqk8SQ9yv5","Taylor Swift","You Need To Calm Down","Taylor Swift",4,139,22,"5251349"
137,"spotify:track:1tpbAGsGpZee5jDHMcLrUJ","Dalex, Lenny Tavárez","Bellaquita","Rich Music",137,166,4,"5192273"
138,"spotify:track:7dt6x5M1jzdTEt8oCbisTK","Post Malone","Better Now","Republic Records",1,140,81,"5187449"
139,"spotify:track:4hPpVbbakQNv8YTHYaOJP4","Marshmello, Kane Brown","One Thing Right","Joytime Collective",30,154,21,"5165367"
140,"spotify:track:2gwkD6igEhQbDQegRCcdoB","DaBaby","Suge","South Coast Music Group/Interscope Records",26,133,29,"5144365"
141,"spotify:track:2P91MQbaiQOfbiz9VqhqKQ","Lauv","I Like Me Better","Lauv",29,145,128,"5143236"
142,"spotify:track:2iUXsYOEPhVqEBwsqP70rE","5 Seconds of Summer","Youngblood","Capitol",8,148,83,"5106709"
143,"spotify:track:6oX9RuILbVIglevEhbg8iM","Nimo","KARMA","Urban",89,89,2,"5097572"
144,"spotify:track:3ee8Jmje8o58CHK66QrVC2","XXXTENTACION","SAD!","Bad Vibes Forever, LLC",1,150,89,"5077496"
145,"spotify:track:5w9c2J52mkdntKOmRLeM2m","Daddy Yankee, Snow","Con Calma","Craft Latino",2,143,42,"5075781"
146,"spotify:track:18uwL0vNUanqZH0ro2QcOP","Jeremy Zucker","comethru","Republic Records",111,153,19,"5072644"
147,"spotify:track:6klLvorLoo1sxvZcjJIY8I","YoungBoy Never Broke Again","Make No Sense","Never Broke Again, LLC",141,141,5,"5066540"
148,"spotify:track:2qxmye6gAegTMjLKEBoR3d","Alec Benjamin","Let Me Down Slowly","2018",27,147,49,"5058291"
149,"spotify:track:5MPPttjfGap2C6j6eKcO6J","Quality Control, Lil Baby, DaBaby","Baby (Lil Baby feat. DaBaby)","Quality Control Music/Motown Records",67,135,17,"5030484"
150,"spotify:track:6Ozh9Ok6h4Oi1wUSLtBseN","DaBaby","BOP","South Coast Music Group/Interscope Records",32,125,7,"5024001"
151,"spotify:track:5a6pdCHlWS2ekOOQ70QnAr","Noah Cyrus","July","Records/Columbia",149,149,3,"4967628"
152,"spotify:track:5F8ffc8KWKNawllr5WsW0r","Dadá Boladão, Tati Zaqui, OIK","Surtada - Remix Brega Funk","Dadá Boladão",152,158,4,"4901619"
153,"spotify:track:1rqqCSm0Qe4I9rUvWncaom","Panic! At The Disco","High Hopes","DCD2 / Fueled By Ramen",9,162,73,"4899490"
154,"spotify:track:2JvzF1RMd7lE3KmFlsyZD8","J. Cole","MIDDLE CHILD","Dreamville, Inc., Under exclusive license to Roc Nation Records",2,159,43,"4838072"
155,"spotify:track:6zeeWid2sgw4lap2jV61PZ","Khalid","Better","Right Hand Music Group, LLC/RCA Records",7,165,61,"4813281"
156,"spotify:track:2kJwzbxV2ppxnQoYw4GLBZ","JP Saxe, Julia Michaels","If the World Was Ending (feat. Julia Michaels)","Arista Records",156,-1,1,"4810030"
157,"spotify:track:735RSTb2xbtWbDtKD9XDYi","Internet Money, Lil Tecca, A Boogie Wit da Hoodie","Somebody","Internet Money Records / 10K Projects",157,161,3,"4806583"
158,"spotify:track:6dNB3XdAzx7kTf5wa8Rg89","Apache 207","Wieso tust Du dir das an?","Four Music Local",52,134,4,"4802708"
159,"spotify:track:5T8EDUDqKcs6OSOwEsfqG7","Queen","Don't Stop Me Now - Remastered 2011","EMI",51,167,55,"4800783"
160,"spotify:track:4guBZjUyrGoHsTahO3IHdj","Lil Tecca","Did It Again","Republic Records",65,146,13,"4800237"
161,"spotify:track:4fj7e6Tc48Bmomwyz2Z2XC","Manuel Turizo, Anuel AA","Te Quemaste","Sony Music Latin/La Industria",120,151,10,"4798273"
162,"spotify:track:2FRnf9qhLbvw8fu4IBXx78","Wham!","Last Christmas","Epic",2,-1,14,"4795477"
163,"spotify:track:1mXVgsBdtIVeCLJnSnmtdV","Sam Smith","Too Good At Goodbyes","PLG - Capitol",1,174,113,"4790941"
164,"spotify:track:1zB4vmk8tFRmM9UULNzbLB","Imagine Dragons","Thunder","Kid Ina Korner / Interscope",8,170,133,"4786085"
165,"spotify:track:3U4isOIWM3VvDubwSI3y7a","John Legend","All of Me","G.O.O.D. Music/Columbia",147,179,45,"4776715"
166,"spotify:track:4Ta3PhWmY50ZLU1uhKFKPE","Dermot Kennedy","Outnumbered","Riggins Recording Limited",93,101,6,"4773589"
167,"spotify:track:5PYQUBXc7NYeI1obMKSJK0","Katy Perry","Never Really Over","Capitol Records",10,155,24,"4746886"
168,"spotify:track:2BgEsaKNfHUdlh97KmvFyo","Anne-Marie","2002","Atlantic Records UK",27,169,82,"4741558"
169,"spotify:track:020wG4EHTwBy5h2rbpxqvK","Marracash, thasup, Sfera Ebbasta","SUPREME - L'ego","Universal Music Italia srL.",127,127,2,"4733671"
170,"spotify:track:4SSnFejRGlZikf02HLewEF","Billie Eilish","bury a friend","Darkroom/Interscope Records",2,172,42,"4723935"
171,"spotify:track:5iwz1NiezX7WWjnCgY5TH4","Pedro Capó, Farruko","Calma - Remix","Sony Music Latin",5,171,53,"4720684"
172,"spotify:track:684EjRHwNsZQ9hCQxL4NYL","Dímelo Flow, Nicky Jam, Sech, Farruko, Zion, Lunay","El Favor (with Nicky Jam & Sech, feat. Farruko, Zion & Lunay)","Rich Music/Interscope Records",87,137,11,"4711355"
173,"spotify:track:7m9OqQk4RVRkw9JJdeAw96","XXXTENTACION","Jocelyn Flores","Bad Vibes Forever / EMPIRE",7,175,116,"4707543"
174,"spotify:track:5nCthAh3jt4xKuLJAifAaR","Katy Perry","Harleys In Hawaii","Capitol Records",47,113,4,"4678436"
175,"spotify:track:6fxVffaTuwjgEk5h9QyRjy","Ed Sheeran","Photograph","Atlantic Records UK",41,195,138,"4675873"
176,"spotify:track:0TMGV2zMZXOILVtQLtkI3G","Why Don't We","What Am I","Atlantic Records",156,156,5,"4654389"
177,"spotify:track:5vdp5UmvTsnMEMESIF2Ym7","Queen","Another One Bites The Dust - Remastered 2011","EMI",36,178,55,"4645425"
178,"spotify:track:0JP9xo3adEtGSdUEISiszL","XXXTENTACION","Moonlight","Bad Vibes Forever, LLC",2,183,87,"4644196"
179,"spotify:track:6IJTc8xo6XasOU8fpxMU57","The Chainsmokers, Bebe Rexha","Call You Mine","Disruptor Records/Columbia",22,182,24,"4641956"
180,"spotify:track:4S4Mfvv03M1cHgIOJcbUCL","Frank Ocean","In My Room","Blonded",180,184,2,"4603499"
181,"spotify:track:6K4t31amVTZDgR3sKmwUJJ","Tame Impala","The Less I Know The Better","Universal Music Australia Pty. Ltd.",181,187,5,"4601292"
182,"spotify:track:6ofuqm2qLMi9lBFEF9mJMb","Ozuna","Hasta Que Salga el Sol","Aura Music Corp.",182,-1,1,"4580982"
183,"spotify:track:0rKtyWc8bvkriBthvHKY8d","Joji","SLOW DANCING IN THE DARK","88rising Music",75,193,17,"4575678"
184,"spotify:track:0qaWEvPkts34WF68r8Dzx9","Riton, Oliver Heldens, Vula","Turn Me On (feat. Vula)","Ministry of Sound Recordings",184,-1,1,"4569957"
185,"spotify:track:6K5BsR04ijf3FHNzjbaagD","Myke Towers, Farruko, Arcángel, Sech, Zion","Si Se Da - Remix","2019 Casablanca Records & One World Music | Distributed by GLAD Empire",68,180,15,"4564464"
186,"spotify:track:6RUKPb4LETWmmr3iAEQktW","The Chainsmokers, Coldplay","Something Just Like This","Disruptor Records/Columbia",2,196,125,"4557660"
187,"spotify:track:0mjAU3yKR1QnXnHtjGJqTM","OneRepublic","Rescue Me","Mosley Music/Interscope Records",32,186,26,"4557400"
188,"spotify:track:0F7FA14euOIX8KcbEturGH","Lil Nas X","Old Town Road","Columbia",3,189,36,"4538707"
189,"spotify:track:5Z8HZM6iQMhhqyPcCGY5g9","Young Thug, Gunna","Hot (feat. Gunna)","300 Entertainment/Atl",46,132,13,"4531585"
190,"spotify:track:1cVlW9WQiGlFdWUXFdFZGh","Piso 21, Christian Nodal","Pa' Olvidarme De Ella","WM Mexico",190,-1,1,"4510125"
191,"spotify:track:2B94bbI1a4LyBpK1439oP7","Noriel, Myke Towers, Rauw Alejandro, Almighty","Cuerpo en Venta","Rimas Entertainment LLC",175,192,7,"4508773"
192,"spotify:track:1Av69kr9JitqPWo7WJLS5q","Kina, Adriana Proenza","Can We Kiss Forever?","Columbia",192,-1,1,"4508738"
193,"spotify:track:00ko9WaS4jOX1kEk3gvHjf","Chance the Rapper, MadeinTYO, DaBaby","Hot Shower","Chance The Rapper",65,163,4,"4493780"
194,"spotify:track:7f5trao56t7sB7f14QDTmp","Doja Cat, Tyga","Juicy","Kemosabe Records/RCA Records",194,-1,1,"4491291"
195,"spotify:track:2Rk4JlNc2TPmZe2af99d45","Taylor Swift, Brendon Urie, Panic! At The Disco","ME! (feat. Brendon Urie of Panic! At The Disco)","Taylor Swift",2,-1,28,"4469545"
196,"spotify:track:2IRZnDFmlqMuOrYOLnZZyc","Meek Mill, Drake","Going Bad (feat. Drake)","MMG/Atlantic",11,200,50,"4459308"
197,"spotify:track:7eBqSVxrzQZtK2mmgRG6lC","YNW Melly","Murder on My Mind","P2018",19,199,31,"4449490"
198,"spotify:track:6uFn47ACjqYkc0jADwEdj1","Polo G, Lil Tjay","Pop Out (feat. Lil Tjay)","Columbia",40,190,30,"4431920"
199,"spotify:track:5qqabIl2vWzo9ApSC317sa","Oasis","Wonderwall - Remastered","Big Brother",152,-1,93,"4422228"
200,"spotify:track:1wJRveJZLSb1rjhnUHQiv6","A Boogie Wit da Hoodie, 6ix9ine","Swervin (feat. 6ix9ine)","Highbridge the Label / Atlantic Records",25,197,46,"4405194"
