﻿rank,uri,artist_names,track_name,source,peak_rank,previous_rank,weeks_on_chart,streams
1,"spotify:track:2Fxmhks0bxGSBdJ92vM42m","Billie Eilish","bad guy","Darkroom/Interscope Records",1,1,5,"39122056"
2,"spotify:track:4Sib57MmYGJzSvkW84jTwh","Taylor Swift, Brendon Urie, Panic! At The Disco","ME! (feat. Brendon Urie of Panic! At The Disco)","Taylor Swift",2,-1,1,"37826059"
3,"spotify:track:6u7jPi22kF8CTQ3rb9DHE7","Lil Nas X, Billy Ray Cyrus","Old Town Road (feat. Billy Ray Cyrus) - Remix","Columbia",2,2,4,"32167688"
4,"spotify:track:53CJANUxooaqGOtdsBTh7O","Lil Nas X","Old Town Road","Columbia",3,3,8,"25565114"
5,"spotify:track:6nDKrPlXdpomGBgAlO7UdP","Avicii, Aloe Blacc","SOS (feat. Aloe Blacc)","Pophouse Entertainment Group",4,4,4,"22664069"
6,"spotify:track:5w9c2J52mkdntKOmRLeM2m","Daddy Yankee, Snow","Con Calma","Craft Latino",2,5,14,"21740408"
7,"spotify:track:3KkXRkHbMCARz0aVfEt68P","Post Malone, Swae Lee","Sunflower - Spider-Man: Into the Spider-Verse","Universal Records",1,8,28,"20306642"
8,"spotify:track:6ocbgoVGwYJhOv1GgI9NsF","Ariana Grande","7 rings","Republic Records",1,7,15,"20230172"
9,"spotify:track:5KawlOMHjWeUjQtnuRs22c","BTS, Halsey","Boy With Luv (feat. Halsey)","BIGHIT MUSIC",3,6,3,"19583393"
10,"spotify:track:4y3OI86AEP6PQoDE6olYhO","Jonas Brothers","Sucker","Jonas Brothers Recording",2,9,9,"18567416"
11,"spotify:track:6TqXcAFInzjp0bODyvrWEq","Khalid, Disclosure","Talk (feat. Disclosure)","Right Hand Music Group, LLC/RCA Records",10,10,12,"18291190"
12,"spotify:track:4SSnFejRGlZikf02HLewEF","Billie Eilish","bury a friend","Darkroom/Interscope Records",2,11,14,"16418456"
13,"spotify:track:2VxeLyX666F8uXCJ0dZF8B","Lady Gaga, Bradley Cooper","Shallow","A Star is Born OST",3,12,31,"16170211"
14,"spotify:track:6MWtB6iiXyIwun0YzU6DFP","Post Malone","Wow.","Republic Records",2,13,19,"15650341"
15,"spotify:track:5WHTFyqSii0lmT9R21abT8","Mabel","Don't Call Me Up","Polydor Records",11,14,13,"15202492"
16,"spotify:track:4pUCKHjJ4Ijewc37rRrvHn","BLACKPINK","Kill This Love","YG Entertainment, distributed through Interscope Records",5,15,4,"14094859"
17,"spotify:track:43zdsphuZLzwA9k4DJhU0I","Billie Eilish","when the party's over","Darkroom/Interscope Records",9,17,28,"13954654"
18,"spotify:track:224EVTFiLsdQignUFLvDeH","Dalex, Rafa Pabön, KHEA, Sech, Feid, Cazzu, Lenny Tavárez","Pa Mí (Remix)","Rich Music/Ingrooves Records",17,19,9,"13865680"
19,"spotify:track:31UjYv5vLsDkzchJOtUMtW","Maluma","HP","Sony Music Latin",18,20,9,"13622985"
20,"spotify:track:5iwz1NiezX7WWjnCgY5TH4","Pedro Capó, Farruko","Calma - Remix","Sony Music Latin",5,21,25,"13380474"
21,"spotify:track:3Fj47GNK2kUF0uaEDgXLaD","Billie Eilish","wish you were gay","Darkroom/Interscope Records",3,16,9,"13311555"
22,"spotify:track:25sgk305KZfyuqVBQIahim","Ava Max","Sweet but Psycho","Atlantic Records",6,22,31,"13219861"
23,"spotify:track:5icOoE6VgqFKohjWWNp0Ac","Marshmello, CHVRCHES","Here With Me","Joytime Collective",16,18,8,"12921722"
24,"spotify:track:2dpaYNEQHiRxtZbfNsse99","Marshmello, Bastille","Happier","Joytime Collective",2,23,37,"12636124"
25,"spotify:track:4lzxJ4jCuFDXXGkE1LmpKR","DJ Luian, Mambo Kingz, Anuel AA, Nicky Jam, Darell, Brytiago","Verte Ir","Hear This Music",25,33,5,"12408121"
26,"spotify:track:6Qs4SXO9dwPj5GKvVOv8Ki","Sam Smith, Normani","Dancing With A Stranger (with Normani)","PLG - Capitol",7,24,16,"12254073"
27,"spotify:track:1wJRveJZLSb1rjhnUHQiv6","A Boogie Wit da Hoodie, 6ix9ine","Swervin (feat. 6ix9ine)","Highbridge the Label / Atlantic Records",25,25,18,"12244916"
28,"spotify:track:5p7ujcrUXASCNwRaWNHR1C","Halsey","Without Me","Capitol Records",4,26,30,"12053585"
29,"spotify:track:6v0lAdFF4haL8xjBIUjtOw","Nicky Jam, Ozuna","Te Robaré","Sony Music Latin",29,35,6,"11739175"
30,"spotify:track:7COXchtUOMd6uIT6HvmRaI","Lauv, Troye Sivan","i'm so tired...","Lauv",18,27,14,"11663589"
31,"spotify:track:2qG5sZ7Si6sdK74qLxedYM","ROSALÍA, J Balvin, El Guincho","Con Altura","Columbia",31,44,5,"11590692"
32,"spotify:track:2JvzF1RMd7lE3KmFlsyZD8","J. Cole","MIDDLE CHILD","Dreamville, Inc., Under exclusive license to Roc Nation Records",2,32,15,"11531344"
33,"spotify:track:46lvmzK8wxAy66tjzXXSh0","Paulo Londra","Tal Vez","WEA Latina",33,43,4,"11334449"
34,"spotify:track:2S1LebN6AXXQqJolBxlWgO","Lil Dicky","Earth","Commission/BMG",34,45,2,"11205066"
35,"spotify:track:3e9HZxeyfWwjeyPAMmWSSQ","Ariana Grande","thank u, next","Republic Records",1,34,26,"11198965"
36,"spotify:track:1NJcg626wLln4pGHpiV7mf","Billie Eilish, Khalid","lovely (with Khalid)","Darkroom",24,37,54,"11067827"
37,"spotify:track:5W83ErFkO3aKAIS1WMi6u0","Anuel AA, KAROL G","Secreto","Anuel AA & Karol G - Secreto",11,36,15,"11034407"
38,"spotify:track:4kV4N9D1iKVxx1KLvtTpjS","Ariana Grande","break up with your girlfriend, i'm bored","Republic Records",2,30,12,"11010307"
39,"spotify:track:4n7jnSxVLd8QioibtTDBDq","Alan Walker, Sabrina Carpenter, Farruko","On My Way","Kreatell Music",39,41,6,"10889325"
40,"spotify:track:2qxmye6gAegTMjLKEBoR3d","Alec Benjamin","Let Me Down Slowly","2018",27,28,21,"10815393"
41,"spotify:track:3XiNC94b4Tq1xwv70sQJGN","Lil Uzi Vert","Sanguine Paradise","Generation Now/Atlantic",38,38,3,"10625080"
42,"spotify:track:1rqqCSm0Qe4I9rUvWncaom","Panic! At The Disco","High Hopes","DCD2 / Fueled By Ramen",9,40,45,"10585854"
43,"spotify:track:0uUNN1nSoUx1A4fkDCWDQ7","Ava Max","So Am I","Atlantic Records",42,42,8,"10521225"
44,"spotify:track:2TIlqbIneP0ZY1O0EzYLlc","Lewis Capaldi","Someone You Loved","Vertigo Berlin",44,52,17,"10206789"
45,"spotify:track:2IRZnDFmlqMuOrYOLnZZyc","Meek Mill, Drake","Going Bad (feat. Drake)","MMG/Atlantic",11,39,22,"9981529"
46,"spotify:track:7uH27oIt4a6cIFCA8ZPcyG","Ozuna","Baila Baila Baila","Aura Music Corp.",12,29,16,"9919229"
47,"spotify:track:4cbdPT6uaBOgOQe3fLMofl","SZA, The Weeknd, Travis Scott, Game of Thrones","Power is Power (feat. The Weeknd & Travis Scott)","Columbia",31,31,2,"9734321"
48,"spotify:track:7eBqSVxrzQZtK2mmgRG6lC","YNW Melly","Murder on My Mind","P2018",19,46,11,"9626176"
49,"spotify:track:4HFpIAtiojlAuYNmITpYGn","Lizzo","Truth Hurts","Nice Life/Atlantic",49,-1,1,"9099342"
50,"spotify:track:3XF5xLJHOQQRbWya6hBp7d","Billie Eilish","you should see me in a crown","Darkroom/Interscope Records",15,47,14,"9070614"
51,"spotify:track:7FGq80cy8juXBCD2nrqdWU","benny blanco, Halsey, Khalid","Eastside (with Halsey & Khalid)","Friends Keep Secrets/Interscope Records",4,54,42,"8896715"
52,"spotify:track:3y3brCCecHC3Db18aIOnny","Kygo, Rita Ora","Carry On (from the Original Motion Picture ""POKÉMON Detective Pikachu"")","Palm Tree Records/RCA Records",52,55,2,"8838322"
53,"spotify:track:4w8niZpiMy6qz1mntFA5uM","DJ Snake, Selena Gomez, Ozuna, Cardi B","Taki Taki (with Selena Gomez, Ozuna & Cardi B)","DJ Snake Music Productions Limited, under exclusive license to Geffen Records",1,50,31,"8815176"
54,"spotify:track:5QiNbIilmMiMBXvaAlf7lN","The Chainsmokers, 5 Seconds of Summer","Who Do You Love","Disruptor Records/Columbia",33,56,12,"8761561"
55,"spotify:track:6jfEZdUJ2Yla6h7gTJgKuo","P!nk","Walk Me Home","RCA Records Label",55,89,10,"8647234"
56,"spotify:track:63cd4JkwGgYJrbOizbfmsp","Mustard, Migos","Pure Water (with Migos)","10 Summers Records/Interscope Records",38,57,15,"8594070"
57,"spotify:track:6zeeWid2sgw4lap2jV61PZ","Khalid","Better","Right Hand Music Group, LLC/RCA Records",7,49,33,"8586096"
58,"spotify:track:4u7EnebtmKWzUH433cf5Qv","Queen","Bohemian Rhapsody - Remastered 2011","EMI",11,53,35,"8497635"
59,"spotify:track:7dt6x5M1jzdTEt8oCbisTK","Post Malone","Better Now","Republic Records",1,59,53,"8491865"
60,"spotify:track:059bcIhyc2SBwm6sw2AZzd","Piso 21, Micro TDH","Te Vi","WM Mexico",50,69,16,"8449972"
61,"spotify:track:6IRdLKIyS4p7XNiP8r6rsx","Billie Eilish","all the good girls go to hell","Darkroom/Interscope Records",11,51,5,"8441114"
62,"spotify:track:5p1ex0pXv6jSPJ6QbumQpD","MEDUZA, Goodboys","Piece Of Your Heart","Universal-Island Records Ltd.",62,72,3,"8436545"
63,"spotify:track:7njKgVl3AnLflRad38o7AG","Bazzi","Paradise","iamcosmic",63,71,4,"8412802"
64,"spotify:track:44ZJ4hLD5onikKsVLQaILr","Stormzy","Vossi Bop","#Merky Records",64,-1,1,"8245515"
65,"spotify:track:116H0KvKr2Zl4RPuVBruDO","Bad Bunny, Drake","MIA","Rimas Entertainment LLC",1,60,29,"8233607"
66,"spotify:track:4Q8aDd3H6LF8t4eY7So9O8","Marshmello, Tyga, Chris Brown","Light It Up (with Tyga & Chris Brown)","Astralwerks",66,-1,1,"8224969"
67,"spotify:track:5itOtNx0WxtJmi1TQ3RuRd","Calvin Harris, Rag'n'Bone Man","Giant (with Rag'n'Bone Man)","Columbia",21,48,16,"8118611"
68,"spotify:track:0s5DNDV6LAKn2u2Ufa3VjQ","Mau y Ricky, Manuel Turizo, Camilo","Desconocidos","Sony Music Latin",34,65,25,"8112593"
69,"spotify:track:2H4gf1wLxvYreMj1jcaN0k","Dean Lewis","Be Alright","Universal Music Australia Pty. Ltd.",12,66,41,"8070338"
70,"spotify:track:09oZ9eXQ2fo6YDrPzJqAoP","Khalid, John Mayer","Outta My Head (with John Mayer)","Right Hand Music Group, LLC/RCA Records",17,58,4,"8064802"
71,"spotify:track:3Tc57t9l2O8FwQZtQOvPXK","Billie Eilish","my strange addiction","Darkroom/Interscope Records",16,61,5,"8057061"
72,"spotify:track:2xLMifQCjDGFmkHkpNLD9h","Travis Scott","SICKO MODE","Cactus Jack / Epic",2,63,39,"7985739"
73,"spotify:track:3JjaofJ0lCeEsFSZqppzOp","Sean Paul, J Balvin","Contra La Pared","Universal-Island Records Ltd.",73,76,7,"7885122"
74,"spotify:track:0e7ipj03S05BNilyu5bRzt","Post Malone, 21 Savage","rockstar (feat. 21 Savage)","Republic Records",1,70,85,"7742673"
75,"spotify:track:1tNJrcVe6gwLEiZCtprs1u","Dominic Fike","3 Nights","Columbia",75,103,5,"7708615"
76,"spotify:track:6FyRXC8tJUh863JCkyWqtk","Paulo Londra","Adan y Eva","WEA Latina",11,67,25,"7619684"
77,"spotify:track:7fa9MBXhVfQ8P8Df9OEbD8","Maroon 5, Cardi B","Girls Like You (feat. Cardi B) - Cardi B Version","Interscope Records*",2,68,48,"7597091"
78,"spotify:track:4QIo4oxwzzafcBWkKjDpXY","Billie Eilish","xanny","Darkroom/Interscope Records",13,62,5,"7538350"
79,"spotify:track:4NN6N5TxBO5k9uqu0W4gfQ","ScHoolboy Q, 21 Savage","Floating (feat. 21 Savage)","Top Dawg Entertainment/Interscope Records",79,-1,1,"7299902"
80,"spotify:track:285pBltuF7vW8TeWk8hdRR","Juice WRLD","Lucid Dreams","Juice WRLD Mixtape / ISR P&D",3,77,51,"7250620"
81,"spotify:track:6Hj9jySrnFppAI0sEMCZpJ","Juice WRLD","Robbery","Grade A Productions/Interscope Records",18,73,11,"7241528"
82,"spotify:track:7fODjB7BrQTGqh0hogW6XD","Sech, Justin Quiles, Maluma, Nicky Jam, Farruko, Dalex, Lenny Tavárez","Que Mas Pues - Remix","Rich Music/Ingrooves Records",82,106,3,"7138207"
83,"spotify:track:2vrpcQNg6itmgVZWsNjWe0","Sebastian Yatra, Reik","Un Año","UMLE - Latino",52,82,14,"6999939"
84,"spotify:track:2RSHsoi04658QL5xgQVov3","Imagine Dragons","Bad Liar","Kid Ina Korner / Interscope",17,78,25,"6990972"
85,"spotify:track:5JEx7HbmvHQQswJCsoo9rA","Ellie Goulding, Diplo, Swae Lee","Close To Me (with Diplo) (feat. Swae Lee)","Polydor Records",19,79,27,"6948310"
86,"spotify:track:7qiZfU4dY1lWllzX7mPBI3","Ed Sheeran","Shape of You","Atlantic Records UK",1,85,121,"6941231"
87,"spotify:track:1WSGTYKLEpKfNQYYW5Oymt","benny blanco, Selena Gomez, J Balvin, Tainy","I Can’t Get Enough (benny blanco, Selena Gomez, J Balvin, Tainy)","NEON16/Friends Keep Secrets/Interscope Records",21,64,9,"6932644"
88,"spotify:track:4PkIDTPGedm0enzdvilLNd","Ellie Goulding","Sixteen","Polydor Records",88,91,3,"6885971"
89,"spotify:track:3ee8Jmje8o58CHK66QrVC2","XXXTENTACION","SAD!","Bad Vibes Forever, LLC",1,83,61,"6865188"
90,"spotify:track:1Ej96GIBCTvgH7tNX1r3qr","Sech, Darell","Otro Trago","Rich Music/Ingrooves Records",90,-1,1,"6855804"
91,"spotify:track:3Ol2xnObFdKV9pmRD2t9x8","A Boogie Wit da Hoodie","Look Back at It","Highbridge the Label / Atlantic Records",20,75,19,"6796760"
92,"spotify:track:3g4UyIcQwutiG0TfW32GnX","Manuel Turizo, Ozuna","Esclavo de Tus Besos","Sony Music Latin/La Industria",73,90,10,"6749014"
93,"spotify:track:1LiN0Z98FkR1t0m8KmLcAH","Anuel AA, Haze","Amanece","House of Haze",45,87,20,"6725655"
94,"spotify:track:5kfNriitmkNE8mUbZ7gbq8","Khalid","Saturday Nights","Right Hand Music Group, LLC/RCA Records",19,81,26,"6656916"
95,"spotify:track:6vWEAOUSxohKxhp0K1BsxL","YNW Melly, Kanye West","Mixed Personalities (feat. Kanye West)","P2019",59,80,11,"6629113"
96,"spotify:track:2iUXsYOEPhVqEBwsqP70rE","5 Seconds of Summer","Youngblood","Capitol",8,88,55,"6595733"
97,"spotify:track:78QR3Wp35dqAhFEc2qAGjE","Lil Baby, Gunna","Drip Too Hard (Lil Baby & Gunna)","Quality Control Music/Young Stoner Life Records, a 300 Entertainment Label/Motown Records/Capitol Records",13,94,33,"6343454"
98,"spotify:track:05t7JMip6JrLuSrMV5yYjX","Calboy","Envy Me","Polo Grounds Music/RCA Records",97,97,9,"6336548"
99,"spotify:track:2EGtBS7Ws3ajiSkJLviFJ4","ScHoolboy Q, Travis Scott","CHopstix (feat. Travis Scott)","Top Dawg Entertainment/Interscope Records",99,192,3,"6317461"
100,"spotify:track:0JP9xo3adEtGSdUEISiszL","XXXTENTACION","Moonlight","Bad Vibes Forever, LLC",2,93,59,"6307659"
101,"spotify:track:3f5lA8nnc4YYF1qf78WpHw","Anuel AA, Romeo Santos","Ella Quiere Beber - Remix","Real Hasta La Muerte, LLC",33,84,26,"6278442"
102,"spotify:track:0pqnGHJpmpxLKifKRmU6WP","Imagine Dragons","Believer","Kid Ina Korner / Interscope",16,100,117,"6173838"
103,"spotify:track:6CcJMwBtXByIz4zQLzFkKc","Billie Eilish","i love you","Darkroom/Interscope Records",21,98,5,"6162507"
104,"spotify:track:4SHhui9S7lFYGHXikfneGo","Lauv","Drugs & The Internet","Lauv",104,-1,1,"6157312"
105,"spotify:track:1ThmUihH9dF8EV08ku5AXN","Ski Mask The Slump God","Faucet Failure","Republic Records",97,102,9,"6144807"
106,"spotify:track:2t8yVaLvJ0RenpXUIAC52d","21 Savage","a lot","Slaughter Gang, LLC/Epic Records",21,95,19,"6139934"
107,"spotify:track:2rbDhOo9Fh61Bbu23T2qCk","Lady Gaga","Always Remember Us This Way","A Star is Born OST",35,96,28,"6134272"
108,"spotify:track:2P91MQbaiQOfbiz9VqhqKQ","Lauv","I Like Me Better","Lauv",29,114,100,"6111346"
109,"spotify:track:7BuHdm4lQqcyG3qTwdkxus","Wisin & Yandel, Romeo Santos","Aullando","Sony Music Latin",109,123,9,"6105591"
110,"spotify:track:0PG9fbaaHFHfre2gUVo7AN","Cardi B, Bruno Mars","Please Me","Atlantic/KSR",20,86,11,"6101409"
111,"spotify:track:2BgEsaKNfHUdlh97KmvFyo","Anne-Marie","2002","Atlantic Records UK",27,104,54,"6090231"
112,"spotify:track:7mWFF4gPADjTQjC97CgFVt","Ozuna, Daddy Yankee, J Balvin, Farruko, Anuel AA","Baila Baila Baila - Remix","VP Records Corp/Dimelo Vi",112,-1,1,"6080047"
113,"spotify:track:0tgVpDi06FyKpA1z0VMD4v","Ed Sheeran","Perfect","Atlantic Records UK",4,112,113,"6056567"
114,"spotify:track:0E9ZjEAyAwOXZ7wJC0PD33","Dynoro, Gigi D'Agostino","In My Mind","Columbia/B1 Recordings",6,105,43,"6013466"
115,"spotify:track:5T8EDUDqKcs6OSOwEsfqG7","Queen","Don't Stop Me Now - Remastered 2011","EMI",51,99,27,"5997729"
116,"spotify:track:5KbBGUpIZd6gVFUU8tqYiQ","Myke Towers, Farruko","Si Se Da","2019 Casablanca Records & One World Music | Distributed by GLAD Empire",111,119,7,"5946051"
117,"spotify:track:40T5GIqQ1CegGm2PTEl8Bu","Billie Eilish","idontwannabeyouanymore","Darkroom",67,107,28,"5897871"
118,"spotify:track:7Feaw9WAEREY0DUOSXJLOM","Martin Garrix, Macklemore, Fall Out Boy","Summer Days (feat. Macklemore & Patrick Stump of Fall Out Boy)","Epic Amsterdam",118,-1,1,"5879721"
119,"spotify:track:58q2HKrzhC3ozto2nDdN4z","Cardi B, Bad Bunny, J Balvin","I Like It","Atlantic/KSR",2,111,56,"5874695"
120,"spotify:track:6tsOcBnaKgzK22yEiqRh8P","Ariana Grande, Victoria Monét","MONOPOLY (with Victoria Monét)","Republic Records",23,74,5,"5873850"
121,"spotify:track:2FXd6kKCtBIc6UfN1gH1pA","TWICE","FANCY","Republic Records - TWICE",121,-1,1,"5870284"
122,"spotify:track:5AjINjwKyRvQJhSe2zpPHi","Polo G, Lil Tjay","Pop Out (feat. Lil Tjay)","Columbia",122,142,2,"5819086"
123,"spotify:track:5IaHrVsrferBYDm0bDyABy","Tyga, Offset","Taste (feat. Offset)","Last Kings Music / EMPIRE",6,118,50,"5724863"
124,"spotify:track:7K7MUBCnzgBAvMVW2RTWNs","Loud Luxury, Brando","Body","Armada Music",19,116,48,"5662819"
125,"spotify:track:5vdp5UmvTsnMEMESIF2Ym7","Queen","Another One Bites The Dust - Remastered 2011","EMI",36,113,27,"5607317"
126,"spotify:track:5N5k9nd479b1xpDZ4usjrg","Calvin Harris, Sam Smith, Jessie Reyez","Promises (with Sam Smith)","Columbia",5,117,37,"5568369"
127,"spotify:track:3swc6WTsr7rl9DqQKQA55C","Post Malone, Ty Dolla $ign","Psycho (feat. Ty Dolla $ign)","Republic Records",2,127,62,"5555089"
128,"spotify:track:03x2rVJRFUrvwlfxoHd9Mo","Tom Walker","Just You and I","Relentless Records",92,92,9,"5542453"
129,"spotify:track:4T4CZ3Q4z3GG7lU720YYhM","Lunay, Gaby Music, Chris Jedi","Soltera","round2media - LaFamilia",104,131,8,"5534847"
130,"spotify:track:7m9OqQk4RVRkw9JJdeAw96","XXXTENTACION","Jocelyn Flores","Bad Vibes Forever / EMPIRE",7,128,88,"5520997"
131,"spotify:track:0FZ4Dmg8jJJAPJnvBIzD9z","Kodak Black, Offset, Travis Scott","ZEZE (feat. Travis Scott & Offset)","Atlantic Records",3,121,29,"5473283"
132,"spotify:track:2uIX8YMNjGMD7441kqyyNU","Billie Eilish","ocean eyes","Darkroom",108,134,31,"5450985"
133,"spotify:track:3oh6SCCeLuXhFpEyepla6G","Blueface","Thotiana","Fifth Amendment Entertainment/eOne Music",29,101,14,"5440990"
134,"spotify:track:6DCZcSspjsKoFjzjrWoCdn","Drake","God's Plan","Cash Money/Drake LP6",1,126,67,"5416813"
135,"spotify:track:1xzBco0xcoJEDXktl7Jxrr","Sheck Wes","Mo Bamba","Cactus Jack Records/ G.O.O.D. Music/ Interscope Records",11,122,37,"5385288"
136,"spotify:track:6WkJ2OK163XXS2oARUC9JM","Aaron Smith, Krono, Luvli","Dancin (feat. Luvli) - Krono Remix","Sony Music Entertainment",101,124,9,"5359951"
137,"spotify:track:7qEKqBCD2vE5vIBsrUitpD","Billie Eilish","ilomilo","Darkroom/Interscope Records",23,115,5,"5307145"
138,"spotify:track:1x4MJYA9mJRph3fygU51K4","Ufo361, RIN","Next","Stay High",138,-1,1,"5302420"
139,"spotify:track:45ZGEdLxCZvdMX9jWlsAAx","Why Don't We, Macklemore","I Don't Belong In This Club","Atlantic Records",139,165,2,"5301022"
140,"spotify:track:1zB4vmk8tFRmM9UULNzbLB","Imagine Dragons","Thunder","Kid Ina Korner / Interscope",8,137,105,"5285545"
141,"spotify:track:4NSW0Km5ZG60L8FthUebPJ","Jonas Blue, Theresa Rex","What I Like About You (feat. Theresa Rex)","Positiva",141,151,2,"5278573"
142,"spotify:track:51NFxnQvaosfDDutk0tams","Billie Eilish","bellyache","Darkroom",70,136,23,"5273599"
143,"spotify:track:2XKFnwB6djxrJCjR3PdeRb","Khalid","My Bad","Right Hand Music Group, LLC/RCA Records",25,109,8,"5235180"
144,"spotify:track:7ef4DlsgrMEH11cDZd32M6","Calvin Harris, Dua Lipa","One Kiss (with Dua Lipa)","Sony Music UK",2,135,56,"5201235"
145,"spotify:track:5uCax9HTNlzGybIStD3vDh","James Arthur","Say You Won't Let Go","Columbia",7,149,122,"5189914"
146,"spotify:track:3QmolSZqjjLksTUvZJ6pPS","Jonas Brothers","Cool","Jonas Brothers Recording",58,132,4,"5175928"
147,"spotify:track:2qT1uLXPVPzGgFOx4jtEuo","Ariana Grande","no tears left to cry","Republic Records",2,139,54,"5166758"
148,"spotify:track:0YammaEkYSeo9vQYZ1OwS6","David Guetta, Bebe Rexha, J Balvin","Say My Name","Parlophone (France)",68,133,32,"5162601"
149,"spotify:track:1mXVgsBdtIVeCLJnSnmtdV","Sam Smith","Too Good At Goodbyes","PLG - Capitol",1,148,85,"5105095"
150,"spotify:track:79esEXlqqmq0GPz0xQSZTV","Shawn Mendes","Lost In Japan","Island Records",23,141,27,"5088150"
151,"spotify:track:0tMSssfxAL2oV8Vri0mFHE","Billie Eilish","listen before i go","Darkroom/Interscope Records",31,129,5,"5076510"
152,"spotify:track:2G1tXoGBaEMJ7FKGnkf6ud","Gucci Mane, Bruno Mars, Kodak Black","Wake Up in the Sky","Guwop Enterprises/Atlantic",26,138,33,"5055826"
153,"spotify:track:09IStsImFySgyp0pIQdqAc","Zedd, Maren Morris, Grey","The Middle","UMGRI Interscope",6,144,66,"5049701"
154,"spotify:track:6MJUCumnQsQEKbCy28tbCP","Daddy Yankee, Anuel AA","Adictiva","Craft Latino",37,140,25,"5039710"
155,"spotify:track:3id2EVGKc3eFAMn9nFnB0r","Lukas Graham","Love Someone","Universal Music A/S",53,145,34,"5028518"
156,"spotify:track:22oEJW6r2rMb9z4IntfyEa","Panic! At The Disco","Hey Look Ma, I Made It","DCD2 / Fueled By Ramen",145,-1,2,"5026425"
157,"spotify:track:2gwkD6igEhQbDQegRCcdoB","DaBaby","Suge","South Coast Music Group/Interscope Records",157,-1,1,"4989466"
158,"spotify:track:4pCEIQ6wBVuaJdER5bALtO","Lil Uzi Vert","That's a Rack","Generation Now/Atlantic",154,166,3,"4986447"
159,"spotify:track:6mCqxnyOhr4tHMbRbQL4Yn","DJ Snake, Sheck Wes, Offset, 21 Savage, Gucci Mane","Enzo (with Sheck Wes, feat. Offset, 21 Savage & Gucci Mane)","DJ Snake Music Productions Limited",159,-1,1,"4931256"
160,"spotify:track:4WzhjxvLP95y7AMDy0Atwb","Alessia Cara","Out Of Love","Def Jam Recordings",160,-1,1,"4883956"
161,"spotify:track:4DbhxwlkhTbCTqlZptxmI6","Danny Ocean","Swing","Atlantic Records",161,177,3,"4859486"
162,"spotify:track:76cy1WJvNGJTj78UqeA5zr","Dua Lipa","IDGAF","Warner Records",4,153,70,"4838820"
163,"spotify:track:2YRvdf9cdS88y1wB1WhKoE","Guaynaa","Rebota","Guaynaa Records LLC",163,191,2,"4813275"
164,"spotify:track:2BM7nF0pMIpLQOT04o691Z","P!nk, Khalid","Hurts 2B Human (feat. Khalid)","RCA Records Label",164,-1,1,"4809746"
165,"spotify:track:75ZvA4QfFiZvzhj2xkaWAh","Post Malone","I Fall Apart","Universal Records",10,157,84,"4797581"
166,"spotify:track:6fxVffaTuwjgEk5h9QyRjy","Ed Sheeran","Photograph","Atlantic Records UK",41,173,113,"4776307"
167,"spotify:track:3a1lNhkSLSkpJE4MSHpDu9","Post Malone, Quavo","Congratulations","Universal Records",20,155,118,"4743249"
168,"spotify:track:4ZLzoOkj0MPWrTLvooIuaa","Kina, Snøw","Get You The Moon (feat. Snøw)","Columbia",168,-1,1,"4735246"
169,"spotify:track:2fuCquhmrzHpu5xcA1ci9x","Queen, David Bowie","Under Pressure - Remastered 2011","EMI",55,147,26,"4679289"
170,"spotify:track:27rdGxbavYJeBphck5MZAF","Mark Ronson, Miley Cyrus","Nothing Breaks Like a Heart (feat. Miley Cyrus)","Columbia",22,146,22,"4668857"
171,"spotify:track:2FY7b99s15jUprqC0M5NCT","Imagine Dragons","Natural","Kid Ina Korner / Interscope",19,154,41,"4662400"
172,"spotify:track:7BKLCZ1jbUBVqRi2FVlTVw","The Chainsmokers, Halsey","Closer","Disruptor Records/Columbia",2,169,122,"4642153"
173,"spotify:track:0k664IuFwVP557Gnx7RhIl","Lizzo","Juice","Nice Life/Atlantic",173,-1,1,"4640109"
174,"spotify:track:4NBTZtAt1F13VvlSKe6KTl","The Chainsmokers, Kelsea Ballerini","This Feeling","Disruptor Records/Columbia",23,168,32,"4627580"
175,"spotify:track:4au7FRcgZzChASRYu279xH","Daddy Yankee, Katy Perry, Snow","Con Calma - Remix","Craft Latino",143,143,2,"4617625"
176,"spotify:track:1rfofaqEpACxVEHIZBJe6W","Camila Cabello, Young Thug","Havana (feat. Young Thug)","Syco Music/Epic",1,158,91,"4607639"
177,"spotify:track:5MvLsT03RBp67RLoeISCdl","The Chainsmokers, Ty Dolla $ign, bülow","Do You Mean","Disruptor Records/Columbia",177,-1,1,"4556760"
178,"spotify:track:6RUKPb4LETWmmr3iAEQktW","The Chainsmokers, Coldplay","Something Just Like This","Disruptor Records/Columbia",2,174,98,"4548991"
179,"spotify:track:4ZT9FnbFu1PaBfV3itxiqT","Lil Skies","I","All We Got Ent.",58,183,9,"4543992"
180,"spotify:track:6tByydPskASjm9jTPkNQq0","ScHoolboy Q","Numb Numb Juice","Top Dawg Entertainment/Interscope Records",75,-1,3,"4521288"
181,"spotify:track:3S0OXQeoh0w6AY8WQVckRW","Jason Mraz","I'm Yours","Atlantic Records/ATG",124,178,41,"4517435"
182,"spotify:track:2G7V7zsVDxg1yRsu7Ew9RJ","Drake","In My Feelings","Cash Money/Drake LP6",1,163,44,"4498471"
183,"spotify:track:6X29iaaazwho3ab7GNue5r","Billie Eilish","8","Darkroom/Interscope Records",37,150,5,"4497335"
184,"spotify:track:08bNPGLD8AhKpnnERrAc6G","Marshmello, Anne-Marie","FRIENDS","Joytime Collective",4,164,64,"4494953"
185,"spotify:track:59ywHNwwchG4nZJMLyxSzd","Offset, Cardi B","Clout (feat. Cardi B)","Quality Control Music/Motown Records",185,-1,1,"4484454"
186,"spotify:track:4VUwkH455At9kENOfzTqmF","Bazzi, Camila Cabello","Beautiful (feat. Camila Cabello)","iamcosmic",30,159,39,"4470612"
187,"spotify:track:0NJp8GyCOWnQh71xKSPfuV","Tory Lanez","Freaky","Mad Love/Interscope Records",148,175,7,"4461040"
188,"spotify:track:7AFASza1mXqntmGtbxXprO","XXXTENTACION","changes","Bad Vibes Forever, LLC",9,179,61,"4405544"
189,"spotify:track:703iVQrfbQsXt7Uzgy1h8k","Sebastian Yatra","Cristina","UMLE - Latino",131,152,6,"4398695"
190,"spotify:track:1Slwb6dOYkBlWal1PGtnNg","Ed Sheeran","Thinking out Loud","Atlantic Records UK",58,194,116,"4392852"
191,"spotify:track:0A5gdlrpAuQqZ2iFgnqBFW","Gaullin","Moonlight","Columbia/B1 Recordings",148,170,6,"4391598"
192,"spotify:track:7GX5flRQZVHRAGd6B4TmDO","Lil Uzi Vert","XO Tour Llif3","Generation Now/Atlantic",10,184,109,"4334696"
193,"spotify:track:2xJCMIJfcNYDc5iR0sAm2O","Dua Lipa","New Rules","Warner Records",2,185,95,"4333091"
194,"spotify:track:3U4isOIWM3VvDubwSI3y7a","John Legend","All of Me","G.O.O.D. Music/Columbia",147,-1,22,"4327550"
195,"spotify:track:2x8TNY9KwNvD19gVGs4WOP","MC Kevin o Chris","Ela É do Tipo","ADpar",158,171,4,"4310275"
196,"spotify:track:2D3z17LBMJ2HEHeBFFjTLi","J Balvin","Reggaeton","UMLE - Latino",74,176,23,"4307147"
197,"spotify:track:4ofwffwvvnbSkrMSCKQDaC","George Ezra","Shotgun","Columbia",35,156,45,"4307076"
198,"spotify:track:5qqabIl2vWzo9ApSC317sa","Oasis","Wonderwall - Remastered","Big Brother",152,180,70,"4297558"
199,"spotify:track:5hnbE5BF2e8BCk9OMR1UVC","BTS","Mikrokosmos","BIGHIT MUSIC",33,108,3,"4294750"
200,"spotify:track:1rCcsYnmqbMYdkG7kS9GC5","Robin Schulz, Erika Sirola","Speechless (feat. Erika Sirola)","WM Germany",116,167,14,"4276795"
