﻿rank,uri,artist_names,track_name,source,peak_rank,previous_rank,weeks_on_chart,streams
1,"spotify:track:0VjIjW4GlUZAMYd2vXMi3b","The Weeknd","Blinding Lights","Republic Records",1,1,25,"37691387"
2,"spotify:track:7ytR5pFWmSjzHJIeQkgog4","DaBaby, Roddy Ricch","ROCKSTAR (feat. Roddy Ricch)","South Coast Music Group/Interscope Records",2,6,5,"35184237"
3,"spotify:track:24Yi9hE78yPEbZ4kxyoXAI","SAINt JHN, Imanbek","Roses - Imanbek Remix","Columbia/B1 Recordings",3,3,23,"32559002"
4,"spotify:track:466cKvZn1j45IpxDdYZqdA","Drake","Toosie Slide","OVO",2,5,7,"28135263"
5,"spotify:track:7eJMfftS33KTjuF7lTsMCx","Powfu, beabadoobee","death bed (coffee for your head)","Columbia",4,8,14,"27735375"
6,"spotify:track:4NhDYoQTYCdWHTvlbGVgwo","6ix9ine","GOOBA","Scumgang Records",4,4,2,"26629015"
7,"spotify:track:39Yp9wwQiSRIDOvrVg7mbk","THE SCOTTS, Travis Scott, Kid Cudi","THE SCOTTS","Cactus Jack / Epic",1,7,4,"26325397"
8,"spotify:track:4HBZA5flZLE435QTztThqH","Ariana Grande, Justin Bieber","Stuck with U (with Justin Bieber)","Ariana Grande & Justin Bieber ""Stuck With U""- Charity",2,2,2,"25771347"
9,"spotify:track:3PfIrDoz19wz7qK7tYeu62","Dua Lipa","Don't Start Now","Warner Records",2,9,29,"23461073"
10,"spotify:track:1rgnBhdG2JDFTbYkYRZAku","Tones And I","Dance Monkey","Elektra (NEK)",1,10,44,"21432028"
11,"spotify:track:22LAwLoDA5b4AaGSkg6bKW","Lil Mosey","Blueberry Faygo","Mogul Vision/Interscope Records",8,11,15,"21339244"
12,"spotify:track:0nbXyq5TXYPCO7pr3N8S4I","Roddy Ricch","The Box","Atlantic Records",1,12,23,"20318775"
13,"spotify:track:017PF4Q3l4DBUiWoXk4OWT","Dua Lipa","Break My Heart","Warner Records",7,14,8,"19242686"
14,"spotify:track:4nK5YrxbMGZstTLbvj6Gxw","BENEE, Gus Dapperton","Supalonely","Republic Records",12,13,11,"19176048"
15,"spotify:track:62aP9fBQKYKxi7PDXwcUAS","Surf Mesa, Emilee","ily (i love you baby) (feat. Emilee)","Astralwerks",15,19,8,"18261356"
16,"spotify:track:4umIPjkehX1r7uhmGvXiSV","Justin Bieber, Quavo","Intentions (feat. Quavo)","RBMG/Def Jam",5,16,15,"16662888"
17,"spotify:track:1Cv1YLb4q0RzL6pybtaMLo","Surfaces","Sunday Best","Surfaces Music / TenThousand Projects, LLC",13,18,18,"16001066"
18,"spotify:track:2rRJrJEo19S2J82BDsQ3F7","Trevor Daniel","Falling","Alamo",5,17,27,"15900117"
19,"spotify:track:3Dv1eDb0MEgF93GpLXlucZ","Doja Cat","Say So","Kemosabe Records/RCA Records",6,15,21,"15775226"
20,"spotify:track:7qEHsqek33rTcFNT9PFqLf","Lewis Capaldi","Someone You Loved","Vertigo Berlin",4,21,72,"14955170"
21,"spotify:track:5v4GgrXPMghOnBBLmveLac","Megan Thee Stallion, Beyoncé","Savage Remix (feat. Beyoncé)","300 Entertainment",13,20,4,"14758194"
22,"spotify:track:78qd8dvwea0Gosb6Fe6j3k","Doja Cat","Boss Bitch","Atlantic Records",21,23,12,"14384837"
23,"spotify:track:21jGcNKet2qwijlDFuPiPb","Post Malone","Circles","Republic Records",1,26,38,"14251526"
24,"spotify:track:0SqqAgdovOE24BzxIClpjw","Bad Bunny","Yo Perreo Sola","Rimas Entertainment LLC",18,25,12,"14065256"
25,"spotify:track:11VApNQCWLJdzxWrlmwzUa","Doja Cat, Nicki Minaj","Say So (feat. Nicki Minaj)","Kemosabe Records/RCA Records",25,37,3,"14058611"
26,"spotify:track:4DpNNXFMMxQEKl7r0ykkWA","Melanie Martinez","Play Date","Atlantic Records",26,36,4,"13829838"
27,"spotify:track:1K5KBOgreBi5fkEHvg5ap3","Future, Drake","Life Is Good (feat. Drake)","Epic/Freebandz",3,39,19,"13808962"
28,"spotify:track:3Z8FwOEN59mRMxDCtb8N0A","Marshmello, Halsey","Be Kind (with Halsey)","Astralwerks",22,22,3,"13678180"
29,"spotify:track:6gBFPUFcJLzWGx4lenP6h2","Travis Scott","goosebumps","Cactus Jack / Epic",13,24,145,"13616931"
30,"spotify:track:696DnlkuDOXcMAnKlTgXXK","Arizona Zervas","ROXANNE","Arizona Zervas",2,29,30,"13413176"
31,"spotify:track:1jaTQ3nqY3oAAYyCTbIvnM","Jack Harlow","WHATS POPPIN","Generation Now/Atlantic",26,30,16,"13369562"
32,"spotify:track:3jjujdWJ72nww5eGnfs2E7","Harry Styles","Adore You","Columbia",6,33,24,"13347306"
33,"spotify:track:5RqR4ZCCKJDcBLIn4sih9l","StaySolidRocky","Party Girl","Columbia",33,52,3,"13149805"
34,"spotify:track:2xLMifQCjDGFmkHkpNLD9h","Travis Scott","SICKO MODE","Cactus Jack / Epic",2,28,94,"12769185"
35,"spotify:track:7k4t7uLgtOxPwTpFmtJNTY","KAROL G, Nicki Minaj","Tusa","TUSA - Karol G & Nicki Minaj",3,35,28,"12563424"
36,"spotify:track:7szuecWAPwGoV1e5vGu8tl","The Weeknd","In Your Eyes","Republic Records",6,31,9,"12273484"
37,"spotify:track:3eekarcy7kvN4yt5ZFzltW","Travis Scott","HIGHEST IN THE ROOM","Cactus Jack/Epic",1,34,33,"11927550"
38,"spotify:track:2DEZmgHKAvm41k4J3R2E9Y","Bad Bunny, Jowell & Randy, Ñengo Flow","Safaera","Rimas Entertainment LLC",9,32,12,"11909674"
39,"spotify:track:3H7ihDc1dqLriiWXwsc2po","Topic, A7S","Breaking Me","Intercord",39,51,9,"11605526"
40,"spotify:track:2gMXnyrvIjhVBUZwvLZDMP","Lewis Capaldi","Before You Go","Vertigo Berlin",19,40,26,"11514949"
41,"spotify:track:3AzjcOeAmA57TIOr9zF1ZW","Dua Lipa","Physical","Warner Records",12,38,16,"11448562"
42,"spotify:track:0OyQns5ayNK2OVaES0Vb8t","Juice WRLD","Righteous","Grade A Productions/Interscope Records",10,27,4,"11354554"
43,"spotify:track:527k23H0A4Q0UJN3vGs0Da","Don Toliver","After Party","We Run It Ent./Cactus Jack/Atlantic",43,53,5,"11255838"
44,"spotify:track:7xbWAw3LMgRMn4omR5yVn3","Kygo, OneRepublic","Lose Somebody","Kygo",44,-1,1,"11233867"
45,"spotify:track:2b8fOow8UzyDFAE27YhOZM","Maroon 5","Memories","Interscope Records*",2,41,35,"11035416"
46,"spotify:track:2Fxmhks0bxGSBdJ92vM42m","Billie Eilish","bad guy","Darkroom/Interscope Records",1,44,60,"10814104"
47,"spotify:track:380HmhwTE2NJgawn1NwkXi","J Balvin","Rojo","UMLE - Latino",14,46,12,"10743411"
48,"spotify:track:2kJwzbxV2ppxnQoYw4GLBZ","JP Saxe, Julia Michaels","If the World Was Ending (feat. Julia Michaels)","Arista Records",38,43,28,"10580861"
49,"spotify:track:0jT8Nl0shPS8115is0wD2Q","Camilo","Favorito","Sony Music Latin",29,42,7,"10504001"
50,"spotify:track:6v3KW9xbzN5yKLt9YKDYA2","Shawn Mendes, Camila Cabello","Señorita","Island Records",1,50,48,"10277342"
51,"spotify:track:4kfeRwpq5KUaqTkgi4TbDF","Future, Travis Scott","Solitaires (feat. Travis Scott)","Epic/Freebandz",51,-1,1,"9952693"
52,"spotify:track:4uqh9bualXNHXXwO2wPorc","Katy Perry","Daisies","Capitol Records",52,-1,1,"9468155"
53,"spotify:track:55CHeLEfn5iJ0IIkgaa4si","Megan Thee Stallion","Savage","300 Entertainment",16,49,9,"9438110"
54,"spotify:track:5XqCz18k96K8tx6DAYM97i","Bad Bunny, Don Omar","PA' ROMPERLA","Rimas Entertainment LLC",47,47,2,"9309967"
55,"spotify:track:0FktnzDqjClqU6iqOZVEs2","Bad Bunny","BYE ME FUI","Rimas Entertainment LLC",48,48,2,"9072151"
56,"spotify:track:0RiRZpuVRbi7oqRdSMwhQY","Post Malone, Swae Lee","Sunflower - Spider-Man: Into the Spider-Verse","Republic Records",1,61,83,"9069172"
57,"spotify:track:7FIWs0pqAYbP91WWM0vlTQ","Eminem, Juice WRLD","Godzilla (feat. Juice WRLD)","Shady/Aftermath/Interscope Records",4,57,18,"8993884"
58,"spotify:track:2tnVG71enUj33Ic2nFN6kZ","Regard","Ride It","Ministry of Sound Recordings",12,64,37,"8929941"
59,"spotify:track:2alc8VZAzDgdAsL2QMk3hu","DripReport","Skechers","Arista Records",31,54,10,"8903122"
60,"spotify:track:3ZCTVFBt2Brf31RLEnCkWJ","Billie Eilish","everything i wanted","Darkroom/Interscope Records",2,55,28,"8877852"
61,"spotify:track:4TOmcZvw0gHa7GiXRbcYAW","Feid, Justin Quiles","PORFA","JP Entertainment (Jorge Pino)",56,65,7,"8733677"
62,"spotify:track:4cSSL3YafYjM3yjgFO1vJg","NLE Choppa, Roddy Ricch","Walk Em Down (feat. Roddy Ricch)","Warner Records",50,67,9,"8658219"
63,"spotify:track:4wVOKKEHUJxHCFFNUWDn0B","Drake, GIVĒON","Chicago Freestyle (feat. Giveon)","OVO",23,80,3,"8495499"
64,"spotify:track:6UelLqGlWMcVH1E5c4H7lY","Harry Styles","Watermelon Sugar","Columbia",14,118,27,"8459763"
65,"spotify:track:0u2P5u6lvoDfwTYjAADbn4","Billie Eilish, Khalid","lovely (with Khalid)","Darkroom",24,66,109,"8236665"
66,"spotify:track:6zEgnpM0qYmHLDnh8WPejL","J Balvin","Amarillo","UMLE - Latino",26,69,9,"8098294"
67,"spotify:track:14wf185UxfNbSy8dwt4r4q","Black Eyed Peas, Ozuna, J. Rey Soul","MAMACITA","Universal Music Division Polydor France",67,93,5,"7991368"
68,"spotify:track:6NfrH0ANGmgBXyxgV2PeXt","Bad Bunny","La Difícil","Rimas Entertainment LLC",5,68,12,"7837005"
69,"spotify:track:7na7Bk98usp84FaOJFPv3d","Rauw Alejandro","Tattoo","(SME US Latin) Duars Entertainment, Corp. (2)",42,71,13,"7795114"
70,"spotify:track:50ZC4PM7hywH27RcCfViau","Rauw Alejandro, Dalex, Lenny Tavárez, Dímelo Flow","Elegí (feat. Dímelo Flow)","Sony Music Latin",70,78,7,"7784306"
71,"spotify:track:285pBltuF7vW8TeWk8hdRR","Juice WRLD","Lucid Dreams","Juice WRLD Mixtape / ISR P&D",3,73,106,"7778499"
72,"spotify:track:7vgv8KZBSo0TPzyIWG9yzV","Ava Max","Salt","Atlantic Records",70,74,8,"7771808"
73,"spotify:track:7aiClxsDWFRQ0Kzk5KI5ku","blackbear","hot girl bummer","Alamo",9,76,39,"7574089"
74,"spotify:track:7CHi4DtfK4heMlQaudCuHK","MEDUZA, Becky Hill, Goodboys","Lose Control","Intercord",27,75,31,"7562285"
75,"spotify:track:38RIEav39FGi86jppxO0du","Bad Bunny, Sech","Ignorantes","Rimas Entertainment LLC",6,70,14,"7419185"
76,"spotify:track:0hVXuCcriWRGvwMV1r5Yn9","Ed Sheeran & Justin Bieber, Justin Bieber","I Don't Care (with Justin Bieber)","Atlantic Records UK",1,79,54,"7397665"
77,"spotify:track:2tFwfmceQa1Y6nRPhYbEtC","JHAYCO, Bad Bunny","CÓMO SE SIENTE - Remix","N&E Entertainment LLC",63,63,2,"7174336"
78,"spotify:track:5bmSver2b3ZXyuyLKtgnFI","Bad Bunny, Nicky Jam","BAD CON NICKY","Rimas Entertainment LLC",60,60,2,"7168066"
79,"spotify:track:35KmOEIUqAGn02t7n4qaIr","J Balvin","Morado","UMLE - Latino",33,81,19,"7161809"
80,"spotify:track:6cy3ki60hLwimwIje7tALf","Black Eyed Peas, J Balvin","RITMO (Bad Boys For Life)","Epic/We The Best",9,85,32,"7017495"
81,"spotify:track:41wtwzCZkXwpnakmwJ239F","Bad Bunny","Si Veo a Tu Mamá","Rimas Entertainment LLC",7,77,12,"6967070"
82,"spotify:track:3pm4XtcsRIFFtH2UErk62R","Yandel, Bad Bunny","CANCIÓN CON YANDEL","Rimas Entertainment LLC",59,59,2,"6896664"
83,"spotify:track:2VxeLyX666F8uXCJ0dZF8B","Lady Gaga, Bradley Cooper","Shallow","A Star is Born OST",3,89,86,"6831943"
84,"spotify:track:3goH7O78TLkV9RhCAyM4AT","Apache 207","Fame","Four Music Local",45,45,2,"6813985"
85,"spotify:track:4EJHKSnHENfjOxXWryyNtL","Bad Bunny, Zion & Lennox","MÁS DE UNA CITA","Rimas Entertainment LLC",56,56,2,"6728469"
86,"spotify:track:3JHpk0DOTOzyh0777JFAky","Myke Towers","Diosa","2020 One World Music & Casablanca Records | Powered by GLAD Empire, LL",49,87,14,"6726872"
87,"spotify:track:16wAOAZ2OkqoIDN7TpChjR","Justin Bieber","Yummy","RBMG/Def Jam",2,84,20,"6714952"
88,"spotify:track:2wrJq5XKLnmhRXHIAf9xBa","Dan + Shay, Justin Bieber","10,000 Hours (with Justin Bieber)","Warner Records Nashville",5,90,33,"6573643"
89,"spotify:track:2QqJTIlGKRLJC3onkavYEz","Polo G, Juice WRLD","Flex (feat. Juice WRLD)","Columbia",89,-1,1,"6500604"
90,"spotify:track:3QzAOrNlsabgbMwlZt7TAY","Mustard, Roddy Ricch","Ballin' (with Roddy Ricch)","10 Summers Records/Interscope Records",37,94,33,"6491055"
91,"spotify:track:61ZM92T2zaXIVsqncThQzC","Robin Schulz, Alida","In Your Eyes (feat. Alida)","WM Germany",84,111,10,"6413722"
92,"spotify:track:77fvnWALKJR0ws1VUx09CY","Jonas Brothers, KAROL G","X (with KAROL G)","Republic Records",92,-1,1,"6344615"
93,"spotify:track:70eFcWOvlMObDhURTqT4Fv","Ed Sheeran, Khalid","Beautiful People (feat. Khalid)","Atlantic Records UK",3,102,47,"6338620"
94,"spotify:track:4HDCLYli2SUdkq9OjmvhSD","PARTYNEXTDOOR, Rihanna","BELIEVE IT","OVO Sound",22,96,8,"6322977"
95,"spotify:track:1fipvP2zmef6vN2IwXfJhY","Sam Smith, Demi Lovato","I’m Ready (with Demi Lovato)","PLG - Capitol",27,72,5,"6313018"
96,"spotify:track:6ocbgoVGwYJhOv1GgI9NsF","Ariana Grande","7 rings","Republic Records",1,100,70,"6279485"
97,"spotify:track:07KXEDMj78x68D884wgVEm","Roddy Ricch, Mustard","High Fashion (feat. Mustard)","Atlantic Records",29,91,19,"6278592"
98,"spotify:track:76nqCfJOcFFWBJN32PAksn","Ava Max","Kings & Queens","Atlantic Records",98,113,8,"6276241"
99,"spotify:track:4EivmOT13NMpNSfTKn9p4s","Doja Cat, Gucci Mane","Like That (feat. Gucci Mane)","Kemosabe Records/RCA Records",69,97,10,"6265648"
100,"spotify:track:6xZ4Q2k2ompmDppyeESIY8","Twenty One Pilots","Level of Concern","Fueled By Ramen",30,92,6,"6237173"
101,"spotify:track:43zdsphuZLzwA9k4DJhU0I","Billie Eilish","when the party's over","Darkroom/Interscope Records",9,95,83,"6226671"
102,"spotify:track:6ap9lSRJ0iLriGLqoJ44cq","24kGoldn","CITY OF ANGELS","Records/Columbia",54,98,13,"6208728"
103,"spotify:track:7lidXGPXPYLNThITAOTlkK","Halsey","You should be sad","Capitol Records",16,99,19,"6205571"
104,"spotify:track:0TrPqhAMoaKUFLR7iYDokf","Khalid, Disclosure","Know Your Worth","Right Hand Music Group, LLC/RCA Records",36,103,15,"6201670"
105,"spotify:track:021lWIHJrURZrmvYQ1xcM8","Future, Lil Uzi Vert","All Bad (feat. Lil Uzi Vert)","Epic/Freebandz",105,-1,1,"6194224"
106,"spotify:track:0pqnGHJpmpxLKifKRmU6WP","Imagine Dragons","Believer","Kid Ina Korner / Interscope",16,106,172,"6117756"
107,"spotify:track:6Kj17Afjo1OKJYpf5VzCeo","Drake, Playboi Carti","Pain 1993 (with Playboi Carti)","OVO",12,58,3,"6085143"
108,"spotify:track:0e7ipj03S05BNilyu5bRzt","Post Malone, 21 Savage","rockstar (feat. 21 Savage)","Republic Records",1,110,140,"6071134"
109,"spotify:track:3H3r2nKWa3Yk5gt8xgmsEt","Sam Fischer","This City","RCA Records Label",109,109,5,"6061520"
110,"spotify:track:740kQ8xwSGloumdiKR5Cwz","Future, YoungBoy Never Broke Again","Trillionaire (feat. Youngboy Never Broke Again)","Epic/Freebandz",110,-1,1,"6057848"
111,"spotify:track:4PV0uE5pZSh44E3NqNNDEH","Madison Beer","Selfish","Epic/Sing It Loud",79,101,7,"6052628"
112,"spotify:track:1ZMiCix7XSAbfAJlEZWMCp","Harry Styles","Falling","Columbia",29,114,23,"6039862"
113,"spotify:track:0pYacDCZuRhcrwGUA5nTBe","IU, SUGA","eight(Prod.&Feat. SUGA of BTS)","EDAM Entertainment",62,62,3,"6012697"
114,"spotify:track:5stPVcRqb4qixbafP9e8lt","Dalex, Lenny Tavárez, Chencho Corleone, Juhn, Dímelo Flow","Hola - Remix","Rich Music",29,112,27,"5801991"
115,"spotify:track:7m9OqQk4RVRkw9JJdeAw96","XXXTENTACION","Jocelyn Flores","Bad Vibes Forever / EMPIRE",7,117,142,"5790128"
116,"spotify:track:1lOe9qE0vR9zwWQAOk6CoO","Lil Tecca","Ransom","Republic Records",3,119,51,"5759650"
117,"spotify:track:2dpaYNEQHiRxtZbfNsse99","Marshmello, Bastille","Happier","Joytime Collective",2,120,92,"5705246"
118,"spotify:track:4u7EnebtmKWzUH433cf5Qv","Queen","Bohemian Rhapsody - Remastered 2011","EMI",11,123,90,"5702769"
119,"spotify:track:3ee8Jmje8o58CHK66QrVC2","XXXTENTACION","SAD!","Bad Vibes Forever, LLC",1,121,116,"5697965"
120,"spotify:track:7IMwEtpAiJanqF6vQteZN2","NAV, Gunna, Travis Scott","Turks (with Gunna & ft. Travis Scott)","Republic Records",25,86,8,"5680412"
121,"spotify:track:7sQKy5vlPQllr0k9IjYJv3","Arcángel, Sech, Dímelo Flow","Sigues Con El","Rimas Entertainment LLC.",21,108,22,"5661377"
122,"spotify:track:7qiZfU4dY1lWllzX7mPBI3","Ed Sheeran","Shape of You","Atlantic Records UK",1,129,176,"5643957"
123,"spotify:track:69vlMrzHwATKzupwNcUPyK","Bad Bunny, Daddy Yankee","La Santa","Rimas Entertainment LLC",14,107,12,"5625603"
124,"spotify:track:2n7ohqg1s68ToAHh4u9mcW","Bad Bunny","Vete","Rimas Entertainment LLC",10,105,26,"5603103"
125,"spotify:track:51Fjme0JiitpyXKuyQiCDo","Y2K, bbno$","Lalala","Columbia",4,124,48,"5591421"
126,"spotify:track:3kW4z2pIj5VY5fLjBrMRL5","Lil Uzi Vert","P2","Generation Now/Atlantic",21,115,11,"5557772"
127,"spotify:track:56uXDJRCuoS7abX3SkzHKQ","Lil Uzi Vert","Myron","Generation Now/Atlantic",32,139,10,"5543994"
128,"spotify:track:4PklAHGXT5ityno3IA8SKd","Polo G, Stunna 4 Vegas, NLE Choppa, Mike WiLL Made-It","Go Stupid","Columbia",105,-1,10,"5464816"
129,"spotify:track:3ZG8N7aWw2meb6UrI5ZmnZ","Sech","Relación","Rich Music",129,173,3,"5405547"
130,"spotify:track:6Gg1gjgKi2AK4e0qzsR7sd","Juice WRLD, YoungBoy Never Broke Again","Bandit (with YoungBoy Never Broke Again)","Grade A Productions/Interscope Records",14,128,33,"5358661"
131,"spotify:track:6Hj9jySrnFppAI0sEMCZpJ","Juice WRLD","Robbery","Grade A Productions/Interscope Records",18,134,44,"5351486"
132,"spotify:track:2lCkncy6bIB0LTMT7kvrD1","J Balvin","Azul","UMLE - Latino",61,133,9,"5348126"
133,"spotify:track:5DqdesEfbRyOlSS3Tf6c29","Ali Gatie","It's You","Warner Records",27,127,49,"5343034"
134,"spotify:track:0tgVpDi06FyKpA1z0VMD4v","Ed Sheeran","Perfect","Atlantic Records UK",4,135,167,"5340516"
135,"spotify:track:5uCax9HTNlzGybIStD3vDh","James Arthur","Say You Won't Let Go","Columbia",7,132,176,"5332352"
136,"spotify:track:6Ozh9Ok6h4Oi1wUSLtBseN","DaBaby","BOP","South Coast Music Group/Interscope Records",23,141,34,"5331453"
137,"spotify:track:4SJHHpKhcuXwDsCsPqshXj","Rauw Alejandro, Chencho Corleone","El Efecto","Duars Entertainment, Corp.",137,169,2,"5324646"
138,"spotify:track:6FZDfxM3a3UCqtzo5pxSLZ","Halsey","Without Me","Capitol Records",4,137,85,"5262780"
139,"spotify:track:4wNIkl5XGiAACjFBlDWuSd","Jonas Brothers","What A Man Gotta Do","Republic Records",27,142,18,"5245773"
140,"spotify:track:6gi6y1xwmVszDWkUqab1qw","JACKBOYS, Travis Scott, Young Thug","OUT WEST (feat. Young Thug)","Cactus Jack/Epic",27,126,21,"5214181"
141,"spotify:track:6J2LdBN97cDWn0MLxYh9HB","Noah Cyrus","July","Records/Columbia",77,160,28,"5179311"
142,"spotify:track:7AzlLxHn24DxjgQX73F9fU","Don Toliver","No Idea","We Run It Ent./Cactus Jack/Atlantic",26,138,25,"5176545"
143,"spotify:track:2ksOAxtIxY8yElEWw8RhgK","Anuel AA, Daddy Yankee, KAROL G, J Balvin, Ozuna","China","2019 Real Hasta La Muerte, LLC.",2,143,44,"5169798"
144,"spotify:track:6vBdBCoOhKHiYDDOcorfNo","Post Malone, Young Thug","Goodbyes (feat. Young Thug)","Republic Records",2,144,46,"5164026"
145,"spotify:track:0fea68AdmYNygeTGI4RC18","J Balvin, Bad Bunny","LA CANCIÓN","Universal Music Latino / Rimas",17,136,47,"5163014"
146,"spotify:track:5m3jpKkgkfoMcym1qjToFg","Alex Rose, Rafa Pabön","Jangueo","Los Oidos Fresh/ Los Proximos",122,140,10,"5150168"
147,"spotify:track:4R8BJggjosTswLxtkw8V7P","JHAYCO, J Balvin, Bad Bunny","No Me Conoce - Remix","N&E Entertainment LLC",20,146,52,"5135080"
148,"spotify:track:3frUvGrmGcay91lvFbOgsN","Kygo, Zara Larsson, Tyga","Like It Is","Kygo",43,88,8,"5074651"
149,"spotify:track:3tv697PZNnaQN0Mn2zGhS5","Gusttavo Lima","A Gente Fez Amor - Ao Vivo","Sony Music Entertainment",149,164,10,"5006457"
150,"spotify:track:4l0Mvzj72xxOpRrp6h8nHi","Selena Gomez","Lose You To Love Me","Interscope Records",1,145,31,"4986909"
151,"spotify:track:2YpeDb67231RjR0MgVLzsG","Lil Nas X, Billy Ray Cyrus","Old Town Road (feat. Billy Ray Cyrus) - Remix","Columbia",2,151,59,"4979900"
152,"spotify:track:25sgk305KZfyuqVBQIahim","Ava Max","Sweet but Psycho","Atlantic Records",6,158,86,"4975922"
153,"spotify:track:4Of7rzpRpV1mWRbhp5rAqG","Lewis Capaldi","Bruises","Vertigo Berlin",66,147,43,"4961605"
154,"spotify:track:3yOlyBJuViE2YSGn3nVE1K","Camila Cabello, DaBaby","My Oh My (feat. DaBaby)","Syco Music/Epic",15,104,24,"4947638"
155,"spotify:track:4ZLzoOkj0MPWrTLvooIuaa","Kina, Snøw","Get You The Moon (feat. Snøw)","Columbia",95,148,49,"4920609"
156,"spotify:track:22vgEDb5hykfaTwLuskFGD","Jonas Brothers","Sucker","Jonas Brothers Recording",2,163,64,"4919964"
157,"spotify:track:1mohfLaTJtB2RplHLQVM70","Nio Garcia, Anuel AA, Myke Towers, Brray, Juanka","La Jeepeta - Remix","2020 Flow La Movie, Inc. | Powered by GLAD Empire, LLC",157,-1,1,"4912684"
158,"spotify:track:0eeKDrQxjqNl5bX5VCHDcn","Justin Quiles, Daddy Yankee, El Alfa","PAM","WEA Latina",158,-1,1,"4912366"
159,"spotify:track:2iUXsYOEPhVqEBwsqP70rE","5 Seconds of Summer","Youngblood","Capitol",8,159,106,"4903234"
160,"spotify:track:6K4t31amVTZDgR3sKmwUJJ","Tame Impala","The Less I Know The Better","Universal Music Australia Pty. Ltd.",156,168,19,"4897283"
161,"spotify:track:5CqkgDH8QZjSqqI3HmYxDD","Pashanim","Airwaves","Urban",161,-1,1,"4839470"
162,"spotify:track:7xQAfvXzm3AkraOtGPWIZg","Post Malone","Wow.","Republic Records",2,167,74,"4838970"
163,"spotify:track:4zTPYAf5scZdp0LnwPPeWK","Sleepy Hallow, Fousheé","Deep End Freestyle","Winners Circle Entertainment Inc / EMPIRE",163,-1,1,"4810803"
164,"spotify:track:6mAN61JH0dzyZpWslS11jy","Rauw Alejandro, Farruko","Fantasias","(SME US Latin) Duars Entertainment, Corp. (2)",28,156,34,"4809612"
165,"spotify:track:74j34STf8L6uADnTN69ohv","Rauw Alejandro, Chencho Corleone, KEVVO, Bryant Myers, Lyanno, Dalex","El Efecto - Remix","(SME US Latin) Duars Entertainment, Corp. (2)",165,186,2,"4802502"
166,"spotify:track:5qrSlOut2rNAWv3ubArkNy","Dean Lewis","Be Alright","Universal Music Australia Pty. Ltd.",12,162,92,"4787563"
167,"spotify:track:5ry2OE6R2zPQFDO85XkgRb","Drake, Rick Ross","Money In The Grave (Drake ft. Rick Ross)","Republic Records",5,170,49,"4755849"
168,"spotify:track:5iFwAOB2TFkPJk8sMlxP8g","PUBLIC","Make You Mine","Island Records",125,154,10,"4753707"
169,"spotify:track:4jAIqgrPjKLTY9Gbez25Qb","Harry Styles","Lights Up","Columbia",5,-1,30,"4749365"
170,"spotify:track:4S2uhQE8L9V6p7rj7SiauJ","YNW Melly, Juice WRLD","Suicidal (feat. Juice WRLD) - Remix","P2020",66,125,10,"4738168"
171,"spotify:track:4VgYtXCVJ7IbWAZ5ryfvEQ","Nicky Jam, Daddy Yankee","Muévelo","Sony Music Latin",44,171,19,"4732080"
172,"spotify:track:1DFD5Fotzgn6yYXkYsKiGs","MEDUZA, Goodboys","Piece Of Your Heart","Intercord",14,174,58,"4731156"
173,"spotify:track:568OIKgeHyGRD3uWR44JbO","Migos","Racks 2 Skinny","Quality Control Music/Motown Records",173,-1,1,"4729629"
174,"spotify:track:6oJ6le65B3SEqPwMRNXWjY","Kygo, Whitney Houston","Higher Love","Kygo/RCA Records",31,183,46,"4727190"
175,"spotify:track:2p8IUWQDrpjuFltbdgLOag","The Weeknd","After Hours","Republic Records",7,153,14,"4726233"
176,"spotify:track:6bnF93Rx87YqUBLSgjiMU8","The Weeknd","Heartless","Republic Records",4,155,26,"4725038"
177,"spotify:track:2TH65lNHgvLxCKXM3apjxI","Bad Bunny, Tainy","Callaita","Rimas Entertainment LLC",7,165,51,"4715705"
178,"spotify:track:2grAr8pWMuLWn8ZYEE9wDV","Tones And I","Never Seen the Rain","Elektra (NEK)",74,178,21,"4698306"
179,"spotify:track:65jw6GhwQW3Db55PxlPEpS","Polo G, Lil Baby","Be Something","Columbia",179,-1,1,"4687909"
180,"spotify:track:0JP9xo3adEtGSdUEISiszL","XXXTENTACION","Moonlight","Bad Vibes Forever, LLC",2,180,112,"4671184"
181,"spotify:track:665AK0ovB11McZRwfa852G","Vicetone, Tony Igy","Astronomia","Columbia International",98,122,7,"4670914"
182,"spotify:track:3U4isOIWM3VvDubwSI3y7a","John Legend","All of Me","G.O.O.D. Music/Columbia",143,172,67,"4655343"
183,"spotify:track:2CoMYp2uIKsT09nreEZnZn","Bad Bunny","BENDICIONES","Rimas Entertainment LLC",82,82,2,"4639997"
184,"spotify:track:4slSrbTK1sNK4I1mDYEthf","S1mba, DTG","Rover (feat. DTG)","Parlophone UK",184,-1,1,"4590085"
185,"spotify:track:2P91MQbaiQOfbiz9VqhqKQ","Lauv","I Like Me Better","Lauv",29,182,153,"4587870"
186,"spotify:track:6xcJyGpfZbuuiequtnlKt4","Travis Scott","BUTTERFLY EFFECT","Cactus Jack / Epic",38,161,71,"4586487"
187,"spotify:track:0ecC8p17cDNlxHXkuYqeR6","Natalie Taylor","Surrender","Columbia",187,193,2,"4576097"
188,"spotify:track:3e9HZxeyfWwjeyPAMmWSSQ","Ariana Grande","thank u, next","Republic Records",1,175,81,"4558819"
189,"spotify:track:79s5XnCN4TJKTVMSmOx8Ep","Pop Smoke","Dior","Victor Victor Worldwide/Republic Records",118,-1,11,"4536482"
190,"spotify:track:6Qs4SXO9dwPj5GKvVOv8Ki","Sam Smith, Normani","Dancing With A Stranger (with Normani)","PLG - Capitol",7,188,71,"4509984"
191,"spotify:track:3jT2LKH0RSbQ8jIUNFzXm5","G Herbo, Lil Uzi Vert, Juice WRLD, Chance the Rapper","PTSD","Machine Entertainment Group - G Herbo",126,157,9,"4500903"
192,"spotify:track:1rqqCSm0Qe4I9rUvWncaom","Panic! At The Disco","High Hopes","DCD2 / Fueled By Ramen",9,189,95,"4474206"
193,"spotify:track:7dt6x5M1jzdTEt8oCbisTK","Post Malone","Better Now","Republic Records",1,191,108,"4471368"
194,"spotify:track:2qxmye6gAegTMjLKEBoR3d","Alec Benjamin","Let Me Down Slowly","2018",27,179,70,"4445257"
195,"spotify:track:6RUKPb4LETWmmr3iAEQktW","The Chainsmokers, Coldplay","Something Just Like This","Disruptor Records/Columbia",2,192,137,"4438425"
196,"spotify:track:3WnTQDd9A3bpBfzCziElU9","Trippie Redd, PARTYNEXTDOOR","Excitement","1400 Entertainment/TenThousand Projects",196,-1,1,"4416484"
197,"spotify:track:4Pu0a2TuHOYtI4CCE3HEXI","Arcángel, Sech, Romeo Santos","Sigues Con El - Remix","Rimas Entertainment LLC.",120,181,6,"4398652"
198,"spotify:track:58wyJLv6yH1La9NIZPl3ne","Kina, Adriana Proenza","Can We Kiss Forever?","Columbia",131,187,26,"4397385"
199,"spotify:track:2uIX8YMNjGMD7441kqyyNU","Billie Eilish","ocean eyes","Darkroom",101,184,71,"4381190"
200,"spotify:track:5T8EDUDqKcs6OSOwEsfqG7","Queen","Don't Stop Me Now - Remastered 2011","EMI",51,-1,60,"4350566"
