﻿rank,uri,artist_names,track_name,source,peak_rank,previous_rank,weeks_on_chart,streams
1,"spotify:track:1rgnBhdG2JDFTbYkYRZAku","Tones And I","Dance Monkey","Elektra (NEK)",1,1,14,"44107207"
2,"spotify:track:3eekarcy7kvN4yt5ZFzltW","Travis Scott","HIGHEST IN THE ROOM","Cactus Jack/Epic",1,2,3,"32639894"
3,"spotify:track:21jGcNKet2qwijlDFuPiPb","Post Malone","Circles","Republic Records",1,3,8,"29874782"
4,"spotify:track:2b8fOow8UzyDFAE27YhOZM","Maroon 5","Memories","Interscope Records*",4,6,5,"28148583"
5,"spotify:track:6v3KW9xbzN5yKLt9YKDYA2","Shawn Mendes, Camila Cabello","Señorita","Island Records",1,4,18,"27597766"
6,"spotify:track:7qEHsqek33rTcFNT9PFqLf","Lewis Capaldi","Someone You Loved","Vertigo Berlin",4,7,42,"23717626"
7,"spotify:track:2plLJpUcYPFrl1sW2pMG63","Harry Styles","Lights Up","Columbia",5,5,2,"19888037"
8,"spotify:track:2wrJq5XKLnmhRXHIAf9xBa","Dan + Shay, Justin Bieber","10,000 Hours (with Justin Bieber)","Warner Records Nashville",5,8,3,"19828610"
9,"spotify:track:70eFcWOvlMObDhURTqT4Fv","Ed Sheeran, Khalid","Beautiful People (feat. Khalid)","Atlantic Records UK",3,9,17,"19206708"
10,"spotify:track:7aiClxsDWFRQ0Kzk5KI5ku","blackbear","hot girl bummer","Alamo",10,12,9,"19020951"
11,"spotify:track:6b2RcmUt1g9N9mQ3CbjX2Y","Sam Smith","How Do You Sleep?","PLG - Capitol",7,11,14,"17996318"
12,"spotify:track:51Fjme0JiitpyXKuyQiCDo","Y2K, bbno$","Lalala","Columbia",4,10,18,"17554287"
13,"spotify:track:2ksOAxtIxY8yElEWw8RhgK","Anuel AA, Daddy Yankee, KAROL G, J Balvin, Ozuna","China","2019 Real Hasta La Muerte, LLC.",2,13,14,"17425960"
14,"spotify:track:6Gg1gjgKi2AK4e0qzsR7sd","Juice WRLD, YoungBoy Never Broke Again","Bandit (with YoungBoy Never Broke Again)","Grade A Productions/Interscope Records",14,16,3,"16557009"
15,"spotify:track:2Fxmhks0bxGSBdJ92vM42m","Billie Eilish","bad guy","Darkroom/Interscope Records",1,14,30,"16517558"
16,"spotify:track:1HfMVBKM75vxSfsQ5VefZ5","Selena Gomez","Lose You To Love Me","Interscope Records",16,-1,1,"16252477"
17,"spotify:track:2tnVG71enUj33Ic2nFN6kZ","Regard","Ride It","Ministry of Sound Recordings",17,19,7,"16218389"
18,"spotify:track:6vBdBCoOhKHiYDDOcorfNo","Post Malone, Young Thug","Goodbyes (feat. Young Thug)","Republic Records",2,15,16,"15581680"
19,"spotify:track:0hVXuCcriWRGvwMV1r5Yn9","Ed Sheeran & Justin Bieber, Justin Bieber","I Don't Care (with Justin Bieber)","Atlantic Records UK",1,18,24,"15053129"
20,"spotify:track:1lOe9qE0vR9zwWQAOk6CoO","Lil Tecca","Ransom","Republic Records",3,17,21,"14121245"
21,"spotify:track:0RiRZpuVRbi7oqRdSMwhQY","Post Malone, Swae Lee","Sunflower - Spider-Man: Into the Spider-Verse","Republic Records",1,20,53,"13722741"
22,"spotify:track:7LzouaWGFCy4tkXDOOnEyM","Camila Cabello","Liar","Syco Music/Epic",22,22,7,"13232161"
23,"spotify:track:1000nHvUdawXuUHgBod4Wv","Lil Nas X","Panini","Columbia",7,21,18,"12520609"
24,"spotify:track:3jbT1Y5MoPwEIpZndDDwVq","Tainy, Anuel AA, Ozuna","Adicto (with Anuel AA & Ozuna)","NEON16/Interscope Records",24,26,9,"12211397"
25,"spotify:track:0fea68AdmYNygeTGI4RC18","J Balvin, Bad Bunny","LA CANCIÓN","Universal Music Latino / Rimas",17,28,17,"11976801"
26,"spotify:track:5qmq61DAAOUaW8AUo8xKhh","Lizzo","Truth Hurts","Nice Life/Atlantic",16,23,26,"11969903"
27,"spotify:track:4vUmTMuQqjdnvlZmAH61Qk","Ed Sheeran, Camila Cabello, Cardi B","South of the Border (feat. Camila Cabello & Cardi B)","Atlantic Records UK",10,37,15,"11968587"
28,"spotify:track:2TH65lNHgvLxCKXM3apjxI","Bad Bunny, Tainy","Callaita","Rimas Entertainment LLC",7,27,21,"11784684"
29,"spotify:track:4R8BJggjosTswLxtkw8V7P","JHAYCO, J Balvin, Bad Bunny","No Me Conoce - Remix","N&E Entertainment LLC",20,32,22,"11605621"
30,"spotify:track:7CZyCXKG6d5ALeq41sLzbw","Post Malone, Ozzy Osbourne, Travis Scott","Take What You Want (feat. Ozzy Osbourne & Travis Scott)","Republic Records",6,30,7,"11441003"
31,"spotify:track:6osaMSJh9NguagEDQcZaKx","DJ Snake, J Balvin, Tyga","Loco Contigo (feat. J. Balvin & Tyga)","DJ Snake Music Productions Limited",10,24,19,"11362504"
32,"spotify:track:6V9fHiv84WlVTg7CSnIVY2","Halsey","Graveyard","Capitol Records",31,33,6,"11338012"
33,"spotify:track:2YpeDb67231RjR0MgVLzsG","Lil Nas X, Billy Ray Cyrus","Old Town Road (feat. Billy Ray Cyrus) - Remix","Columbia",2,31,29,"11112558"
34,"spotify:track:6moU77g9RQyMzHNuKEaQKq","Ali Gatie","It's You","Warner Records",27,35,19,"10984489"
35,"spotify:track:4sjiIpEv617LDXaidKioOI","YNW Melly, 9lokknine","223's (feat. 9lokknine)","300 Entertainment",32,38,7,"10370796"
36,"spotify:track:05mDaV9Vb3wrzjF6OPZnhq","Post Malone","Saint-Tropez","Republic Records",4,25,7,"10252792"
37,"spotify:track:6oJ6le65B3SEqPwMRNXWjY","Kygo, Whitney Houston","Higher Love","Kygo/RCA Records",31,39,17,"10235174"
38,"spotify:track:3NkJNL3WqO1Lqc3uNDxvCN","Ariana Grande, Miley Cyrus, Lana Del Rey","Don’t Call Me Angel (Charlie’s Angels) (with Miley Cyrus & Lana Del Rey)","Silver Cloud/Charlie's Angels",3,29,6,"10234839"
39,"spotify:track:6wo37KVqFJhtuxPTpLCcfe","The Chainsmokers, ILLENIUM, Lennon Stella","Takeaway","Disruptor Records/Columbia",28,41,13,"10129426"
40,"spotify:track:314ZkcV7oLWG8yWE7LABvH","BTS, Lauv","Make It Right (feat. Lauv)","BIGHIT MUSIC",40,-1,1,"10119927"
41,"spotify:track:1nocRtwyNPVtGcIJqfgdzZ","Camilo, Pedro Capó","Tutu","Sony Music Latin",27,34,11,"10023757"
42,"spotify:track:7BlBVFwvbWvcwNcUarQmjk","ROSALÍA, Ozuna","Yo x Ti, Tu x Mi","Columbia",20,36,10,"9929022"
43,"spotify:track:1iQDltZqI7BXnHrFy4Qo1k","SHAED, ZAYN","Trampoline (with ZAYN)","Photo Finish Records",43,61,4,"9888008"
44,"spotify:track:5ry2OE6R2zPQFDO85XkgRb","Drake, Rick Ross","Money In The Grave (Drake ft. Rick Ross)","Republic Records",5,43,19,"9740003"
45,"spotify:track:3Yh9lZcWyKrK9GjbhuS0hR","Lizzo","Good as Hell","Nice Life/Atlantic",44,44,16,"9585770"
46,"spotify:track:6XHVuErjQ4XNm6nDPVCxVX","Chris Brown, Drake","No Guidance (feat. Drake)","Chris Brown Entertainment/RCA Records",11,40,20,"9576281"
47,"spotify:track:5nCthAh3jt4xKuLJAifAaR","Katy Perry","Harleys In Hawaii","Capitol Records",47,-1,1,"9504515"
48,"spotify:track:5Z8HZM6iQMhhqyPcCGY5g9","Young Thug, Gunna","Hot (feat. Gunna)","300 Entertainment/Atl",46,46,10,"9314149"
49,"spotify:track:2VxeLyX666F8uXCJ0dZF8B","Lady Gaga, Bradley Cooper","Shallow","A Star is Born OST",3,48,56,"9276572"
50,"spotify:track:6mAN61JH0dzyZpWslS11jy","Rauw Alejandro, Farruko","Fantasias","(SME US Latin) Duars Entertainment, Corp. (2)",50,55,4,"9162538"
51,"spotify:track:1DFD5Fotzgn6yYXkYsKiGs","MEDUZA, Goodboys","Piece Of Your Heart","Intercord",14,45,28,"9105518"
52,"spotify:track:4zj2FEHN6Hw6a5vqN70PvL","Apache 207","Wieso tust Du dir das an?","Four Music Local",52,-1,1,"9013009"
53,"spotify:track:6Y4PDQv4XjYjHLeLmvyOt0","Sech, Ozuna","Si Te Vas","Rich Music",51,51,4,"8935383"
54,"spotify:track:6cy3ki60hLwimwIje7tALf","Black Eyed Peas, J Balvin","RITMO (Bad Boys For Life)","Epic/We The Best",54,186,2,"8831188"
55,"spotify:track:5Id5B3dxJZhPcV9GzgYZZe","Rich Music LTD, Sech, Dalex, Justin Quiles, Lenny Tavárez, Feid, Wisin, Zion","Quizas","Rich Music",52,52,5,"8555804"
56,"spotify:track:1c0hsvHLELX6y8qymnpLKL","Lunay, Daddy Yankee, Bad Bunny","Soltera (Remix)","round2media - LaFamilia",8,49,24,"8552773"
57,"spotify:track:4sWuPniHClkInYAnzXAYUF","NLE Choppa","Camelot","Warner Records",47,50,6,"8525378"
58,"spotify:track:5aUSEPNd3m5xliFK4pn5mU","Zedd, Kehlani","Good Thing (with Kehlani)","Interscope Records",53,53,4,"8108395"
59,"spotify:track:6ocbgoVGwYJhOv1GgI9NsF","Ariana Grande","7 rings","Republic Records",1,56,40,"8027564"
60,"spotify:track:322tcqPhma7F6hfCeLisx0","Lauv, Anne-Marie","fuck, i'm lonely","Lauv",30,42,12,"7916427"
61,"spotify:track:3cphb8kdsjElYR7r5icK3H","Niall Horan","Nice To Meet Ya","Capitol Records",61,81,3,"7895162"
62,"spotify:track:2dpaYNEQHiRxtZbfNsse99","Marshmello, Bastille","Happier","Joytime Collective",2,64,62,"7808963"
63,"spotify:track:36orMWv2PgvnzXsd5CJ0yL","Sam Feldt, RANI","Post Malone (feat. RANI)","Spinnin' Remixes",59,62,18,"7761083"
64,"spotify:track:0u2P5u6lvoDfwTYjAADbn4","Billie Eilish, Khalid","lovely (with Khalid)","Darkroom",24,65,79,"7686701"
65,"spotify:track:0rIAC4PXANcKmitJfoqmVm","Normani","Motivation","Keep Cool/RCA Records",42,57,10,"7683161"
66,"spotify:track:4bTZeO72FwMa6wKOiqoynL","Sech, Ozuna, Anuel AA, Darell, Nicky Jam","Otro Trago - Remix","Rich Music",11,54,13,"7660452"
67,"spotify:track:3s4mrPrEFFPF0LmAfutW0n","Young Thug, J. Cole, Travis Scott","The London (feat. J. Cole & Travis Scott)","300 Entertainment/Atl",6,63,22,"7425605"
68,"spotify:track:0Xek5rqai2jcOWCYWJfVCF","Post Malone, DaBaby","Enemies (feat. DaBaby)","Republic Records",7,58,7,"7366477"
69,"spotify:track:6Ozh9Ok6h4Oi1wUSLtBseN","DaBaby","BOP","South Coast Music Group/Interscope Records",32,68,4,"7363395"
70,"spotify:track:7xQAfvXzm3AkraOtGPWIZg","Post Malone","Wow.","Republic Records",2,70,44,"7313793"
71,"spotify:track:7sWRlDoTDX8geTR8zzr2vt","Post Malone","Hollywood's Bleeding","Republic Records",5,60,7,"7296208"
72,"spotify:track:59s0s39NFWScuHDbHytI14","Reik, J Balvin, Lalo Ebratt","Indeciso","Indeciso",72,72,7,"7295620"
73,"spotify:track:5dhQeuLGmlhfwlI6BWfSpo","Apache 207","Roller","Four Music Local",66,71,9,"7180823"
74,"spotify:track:43zdsphuZLzwA9k4DJhU0I","Billie Eilish","when the party's over","Darkroom/Interscope Records",9,77,53,"7175433"
75,"spotify:track:7x9nXsowok1JszkVztI5NI","French Montana, Rvssian, Post Malone, Cardi B","Writing on the Wall (feat. Post Malone & Cardi B)","Epic/Bad Boy Entertainment",48,59,4,"7173356"
76,"spotify:track:4a6q8CR2hzLk2plDkSxkfD","Bazzi","I.F.L.Y.","iamcosmic",47,67,14,"7101189"
77,"spotify:track:1G2CAJeP7rCwOZjlSJ0Zw3","Major Lazer, J Balvin, El Alfa, Diplo","Que Calor","Mad Decent",77,85,6,"7093193"
78,"spotify:track:4u7EnebtmKWzUH433cf5Qv","Queen","Bohemian Rhapsody - Remastered 2011","EMI",11,78,60,"7092683"
79,"spotify:track:22vgEDb5hykfaTwLuskFGD","Jonas Brothers","Sucker","Jonas Brothers Recording",2,74,34,"7086679"
80,"spotify:track:46D0hYb1B7qiU33VtXt21W","Camila Cabello","Easy","Syco Music/Epic",80,83,2,"7070500"
81,"spotify:track:0Ryd8975WihbObpp5cPW1t","Ariana Grande, Social House","boyfriend (with Social House)","Republic Records",3,47,12,"7059414"
82,"spotify:track:0fySG6A6qLE8IvDpayb5bM","DaBaby","VIBEZ","South Coast Music Group/Interscope Records",53,86,4,"7004747"
83,"spotify:track:26wLOs3ZuHJa2Ihhx6QIE6","5 Seconds of Summer","Teeth","UMGRI Interscope",46,66,9,"7002691"
84,"spotify:track:2xLMifQCjDGFmkHkpNLD9h","Travis Scott","SICKO MODE","Cactus Jack / Epic",2,76,64,"6977062"
85,"spotify:track:5099x34vBakWpGkHourFxP","Maluma, J Balvin","Qué Pena","Sony Music Latin",77,88,4,"6969974"
86,"spotify:track:5hDAT527wXWNBnJlujhuUs","Lil Mosey, Gunna","Stuck In A Dream (feat. Gunna)","Mogul Vision/Interscope Records",86,109,4,"6962373"
87,"spotify:track:1dGr1c8CrMLDpV6mPbImSI","Taylor Swift","Lover","Taylor Swift",2,69,10,"6893580"
88,"spotify:track:2bT1PH7Cw3J9p3t7nlXCdh","Shawn Mendes","If I Can't Have You","Island Records",4,80,25,"6893200"
89,"spotify:track:0pqnGHJpmpxLKifKRmU6WP","Imagine Dragons","Believer","Kid Ina Korner / Interscope",16,87,142,"6804412"
90,"spotify:track:25ZAibhr3bdlMCLmubZDVt","J Balvin, Bad Bunny","QUE PRETENDES","Universal Music Latino / Rimas",15,73,17,"6779248"
91,"spotify:track:0y675KDleCZEudjoeL1sQQ","Lauv","Feelings","Lauv",89,89,5,"6774118"
92,"spotify:track:4Of7rzpRpV1mWRbhp5rAqG","Lewis Capaldi","Bruises","Vertigo Berlin",92,94,14,"6772229"
93,"spotify:track:7KbF6AdprOXEEHlsq11Z6d","Maluma","11 PM","Sony Music Latin",31,75,23,"6745518"
94,"spotify:track:7CHi4DtfK4heMlQaudCuHK","MEDUZA, Becky Hill, Goodboys","Lose Control","Intercord",94,-1,1,"6675886"
95,"spotify:track:6kls8cSlUyHW2BUOkDJIZE","Ellie Goulding, Juice WRLD","Hate Me (with Juice WRLD)","Polydor Records",66,-1,11,"6659485"
96,"spotify:track:2qG5sZ7Si6sdK74qLxedYM","ROSALÍA, J Balvin, El Guincho","Con Altura","Columbia",30,79,30,"6613071"
97,"spotify:track:5p7ujcrUXASCNwRaWNHR1C","Halsey","Without Me","Capitol Records",4,92,55,"6581975"
98,"spotify:track:0RLLvYBopDwooCyvnTwgYu","Lil Tjay","F.N","Columbia",82,82,8,"6500570"
99,"spotify:track:4fwo6czG5nvOQMzhOto1ya","Diplo, Jonas Brothers","Lonely (with Jonas Brothers)","Columbia",80,84,4,"6499084"
100,"spotify:track:6TqXcAFInzjp0bODyvrWEq","Khalid, Disclosure","Talk (feat. Disclosure)","Right Hand Music Group, LLC/RCA Records",10,91,37,"6479854"
101,"spotify:track:0e7ipj03S05BNilyu5bRzt","Post Malone, 21 Savage","rockstar (feat. 21 Savage)","Republic Records",1,95,110,"6470880"
102,"spotify:track:4Ta3PhWmY50ZLU1uhKFKPE","Dermot Kennedy","Outnumbered","Riggins Recording Limited",93,96,3,"6309829"
103,"spotify:track:1ndyl3wJCFs872XZ3ztPk6","Justin Quiles, NATTI NATASHA, Farruko, Lenny Tavárez, Dalex, Zion","DJ No Pare (feat. Zion, Dalex, Lenny Tavárez) - Remix","WEA Latina",103,114,6,"6295198"
104,"spotify:track:6Qs4SXO9dwPj5GKvVOv8Ki","Sam Smith, Normani","Dancing With A Stranger (with Normani)","PLG - Capitol",7,99,41,"6219503"
105,"spotify:track:6RRNNciQGZEXnqk8SQ9yv5","Taylor Swift","You Need To Calm Down","Taylor Swift",4,93,19,"6187709"
106,"spotify:track:1tNJrcVe6gwLEiZCtprs1u","Dominic Fike","3 Nights","Columbia",51,97,30,"6179093"
107,"spotify:track:25sgk305KZfyuqVBQIahim","Ava Max","Sweet but Psycho","Atlantic Records",6,102,56,"6152982"
108,"spotify:track:41wZE5FpxbPaZqXtlmBhPG","RIN, Bausa","Keine Liebe","GOLD LEAGUE/DIVISION",108,-1,1,"6134821"
109,"spotify:track:7qiZfU4dY1lWllzX7mPBI3","Ed Sheeran","Shape of You","Atlantic Records UK",1,101,146,"6105713"
110,"spotify:track:7FGq80cy8juXBCD2nrqdWU","benny blanco, Halsey, Khalid","Eastside (with Halsey & Khalid)","Friends Keep Secrets/Interscope Records",4,100,67,"6104153"
111,"spotify:track:6RyaV7owmVU6fzEPE17sF1","Daddy Yankee","Que Tire Pa Lante","UME - Global Clearing House",111,-1,1,"6085793"
112,"spotify:track:285pBltuF7vW8TeWk8hdRR","Juice WRLD","Lucid Dreams","Juice WRLD Mixtape / ISR P&D",3,115,76,"6068110"
113,"spotify:track:67ojvEGRPAUCOohuMPqoRC","Capital Bra, Samra, LEA","110","Urban",35,90,5,"6065697"
114,"spotify:track:0DiDStADDVh3SvAsoJAFMk","Jonas Brothers","Only Human","Jonas Brothers Recording",31,108,20,"6052725"
115,"spotify:track:7fa9MBXhVfQ8P8Df9OEbD8","Maroon 5, Cardi B","Girls Like You (feat. Cardi B) - Cardi B Version","Interscope Records*",2,104,73,"6029695"
116,"spotify:track:6gBFPUFcJLzWGx4lenP6h2","Travis Scott","goosebumps","Cactus Jack / Epic",60,105,116,"6007611"
117,"spotify:track:3e9HZxeyfWwjeyPAMmWSSQ","Ariana Grande","thank u, next","Republic Records",1,107,51,"5943839"
118,"spotify:track:2gwkD6igEhQbDQegRCcdoB","DaBaby","Suge","South Coast Music Group/Interscope Records",26,110,26,"5916302"
119,"spotify:track:684EjRHwNsZQ9hCQxL4NYL","Dímelo Flow, Nicky Jam, Sech, Farruko, Zion, Lunay","El Favor (with Nicky Jam & Sech, feat. Farruko, Zion & Lunay)","Rich Music/Interscope Records",87,103,8,"5913149"
120,"spotify:track:0c7K73roy6RW4ebDkf4yGh","24kGoldn","VALENTINO","Records/Columbia",120,129,4,"5903049"
121,"spotify:track:5uCax9HTNlzGybIStD3vDh","James Arthur","Say You Won't Let Go","Columbia",7,113,147,"5837673"
122,"spotify:track:5w9c2J52mkdntKOmRLeM2m","Daddy Yankee, Snow","Con Calma","Craft Latino",2,106,39,"5715655"
123,"spotify:track:5PYQUBXc7NYeI1obMKSJK0","Katy Perry","Never Really Over","Capitol Records",10,112,21,"5702803"
124,"spotify:track:3IWs9dAwTqN0EFhOIcBDfs","Jorja Smith, Burna Boy","Be Honest","Famm Limited",119,119,10,"5647121"
125,"spotify:track:0tgVpDi06FyKpA1z0VMD4v","Ed Sheeran","Perfect","Atlantic Records UK",4,117,138,"5637602"
126,"spotify:track:7dt6x5M1jzdTEt8oCbisTK","Post Malone","Better Now","Republic Records",1,116,78,"5615780"
127,"spotify:track:5MPPttjfGap2C6j6eKcO6J","Quality Control, Lil Baby, DaBaby","Baby (Lil Baby feat. DaBaby)","Quality Control Music/Motown Records",67,121,14,"5562873"
128,"spotify:track:4fj7e6Tc48Bmomwyz2Z2XC","Manuel Turizo, Anuel AA","Te Quemaste","Sony Music Latin/La Industria",120,120,7,"5560880"
129,"spotify:track:2INhKpUdzh7v0j041gZNsz","Frank Ocean","DHL","Blonded",129,-1,1,"5531463"
130,"spotify:track:2P91MQbaiQOfbiz9VqhqKQ","Lauv","I Like Me Better","Lauv",29,126,125,"5491382"
131,"spotify:track:5qrSlOut2rNAWv3ubArkNy","Dean Lewis","Be Alright","Universal Music Australia Pty. Ltd.",12,128,66,"5473968"
132,"spotify:track:5bzaS5tAni5oUpW7bWVdtY","G-Eazy, Gunna","I Wanna Rock (feat. Gunna)","BPG/RVG/RCA Records",132,-1,1,"5463248"
133,"spotify:track:4guBZjUyrGoHsTahO3IHdj","Lil Tecca","Did It Again","Republic Records",65,139,10,"5460943"
134,"spotify:track:4hPpVbbakQNv8YTHYaOJP4","Marshmello, Kane Brown","One Thing Right","Joytime Collective",30,124,18,"5418066"
135,"spotify:track:2iUXsYOEPhVqEBwsqP70rE","5 Seconds of Summer","Youngblood","Capitol",8,134,80,"5407375"
136,"spotify:track:2qxmye6gAegTMjLKEBoR3d","Alec Benjamin","Let Me Down Slowly","2018",27,123,46,"5405058"
137,"spotify:track:4B7fTyj1FIPvP9tT5X3DnR","Drake","Behind Barz - Bonus","OVO Sound",61,122,6,"5338852"
138,"spotify:track:3ee8Jmje8o58CHK66QrVC2","XXXTENTACION","SAD!","Bad Vibes Forever, LLC",1,140,86,"5301024"
139,"spotify:track:3QzAOrNlsabgbMwlZt7TAY","Mustard, Roddy Ricch","Ballin' (with Roddy Ricch)","10 Summers Records/Interscope Records",139,169,3,"5287809"
140,"spotify:track:2C6WXnmZ66tHhHlnvwePiK","Post Malone, Halsey, Future","Die For Me (feat. Future & Halsey)","Republic Records",13,111,7,"5259779"
141,"spotify:track:1rqqCSm0Qe4I9rUvWncaom","Panic! At The Disco","High Hopes","DCD2 / Fueled By Ramen",9,138,70,"5220138"
142,"spotify:track:0mjAU3yKR1QnXnHtjGJqTM","OneRepublic","Rescue Me","Mosley Music/Interscope Records",32,136,23,"5215451"
143,"spotify:track:0U6bQIAh6MCGo1xjbIIx2S","Dimitri Vegas & Like Mike, David Guetta, Daddy Yankee, Afro Bros, NATTI NATASHA, Dimitri Vegas, Like Mike","Instagram","Epic Amsterdam",81,118,16,"5183597"
144,"spotify:track:2JvzF1RMd7lE3KmFlsyZD8","J. Cole","MIDDLE CHILD","Dreamville, Inc., Under exclusive license to Roc Nation Records",2,147,40,"5166249"
145,"spotify:track:1SNiXDwSilLujcYdvfqVpT","The Chainsmokers, Bebe Rexha","Call You Mine","Disruptor Records/Columbia",22,135,21,"5163599"
146,"spotify:track:6zeeWid2sgw4lap2jV61PZ","Khalid","Better","Right Hand Music Group, LLC/RCA Records",7,141,58,"5150671"
147,"spotify:track:6uFn47ACjqYkc0jADwEdj1","Polo G, Lil Tjay","Pop Out (feat. Lil Tjay)","Columbia",40,144,27,"5116769"
148,"spotify:track:4SSnFejRGlZikf02HLewEF","Billie Eilish","bury a friend","Darkroom/Interscope Records",2,142,39,"5092588"
149,"spotify:track:5iwz1NiezX7WWjnCgY5TH4","Pedro Capó, Farruko","Calma - Remix","Sony Music Latin",5,130,50,"5084744"
150,"spotify:track:2Rk4JlNc2TPmZe2af99d45","Taylor Swift, Brendon Urie, Panic! At The Disco","ME! (feat. Brendon Urie of Panic! At The Disco)","Taylor Swift",2,137,26,"5074493"
151,"spotify:track:0F7FA14euOIX8KcbEturGH","Lil Nas X","Old Town Road","Columbia",3,132,33,"5063226"
152,"spotify:track:2wvLtM25eMpHK7hkidqte2","Apache 207","200 km/h","Four Music Local",69,145,5,"5059639"
153,"spotify:track:4e0FYxSROat25pH16zMTZI","Lil Tecca","Love Me","Republic Records",82,149,12,"5034730"
154,"spotify:track:2BgEsaKNfHUdlh97KmvFyo","Anne-Marie","2002","Atlantic Records UK",27,148,79,"5030537"
155,"spotify:track:18uwL0vNUanqZH0ro2QcOP","Jeremy Zucker","comethru","Republic Records",111,161,16,"5018607"
156,"spotify:track:1zB4vmk8tFRmM9UULNzbLB","Imagine Dragons","Thunder","Kid Ina Korner / Interscope",8,150,130,"5003194"
157,"spotify:track:5T8EDUDqKcs6OSOwEsfqG7","Queen","Don't Stop Me Now - Remastered 2011","EMI",51,152,52,"4986907"
158,"spotify:track:1EoEU4HY57qaITp06TkC6B","Duki","Goteo","SSJ Records / DALE PLAY Records",90,125,11,"4983294"
159,"spotify:track:18HNGxDOcshRU2Hdu8tMOM","Gambi","POPOPOP","Rec. 118",87,143,3,"4979947"
160,"spotify:track:4ZLzoOkj0MPWrTLvooIuaa","Kina, Snøw","Get You The Moon (feat. Snøw)","Columbia",95,171,20,"4959270"
161,"spotify:track:12Fkyg9lpmaz2zmKOfw2Y2","Post Malone, Meek Mill, Lil Baby","On The Road (feat. Meek Mill & Lil Baby)","Republic Records",17,127,7,"4913941"
162,"spotify:track:0JP9xo3adEtGSdUEISiszL","XXXTENTACION","Moonlight","Bad Vibes Forever, LLC",2,157,84,"4905043"
163,"spotify:track:1mXVgsBdtIVeCLJnSnmtdV","Sam Smith","Too Good At Goodbyes","PLG - Capitol",1,158,110,"4898649"
164,"spotify:track:1Ej96GIBCTvgH7tNX1r3qr","Sech, Darell","Otro Trago","Rich Music/Ingrooves Records",4,146,26,"4883035"
165,"spotify:track:5vdp5UmvTsnMEMESIF2Ym7","Queen","Another One Bites The Dust - Remastered 2011","EMI",36,159,52,"4850079"
166,"spotify:track:0KoiMHhqKLoL4xM54rcWYY","DJ Snake, Selena Gomez, Ozuna, Cardi B","Taki Taki (feat. Selena Gomez, Ozuna & Cardi B)","DJ Snake Music Productions Limited",1,172,56,"4821971"
167,"spotify:track:6K5BsR04ijf3FHNzjbaagD","Myke Towers, Farruko, Arcángel, Sech, Zion","Si Se Da - Remix","2019 Casablanca Records & One World Music | Distributed by GLAD Empire",68,133,12,"4809913"
168,"spotify:track:5WHTFyqSii0lmT9R21abT8","Mabel","Don't Call Me Up","Polydor Records",11,155,38,"4794390"
169,"spotify:track:0rKtyWc8bvkriBthvHKY8d","Joji","SLOW DANCING IN THE DARK","88rising Music",75,168,14,"4792408"
170,"spotify:track:0rFQ5cKYJ9WtHSKp9sxVYt","Diplo, Morgan Wallen","Heartless (feat. Morgan Wallen)","Columbia",164,164,5,"4789483"
171,"spotify:track:3U4isOIWM3VvDubwSI3y7a","John Legend","All of Me","G.O.O.D. Music/Columbia",147,165,42,"4786547"
172,"spotify:track:7m9OqQk4RVRkw9JJdeAw96","XXXTENTACION","Jocelyn Flores","Bad Vibes Forever / EMPIRE",7,173,113,"4776983"
173,"spotify:track:6klLvorLoo1sxvZcjJIY8I","YoungBoy Never Broke Again","Make No Sense","Never Broke Again, LLC",167,167,2,"4766725"
174,"spotify:track:1GeNui6m825V8jP4uKiIaH","Young Thug, Lil Baby","Bad Bad Bad (feat. Lil Baby)","300 Entertainment/Atl",46,162,10,"4721937"
175,"spotify:track:6v0lAdFF4haL8xjBIUjtOw","Nicky Jam, Ozuna","Te Robaré","Sony Music Latin",28,154,31,"4654488"
176,"spotify:track:5KawlOMHjWeUjQtnuRs22c","BTS, Halsey","Boy With Luv (feat. Halsey)","BIGHIT MUSIC",3,185,28,"4637876"
177,"spotify:track:6fxVffaTuwjgEk5h9QyRjy","Ed Sheeran","Photograph","Atlantic Records UK",41,170,136,"4633097"
178,"spotify:track:1wJRveJZLSb1rjhnUHQiv6","A Boogie Wit da Hoodie, 6ix9ine","Swervin (feat. 6ix9ine)","Highbridge the Label / Atlantic Records",25,174,43,"4606409"
179,"spotify:track:7eBqSVxrzQZtK2mmgRG6lC","YNW Melly","Murder on My Mind","P2018",19,-1,29,"4591688"
180,"spotify:track:6RUKPb4LETWmmr3iAEQktW","The Chainsmokers, Coldplay","Something Just Like This","Disruptor Records/Columbia",2,178,122,"4573860"
181,"spotify:track:3KekO5WUfJsh7kYU9o2w50","Nicky Jam, Sech","Atrévete","Sony Music Latin",112,163,12,"4572753"
182,"spotify:track:2WsuSYJNXGKXVYkHPnq2yp","Lil Tecca, Juice WRLD","Ransom (with Juice WRLD) - Remix","Republic Records",78,166,10,"4552165"
183,"spotify:track:735RSTb2xbtWbDtKD9XDYi","Internet Money, Lil Tecca, A Boogie Wit da Hoodie","Somebody","Internet Money Records / 10K Projects",183,-1,1,"4539947"
184,"spotify:track:4SDgTLDYrJ2UrHbkRkg7MD","Lil Nas X, DaBaby","Panini - DaBaby Remix","Columbia",94,160,6,"4537202"
185,"spotify:track:2IRZnDFmlqMuOrYOLnZZyc","Meek Mill, Drake","Going Bad (feat. Drake)","MMG/Atlantic",11,182,47,"4530415"
186,"spotify:track:0TMGV2zMZXOILVtQLtkI3G","Why Don't We","What Am I","Atlantic Records",186,188,2,"4496204"
187,"spotify:track:7BKLCZ1jbUBVqRi2FVlTVw","The Chainsmokers, Halsey","Closer","Disruptor Records/Columbia",2,192,144,"4489620"
188,"spotify:track:1tpbAGsGpZee5jDHMcLrUJ","Dalex, Lenny Tavárez","Bellaquita","Rich Music",183,183,2,"4466335"
189,"spotify:track:6xcJyGpfZbuuiequtnlKt4","Travis Scott","BUTTERFLY EFFECT","Cactus Jack / Epic",38,179,67,"4433767"
190,"spotify:track:2fuCquhmrzHpu5xcA1ci9x","Queen, David Bowie","Under Pressure - Remastered 2011","EMI",55,190,45,"4428302"
191,"spotify:track:5qqabIl2vWzo9ApSC317sa","Oasis","Wonderwall - Remastered","Big Brother",152,191,92,"4424831"
192,"spotify:track:09nSCeCs6eYfAIJVfye1CE","TINI, Sebastian Yatra","Oye","5020 Records",153,153,2,"4423615"
193,"spotify:track:6DCZcSspjsKoFjzjrWoCdn","Drake","God's Plan","Cash Money/Drake LP6",1,187,92,"4409097"
194,"spotify:track:44ADyYoY5liaRa3EOAl4uf","Miley Cyrus","Slide Away","RCA/Legacy",31,177,10,"4391158"
195,"spotify:track:6K4t31amVTZDgR3sKmwUJJ","Tame Impala","The Less I Know The Better","Universal Music Australia Pty. Ltd.",195,198,2,"4355876"
196,"spotify:track:5F8ffc8KWKNawllr5WsW0r","Dadá Boladão, Tati Zaqui, OIK","Surtada - Remix Brega Funk","Dadá Boladão",196,-1,1,"4354855"
197,"spotify:track:7g8YaUQABMal0zWe7a2ijz","Dalex, Rafa Pabön, KHEA, Sech, Feid, Cazzu, Lenny Tavárez","Pa Mí (Remix)","Rich Music/Ingrooves Records",17,175,34,"4352452"
198,"spotify:track:7COXchtUOMd6uIT6HvmRaI","Lauv, Troye Sivan","i'm so tired...","Lauv",18,195,39,"4316831"
199,"spotify:track:5jW3rF4URMdK7tO2xjS5EI","Paulo Londra","Tal Vez","WEA Latina",24,181,29,"4315029"
200,"spotify:track:6IRdLKIyS4p7XNiP8r6rsx","Billie Eilish","all the good girls go to hell","Darkroom/Interscope Records",11,131,19,"4301421"
