﻿rank,uri,artist_names,track_name,source,peak_rank,previous_rank,weeks_on_chart,streams
1,"spotify:track:0bAkKNCQfWkexHFn7fIKns","Drake","In My Feelings","Cash Money/Drake LP6",1,1,3,"67499798"
2,"spotify:track:7gkWXbAxIYuvtOpcN3p9GJ","Ariana Grande","God is a woman","Republic Records",2,-1,1,"29847494"
3,"spotify:track:7fa9MBXhVfQ8P8Df9OEbD8","Maroon 5, Cardi B","Girls Like You (feat. Cardi B) - Cardi B Version","Interscope Records*",3,4,7,"29296811"
4,"spotify:track:36ONiya0OANYknz0GgJmwB","Drake, Michael Jackson","Don’t Matter To Me (with Michael Jackson)","Cash Money/Drake LP6",2,2,3,"28813636"
5,"spotify:track:58q2HKrzhC3ozto2nDdN4z","Cardi B, Bad Bunny, J Balvin","I Like It","Atlantic/KSR",3,7,15,"27369377"
6,"spotify:track:0s3nnoMeVWz3989MkNQiRf","Juice WRLD","Lucid Dreams","Juice WRLD Mixtape / ISR P&D",3,6,10,"26990092"
7,"spotify:track:3ee8Jmje8o58CHK66QrVC2","XXXTENTACION","SAD!","Bad Vibes Forever, LLC",1,3,20,"26233409"
8,"spotify:track:5IaHrVsrferBYDm0bDyABy","Tyga, Offset","Taste (feat. Offset)","Last Kings Music / EMPIRE",8,11,9,"24591233"
9,"spotify:track:7ef4DlsgrMEH11cDZd32M6","Calvin Harris, Dua Lipa","One Kiss (with Dua Lipa)","Sony Music UK",2,8,15,"24377017"
10,"spotify:track:6kPJZM97LwdG9QIsT7khp6","Clean Bandit, Demi Lovato","Solo (feat. Demi Lovato)","Atlantic Records UK",10,10,9,"24095921"
11,"spotify:track:7dt6x5M1jzdTEt8oCbisTK","Post Malone","Better Now","Republic Records",1,9,12,"23691320"
12,"spotify:track:2Vx8E3K5icPZR7OCklWBXX","Drake","Nonstop","Cash Money/Drake LP6",1,5,3,"23619963"
13,"spotify:track:4kWO6O1BUXcZmaxitpVUwp","Tiësto, Dzeko, Preme, Post Malone","Jackie Chan","Universal Music, a division of Universal International Music BV",13,15,9,"21601280"
14,"spotify:track:2iUXsYOEPhVqEBwsqP70rE","5 Seconds of Summer","Youngblood","Capitol",8,16,14,"20894857"
15,"spotify:track:3nc420PXjTdBV5TN0gCFkS","Martin Garrix, Khalid","Ocean (feat. Khalid)","Epic Amsterdam",15,17,5,"18993111"
16,"spotify:track:3u1S1OmAUhx5DRlLrXqyp3","Jonas Blue, Jack & Jack","Rise","Positiva",16,23,7,"18154570"
17,"spotify:track:0JP9xo3adEtGSdUEISiszL","XXXTENTACION","Moonlight","Bad Vibes Forever, LLC",2,14,18,"18124958"
18,"spotify:track:2VWbHHhWnMzKWPUs4IEEW9","Drake","God's Plan","Cash Money/Drake LP6",1,12,26,"18033171"
19,"spotify:track:0HVv5bEOiI9a0QfgcASXpX","Drake","Nice For What","Cash Money/Drake LP6",1,13,15,"17875542"
20,"spotify:track:3V8UKqhEK5zBkBb6d6ub8i","Nio Garcia, Casper Magico, Bad Bunny, Darell, Ozuna, Nicky Jam","Te Boté - Remix","Flow La Movie, Inc.",8,18,14,"17775281"
21,"spotify:track:4hQ6UGyWQIGJmHSo0J88JW","Selena Gomez","Back To You - From 13 Reasons Why – Season 2 Soundtrack","UMGRI Interscope",4,19,10,"16951697"
22,"spotify:track:4j3GWI86JvSaF0BLdmgcfF","Childish Gambino","Summertime Magic","Wolf+Rothstein/RCA Records",22,191,2,"16749909"
23,"spotify:track:5SxkdsY1ufZzoq9iXceLw9","Ariana Grande","no tears left to cry","Republic Records",2,20,13,"16510055"
24,"spotify:track:2ijef6ni2amuunRoKTlgww","Becky G, NATTI NATASHA","Sin Pijama","Sony Music Latin",24,25,12,"14962055"
25,"spotify:track:0kHyKhJMukHEPfeh8s7rdM","Kygo, Imagine Dragons","Born To Be Yours","Kygo",25,29,5,"13905970"
26,"spotify:track:7AFASza1mXqntmGtbxXprO","XXXTENTACION","changes","Bad Vibes Forever, LLC",9,22,20,"13677774"
27,"spotify:track:1ZEm9cJC05rawV2tptNfTS","Nicki Minaj, Ariana Grande","Bed (feat. Ariana Grande)","Young Money/Cash Money Records",22,31,5,"13496542"
28,"spotify:track:1iSZPndzmY6NvL1jAtIvY1","Drake","I'm Upset","Cash Money/Drake LP6",7,21,8,"13021806"
29,"spotify:track:7m9OqQk4RVRkw9JJdeAw96","XXXTENTACION","Jocelyn Flores","Bad Vibes Forever / EMPIRE",7,24,47,"13017221"
30,"spotify:track:6SFStUDQZNaGPKWOx9ZiJB","Anne-Marie","2002","Atlantic Records UK",27,34,13,"12993637"
31,"spotify:track:63SevszngYpZOwf63o61K4","Dennis Lloyd","Nevermind","WM Italy",18,30,18,"12831612"
32,"spotify:track:43V1z6QToNNWNldV4FEG6r","Loud Luxury, Brando","Body","Armada Music",32,49,7,"12786242"
33,"spotify:track:39N9RPD9MRb5WmoLzNzPeA","Nicky Jam, J Balvin","X","Sony Music Latin",4,27,20,"12535735"
34,"spotify:track:0d2iYfpKoM0QCKvcLCkBao","benny blanco, Halsey, Khalid","Eastside (with Halsey & Khalid)","Benny Blanco Solo Album PS",34,-1,1,"12037645"
35,"spotify:track:3swc6WTsr7rl9DqQKQA55C","Post Malone, Ty Dolla $ign","Psycho (feat. Ty Dolla $ign)","Republic Records",2,32,21,"12015987"
36,"spotify:track:0e7ipj03S05BNilyu5bRzt","Post Malone, 21 Savage","rockstar (feat. 21 Savage)","Republic Records",1,33,44,"11617067"
37,"spotify:track:0E6PsO3ymCfUh7pJQjBgkj","The Carters","APESHIT","Parkwood Entertainment/Roc Nation",37,38,4,"11444526"
38,"spotify:track:5qFeMRz4TvetPmzjre9Dq7","J Balvin, Zion & Lennox","No Es Justo","UMLE - Latino",38,46,4,"11315737"
39,"spotify:track:6JjPBQfI2Y8nIjnm65X6Pw","Nicky Jam, J Balvin, Maluma, Ozuna","X (feat. Maluma & Ozuna) - Remix","Sony Music Latin",39,55,3,"11274253"
40,"spotify:track:7ycWLEP1GsNjVvcjawXz3z","A$AP Rocky, Skepta","Praise The Lord (Da Shine) (feat. Skepta)","A$AP Worldwide/Polo Grounds Music/RCA Records",25,44,8,"11069141"
41,"spotify:track:33IOhptvC2Qoy2UhjiHXLV","David Guetta, Sia","Flames","Parlophone (France)",20,36,17,"10913185"
42,"spotify:track:6vN77lE9LK6HP2DewaN6HZ","Lil Baby, Drake","Yes Indeed","Quality Control Music, LLC",12,37,10,"10866436"
43,"spotify:track:19MBk3PbNFE36wqIqkMq9H","Alvaro Soler","La Cintura","Airforce1",42,42,10,"10848362"
44,"spotify:track:08bNPGLD8AhKpnnERrAc6G","Marshmello, Anne-Marie","FRIENDS","Joytime Collective",4,35,23,"10845735"
45,"spotify:track:7txPE73wHbuXYkM1h8zNrG","Drake","Mob Ties","Cash Money/Drake LP6",11,26,3,"10638575"
46,"spotify:track:09IStsImFySgyp0pIQdqAc","Zedd, Maren Morris, Grey","The Middle","UMGRI Interscope",6,41,25,"10326488"
47,"spotify:track:0u2P5u6lvoDfwTYjAADbn4","Billie Eilish, Khalid","lovely (with Khalid)","Darkroom",24,40,13,"10100946"
48,"spotify:track:6jA8JUuPCGYjFcgw0AoM5T","Reik, Ozuna, Wisin","Me Niego (feat. Ozuna & Wisin)","Columbia",22,43,22,"9859532"
49,"spotify:track:1s2B5cndbqK8rPJEIcKJRQ","Ozuna, Manuel Turizo","Vaina Loca","VP Records Corp/Dimelo Vi",49,63,3,"9840859"
50,"spotify:track:4qKcDkK6siZ7Jp1Jb4m0aL","BlocBoy JB, Drake","Look Alive (feat. Drake)","Bloc Nation",6,50,23,"9478647"
51,"spotify:track:7qiZfU4dY1lWllzX7mPBI3","Ed Sheeran","Shape of You","Atlantic Records UK",1,54,80,"9320187"
52,"spotify:track:7sFYVcKSb24qg0dAkqLEFj","KAROL G","Mi Cama","UMLE - Latino",52,52,7,"8909031"
53,"spotify:track:76cy1WJvNGJTj78UqeA5zr","Dua Lipa","IDGAF","Warner Records",4,48,29,"8844454"
54,"spotify:track:7AQim7LbvFVZJE3O8TYgf2","XXXTENTACION, Trippie Redd","Fuck Love","Bad Vibes Forever / EMPIRE",19,45,44,"8705922"
55,"spotify:track:4QtiVmuA88tPQiCOHZuQ5b","Sofía Reyes, Jason Derulo, De La Ghetto","1, 2, 3 (feat. Jason Derulo & De La Ghetto)","WEA Latina",31,51,22,"8699047"
56,"spotify:track:0VKkyBKCXyR99navhVRqcP","Zion & Lennox","La player (Bandolera)","WEA Latina",56,57,18,"8251992"
57,"spotify:track:1rfofaqEpACxVEHIZBJe6W","Camila Cabello, Young Thug","Havana (feat. Young Thug)","Syco Music/Epic",1,56,50,"8150188"
58,"spotify:track:0At2qAoaVjIwWNAqrscXli","Ella Mai","Boo'd Up","10 Summers / Interscope PS",58,64,5,"8027586"
59,"spotify:track:6cQnrSlTxhHCCiUpKrs7g3","Twenty One Pilots","Jumpsuit","Fueled By Ramen",59,-1,1,"7987373"
60,"spotify:track:3qnoOm4fwZPBS116f5hpgF","Kanye West","All Mine","Getting Out Our Dreams, Inc./Def Jam Recordings",3,59,7,"7946165"
61,"spotify:track:1v1IXPXl73Z7zy6f5tUa9n","Drake","Emotionless","Cash Money/Drake LP6",6,28,3,"7924641"
62,"spotify:track:7DrluKkTviBwCc8AV3VGmf","Shakira, Maluma","Clandestino","Sony Music Latin",62,82,6,"7797932"
63,"spotify:track:6752EZMgXswvRBH3N2PilO","Ozuna","Unica","VP Records Corp/Dimelo Vi",63,69,8,"7754505"
64,"spotify:track:6U2NuJILEOEpW2tVCuqKHb","Daddy Yankee, NATTI NATASHA, Becky G, Bad Bunny","Dura - Remix","Craft Latino",52,62,12,"7752843"
65,"spotify:track:2ekn2ttSfGqwhhate0LSR0","Dua Lipa","New Rules","Warner Records",2,73,54,"7663629"
66,"spotify:track:1oc3jna2ablnfIKLYbKujl","Olly Alexander (Years & Years)","If You're Over Me","Polydor Records",66,68,7,"7588783"
67,"spotify:track:0E9ZjEAyAwOXZ7wJC0PD33","Dynoro, Gigi D'Agostino","In My Mind","Columbia/B1 Recordings",67,121,2,"7587531"
68,"spotify:track:5CLGzJsGqhCEECcpnFQA8x","Rudimental, Jess Glynne, Macklemore, Dan Caplen","These Days (feat. Jess Glynne, Macklemore & Dan Caplen)","Atlantic Records UK",9,53,26,"7550971"
69,"spotify:track:0XySogm94T51XF5F2jumXm","Juice WRLD","All Girls Are The Same","Juice WRLD Mixtape / ISR P&D",48,65,10,"7542056"
70,"spotify:track:1rqqCSm0Qe4I9rUvWncaom","Panic! At The Disco","High Hopes","DCD2 / Fueled By Ramen",70,81,4,"7463975"
71,"spotify:track:45Egmo7icyopuzJN0oMEdk","Khalid, Normani","Love Lies","RCA Records Label",11,67,22,"7427269"
72,"spotify:track:0b9oOr2ZgvyQu88wzixux9","Childish Gambino","This Is America","Wolf+Rothstein/RCA Records",1,74,11,"7311699"
73,"spotify:track:4F1yvJfQ7gJkrcgFJQDjOr","KYLE, Kehlani","Playinwitme (feat. Kehlani)","independently popular.",28,80,15,"7257632"
74,"spotify:track:3GVkPk8mqxz0itaAriG1L7","XXXTENTACION","Everybody Dies In Their Nightmares","Bad Vibes Forever / EMPIRE",24,60,31,"7234008"
75,"spotify:track:0r9d60ZYPAlFHq8qnUtkXN","Cosculluela, Bad Bunny","Madura","Rottweilas, Inc.",70,76,14,"7143094"
76,"spotify:track:4e4fqjx0Izh4svvTef1z7e","Bebe Rexha, Florida Georgia Line","Meant to Be (feat. Florida Georgia Line)","Warner Records",18,66,44,"7100144"
77,"spotify:track:5VKSZDsidOFHrtlJb33Syo","Imagine Dragons","Believer","Kid Ina Korner / Interscope",16,87,76,"6986327"
78,"spotify:track:6eYxmK9fdL4hwLnXG2zY3s","XXXTENTACION","Look At Me!","Bad Vibes Forever / EMPIRE",39,72,48,"6929277"
79,"spotify:track:6ZIuit0z4eQg77F1RGkp0L","Twenty One Pilots","Nico and the Niners","Fueled By Ramen",79,-1,1,"6899889"
80,"spotify:track:4uloft7ZE54WflsuqFmjC7","Drake","Elevate","Cash Money/Drake LP6",9,39,3,"6889687"
81,"spotify:track:7uzmGiiJyRfuViKKK3lVmR","Bazzi","Mine","iamcosmic",3,77,26,"6862576"
82,"spotify:track:0tgVpDi06FyKpA1z0VMD4v","Ed Sheeran","Perfect","Atlantic Records UK",4,83,72,"6802264"
83,"spotify:track:6Hgh47WXVKtXN5zGOu0hjI","Khalid, 6LACK, Ty Dolla $ign","OTW","Right Hand Music Group, LLC/RCA Records",24,89,13,"6762094"
84,"spotify:track:2alIsNw1mqEShbWyO1HXZZ","Sebastian Yatra, Luis Figueroa, Lary Over","Por Perro","UMLE - Latino",84,88,11,"6707725"
85,"spotify:track:04ZTP5KsCypmtCmQg5tH9R","Bebe Rexha","I'm a Mess","Warner Records",85,90,4,"6673449"
86,"spotify:track:7BrsBU0BAytRDvROM4yCbn","Imagine Dragons","Thunder","Kid Ina Korner / Interscope",8,94,64,"6560522"
87,"spotify:track:7IBSffWIu7P2MC7kMwy2FM","Wiz Khalifa, Swae Lee","Hopeless Romantic (feat. Swae Lee)","Taylor Gang/Atlantic",87,-1,1,"6498571"
88,"spotify:track:7cfvP13Bqb1EyCZQiYsLum","Drake","Can’t Take A Joke","Cash Money/Drake LP6",19,47,3,"6467254"
89,"spotify:track:3obgSF06ki98lYNLNq5vCB","Juice WRLD, Lil Uzi Vert","Wasted (feat. Lil Uzi Vert)","Juice WRLD Mixtape / ISR P&D",89,-1,1,"6417691"
90,"spotify:track:7glCSQqV5o6NU88Cn4zPZn","Bad Bunny","Estamos Bien","Rimas Entertainment LLC",90,97,3,"6390645"
91,"spotify:track:4UKCKdYiLN6IMA5ZESUTL7","XXXTENTACION","the remedy for a broken heart (why am I so in love)","Bad Vibes Forever, LLC",27,78,10,"6352364"
92,"spotify:track:21YnmkSDhUkmkkni22Svc4","Shawn Mendes","In My Blood","Island Records",7,85,17,"6342642"
93,"spotify:track:6IaieqiCVvsNvEt6Y7yOFa","Post Malone, Nicki Minaj","Ball For Me (feat. Nicki Minaj)","Republic Records",15,93,12,"6336227"
94,"spotify:track:54l9GJGQ1UCFKe2tzt1Vxt","Cheat Codes, Little Mix","Only You (with Little Mix)","Syco Music",94,132,2,"6278527"
95,"spotify:track:4ofwffwvvnbSkrMSCKQDaC","George Ezra","Shotgun","Columbia",95,119,4,"6114997"
96,"spotify:track:6rbhaJsE4uLzpPf8WYSHDK","Brytiago, Darell","Asesina","Business Music",96,123,3,"6109009"
97,"spotify:track:40FLJc17FMZaPmCQEEZgB0","John Mayer","New Light","Columbia",63,96,9,"6108137"
98,"spotify:track:6n4U3TlzUGhdSFbUUhTvLP","Migos, Drake","Walk It Talk It","Quality Control Music, LLC",22,99,25,"6080121"
99,"spotify:track:7boPPE857KEqCIHNwFkDop","Sia, Diplo, Labrinth, LSD","Audio (feat. Sia, Diplo, and Labrinth)","Records/Columbia",76,111,10,"6077055"
100,"spotify:track:10Igtw8bSDyyFs7KIsKngZ","Lil Dicky, Chris Brown","Freaky Friday (feat. Chris Brown)","Commission/BMG",7,95,18,"5962499"
101,"spotify:track:4178A5NkEjcsGc64jpBO6d","Luis Fonsi, Stefflon Don","Calypso","UMLE - Latino",101,127,2,"5941256"
102,"spotify:track:0SaYeGhSXN0dDWstyNTQ56","Wolfine, Maluma","Bella - Remix","LOMIORECORDS",81,106,11,"5933789"
103,"spotify:track:4DnHUy01jEA4b5ydC3HgsT","Nicky Jam, Will Smith, Era Istrefi","Live It Up - Official Song 2018 FIFA World Cup Russia","Sony Music Latin",79,101,7,"5932775"
104,"spotify:track:6mAz8D1TmlTuef90dbNIiZ","Rich The Kid","Plug Walk","Rich The Kid / (TDE/ISR PS)",19,98,20,"5919774"
105,"spotify:track:75ZvA4QfFiZvzhj2xkaWAh","Post Malone","I Fall Apart","Universal Records",10,104,43,"5878146"
106,"spotify:track:1gm616Plq4ScqNi7TVkZ5N","The Weeknd","Call Out My Name","Universal Republic Records",1,92,16,"5740829"
107,"spotify:track:7GX5flRQZVHRAGd6B4TmDO","Lil Uzi Vert","XO Tour Llif3","Generation Now/Atlantic",10,110,69,"5739170"
108,"spotify:track:7hDVYcQq6MxkdJGweuCtl9","Billie Eilish","ocean eyes","Darkroom",108,139,5,"5628375"
109,"spotify:track:3GCdLUSnKSMJhs4Tj6CV3s","Kendrick Lamar, SZA","All The Stars (with SZA) - From ""Black Panther: The Album""","Black Panther (TDE/DMG) PS",2,113,28,"5535661"
110,"spotify:track:6KuqAtoeVzxAYOaMveLNpH","Daddy Yankee","Dura","Craft Latino",9,117,26,"5521398"
111,"spotify:track:2XVilv6s9GETnw9PG4T9Mz","Maluma","El Préstamo","Sony Music Latin",52,112,19,"5520875"
112,"spotify:track:1mXVgsBdtIVeCLJnSnmtdV","Sam Smith","Too Good At Goodbyes","PLG - Capitol",1,115,45,"5514317"
113,"spotify:track:2RttW7RAu5nOAfq6YFvApB","Ed Sheeran","Happier","Atlantic Records UK",10,120,62,"5510982"
114,"spotify:track:5Y9fnynLlIvqtM710MHzfz","Ozuna","Síguelo Bailando","VP Records Corp/Dimelo Vi",43,105,29,"5461168"
115,"spotify:track:2RVrdr062uLFxXwIxwdXPH","Piso 21, Paulo Londra","Te Amo","WM Mexico",76,122,17,"5438487"
116,"spotify:track:2CWnuF7ht55Ajyeg4WPvWu","BLACKPINK","DDU-DU DDU-DU","2018 YG Entertainment, distributed through Interscope Records",47,108,5,"5417805"
117,"spotify:track:3JJYIoJ5FyY9E0DGjr7SXF","Lauv","Enemies","Lauv",107,128,4,"5417301"
118,"spotify:track:0Y4hwUppbGc8aIBmiTz30A","Liam Payne, J Balvin","Familiar","Capitol Records UK / EMI",57,118,13,"5408831"
119,"spotify:track:7sO5G9EABYOXQKNPNiE9NR","Offset, Metro Boomin","Ric Flair Drip (with Metro Boomin)","Slaughter Gang, LLC/Epic/Quality Control Music/Motown/Capitol/Boominati Worldwide/Republic",32,126,38,"5332198"
120,"spotify:track:6xTU6B6nFwKKTSZ9ySXS80","Kygo, Miguel","Remind Me to Forget","Kygo",29,116,18,"5329824"
121,"spotify:track:083Qf6hn6sFL6xiOHlZUyn","Jess Glynne","I'll Be There","Atlantic Records UK",66,125,11,"5280557"
122,"spotify:track:4h8VwCb1MTGoLKueQ1WgbD","Avicii","Wake Me Up","Pophouse Entertainment Group",13,145,13,"5232627"
123,"spotify:track:2ZRo7axmMPeSVUvDbGkJah","XXXTENTACION","Hope","Bad Vibes Forever, LLC",42,109,7,"5230140"
124,"spotify:track:3T4UodGkfZObJ43RtA5KFU","OneRepublic","Connection","Mosley / Interscope",124,164,2,"5202682"
125,"spotify:track:1Jrj3k5L36dPkU6KAclU7g","Drake","Blue Tint","Cash Money/Drake LP6",34,71,3,"5189725"
126,"spotify:track:4IvenHmD0spfFDOKphoUDp","Drake, Static Major, Ty Dolla $ign","After Dark (feat. Static Major & Ty Dolla $ign)","Cash Money/Drake LP6",40,75,3,"5178495"
127,"spotify:track:2RM4jf1Xa9zPgMGRDiht8O","YG, 2 Chainz, Big Sean, Nicki Minaj","BIG BANK (feat. 2 Chainz, Big Sean, Nicki Minaj)","Def Jam Recordings",127,158,3,"5147978"
128,"spotify:track:3S0OXQeoh0w6AY8WQVckRW","Jason Mraz","I'm Yours","Atlantic Records/ATG",128,154,16,"5127210"
129,"spotify:track:6tpHfEM8eaETzlPOARYWfZ","Lil Pump","Drug Addicts","Warner Records",102,102,2,"5126114"
130,"spotify:track:1RagpNpkD3KcjXMLGMe99V","Wiz Khalifa, Lil Skies","Fr Fr (feat. Lil Skies)","Taylor Gang/Atlantic",130,-1,1,"5112027"
131,"spotify:track:71SEHJPt1iDwGkBhUOAXDP","Drake","Survival","Cash Money/Drake LP6",8,61,3,"5062291"
132,"spotify:track:5PTG6rrL6EPFD9E2QMI2pl","Famous Dex","JAPAN","300 Entertainment",34,130,17,"5037749"
133,"spotify:track:7BKLCZ1jbUBVqRi2FVlTVw","The Chainsmokers, Halsey","Closer","Disruptor Records/Columbia",2,133,82,"5013382"
134,"spotify:track:5fcM0StdQxMjzulVGhFkHN","Drake","8 Out Of 10","Cash Money/Drake LP6",12,58,3,"4952719"
135,"spotify:track:31M5m42C3EGlbydf9XB5to","Leslie Grace, Noriel","Duro y Suave","Sony Music Latin",135,140,10,"4858479"
136,"spotify:track:6VrBWh90BiwWmwKtvwWFcq","J Balvin","Ambiente","UMLE - Latino",109,135,8,"4857298"
137,"spotify:track:32lItqlMi4LBhb4k0BaSaC","Post Malone","Candy Paint","Republic Records",17,137,44,"4808894"
138,"spotify:track:7KXjTSCq5nL1LoYtL7XAwS","Kendrick Lamar","HUMBLE.","Aftermath",1,143,68,"4807192"
139,"spotify:track:447yWcDPg1ddgcHBLGpJC0","Louis The Child, Wafia","Better Not (with Wafia)","Louis The Child / Interscope",119,155,6,"4789162"
140,"spotify:track:6Pgkp4qUoTmJIPn7ReaGxL","Avicii, Sandro Cavazza","Without You (feat. Sandro Cavazza)","Pophouse Entertainment Group",20,165,41,"4787369"
141,"spotify:track:4dSoDnmR9opAQ8KxUc9SbC","Sean Paul, David Guetta, Becky G","Mad Love","Universal-Island Records Ltd.",38,131,20,"4780391"
142,"spotify:track:2hl6q70unbviGo3g1R7uFx","Luis Fonsi, Demi Lovato","Échame La Culpa","Echame La Culpa PS",7,134,35,"4748325"
143,"spotify:track:1bhUWB0zJMIKr9yVPrkEuI","Ed Sheeran, Beyoncé","Perfect Duet (Ed Sheeran & Beyoncé)","Atlantic Records UK",3,148,33,"4708960"
144,"spotify:track:1j6xOGusnyXq3l6IryKF3G","Piso 21, Manuel Turizo","Déjala Que Vuelva (feat. Manuel Turizo)","WM Mexico",33,141,37,"4687464"
145,"spotify:track:3a1lNhkSLSkpJE4MSHpDu9","Post Malone, Quavo","Congratulations","Universal Records",20,150,78,"4672318"
146,"spotify:track:2EzRdhuoPyNJDlep7lnNf2","Danny Ocean","Dembow","Atlantic Records",65,138,27,"4638970"
147,"spotify:track:0w1ZtnzQmtmuuoKxHT0pLL","Drake","Summer Games","Cash Money/Drake LP6",31,79,3,"4638607"
148,"spotify:track:3Yw09dj3cTXsAzlLjgBfIP","Drake, JAY-Z","Talk Up (feat. Jay-Z)","Cash Money/Drake LP6",18,70,3,"4629311"
149,"spotify:track:5QskYLFPX9y7pLU0VEMNbr","Shawn Mendes, Julia Michaels","Like To Be You (feat. Julia Michaels)","Island Records",86,144,5,"4619161"
150,"spotify:track:5uCax9HTNlzGybIStD3vDh","James Arthur","Say You Won't Let Go","Columbia",7,146,82,"4618131"
151,"spotify:track:2P91MQbaiQOfbiz9VqhqKQ","Lauv","I Like Me Better","Lauv",29,161,59,"4541035"
152,"spotify:track:6QgjcU0zLnzq5OrUoSZ3OK","Portugal. The Man","Feel It Still","Atlantic Records",18,153,53,"4510386"
153,"spotify:track:1zi7xx7UVEFkmKfv06H8x0","Drake, Wizkid, Kyla","One Dance","Cash Money Records/Young Money Ent./Universal Rec.",12,159,82,"4500904"
154,"spotify:track:3B54sVLJ402zGa6Xm4YGNe","French Montana, Swae Lee","Unforgettable","Bad Boy Entertainment/Epic Records",3,152,67,"4494646"
155,"spotify:track:0tBbt8CrmxbjRP0pueQkyU","Selena Gomez, Marshmello","Wolves","Selena Gomez PS",3,160,39,"4487861"
156,"spotify:track:6h5PAsRni4IRlxWr6uDPTP","Axwell /\ Ingrosso, Axwell, Sebastian Ingrosso","More Than You Know","Pophouse Entertainment Group",15,182,60,"4485801"
157,"spotify:track:2374M0fQpWi3dLnB54qaLX","TOTO","Africa","Columbia",145,170,18,"4471738"
158,"spotify:track:6RUKPb4LETWmmr3iAEQktW","The Chainsmokers, Coldplay","Something Just Like This","Disruptor Records/Columbia",2,162,74,"4467219"
159,"spotify:track:3pWcj8hxj3fsb9TDAcMpEl","The Chainsmokers, Drew Love","Somebody","Disruptor Records/Columbia",58,114,13,"4462469"
160,"spotify:track:3D1rlKmZdpYUeMtRRLNawc","Rudimental, Major Lazer, Anne-Marie, Mr Eazi","Let Me Live (feat. Anne-Marie & Mr Eazi)","Atlantic Records UK",160,-1,1,"4459041"
161,"spotify:track:6RnkFd8Fqqgk1Uni8RgqCQ","David Guetta, Martin Garrix, Brooks","Like I Do","Parlophone (France)",24,151,21,"4447594"
162,"spotify:track:1BuZAIO8WZpavWVbbq3Lci","Rae Sremmurd, Swae Lee, Slim Jxmmi, Juicy J","Powerglide (feat. Juicy J) - From SR3MM","Mike WiLL Made-It",50,156,20,"4423747"
163,"spotify:track:07FkzikE6FuHIa8Ma7zJGc","NF","Lie","NF Real Music",163,-1,1,"4401900"
164,"spotify:track:0SVsEdvot6vU4byv5yW0oj","Drake","That’s How You Feel","Cash Money/Drake LP6",39,91,3,"4389320"
165,"spotify:track:1sPLURKAosM3Jampgp9AWq","Drake","Sandra’s Rose","Cash Money/Drake LP6",24,84,3,"4378996"
166,"spotify:track:5S1IUPueD0xE0vj4zU3nSf","2 Chainz, Drake, Quavo","Bigger Than You (feat. Drake & Quavo)","Def Jam Recordings",71,179,5,"4372979"
167,"spotify:track:2CvOqDpQIMw69cCzWqr5yr","Beyoncé","Halo","Music World Music/Columbia",149,184,10,"4368364"
168,"spotify:track:5bITfqKGaPakO1l99hOMsI","Justin Quiles, Zion & Lennox","No Quiero Amarte (feat. Zion & Lennox)","WEA Latina",168,192,2,"4355849"
169,"spotify:track:7p4vHnYXkxlzvfePJVpcTr","Childish Gambino","Feels Like Summer","Wolf+Rothstein/RCA Records",169,-1,1,"4339960"
170,"spotify:track:4eWQlBRaTjPPUlzacqEeoQ","Camila Cabello","Never Be the Same","Syco Music/Epic",4,167,32,"4311818"
171,"spotify:track:0GxQ1A5L9xnMOytbP6eKBG","Maroon 5, SZA","What Lovers Do (feat. SZA)","Interscope Records*",5,180,46,"4261089"
172,"spotify:track:01TnVDiet1DFTsyWKUKovl","XXXTENTACION","NUMB","Bad Vibes Forever, LLC",48,142,8,"4244059"
173,"spotify:track:7vGuf3Y35N4wmASOKLUVVU","Marshmello, Khalid","Silence","Joytime Collective/RCA Records",8,163,49,"4239465"
174,"spotify:track:3uhBIQ7tv8j1FME8cFGEfG","John Legend","All of Me","G.O.O.D. Music/Columbia",147,-1,12,"4227768"
175,"spotify:track:44KKhCyI0BGS6LvVyDqJtH","Lil Pump","Esskeetit","Warner Records",51,166,14,"4226932"
176,"spotify:track:2Ab1wPTEqulaCGoBak1gUo","Matheus & Kauan, Anitta","Ao Vivo E A Cores","Universal Music Ltda.",160,177,7,"4206628"
177,"spotify:track:6gBFPUFcJLzWGx4lenP6h2","Travis Scott","goosebumps","Cactus Jack / Epic",60,181,81,"4196235"
178,"spotify:track:590bUp2TKTfTS9NfiD4Nmn","Drake","Finesse","Cash Money/Drake LP6",38,100,3,"4179900"
179,"spotify:track:4P92FrvmYQSAfOpp4cpFEi","Florida Georgia Line","Simple","BMLG Records",134,171,5,"4177940"
180,"spotify:track:5Z3GHaZ6ec9bsiI5BenrbY","Khalid","Young Dumb & Broke","Right Hand Music Group, LLC/RCA Records",12,172,56,"4139250"
181,"spotify:track:3fpVWegR6YOS1Yk5HSMYIq","Post Malone","Paranoid","Republic Records",4,173,12,"4076428"
182,"spotify:track:5qqabIl2vWzo9ApSC317sa","Oasis","Wonderwall - Remastered","Big Brother",152,198,40,"4037172"
183,"spotify:track:6Za3190Sbw39BBC77WSS1C","NATTI NATASHA, Ozuna","Criminal","Pina Records",21,178,44,"4031022"
184,"spotify:track:1Slwb6dOYkBlWal1PGtnNg","Ed Sheeran","Thinking out Loud","Atlantic Records UK",58,189,82,"4026880"
185,"spotify:track:3Du2K5dLzmduCNp6uwuaL0","Demi Lovato","Sorry Not Sorry","Island Records",7,188,53,"4026211"
186,"spotify:track:0TCnOEVeLQMXOUrpPlM7uY","Rae Sremmurd, Swae Lee, Slim Jxmmi","Guatemala - From Swaecation","Mike WiLL Made-It",111,168,8,"4023775"
187,"spotify:track:7COfe3P7KgfwDwIRB8LIDw","J Balvin, Willy William","Mi Gente","Scorpio Music (FR)",1,196,55,"4015896"
188,"spotify:track:0yt31hMKZMiyIEfiBiLD2N","Imagine Dragons","Whatever It Takes","Kid Ina Korner / Interscope",51,193,49,"4012717"
189,"spotify:track:2uaiyLKnYvazyfR0Ky3Kbk","Alec Benjamin","Let Me Down Slowly","2018",184,194,3,"4010704"
190,"spotify:track:52okn5MNA47tk87PeZJLEL","NF","Let You Down","NF Real Music",9,190,41,"4004612"
191,"spotify:track:0KKkJNfGyhkQ5aFogxQAPU","Bruno Mars","That's What I Like","Atlantic Records",6,197,77,"4002716"
192,"spotify:track:7rwX0O3RlxqqIjQM8evm5E","Ozuna, Mambo Kingz, DJ Luian, Bad Bunny, Wisin, Almighty","Solita","Hear This Music",75,186,25,"4001335"
193,"spotify:track:78CLZUWhsxIDwObCKOh1fh","Bushido, Samra, Capital Bra","Für Euch alle","ersguterjunge/iGroove",107,107,2,"4000895"
194,"spotify:track:3KYOGt8IO6j8wptkG9THag","Hozier","Take Me To Church","Universal-Island Records Ltd.",166,-1,4,"3996559"
195,"spotify:track:3aW0ds4A4tSQDIp75FqWTo","BTS","FAKE LOVE","BIGHIT MUSIC",14,174,9,"3948076"
196,"spotify:track:3jipFRgLyKK0oJoG1pKicx","Drake","Jaded","Cash Money/Drake LP6",35,103,3,"3947144"
197,"spotify:track:2jyjhRf6DVbMPU5zxagN2h","Passenger","Let Her Go","Embassy of Music",170,-1,10,"3944815"
198,"spotify:track:7oK9VyNzrYvRFo7nQEYkWN","The Killers","Mr. Brightside","Island Records",148,-1,25,"3934737"
199,"spotify:track:6lOWoTqVnAWXchddtTH31W","Tom Walker","Leave a Light On","Relentless Records",169,-1,13,"3933774"
200,"spotify:track:2OvV4NjEBRE9v8Oo7QeUCq","Julia Michaels, Trippie Redd","Jump (with Trippie Redd)","J/Republic",146,-1,4,"3913593"
