﻿rank,uri,artist_names,track_name,source,peak_rank,previous_rank,weeks_on_chart,streams
1,"spotify:track:7wGoVu4Dady5GV0Sv4UIsx","Post Malone, 21 Savage","rockstar (feat. 21 Savage)","Republic Records",1,1,11,"36803492"
2,"spotify:track:0ofbQMrRDsUaVKq2mGLEAb","Camila Cabello, Young Thug","Havana (feat. Young Thug)","Syco Music/Epic",2,2,17,"30028749"
3,"spotify:track:7EmGUiUaOSGDnUUQUDrOXC","Selena Gomez, Marshmello","Wolves","Selena Gomez PS",3,4,6,"24355051"
4,"spotify:track:0tgVpDi06FyKpA1z0VMD4v","Ed Sheeran","Perfect","Atlantic Records UK",4,5,39,"24101578"
5,"spotify:track:2ekn2ttSfGqwhhate0LSR0","Dua Lipa","New Rules","Warner Records",2,3,21,"23958050"
6,"spotify:track:43ZyHQITOjhciSUUNPVRHc","Lil Pump","Gucci Gang","Warner Records",6,6,12,"21818053"
7,"spotify:track:1mXVgsBdtIVeCLJnSnmtdV","Sam Smith","Too Good At Goodbyes","PLG - Capitol",1,7,12,"21285725"
8,"spotify:track:3hBBKuWJfxlIlnd9QFoC8k","Maroon 5, SZA","What Lovers Do (feat. SZA)","Interscope Records*",5,8,13,"20602334"
9,"spotify:track:6mrKP2jyIQmM0rw6fQryjr","NF","Let You Down","NF Real Music",9,9,8,"19465511"
10,"spotify:track:1zsG4eaZmkA1dvjDDsAGLK","Luis Fonsi, Demi Lovato","Échame La Culpa","UMLE - Latino",10,13,2,"19056515"
11,"spotify:track:7vGuf3Y35N4wmASOKLUVVU","Marshmello, Khalid","Silence","Joytime Collective/RCA Records",8,11,16,"18550749"
12,"spotify:track:1j4kHkkpqZRBwE0A4CN4Yv","ZAYN, Sia","Dusk Till Dawn (feat. Sia) - Radio Edit","RCA Records Label",4,10,12,"18210930"
13,"spotify:track:75ZvA4QfFiZvzhj2xkaWAh","Post Malone","I Fall Apart","Universal Records",10,12,10,"16532047"
14,"spotify:track:5Z3GHaZ6ec9bsiI5BenrbY","Khalid","Young Dumb & Broke","Right Hand Music Group, LLC/RCA Records",12,15,23,"14037522"
15,"spotify:track:32DGGj6KlNuBr6WaqRxpxi","Charlie Puth","How Long","Artist Partner",15,16,8,"14001753"
16,"spotify:track:5AEtlRudpgdT5FtNiuly6Y","Hailee Steinfeld, Alesso, Florida Georgia Line, WATT","Let Me Go (with Alesso, Florida Georgia Line & watt)","Universal Records",16,19,12,"13689724"
17,"spotify:track:5tz69p7tJuGPeMGwNTxYuV","Logic, Alessia Cara, Khalid","1-800-273-8255","Def Jam Recordings",5,14,31,"13558351"
18,"spotify:track:7qiZfU4dY1lWllzX7mPBI3","Ed Sheeran","Shape of You","Atlantic Records UK",1,17,47,"13485537"
19,"spotify:track:0Zbbxnx4SGGHoIow4PpISP","Kygo, Justin Jesso","Stargazing","Kygo",15,18,10,"12851089"
20,"spotify:track:42CeaId2XNlxugDvyqHfDf","Post Malone","Candy Paint","Republic Records",20,31,11,"12270959"
21,"spotify:track:6Za3190Sbw39BBC77WSS1C","NATTI NATASHA, Ozuna","Criminal","Pina Records",21,21,11,"12122973"
22,"spotify:track:0tKcYR2II1VCQWT79i5NrW","Imagine Dragons","Thunder","Kid Ina Korner / Interscope",8,23,31,"12034384"
23,"spotify:track:5hcisvFMidkMJlElTO9Qmw","Bad Bunny, Prince Royce, J Balvin, Mambo Kingz, DJ Luian","Sensualidad","Hear This Music",23,33,4,"11938387"
24,"spotify:track:7GX5flRQZVHRAGd6B4TmDO","Lil Uzi Vert","XO Tour Llif3","Generation Now/Atlantic",10,24,36,"11670805"
25,"spotify:track:0bYg9bo50gSsH3LtXe2SQn","Mariah Carey","All I Want for Christmas Is You","Columbia",11,82,4,"11641888"
26,"spotify:track:2OALaHcDdKkjYEpAr0Qzab","Avicii, Rita Ora","Lonely Together","Universal Music AB",19,22,16,"11550421"
27,"spotify:track:2fQrGHiQOvpL9UgPvtYy6G","21 Savage","Bank Account","Slaughter Gang, LLC/Epic Records",22,26,21,"11418199"
28,"spotify:track:3B54sVLJ402zGa6Xm4YGNe","French Montana, Swae Lee","Unforgettable","Bad Boy Entertainment/Epic Records",3,25,34,"11414455"
29,"spotify:track:2xmrfQpmS2iJExTlklLoAL","Clean Bandit, Julia Michaels","I Miss You (feat. Julia Michaels)","Atlantic Records UK",29,40,5,"11304033"
30,"spotify:track:6QgjcU0zLnzq5OrUoSZ3OK","Portugal. The Man","Feel It Still","Atlantic Records",18,27,20,"11062233"
31,"spotify:track:3a1lNhkSLSkpJE4MSHpDu9","Post Malone, Quavo","Congratulations","Universal Records",20,29,45,"11058366"
32,"spotify:track:7iDa6hUg2VgEL1o1HjmfBn","Bebe Rexha, Florida Georgia Line","Meant to Be (feat. Florida Georgia Line)","Warner Records",32,36,11,"10908662"
33,"spotify:track:3Ga6eKrUFf12ouh9Yw3v2D","Anitta, J Balvin","Downtown","WM Brazil",33,111,2,"10882747"
34,"spotify:track:2rb5MvYT7ZIxbKW5hfcHx8","J Balvin, Willy William","Mi Gente","Scorpio Music (FR)",1,28,22,"10812739"
35,"spotify:track:1m69ELEgE6k5ZWsap40ozt","Ozuna","Se Preparó","VP Records Corp/Dimelo Vi",30,32,14,"10510502"
36,"spotify:track:3m660poUr1chesgkkjQM7P","Demi Lovato","Sorry Not Sorry","Island Records",7,30,21,"10340932"
37,"spotify:track:7sO5G9EABYOXQKNPNiE9NR","Offset, Metro Boomin","Ric Flair Drip (with Metro Boomin)","Slaughter Gang, LLC/Epic/Quality Control Music/Motown/Capitol/Boominati Worldwide/Republic",37,38,5,"10238527"
38,"spotify:track:4dVpf9jZjcORqGTLUaeYj9","A$AP Ferg","Plain Jane","RCA Records Label",37,37,11,"10116344"
39,"spotify:track:2Xqd0wUttjueBfdcltADOv","G-Eazy, A$AP Rocky, Cardi B","No Limit","BPG/RVG/RCA Records",34,34,9,"10023804"
40,"spotify:track:7JNh1cfm0eXjqFVOzKLyau","Becky G, Bad Bunny","Mayores","Kemosabe Records/RCA Records/Sony Music Latin",33,35,18,"9856021"
41,"spotify:track:6De0lHrwBfPfrhorm9q1Xl","Danny Ocean","Me Rehúso","Atlantic Records",20,39,41,"9572832"
42,"spotify:track:2nUJvBO87SkxCViQsLc9Zr","Big Shaq","Man's Not Hot","Universal-Island Records Ltd.",42,44,8,"9465237"
43,"spotify:track:5b2QnYcT9rQIkhRWt4HztQ","Eminem, Beyoncé","Walk On Water (feat. Beyoncé)","Eminem Catalog PS",13,20,3,"9083761"
44,"spotify:track:4iLqG9SeJSnt0cSPICSjxv","Charlie Puth","Attention","Artist Partner",5,42,32,"9022353"
45,"spotify:track:1YZfcVLbbJwfizR5cDOp3q","Migos, Nicki Minaj, Cardi B","MotorSport","Quality Control Music, LLC",34,45,5,"8994841"
46,"spotify:track:70lnL3QaSOIIyMa2X9aVRL","Shakira, Nicky Jam","Perro Fiel (feat. Nicky Jam)","Sony Music Latin",46,50,8,"8908648"
47,"spotify:track:7nZmah2llfvLDiUjm0kiyz","Justin Bieber, BloodPop®","Friends (with BloodPop®)","BloodPop/DJ/RMBG/Republic",2,49,15,"8874729"
48,"spotify:track:1wjzFQodRWrPcQ0AnYnvQ9","Lauv","I Like Me Better","Lauv",29,46,26,"8872973"
49,"spotify:track:0CokSRCu5hZgPxcZBaEzVE","Macklemore, Skylar Grey","Glorious (feat. Skylar Grey)","Bendo LLC",14,47,21,"8349127"
50,"spotify:track:7fwXWKdDNI5IutOMc5OKYw","J Balvin, Willy William, Beyoncé","Mi Gente Feat. Beyoncé","Scorpio Music",15,48,9,"8177292"
51,"spotify:track:7EI6Iki24tBHAMxtb4xQN2","Rita Ora","Anywhere","Atlantic Records UK",51,64,6,"7982141"
52,"spotify:track:5yFSF6qQA1rcLsQRnBsZgb","Alan Walker, Noah Cyrus, Digital Farm Animals, Juliander","All Falls Down (feat. Juliander)","Kreatell Music",52,55,5,"7678479"
53,"spotify:track:3whrwq4DtvucphBPUogRuJ","Camila Cabello, Daddy Yankee","Havana - Remix","Syco Music/Epic",53,56,2,"7658438"
54,"spotify:track:7m9OqQk4RVRkw9JJdeAw96","XXXTENTACION","Jocelyn Flores","Bad Vibes Forever / EMPIRE",15,53,14,"7602740"
55,"spotify:track:7KXjTSCq5nL1LoYtL7XAwS","Kendrick Lamar","HUMBLE.","Aftermath",1,52,35,"7570756"
56,"spotify:track:2771LMNxwf62FTAdpJMQfM","Cardi B","Bodak Yellow","KSR/Atlantic",21,41,18,"7434229"
57,"spotify:track:3PEgB3fkiojxms35ntsTgs","Axwell /\ Ingrosso, Axwell, Sebastian Ingrosso","More Than You Know","Pophouse Entertainment Group",15,51,27,"7425763"
58,"spotify:track:0Qh38w01QRXK6KHIv0e3hb","P!nk","What About Us","RCA Records Label",18,43,16,"7295784"
59,"spotify:track:7ofxPmTNMj2GP07g1VZa0O","Alex Sensation, Ozuna","Que Va","JP Entertainment (Jorge Pino)",54,54,14,"7217588"
60,"spotify:track:2FRnf9qhLbvw8fu4IBXx78","Wham!","Last Christmas","Epic",21,155,3,"7133652"
61,"spotify:track:1XRgIKC5TPwo7nWGyKqgG0","Gucci Mane, Migos","I Get the Bag (feat. Migos)","Guwop Enterprises/Atlantic",45,63,15,"7102124"
62,"spotify:track:3VClLWqNn80Llv0PJOsKgr","Nacho, Yandel, Bad Bunny, Mambo Kingz, DJ Luian","Báilame - Remix","UMLE - Latino",58,58,15,"7095690"
63,"spotify:track:4lESS6vuruP6a79KWRaQou","Maluma, Nego do Borel","Corazón (feat. Nego do Borel)","Sony Music Latin",63,84,4,"7074234"
64,"spotify:track:6RUKPb4LETWmmr3iAEQktW","The Chainsmokers, Coldplay","Something Just Like This","Disruptor Records/Columbia",2,61,41,"6887379"
65,"spotify:track:0CcQNd8CINkwQfe1RDtGV6","Imagine Dragons","Believer","Kid Ina Korner / Interscope",16,60,43,"6867872"
66,"spotify:track:693iqPOQvhI7PobtR8CC8v","J Balvin, Jowell & Randy","Bonita","Rimas (J Balvin - Jowell & Randy)",42,62,25,"6864953"
67,"spotify:track:2z4pcBLQXF2BXKFvd0BuB6","Jason Derulo, French Montana","Tip Toe (feat. French Montana)","Beluga Heights/Warner Records",67,89,3,"6801652"
68,"spotify:track:5TysCiZtv1HnSWcTcUFusI","Joey Montana, Sebastian Yatra","Suena El Dembow","UMLE - Latino",66,66,11,"6714322"
69,"spotify:track:0qYTZCo5Bwh1nsUFGZP3zn","Maluma","Felices los 4","Sony Music Latin",17,59,32,"6713147"
70,"spotify:track:6NWl2m8asvH83xjuXVNsuG","Lil Xan","Betrayed","Columbia",70,78,4,"6686436"
71,"spotify:track:7Ed6BkggCS2KaKY5YlINaF","BTS, Desiigner, Steve Aoki","MIC Drop (feat. Desiigner) [Steve Aoki Remix]","BIGHIT MUSIC",71,-1,1,"6627272"
72,"spotify:track:79cuOz3SPQTuFrp8WgftAu","Shawn Mendes","There's Nothing Holdin' Me Back","Island Records",5,70,32,"6476509"
73,"spotify:track:5CtI0qwDJkDQGwXD1H1cLb","Luis Fonsi, Daddy Yankee, Justin Bieber","Despacito - Remix","UMLE - Latino",1,65,33,"6427620"
74,"spotify:track:5u6vkDnOyaf8LsteDAj2ub","21 Savage, Offset, Metro Boomin, Travis Scott","Ghostface Killers (feat. Travis Scott)","Slaughter Gang, LLC/Epic/Quality Control Music/Motown/Capitol/Boominati Worldwide/Republic",36,67,5,"6368971"
75,"spotify:track:2cnKEkpVUSV4wnjQiTWfH6","Wisin, Ozuna","Escápate Conmigo (feat. Ozuna)","Sony Music Latin",38,72,34,"6363052"
76,"spotify:track:7y9iMe8SOB6z3NoHE2OfXl","Halsey","Bad At Love","Astralwerks (ASW)",68,68,14,"6328007"
77,"spotify:track:1yxgsra98r3qAtxqiGZPiX","Travis Scott","BUTTERFLY EFFECT","Cactus Jack / Epic",40,73,28,"6318961"
78,"spotify:track:0JcNysfWVWaMS7R6vzGB2k","Carlos Vives, Sebastian Yatra","Robarte un Beso","Sony Music Latin",61,74,17,"6317802"
79,"spotify:track:0lJCqIx5BhZtf6QtYI2fbv","Daddy Yankee, Bad Bunny","Vuelve","Craft Latino",71,71,8,"6261274"
80,"spotify:track:6gBFPUFcJLzWGx4lenP6h2","Travis Scott","goosebumps","Cactus Jack / Epic",60,76,48,"6107099"
81,"spotify:track:33bnxcjePIkcmNjEFTJX0l","Piso 21, Manuel Turizo","Déjala Que Vuelva (feat. Manuel Turizo)","WM Mexico",81,104,4,"6053956"
82,"spotify:track:5bcTCxgc7xVfSaMV3RuVke","Calvin Harris, Pharrell Williams, Katy Perry, Big Sean, Funk Wav","Feels (feat. Pharrell Williams, Katy Perry & Big Sean)","Columbia",5,69,24,"6037067"
83,"spotify:track:5uCax9HTNlzGybIStD3vDh","James Arthur","Say You Won't Let Go","Columbia",7,80,49,"6017726"
84,"spotify:track:4v094LQ9eF10k2O2Te2ngK","Niall Horan","Too Much To Ask","Capitol Records (US1A)",37,57,11,"6007180"
85,"spotify:track:152lZdxL1OR0ZMW6KquMif","Khalid","Location","Right Hand Music Group, LLC/RCA Records",34,79,43,"5960231"
86,"spotify:track:1Qg9jWGDkKAGZXj5v2OG59","Maroon 5","Wait","Interscope Records*",74,91,4,"5956282"
87,"spotify:track:6WbADFqMvR8N5u0BvtsWQE","Avicii, Sandro Cavazza","Without You","Universal Music AB",21,83,16,"5785797"
88,"spotify:track:0Wv5wuenRLI3BcwgT3HPIP","DJ Snake, Lauv","A Different Way (with Lauv)","Geffen",66,90,10,"5763226"
89,"spotify:track:7krbSH3rd8lhIZvuzTV3Bl","James Arthur","Naked","Columbia Local",89,-1,1,"5758771"
90,"spotify:track:2Za1AlJNvksouPPWbXpR2X","Macklemore, Kesha","Good Old Days (feat. Kesha)","Bendo LLC",56,81,10,"5754200"
91,"spotify:track:3ncgNpxLoBQ65ABk4djDyd","Famous Dex, A$AP Rocky","PICK IT UP (feat. A$AP Rocky)","300 Entertainment",91,119,3,"5693182"
92,"spotify:track:6EpRaXYhGOB3fj4V2uDkMJ","Liam Payne, Quavo","Strip That Down (feat. Quavo)","Capitol Records UK / EMI",9,88,28,"5605331"
93,"spotify:track:5yuShbu70mtHXY0yLzCQLQ","Post Malone","Go Flex","Universal Records",52,93,21,"5593722"
94,"spotify:track:1OAh8uOEOvTDqkKFsKksCi","DJ Khaled, Rihanna, Bryson Tiller","Wild Thoughts (feat. Rihanna & Bryson Tiller)","Epic/We The Best",2,85,24,"5517665"
95,"spotify:track:6uFsE1JgZ20EXyU0JQZbUR","Taylor Swift","Look What You Made Me Do","Taylor Swift",1,75,14,"5490127"
96,"spotify:track:7AQim7LbvFVZJE3O8TYgf2","XXXTENTACION, Trippie Redd","Fuck Love","Bad Vibes Forever / EMPIRE",41,92,14,"5439056"
97,"spotify:track:0NiXXAI876aGImAd6rTj8w","Jonas Blue, William Singe","Mama","UMOD (Universal Music On Demand)",11,94,30,"5406893"
98,"spotify:track:40oKW22ZNNkEdZLJTScaQI","Kodak Black, XXXTENTACION","Roll in Peace (feat. XXXTENTACION)","Atlantic Records",79,99,15,"5337013"
99,"spotify:track:790MhTXPFrYkrqCKvpg4t1","NAV, Lil Uzi Vert","Wanted You (feat. Lil Uzi Vert)","XO Records",99,103,3,"5335778"
100,"spotify:track:3DXncPQOG4VBw3QHh3S817","DJ Khaled, Justin Bieber, Quavo, Chance the Rapper, Lil Wayne","I'm the One (feat. Justin Bieber, Quavo, Chance the Rapper & Lil Wayne)","Epic/We The Best",2,95,31,"5264364"
101,"spotify:track:7DsX5K72fewVGb47qj7Tbg","Sam Smith","Pray","PLG - Capitol",28,77,8,"5185692"
102,"spotify:track:0tPQPaOKM32WgMSbPCYyRH","David Guetta, AFROJACK, Charli xcx, French Montana","Dirty Sexy Money (feat. Charli XCX & French Montana)","Parlophone (France)",100,100,4,"5098782"
103,"spotify:track:1x5sYLZiu9r5E43kMlt9f8","Clean Bandit, Zara Larsson","Symphony (feat. Zara Larsson)","Atlantic Records UK",11,105,37,"5078807"
104,"spotify:track:7MHN1aCFtLXjownGhvEQlF","Manuel Turizo","Una Lady Como Tú","Sony Music Latin/La Industria",38,96,26,"5036081"
105,"spotify:track:5TmZYdHW6HJ9gt7Aokuql5","Sebastian Yatra, Dalmata","SUTRA","UMLE - Latino",105,118,5,"5033182"
106,"spotify:track:2rE9TX3VQ0WNt7kziFhKep","Lorde, Khalid, Post Malone, SZA","Homemade Dynamite (Feat. Khalid, Post Malone & SZA) - REMIX","Universal Music New Zealand Limited",54,101,11,"4986782"
107,"spotify:track:0ERbK7qVqveCaBWIiYCrl3","Romeo Santos, Daddy Yankee, Nicky Jam","Bella y Sensual","Sony Music Latin",106,139,18,"4985229"
108,"spotify:track:7F9vK8hNFMml4GtHsaXui6","Louis Tomlinson, Bebe Rexha, Digital Farm Animals","Back to You (feat. Bebe Rexha & Digital Farm Animals)","Syco Music",15,98,19,"4982439"
109,"spotify:track:5PB8zB1MOZASboLquvinMF","CNCO, Little Mix","Reggaetón Lento (Remix)","Sony Music Latin",56,86,15,"4974039"
110,"spotify:track:0afhq8XCExXpqazXczTSve","Ed Sheeran","Galway Girl","Atlantic Records UK",2,110,39,"4973816"
111,"spotify:track:0KKkJNfGyhkQ5aFogxQAPU","Bruno Mars","That's What I Like","Atlantic Records",6,113,49,"4954008"
112,"spotify:track:4aWmUDTfIPGksMNLV2rQP2","Luis Fonsi, Daddy Yankee","Despacito","UMLE - Latino",4,87,46,"4943689"
113,"spotify:track:0OI7AFifLSoGzpb8bdBLLV","mgk, X Ambassadors, Bebe Rexha","Home (with Machine Gun Kelly, X Ambassadors & Bebe Rexha)","Atlantic Records",113,-1,1,"4883705"
114,"spotify:track:22eADXu8DfOAUEDw4vU8qy","Chris Jedi, J Balvin, Ozuna, Arcángel","Ahora Dice","UMLE - Latino",46,106,34,"4875163"
115,"spotify:track:38yBBH2jacvDxrznF7h08J","Niall Horan","Slow Hands","Capitol Records (US1A)",29,102,30,"4842200"
116,"spotify:track:6p8NuHm8uCGnn2Dtbtf7zE","Migos, Gucci Mane","Slippery (feat. Gucci Mane)","Quality Control Music",71,107,35,"4835543"
117,"spotify:track:0yyZN5ASdrYu0XYWFzfxUu","Jesse & Joy, Gente De Zona","3 A.M.","WM Mexico",112,117,11,"4818051"
118,"spotify:track:6PGoSes0D9eUDeeAafB2As","Kendrick Lamar, Zacari","LOVE. FEAT. ZACARI.","Aftermath",14,121,33,"4791135"
119,"spotify:track:6fxVffaTuwjgEk5h9QyRjy","Ed Sheeran","Photograph","Atlantic Records UK",41,127,49,"4748743"
120,"spotify:track:1pZdegOXTZ2ftINo3oUuRZ","Liam Payne","Bedroom Floor","Capitol Records UK / EMI",71,112,6,"4725094"
121,"spotify:track:6kex4EBAj0WHXDKZMEJaaF","Jason Derulo, Nicki Minaj, Ty Dolla $ign","Swalla (feat. Nicki Minaj & Ty Dolla $ign)","Beluga Heights/Warner Records",6,109,40,"4702406"
122,"spotify:track:0VgkVdmE4gld66l8iyGjgx","Future","Mask Off","Epic/Freebandz/A1",5,116,41,"4700418"
123,"spotify:track:6eT7xZZlB2mwyzJ2sUKG6w","Post Malone","White Iverson","Universal Records",100,123,41,"4681897"
124,"spotify:track:3ojTJaonfkL96iIWa47SU3","Chris Brown","Questions","RCA Records Label",56,108,15,"4612762"
125,"spotify:track:7BKLCZ1jbUBVqRi2FVlTVw","The Chainsmokers, Halsey","Closer","Disruptor Records/Columbia",2,125,49,"4601149"
126,"spotify:track:0lLdorYw7lVrJydTINhWdI","Michael Bublé","It's Beginning to Look a Lot like Christmas","Reprise",41,-1,2,"4577042"
127,"spotify:track:2eAZfqOm4EnOF9VvN50Tyc","Lil Uzi Vert, Oh Wonder","The Way Life Goes (feat. Oh Wonder)","Generation Now/Atlantic",44,114,14,"4569067"
128,"spotify:track:1LszjjoVwDDZcWUQbzeDLG","Yandel, Bad Bunny","Explícale (feat. Bad Bunny)","Sony Music Latin",101,122,13,"4556116"
129,"spotify:track:4hKWUzhQWsOkgT6LnDEASe","Bausa","Was du Liebe nennst","WM Germany",96,124,7,"4555155"
130,"spotify:track:4c2W3VKsOFoIg2SFaO6DY5","Rita Ora","Your Song","Atlantic Records UK",29,126,27,"4537473"
131,"spotify:track:5zSOVwaY3sVjnmLhuEfsuf","Ozuna","Tú Foto","VP Records Corp/Dimelo Vi",72,120,31,"4536375"
132,"spotify:track:4IWAyPf1KMq7JCyGeCjTeH","Imagine Dragons","Whatever It Takes","Kid Ina Korner / Interscope",51,134,16,"4519335"
133,"spotify:track:3eR23VReFzcdmS7TYCrhCe","Kygo, Selena Gomez","It Ain't Me (with Selena Gomez)","Kygo",2,128,41,"4497125"
134,"spotify:track:1Slwb6dOYkBlWal1PGtnNg","Ed Sheeran","Thinking out Loud","Atlantic Records UK",58,135,49,"4427371"
135,"spotify:track:3T7dNA7O8c3Axj5WyDNcH3","Brenda Lee","Rockin' Around The Christmas Tree","MCA Nashville",66,-1,2,"4423222"
136,"spotify:track:3NdDpSvN911VPGivFlV5d0","ZAYN, Taylor Swift","I Don’t Wanna Live Forever (Fifty Shades Darker)","Taylor Swift",2,130,49,"4404719"
137,"spotify:track:3A7qX2QjDlPnazUsRk5y0M","David Guetta, Justin Bieber","2U (feat. Justin Bieber)","Parlophone (France)",3,129,25,"4374169"
138,"spotify:track:32OWobmyAz8J2qA8iWekyS","Justin Bieber","Mistletoe","RBMG/Def Jam",90,-1,2,"4355621"
139,"spotify:track:5uu28fUesZMl89lf9CLrgN","Cheat Codes, Fetty Wap, Sean Jacobs","Feels Great (feat. Fetty Wap & Sean Jacobs)","Parlophone UK",110,131,7,"4347403"
140,"spotify:track:3kxfsdsCpFgN412fpnW85Y","Childish Gambino","Redbone","Glassnote - VMG",35,136,49,"4310160"
141,"spotify:track:5aAx2yezTd8zXrkmtKl66Z","The Weeknd, Daft Punk","Starboy","Universal Republic Records",1,143,49,"4254883"
142,"spotify:track:5hslUAKq9I9CG2bAulFkHN","Andy Williams","It's the Most Wonderful Time of the Year","Columbia/Legacy",45,-1,2,"4243061"
143,"spotify:track:68m6iwhKElLTBaGRG1LLwE","Diplo, MØ","Get It Right","Mad Decent",143,187,2,"4226453"
144,"spotify:track:1ADjWm8QNhgNV8yCNNgQ1T","Ariana Grande","Santa Tell Me","Universal Records",84,-1,2,"4221612"
145,"spotify:track:5YzA563GXTuwQaRq24z1k5","Yandel, Wisin","Como Antes (feat. Wisin)","Sony Music Latin",129,132,11,"4214466"
146,"spotify:track:5EId1m4DNwTf3at31w8bPJ","Ozuna","El Farsante","VP Records Corp/Dimelo Vi",105,147,16,"4196135"
147,"spotify:track:1louJpMmzEicAn7lzDalPW","Cheat Codes, Demi Lovato","No Promises (feat. Demi Lovato)","Parlophone UK",24,141,35,"4194180"
148,"spotify:track:1f5cbQtDrykjarZVrShaDI","A Boogie Wit da Hoodie, Kodak Black","Drowning (feat. Kodak Black)","Highbridge The Label",90,133,33,"4181324"
149,"spotify:track:0dA2Mk56wEzDgegdC6R17g","Zedd, Alessia Cara","Stay","UMGRI Interscope",7,138,40,"4178519"
150,"spotify:track:1xznGGDReH1oQq0xzbwXa3","Drake, Wizkid, Kyla","One Dance","Cash Money Records/Young Money Ent./Universal Rec.",12,146,49,"4166006"
151,"spotify:track:7y4JznkAv2W3IKw9T1o2VK","Daya","New","UMGRI Interscope",126,137,6,"4162779"
152,"spotify:track:5gIRPQWULwrvIt0F6pY7ph","Kygo, OneRepublic","Stranger Things (feat. OneRepublic)","Kygo",145,145,4,"4160737"
153,"spotify:track:1NDxZ7cFAo481dtYWdrUnR","Maggie Lindemann, Cheat Codes, CADE","Pretty Girl - Cheat Codes X CADE Remix","300 Entertainment",23,144,35,"4152540"
154,"spotify:track:19WjVVgXjdKXfLXoaDPwTM","Taylor Swift","...Ready For It?","Taylor Swift",13,115,13,"4107774"
155,"spotify:track:3GVkPk8mqxz0itaAriG1L7","XXXTENTACION","Everybody Dies In Their Nightmares","Bad Vibes Forever / EMPIRE",52,151,14,"4030477"
156,"spotify:track:209gZgcfLq2aUuu51vOWBl","CNCO, Yandel","Hey DJ","Sony Music Latin",52,150,32,"4030397"
157,"spotify:track:6D0b04NJIKfEMg040WioJQ","Julia Michaels","Issues","J/Republic",9,148,46,"4029525"
158,"spotify:track:6jA8HL9i4QGzsj6fjoxp8Y","Martin Garrix, Troye Sivan","There for You","Epic Amsterdam",18,152,27,"3954574"
159,"spotify:track:7floNISpH8VF4z4459Qo18","XXXTENTACION","Look At Me!","Bad Vibes Forever / EMPIRE",70,154,39,"3894072"
160,"spotify:track:6tUgfsOa8PLkoede5nOR7D","N.E.R.D, Rihanna, Pharrell Williams","Lemon","Columbia",92,149,4,"3849420"
161,"spotify:track:2RttW7RAu5nOAfq6YFvApB","Ed Sheeran","Happier","Atlantic Records UK",10,162,39,"3841448"
162,"spotify:track:6HZILIRieu8S0iqY8kIKhj","Kendrick Lamar","DNA.","Aftermath",3,156,33,"3831246"
163,"spotify:track:4knL4iPxPOZjQzTUlELGSY","Yo Gotti, Nicki Minaj","Rake It Up (feat. Nicki Minaj)","Epic/CMG",78,140,18,"3814125"
164,"spotify:track:3ebXMykcMXOcLeJ9xZ17XH","Martin Garrix, Dua Lipa","Scared to Be Lonely","Epic Amsterdam",5,159,44,"3800351"
165,"spotify:track:3t6j6WNv2OSn6qm5Vxynub","Maluma, French Montana","GPS (feat. French Montana)","Sony Music Latin",165,-1,1,"3781901"
166,"spotify:track:5GXAXm5YOmYT0kL5jHvYBt","The Weeknd, Daft Punk","I Feel It Coming","Universal Republic Records",9,163,49,"3755629"
167,"spotify:track:7w9bgPAmPTtrkt2v16QWvQ","Eminem","Lose Yourself","Eminem Catalog PS",143,161,37,"3754168"
168,"spotify:track:7hDc8b7IXETo14hHIHdnhd","Drake","Passionfruit","Cash Money Records/Young Money Ent./Universal Rec.",2,157,37,"3750399"
169,"spotify:track:1hvpDAxZPKjKztOc72sv06","Band Aid","Do They Know It's Christmas? - 1984 Version","EMI",70,-1,2,"3741989"
170,"spotify:track:4DTpngLjoHj5gFxEZFeD3J","Kodak Black, Lil Wayne","Codeine Dreaming (feat. Lil Wayne)","Atlantic Records",170,-1,1,"3720892"
171,"spotify:track:4N1c5rmWOzRmB9SMacr5wB","Abraham Mateo, Farruko, Christian Daniel","Loco Enamorado","Sony Music Entertainment",132,160,17,"3674427"
172,"spotify:track:5knuzwU65gJK7IF5yJsuaW","Clean Bandit, Anne-Marie, Sean Paul","Rockabye (feat. Sean Paul & Anne-Marie)","Atlantic Records UK",3,166,49,"3660597"
173,"spotify:track:0taOCiup4HNG9LmbduVlJj","YBN Nahmir","Rubbin off the Paint","2018",173,197,2,"3640025"
174,"spotify:track:1DRW9bQzt2SE8f7H4KJZyL","Miguel, Travis Scott","Sky Walker (feat. Travis Scott)","ByStorm Entertainment/RCA Records",174,185,2,"3622602"
175,"spotify:track:2vjmyyAnDUzilFYxOlTdO1","6ix9ine","GUMMO","Scumgang/TenThousand Projects",175,196,2,"3589459"
176,"spotify:track:5Ohxk2dO5COHF1krpoPigN","Harry Styles","Sign of the Times","Columbia",14,167,34,"3565272"
177,"spotify:track:0XLOf9LhyazPX9Ld8jPiUq","Selena Gomez, Gucci Mane","Fetish (feat. Gucci Mane)","Selena Gomez PS",10,165,20,"3562337"
178,"spotify:track:5mAxA6Q1SIym6dPNiFLUyd","Steve Aoki, Lauren Jauregui","All Night","Ultra Records, LLC",178,178,2,"3552079"
179,"spotify:track:4IdXngKo4g5exqZ0fQTecu","Bobby Helms","Jingle Bell Rock","Geffen",51,-1,2,"3546967"
180,"spotify:track:6sn8WaooLLVhQvU96wtEAm","Lil Peep","Save That Shit","Lil Peep",97,97,2,"3515565"
181,"spotify:track:4pYZLpX23Vx8rwDpJCpPTA","Rich The Kid, Kendrick Lamar","New Freezer (feat. Kendrick Lamar)","Rich The Kid / (TDE/ISR PS)",170,-1,5,"3507419"
182,"spotify:track:6PCUP3dWmTjcTtXY02oFdT","Ed Sheeran","Castle on the Hill","Atlantic Records UK",2,170,47,"3491348"
183,"spotify:track:75JFxkI2RXiU7L9VXzMkle","Coldplay","The Scientist","Parlophone Records Limited",160,176,23,"3488602"
184,"spotify:track:5q2JbCNi4FcnglgPfxcV65","Anuel AA, Daddy Yankee, Zion & Lennox, Farruko, Wisin","Sola (Remix)","Spiff TV, LLC / Real Hasta La Muerte, Inc.",91,171,44,"3485350"
185,"spotify:track:68EMU2RD1ECNeOeJ5qAXCV","Charlie Puth, Selena Gomez","We Don't Talk Anymore (feat. Selena Gomez)","Artist Partner",39,173,49,"3484432"
186,"spotify:track:5RCfvwDewu6p2x1mEI6smX","Tay-K","The Race","88 Classic",114,181,13,"3483139"
187,"spotify:track:6yr8GiTHWvFfi4o6Q5ebdT","Eminem, Nate Dogg","Till I Collapse","Eminem Catalog PS",157,169,20,"3450502"
188,"spotify:track:5Db9VIdDsN5yu3Eu7CT0i4","Sam Smith","Stay With Me","PLG - Capitol",148,168,17,"3429023"
189,"spotify:track:5gx2E5aIXMRBellPZW1up5","Chris Brown, Yo Gotti, A Boogie Wit da Hoodie, Kodak Black","Pills & Automobiles (feat. Yo Gotti, A Boogie Wit Da Hoodie & Kodak Black)","RCA Records Label",173,184,5,"3413497"
190,"spotify:track:5qqabIl2vWzo9ApSC317sa","Oasis","Wonderwall - Remastered","Big Brother",152,191,19,"3413263"
191,"spotify:track:4XCQtUoRSh22Ep18ULmDnT","De La Ghetto, Daddy Yankee, Ozuna, Chris Jedi","La Fórmula (feat. Chris Jedi)","WEA Latina",177,177,3,"3403584"
192,"spotify:track:7inXu0Eaeg02VsM8kHNvzM","Frank Sinatra, B. Swanson Quartet","Let It Snow! Let It Snow! Let It Snow! (with The B. Swanson Quartet)","Columbia/Legacy",59,-1,2,"3357296"
193,"spotify:track:3hB5DgAiMAQ4DzYbsMq1IT","Justin Bieber","Love Yourself","RBMG/Def Jam",62,193,49,"3353691"
194,"spotify:track:6b8Be6ljOzmkOmFslEb23P","Bruno Mars","24K Magic","Atlantic Records",9,199,47,"3350224"
195,"spotify:track:4Km5HrUvYTaSUfiSGPJeQR","Migos, Lil Uzi Vert","Bad and Boujee (feat. Lil Uzi Vert)","Quality Control Music",9,172,49,"3346554"
196,"spotify:track:7oK9VyNzrYvRFo7nQEYkWN","The Killers","Mr. Brightside","Island Records",148,180,14,"3333164"
197,"spotify:track:6GNifiuBPrKFpwNBYnooFm","Lil Uzi Vert, Nicki Minaj, Oh Wonder","The Way Life Goes (feat. Nicki Minaj & Oh Wonder) - Remix","Generation Now/Atlantic",158,164,3,"3324805"
198,"spotify:track:1e1JKLEDKP7hEQzJfNAgPl","Playboi Carti","Magnolia","AWGE Label",59,174,30,"3312467"
199,"spotify:track:5Gd19NupVe5X8bAqxf9Iaz","Taylor Swift","Gorgeous","Taylor Swift",11,153,6,"3299853"
200,"spotify:track:3bWAqKDWg6u1davspr5IkS","Robin Schulz, James Blunt","OK","WM Germany",55,182,28,"3286277"
