﻿rank,uri,artist_names,track_name,source,peak_rank,previous_rank,weeks_on_chart,streams
1,"spotify:track:3HVWdVOQ0ZA45FuZGSfvns","Ed Sheeran, Justin Bieber","I Don't Care (with Justin Bieber)","Atlantic Records UK",1,1,6,"37076390"
2,"spotify:track:2Fxmhks0bxGSBdJ92vM42m","Billie Eilish","bad guy","Darkroom/Interscope Records",1,2,12,"35389193"
3,"spotify:track:6u7jPi22kF8CTQ3rb9DHE7","Lil Nas X, Billy Ray Cyrus","Old Town Road (feat. Billy Ray Cyrus) - Remix","Columbia",2,3,11,"32045281"
4,"spotify:track:29fRTIKsJhLUJoldM89GZS","Taylor Swift","You Need To Calm Down","Taylor Swift",4,-1,1,"27274424"
5,"spotify:track:1Ej96GIBCTvgH7tNX1r3qr","Sech, Darell","Otro Trago","Rich Music/Ingrooves Records",4,4,8,"24962953"
6,"spotify:track:5ry2OE6R2zPQFDO85XkgRb","Drake, Rick Ross","Money In The Grave (Drake ft. Rick Ross)","Republic Records",6,-1,1,"22156363"
7,"spotify:track:2TH65lNHgvLxCKXM3apjxI","Bad Bunny, Tainy","Callaita","Rimas Entertainment LLC",7,7,3,"21648705"
8,"spotify:track:6LsAAHotRLMOHfCsSfYCsz","Shawn Mendes","If I Can't Have You","Island Records",4,6,7,"19748024"
9,"spotify:track:5w9c2J52mkdntKOmRLeM2m","Daddy Yankee, Snow","Con Calma","Craft Latino",2,8,21,"19183075"
10,"spotify:track:1c0hsvHLELX6y8qymnpLKL","Lunay, Daddy Yankee, Bad Bunny","Soltera (Remix)","round2media - LaFamilia",8,11,6,"18185680"
11,"spotify:track:7FEwp8BavoEVE3AnxJDchc","Chris Brown, Drake","No Guidance (feat. Drake)","Chris Brown Entertainment/RCA Records",11,21,2,"18038661"
12,"spotify:track:22vgEDb5hykfaTwLuskFGD","Jonas Brothers","Sucker","Jonas Brothers Recording",2,9,16,"17856767"
13,"spotify:track:7qEHsqek33rTcFNT9PFqLf","Lewis Capaldi","Someone You Loved","Vertigo Berlin",7,10,24,"17745270"
14,"spotify:track:5PYQUBXc7NYeI1obMKSJK0","Katy Perry","Never Really Over","Capitol Records",11,16,3,"17452616"
15,"spotify:track:2x0RZdkZcD8QRI53XT4GI5","Avicii, Aloe Blacc","SOS (feat. Aloe Blacc)","Pophouse Entertainment Group",4,5,11,"17066411"
16,"spotify:track:53CJANUxooaqGOtdsBTh7O","Lil Nas X","Old Town Road","Columbia",3,12,15,"16902678"
17,"spotify:track:3KkXRkHbMCARz0aVfEt68P","Post Malone, Swae Lee","Sunflower - Spider-Man: Into the Spider-Verse","Universal Records",1,14,35,"16884844"
18,"spotify:track:7DcvwMAiqKJQD1rrdfxSDx","Young Thug, J. Cole, Travis Scott","The London (feat. J. Cole & Travis Scott)","300 Entertainment/Atl",6,15,4,"15170047"
19,"spotify:track:7Feaw9WAEREY0DUOSXJLOM","Martin Garrix, Macklemore, Fall Out Boy","Summer Days (feat. Macklemore & Patrick Stump of Fall Out Boy)","Epic Amsterdam",19,19,8,"14537859"
20,"spotify:track:1DFD5Fotzgn6yYXkYsKiGs","MEDUZA, Goodboys","Piece Of Your Heart","Intercord",20,24,10,"14369289"
21,"spotify:track:6ocbgoVGwYJhOv1GgI9NsF","Ariana Grande","7 rings","Republic Records",1,18,22,"13952642"
22,"spotify:track:0vrmHPfoBadXVr2n0m1aqZ","Avicii","Heaven","Pophouse Entertainment Group",13,13,2,"13922193"
23,"spotify:track:5hVghJ4KaYES3BFUATCYn0","Tyler, The Creator","EARFQUAKE","Columbia",6,17,5,"13409982"
24,"spotify:track:543bCW2ruMPmxUBWirQ3MR","Ed Sheeran, Chance the Rapper, PnB Rock","Cross Me (feat. Chance the Rapper & PnB Rock)","Atlantic Records UK",9,20,4,"13393254"
25,"spotify:track:6TqXcAFInzjp0bODyvrWEq","Khalid, Disclosure","Talk (feat. Disclosure)","Right Hand Music Group, LLC/RCA Records",10,23,19,"13217314"
26,"spotify:track:2VxeLyX666F8uXCJ0dZF8B","Lady Gaga, Bradley Cooper","Shallow","A Star is Born OST",3,22,38,"12874301"
27,"spotify:track:05CwHjIk71RXVU40boRMnR","The Chainsmokers, Bebe Rexha","Call You Mine","Disruptor Records/Columbia",26,26,3,"12599180"
28,"spotify:track:4MsUsFfWseB9M2plGJyuIw","Taylor Swift, Brendon Urie, Panic! At The Disco","ME! (feat. Brendon Urie of Panic! At The Disco)","Taylor Swift",2,27,8,"12398889"
29,"spotify:track:5qmq61DAAOUaW8AUo8xKhh","Lizzo","Truth Hurts","Nice Life/Atlantic",19,25,8,"12118588"
30,"spotify:track:6v0lAdFF4haL8xjBIUjtOw","Nicky Jam, Ozuna","Te Robaré","Sony Music Latin",28,28,13,"11987564"
31,"spotify:track:6MWtB6iiXyIwun0YzU6DFP","Post Malone","Wow.","Republic Records",2,29,26,"11592258"
32,"spotify:track:0mjAU3yKR1QnXnHtjGJqTM","OneRepublic","Rescue Me","Mosley Music/Interscope Records",32,36,5,"11376986"
33,"spotify:track:7g8YaUQABMal0zWe7a2ijz","Dalex, Rafa Pabön, KHEA, Sech, Feid, Cazzu, Lenny Tavárez","Pa Mí (Remix)","Rich Music/Ingrooves Records",17,33,16,"11344154"
34,"spotify:track:2gwkD6igEhQbDQegRCcdoB","DaBaby","Suge","South Coast Music Group/Interscope Records",26,30,8,"11294198"
35,"spotify:track:5jW3rF4URMdK7tO2xjS5EI","Paulo Londra","Tal Vez","WEA Latina",24,32,11,"11291688"
36,"spotify:track:4R8BJggjosTswLxtkw8V7P","JHAYCO, J Balvin, Bad Bunny","No Me Conoce - Remix","N&E Entertainment LLC",36,51,4,"11285057"
37,"spotify:track:2dpaYNEQHiRxtZbfNsse99","Marshmello, Bastille","Happier","Joytime Collective",2,37,44,"11248828"
38,"spotify:track:1kK6DwzyXJSp58u5HYWwuD","YG, Tyga, Jon Z","Go Loko (feat. Tyga, Jon Z)","Def Jam Recordings",38,45,7,"11201316"
39,"spotify:track:7KbF6AdprOXEEHlsq11Z6d","Maluma","11 PM","Sony Music Latin",39,43,5,"11184590"
40,"spotify:track:5iwz1NiezX7WWjnCgY5TH4","Pedro Capó, Farruko","Calma - Remix","Sony Music Latin",5,34,32,"11082794"
41,"spotify:track:5WHTFyqSii0lmT9R21abT8","Mabel","Don't Call Me Up","Polydor Records",11,35,20,"11055795"
42,"spotify:track:43zdsphuZLzwA9k4DJhU0I","Billie Eilish","when the party's over","Darkroom/Interscope Records",9,38,35,"10971421"
43,"spotify:track:4lzxJ4jCuFDXXGkE1LmpKR","DJ Luian, Mambo Kingz, Anuel AA, Nicky Jam, Darell, Brytiago","Verte Ir","Hear This Music",25,39,12,"10902847"
44,"spotify:track:6uFn47ACjqYkc0jADwEdj1","Polo G, Lil Tjay","Pop Out (feat. Lil Tjay)","Columbia",40,40,9,"10826152"
45,"spotify:track:1xbtojAZsQjOgiGdGX6ChU","Lil Tecca","Ransom","Republic Records",45,65,3,"10771061"
46,"spotify:track:0DiDStADDVh3SvAsoJAFMk","Jonas Brothers","Only Human","Jonas Brothers Recording",31,31,2,"10737551"
47,"spotify:track:2qG5sZ7Si6sdK74qLxedYM","ROSALÍA, J Balvin, El Guincho","Con Altura","Columbia",30,46,12,"10723984"
48,"spotify:track:4SSnFejRGlZikf02HLewEF","Billie Eilish","bury a friend","Darkroom/Interscope Records",2,42,21,"10452602"
49,"spotify:track:25sgk305KZfyuqVBQIahim","Ava Max","Sweet but Psycho","Atlantic Records",6,44,38,"10209015"
50,"spotify:track:3xaugmCyXrVkrDTXbFkMW3","Joji","Sanctuary","88rising Music",50,-1,1,"10127610"
51,"spotify:track:1f38Gx6xQz6r4H1jGVNBJo","DJ Snake, J Balvin, Tyga","Loco Contigo (feat. J. Balvin & Tyga)","DJ Snake Music Productions Limited",51,-1,1,"9767944"
52,"spotify:track:1LIqNVhaIgxXUt2eVoIQJ3","Maluma","HP","Sony Music Latin",18,48,16,"9527695"
53,"spotify:track:5p7ujcrUXASCNwRaWNHR1C","Halsey","Without Me","Capitol Records",4,50,37,"9484585"
54,"spotify:track:6Qs4SXO9dwPj5GKvVOv8Ki","Sam Smith, Normani","Dancing With A Stranger (with Normani)","PLG - Capitol",7,49,23,"9482066"
55,"spotify:track:2WyRfGeHo97VC5mP1BBSzr","Miley Cyrus","Mother's Daughter","RCA/Legacy",18,41,3,"9369521"
56,"spotify:track:0u2P5u6lvoDfwTYjAADbn4","Billie Eilish, Khalid","lovely (with Khalid)","Darkroom",24,53,61,"9269272"
57,"spotify:track:5b195aHKKd6oTr4f7DoRCo","MERO","Olabilir","Groove Attack TraX",57,-1,1,"9067523"
58,"spotify:track:5KawlOMHjWeUjQtnuRs22c","BTS, Halsey","Boy With Luv (feat. Halsey)","BIGHIT MUSIC",3,54,10,"8803923"
59,"spotify:track:4tNXntkAzQ5A2dfYRYGIIQ","5 Seconds of Summer","Easier","5 Seconds Of Summer/Interscope",23,47,4,"8781864"
60,"spotify:track:3e9HZxeyfWwjeyPAMmWSSQ","Ariana Grande","thank u, next","Republic Records",1,58,33,"8646013"
61,"spotify:track:37eGbhE1xVFSvcKkqGb6i1","Sean Paul, J Balvin","Contra La Pared","Universal-Island Records Ltd.",60,60,14,"8566614"
62,"spotify:track:7COXchtUOMd6uIT6HvmRaI","Lauv, Troye Sivan","i'm so tired...","Lauv",18,57,21,"8470978"
63,"spotify:track:2JvzF1RMd7lE3KmFlsyZD8","J. Cole","MIDDLE CHILD","Dreamville, Inc., Under exclusive license to Roc Nation Records",2,56,22,"8283492"
64,"spotify:track:1rqqCSm0Qe4I9rUvWncaom","Panic! At The Disco","High Hopes","DCD2 / Fueled By Ramen",9,59,52,"8270561"
65,"spotify:track:7FGq80cy8juXBCD2nrqdWU","benny blanco, Halsey, Khalid","Eastside (with Halsey & Khalid)","Friends Keep Secrets/Interscope Records",4,61,49,"8186804"
66,"spotify:track:7anSoGdgtmJTAPZBzcPhO6","Dalex, Nicky Jam, Justin Quiles, Sech, Lenny Tavárez, Feid, Rafa Pabön","Cuaderno","Rich Music/Ingrooves Records",66,75,4,"8091548"
67,"spotify:track:5icOoE6VgqFKohjWWNp0Ac","Marshmello, CHVRCHES","Here With Me","Joytime Collective",16,55,15,"7954805"
68,"spotify:track:3kCwyvhvVTyehIzYN2I0nF","Drake","Omertà","Republic Records",68,-1,1,"7854354"
69,"spotify:track:1wJRveJZLSb1rjhnUHQiv6","A Boogie Wit da Hoodie, 6ix9ine","Swervin (feat. 6ix9ine)","Highbridge the Label / Atlantic Records",25,64,25,"7847997"
70,"spotify:track:4u7EnebtmKWzUH433cf5Qv","Queen","Bohemian Rhapsody - Remastered 2011","EMI",11,67,42,"7790178"
71,"spotify:track:1tNJrcVe6gwLEiZCtprs1u","Dominic Fike","3 Nights","Columbia",51,69,12,"7781892"
72,"spotify:track:3Fj47GNK2kUF0uaEDgXLaD","Billie Eilish","wish you were gay","Darkroom/Interscope Records",3,63,16,"7650301"
73,"spotify:track:7fODjB7BrQTGqh0hogW6XD","Sech, Justin Quiles, Maluma, Nicky Jam, Farruko, Dalex, Lenny Tavárez","Que Mas Pues - Remix","Rich Music/Ingrooves Records",70,70,10,"7624858"
74,"spotify:track:0e7ipj03S05BNilyu5bRzt","Post Malone, 21 Savage","rockstar (feat. 21 Savage)","Republic Records",1,68,92,"7589617"
75,"spotify:track:7qiZfU4dY1lWllzX7mPBI3","Ed Sheeran","Shape of You","Atlantic Records UK",1,76,128,"7340473"
76,"spotify:track:0uUNN1nSoUx1A4fkDCWDQ7","Ava Max","So Am I","Atlantic Records",41,73,15,"7302440"
77,"spotify:track:79JBjIq90BrQ8Ws0pUhlzD","Mabel","Mad Love","Polydor Records",77,103,2,"7290326"
78,"spotify:track:5W83ErFkO3aKAIS1WMi6u0","Anuel AA, KAROL G","Secreto","Anuel AA & Karol G - Secreto",11,72,22,"7267876"
79,"spotify:track:2qxmye6gAegTMjLKEBoR3d","Alec Benjamin","Let Me Down Slowly","2018",27,78,28,"7224620"
80,"spotify:track:6moU77g9RQyMzHNuKEaQKq","Ali Gatie","It's You","Warner Records",80,-1,1,"7209877"
81,"spotify:track:4kV4N9D1iKVxx1KLvtTpjS","Ariana Grande","break up with your girlfriend, i'm bored","Republic Records",2,77,19,"7149187"
82,"spotify:track:6zeeWid2sgw4lap2jV61PZ","Khalid","Better","Right Hand Music Group, LLC/RCA Records",7,90,40,"7097709"
83,"spotify:track:7dt6x5M1jzdTEt8oCbisTK","Post Malone","Better Now","Republic Records",1,81,60,"7079204"
84,"spotify:track:116H0KvKr2Zl4RPuVBruDO","Bad Bunny, Drake","MIA","Rimas Entertainment LLC",1,91,36,"7056484"
85,"spotify:track:3ee8Jmje8o58CHK66QrVC2","XXXTENTACION","SAD!","Bad Vibes Forever, LLC",1,100,68,"7044168"
86,"spotify:track:1iWHabUgUuuKLBa0TzTHfk","ZAYN, Zhavia","A Whole New World (End Title) - From ""Aladdin""","Walt Disney Records",47,62,6,"7010565"
87,"spotify:track:4w8niZpiMy6qz1mntFA5uM","DJ Snake, Selena Gomez, Ozuna, Cardi B","Taki Taki (with Selena Gomez, Ozuna & Cardi B)","DJ Snake Music Productions Limited, under exclusive license to Geffen Records",1,82,38,"6993689"
88,"spotify:track:02itaCXOdC54J0ISjqqFAp","R3HAB, A Touch Of Class","All Around The World (La La La)","Intercord",88,124,2,"6990032"
89,"spotify:track:0pqnGHJpmpxLKifKRmU6WP","Imagine Dragons","Believer","Kid Ina Korner / Interscope",16,88,124,"6976266"
90,"spotify:track:2IRZnDFmlqMuOrYOLnZZyc","Meek Mill, Drake","Going Bad (feat. Drake)","MMG/Atlantic",11,83,29,"6974826"
91,"spotify:track:2xLMifQCjDGFmkHkpNLD9h","Travis Scott","SICKO MODE","Cactus Jack / Epic",2,86,46,"6972950"
92,"spotify:track:7fa9MBXhVfQ8P8Df9OEbD8","Maroon 5, Cardi B","Girls Like You (feat. Cardi B) - Cardi B Version","Interscope Records*",2,93,55,"6954934"
93,"spotify:track:63cd4JkwGgYJrbOizbfmsp","Mustard, Migos","Pure Water (with Migos)","10 Summers Records/Interscope Records",38,89,22,"6941631"
94,"spotify:track:4n7jnSxVLd8QioibtTDBDq","Alan Walker, Sabrina Carpenter, Farruko","On My Way","Kreatell Music",39,87,13,"6922420"
95,"spotify:track:4pUCKHjJ4Ijewc37rRrvHn","BLACKPINK","Kill This Love","YG Entertainment, distributed through Interscope Records",5,79,11,"6734505"
96,"spotify:track:285pBltuF7vW8TeWk8hdRR","Juice WRLD","Lucid Dreams","Juice WRLD Mixtape / ISR P&D",3,97,58,"6725982"
97,"spotify:track:5KbBGUpIZd6gVFUU8tqYiQ","Myke Towers, Farruko","Si Se Da","2019 Casablanca Records & One World Music | Distributed by GLAD Empire",97,98,14,"6698284"
98,"spotify:track:132ALUzVLmqYB4UsBj5qD6","Paulo Londra","Adan y Eva","WEA Latina",11,94,32,"6664880"
99,"spotify:track:7mWFF4gPADjTQjC97CgFVt","Ozuna, Daddy Yankee, J Balvin, Farruko, Anuel AA","Baila Baila Baila - Remix","VP Records Corp/Dimelo Vi",71,96,8,"6647932"
100,"spotify:track:1HpzOCZbNWzxvvXfSGtSrX","Mark Ronson, Camila Cabello","Find U Again (feat. Camila Cabello)","Columbia",41,92,3,"6595632"
101,"spotify:track:3XiNC94b4Tq1xwv70sQJGN","Lil Uzi Vert","Sanguine Paradise","Generation Now/Atlantic",38,99,10,"6422206"
102,"spotify:track:7njKgVl3AnLflRad38o7AG","Bazzi","Paradise","iamcosmic",33,71,11,"6415026"
103,"spotify:track:3y3brCCecHC3Db18aIOnny","Kygo, Rita Ora","Carry On (from the Original Motion Picture ""POKÉMON Detective Pikachu"")","Palm Tree Records/RCA Records",36,66,9,"6414166"
104,"spotify:track:2iUXsYOEPhVqEBwsqP70rE","5 Seconds of Summer","Youngblood","Capitol",8,107,62,"6330378"
105,"spotify:track:4Rif4wqdvzy84dhP1apC4Y","Kalazh44, Capital Bra, Samra, Nimo, Luciano","Royal Rumble","Kalazh44",105,-1,1,"6327655"
106,"spotify:track:0JP9xo3adEtGSdUEISiszL","XXXTENTACION","Moonlight","Bad Vibes Forever, LLC",2,119,66,"6295346"
107,"spotify:track:12iDo4Kdw9vA2X1lN3UTVu","Bazzi, 21 Savage","Focus (feat. 21 Savage)","iamcosmic",107,-1,1,"6288444"
108,"spotify:track:5qrSlOut2rNAWv3ubArkNy","Dean Lewis","Be Alright","Universal Music Australia Pty. Ltd.",12,106,48,"6243710"
109,"spotify:track:5XkyZyKMdFungjDb9cUKc3","BTS, Zara Larsson","A Brand New Day (BTS World Original Soundtrack) (Pt. 2)","BIGHIT MUSIC",109,-1,1,"6233222"
110,"spotify:track:0tgVpDi06FyKpA1z0VMD4v","Ed Sheeran","Perfect","Atlantic Records UK",4,109,120,"6210111"
111,"spotify:track:059bcIhyc2SBwm6sw2AZzd","Piso 21, Micro TDH","Te Vi","WM Mexico",50,104,23,"6173695"
112,"spotify:track:340UVheS8z3ncW9TTUhAbc","Halsey","Nightmare","Capitol Records",18,74,5,"6148571"
113,"spotify:track:3M9Apu4OZfylLTFKvgEtKa","Tiësto, Jonas Blue, Rita Ora","Ritual","Universal Music, a division of Universal International Music BV",78,113,3,"6117553"
114,"spotify:track:2MuMD298IpYqKF367wegUd","Logic, Eminem","Homicide (feat. Eminem)","Def Jam Recordings",3,95,7,"6070467"
115,"spotify:track:5QiNbIilmMiMBXvaAlf7lN","The Chainsmokers, 5 Seconds of Summer","Who Do You Love","Disruptor Records/Columbia",33,115,19,"6048362"
116,"spotify:track:7uH27oIt4a6cIFCA8ZPcyG","Ozuna","Baila Baila Baila","Aura Music Corp.",12,110,23,"6044440"
117,"spotify:track:0E9ZjEAyAwOXZ7wJC0PD33","Dynoro, Gigi D'Agostino","In My Mind","Columbia/B1 Recordings",6,120,50,"5979010"
118,"spotify:track:7eBqSVxrzQZtK2mmgRG6lC","YNW Melly","Murder on My Mind","P2018",19,108,18,"5943804"
119,"spotify:track:4c1WgUnHXq2LEncGHKgj1I","BTS, Charli xcx","Dream Glow (BTS World Original Soundtrack) (Pt. 1)","BIGHIT MUSIC",52,52,2,"5916161"
120,"spotify:track:6pK5edDoyrn4mWwRSVc2a5","Ozuna","Amor Genuino","Aura Music Corp.",85,85,2,"5903516"
121,"spotify:track:7m9OqQk4RVRkw9JJdeAw96","XXXTENTACION","Jocelyn Flores","Bad Vibes Forever / EMPIRE",7,143,95,"5889709"
122,"spotify:track:3XF5xLJHOQQRbWya6hBp7d","Billie Eilish","you should see me in a crown","Darkroom/Interscope Records",15,112,21,"5838902"
123,"spotify:track:5itOtNx0WxtJmi1TQ3RuRd","Calvin Harris, Rag'n'Bone Man","Giant (with Rag'n'Bone Man)","Columbia",21,114,23,"5808053"
124,"spotify:track:2toVe5hfuIi97ytDPDbQFt","Tyga, Offset","Taste (feat. Offset)","Last Kings Music / EMPIRE",6,111,57,"5776657"
125,"spotify:track:2P91MQbaiQOfbiz9VqhqKQ","Lauv","I Like Me Better","Lauv",29,123,107,"5720978"
126,"spotify:track:2BgEsaKNfHUdlh97KmvFyo","Anne-Marie","2002","Atlantic Records UK",27,125,61,"5680060"
127,"spotify:track:7BuHdm4lQqcyG3qTwdkxus","Wisin & Yandel, Romeo Santos","Aullando","Sony Music Latin",109,121,16,"5679039"
128,"spotify:track:5T8EDUDqKcs6OSOwEsfqG7","Queen","Don't Stop Me Now - Remastered 2011","EMI",51,129,34,"5664207"
129,"spotify:track:6H7fWtwEUHVfTyZD7zeG4w","Lewis Capaldi","when the party's over - Recorded at Spotify Studios NYC","Vertigo Berlin",129,-1,1,"5608650"
130,"spotify:track:2RSHsoi04658QL5xgQVov3","Imagine Dragons","Bad Liar","Kid Ina Korner / Interscope",17,117,32,"5602816"
131,"spotify:track:2QpxC2yag7Ec7Ut1dovXKb","Summer Cem, Capital Bra","Diamonds (feat. Capital Bra)","Banger Musik/WM Germany",131,-1,1,"5573373"
132,"spotify:track:78QR3Wp35dqAhFEc2qAGjE","Lil Baby, Gunna","Drip Too Hard (Lil Baby & Gunna)","Quality Control Music/Young Stoner Life Records, a 300 Entertainment Label/Motown Records/Capitol Records",13,118,40,"5562056"
133,"spotify:track:4eqrNsKy9Mvg1fvfsTVIAE","Dreamville, JID, Bas, J. Cole, EARTHGANG, Young Nudy","Down Bad (feat. JID, Bas, J. Cole, EARTHGANG & Young Nudy)","Dreamville/Interscope Records",133,-1,1,"5558029"
134,"spotify:track:58q2HKrzhC3ozto2nDdN4z","Cardi B, Bad Bunny, J Balvin","I Like It","Atlantic/KSR",2,122,63,"5546179"
135,"spotify:track:1zB4vmk8tFRmM9UULNzbLB","Imagine Dragons","Thunder","Kid Ina Korner / Interscope",8,128,112,"5543706"
136,"spotify:track:6DCZcSspjsKoFjzjrWoCdn","Drake","God's Plan","Cash Money/Drake LP6",1,139,74,"5534740"
137,"spotify:track:3Ol2xnObFdKV9pmRD2t9x8","A Boogie Wit da Hoodie","Look Back at It","Highbridge the Label / Atlantic Records",20,126,26,"5488500"
138,"spotify:track:4ZLzoOkj0MPWrTLvooIuaa","Kina, Snøw","Get You The Moon (feat. Snøw)","Columbia",95,130,8,"5446352"
139,"spotify:track:5s8LepdwU0THzpd0M7nLsa","Ozuna","Te Soñé de Nuevo","Aura Music Corp.",139,184,2,"5435781"
140,"spotify:track:3O83h4LS797N23DpweeRAa","Jax Jones, Martin Solveig, Madison Beer, Europa","All Day And Night","Polydor Records",98,105,6,"5398486"
141,"spotify:track:36TO60sxDduIsO3xH8IcUh","Joyner Lucas, Logic","Isis","Twenty Nine Music Group (Joyner Lucas)",44,101,4,"5362597"
142,"spotify:track:5JEx7HbmvHQQswJCsoo9rA","Ellie Goulding, Diplo, Swae Lee","Close To Me (with Diplo) (feat. Swae Lee)","Polydor Records",19,135,34,"5317525"
143,"spotify:track:7K7MUBCnzgBAvMVW2RTWNs","Loud Luxury, Brando","Body","Armada Music",19,149,55,"5310690"
144,"spotify:track:5uCax9HTNlzGybIStD3vDh","James Arthur","Say You Won't Let Go","Columbia",7,140,129,"5308399"
145,"spotify:track:2rbDhOo9Fh61Bbu23T2qCk","Lady Gaga","Always Remember Us This Way","A Star is Born OST",35,144,35,"5301453"
146,"spotify:track:5vdp5UmvTsnMEMESIF2Ym7","Queen","Another One Bites The Dust - Remastered 2011","EMI",36,133,34,"5294566"
147,"spotify:track:5KPKjcE2trO2hBWRzkb2Mo","Little Mix","Bounce Back","RCA Records Label",147,-1,1,"5235720"
148,"spotify:track:59ywHNwwchG4nZJMLyxSzd","Offset, Cardi B","Clout (feat. Cardi B)","Quality Control Music/Motown Records",121,152,8,"5235247"
149,"spotify:track:7rvyVWja33WG9R97oeJAjx","Calboy","Envy Me","Polo Grounds Music/RCA Records",92,134,16,"5206505"
150,"spotify:track:6Hj9jySrnFppAI0sEMCZpJ","Juice WRLD","Robbery","Grade A Productions/Interscope Records",18,131,18,"5154221"
151,"spotify:track:3Tc57t9l2O8FwQZtQOvPXK","Billie Eilish","my strange addiction","Darkroom/Interscope Records",16,137,12,"5138122"
152,"spotify:track:4PkIDTPGedm0enzdvilLNd","Ellie Goulding","Sixteen","Polydor Records",68,136,10,"5137063"
153,"spotify:track:0UQwlF2pRkr1lMN6kNNUj3","Mau y Ricky, Camilo","La Boca","Sony Music Latin",146,146,3,"5115700"
154,"spotify:track:56f5qnyAlZdlz8wrUDA50h","Mau y Ricky, Manuel Turizo, Camilo","Desconocidos","Sony Music Latin",34,148,32,"5092243"
155,"spotify:track:1jlnBQGP2DtSEhMgQaz7a7","Tyga, J Balvin, Chris Brown","Haute (feat. J Balvin & Chris Brown)","Last Kings Music / EMPIRE",84,84,2,"5060011"
156,"spotify:track:6fxVffaTuwjgEk5h9QyRjy","Ed Sheeran","Photograph","Atlantic Records UK",41,157,120,"5017218"
157,"spotify:track:1LiN0Z98FkR1t0m8KmLcAH","Anuel AA, Haze","Amanece","House of Haze",45,145,27,"4950724"
158,"spotify:track:6CcJMwBtXByIz4zQLzFkKc","Billie Eilish","i love you","Darkroom/Interscope Records",21,151,12,"4945425"
159,"spotify:track:6aoGtdWXBkYQ2O2wnyIz2x","Kygo, Chelsea Cutler","Not Ok","Kygo",65,132,4,"4942987"
160,"spotify:track:0FZ4Dmg8jJJAPJnvBIzD9z","Kodak Black, Offset, Travis Scott","ZEZE (feat. Travis Scott & Offset)","Atlantic Records",3,165,36,"4903682"
161,"spotify:track:44ZJ4hLD5onikKsVLQaILr","Stormzy","Vossi Bop","#Merky Records",58,141,8,"4902839"
162,"spotify:track:1IBUPdwV9TvaipSODdt8QY","Farid Bang, French Montana, Khaled","Maghreb Gang (feat. French Montana & Khaled)","Farid Bang/WM Germany",142,142,2,"4886746"
163,"spotify:track:09IStsImFySgyp0pIQdqAc","Zedd, Maren Morris, Grey","The Middle","UMGRI Interscope",6,159,73,"4877275"
164,"spotify:track:2uIX8YMNjGMD7441kqyyNU","Billie Eilish","ocean eyes","Darkroom",108,155,38,"4873434"
165,"spotify:track:7ef4DlsgrMEH11cDZd32M6","Calvin Harris, Dua Lipa","One Kiss (with Dua Lipa)","Sony Music UK",2,163,63,"4838688"
166,"spotify:track:0XPsOSYzDJZJArevQNm2AR","Naomi Scott","Speechless (Full)","Walt Disney Records",166,177,2,"4823213"
167,"spotify:track:7AFASza1mXqntmGtbxXprO","XXXTENTACION","changes","Bad Vibes Forever, LLC",9,-1,64,"4820963"
168,"spotify:track:40T5GIqQ1CegGm2PTEl8Bu","Billie Eilish","idontwannabeyouanymore","Darkroom",67,185,35,"4810755"
169,"spotify:track:3swc6WTsr7rl9DqQKQA55C","Post Malone, Ty Dolla $ign","Psycho (feat. Ty Dolla $ign)","Republic Records",2,166,69,"4807221"
170,"spotify:track:1mXVgsBdtIVeCLJnSnmtdV","Sam Smith","Too Good At Goodbyes","PLG - Capitol",1,173,92,"4800018"
171,"spotify:track:3H9GDhVVTlmFQSmpt51qiP","Paulo Londra, De La Ghetto, Justin Quiles","Solo Pienso En Ti (feat. De La Ghetto & Justin Quiles)","WEA Latina",127,161,5,"4751246"
172,"spotify:track:4NSW0Km5ZG60L8FthUebPJ","Jonas Blue, Theresa Rex","What I Like About You (feat. Theresa Rex)","Positiva",96,172,9,"4729675"
173,"spotify:track:7BKLCZ1jbUBVqRi2FVlTVw","The Chainsmokers, Halsey","Closer","Disruptor Records/Columbia",2,180,129,"4727147"
174,"spotify:track:5N5k9nd479b1xpDZ4usjrg","Calvin Harris, Sam Smith, Jessie Reyez","Promises (with Sam Smith)","Columbia",5,171,44,"4713613"
175,"spotify:track:1rfofaqEpACxVEHIZBJe6W","Camila Cabello, Young Thug","Havana (feat. Young Thug)","Syco Music/Epic",1,181,98,"4701184"
176,"spotify:track:2fuCquhmrzHpu5xcA1ci9x","Queen, David Bowie","Under Pressure - Remastered 2011","EMI",55,199,32,"4634895"
177,"spotify:track:2JoIjuzRplpYGvvLpSW2on","Alesso, TINI","Sad Song (feat. TINI)","10:22 pm",177,-1,1,"4612123"
178,"spotify:track:2G7V7zsVDxg1yRsu7Ew9RJ","Drake","In My Feelings","Cash Money/Drake LP6",1,195,50,"4577886"
179,"spotify:track:79esEXlqqmq0GPz0xQSZTV","Shawn Mendes","Lost In Japan","Island Records",23,182,34,"4569148"
180,"spotify:track:2t8yVaLvJ0RenpXUIAC52d","21 Savage","a lot","Slaughter Gang, LLC/Epic Records",21,170,26,"4559627"
181,"spotify:track:5kfNriitmkNE8mUbZ7gbq8","Khalid","Saturday Nights","Right Hand Music Group, LLC/RCA Records",19,186,33,"4552061"
182,"spotify:track:6WkJ2OK163XXS2oARUC9JM","Aaron Smith, Krono, Luvli","Dancin (feat. Luvli) - Krono Remix","Sony Music Entertainment",101,188,16,"4549898"
183,"spotify:track:5qqabIl2vWzo9ApSC317sa","Oasis","Wonderwall - Remastered","Big Brother",152,-1,76,"4535784"
184,"spotify:track:6IRdLKIyS4p7XNiP8r6rsx","Billie Eilish","all the good girls go to hell","Darkroom/Interscope Records",11,169,12,"4525493"
185,"spotify:track:3f5lA8nnc4YYF1qf78WpHw","Anuel AA, Romeo Santos","Ella Quiere Beber - Remix","Real Hasta La Muerte, LLC",33,168,33,"4517490"
186,"spotify:track:2xJCMIJfcNYDc5iR0sAm2O","Dua Lipa","New Rules","Warner Records",2,167,102,"4486678"
187,"spotify:track:6RUKPb4LETWmmr3iAEQktW","The Chainsmokers, Coldplay","Something Just Like This","Disruptor Records/Columbia",2,197,104,"4484576"
188,"spotify:track:2qT1uLXPVPzGgFOx4jtEuo","Ariana Grande","no tears left to cry","Republic Records",2,193,61,"4469013"
189,"spotify:track:76cy1WJvNGJTj78UqeA5zr","Dua Lipa","IDGAF","Warner Records",4,175,77,"4467009"
190,"spotify:track:5dW1VZPcFqB4n0P08rGDgm","Blanco Brown","The Git Up","Broken Bow Records",190,-1,1,"4460833"
191,"spotify:track:4QIo4oxwzzafcBWkKjDpXY","Billie Eilish","xanny","Darkroom/Interscope Records",13,174,12,"4460486"
192,"spotify:track:6dPyzkyZwoj9LqjQXOFdVv","Cardi B","Press","Atlantic/KSR",46,116,3,"4459599"
193,"spotify:track:3U4isOIWM3VvDubwSI3y7a","John Legend","All of Me","G.O.O.D. Music/Columbia",147,189,28,"4458791"
194,"spotify:track:6jfEZdUJ2Yla6h7gTJgKuo","P!nk","Walk Me Home","RCA Records Label",55,-1,16,"4438569"
195,"spotify:track:4DbhxwlkhTbCTqlZptxmI6","Danny Ocean","Swing","Atlantic Records",161,-1,9,"4431127"
196,"spotify:track:2374M0fQpWi3dLnB54qaLX","TOTO","Africa","Columbia",137,-1,52,"4422251"
197,"spotify:track:3g4UyIcQwutiG0TfW32GnX","Manuel Turizo, Ozuna","Esclavo de Tus Besos","Sony Music Latin/La Industria",73,138,17,"4418785"
198,"spotify:track:51NFxnQvaosfDDutk0tams","Billie Eilish","bellyache","Darkroom",70,190,30,"4418603"
199,"spotify:track:3S0OXQeoh0w6AY8WQVckRW","Jason Mraz","I'm Yours","Atlantic Records/ATG",124,191,47,"4416060"
200,"spotify:track:2vrpcQNg6itmgVZWsNjWe0","Sebastian Yatra, Reik","Un Año","UMLE - Latino",52,187,21,"4413724"
