﻿rank,uri,artist_names,track_name,source,peak_rank,previous_rank,weeks_on_chart,streams
1,"spotify:track:2XW4DbS6NddZxRPm5rMCeY","Drake","God's Plan","Cash Money/Drake LP6",1,1,7,"51378259"
2,"spotify:track:65NwOZqoXny4JxqAPlfxRF","Post Malone, Ty Dolla $ign","Psycho (feat. Ty Dolla $ign)","Republic Records",2,2,2,"37497635"
3,"spotify:track:3GCdLUSnKSMJhs4Tj6CV3s","Kendrick Lamar, SZA","All The Stars (with SZA) - From ""Black Panther: The Album""","Black Panther (TDE/DMG) PS",2,3,9,"28203588"
4,"spotify:track:08bNPGLD8AhKpnnERrAc6G","Marshmello, Anne-Marie","FRIENDS","Joytime Collective",4,7,4,"23594039"
5,"spotify:track:76cy1WJvNGJTj78UqeA5zr","Dua Lipa","IDGAF","Warner Records",4,4,10,"23506139"
6,"spotify:track:6tHWl8ows5JOZq9Yfaqn3M","Bazzi","Mine","iamcosmic",3,5,7,"22677869"
7,"spotify:track:4qKcDkK6siZ7Jp1Jb4m0aL","BlocBoy JB, Drake","Look Alive (feat. Drake)","Bloc Nation",7,8,4,"21104248"
8,"spotify:track:2ARqIya5NAuvFVHSN3bL0m","Zedd, Maren Morris, Grey","The Middle","UMGRI Interscope",8,11,6,"20963966"
9,"spotify:track:4ofvoCdXq99vpMZO4Cfp8x","The Weeknd, Kendrick Lamar","Pray For Me","Universal Republic Records",3,6,5,"20201000"
10,"spotify:track:2U7Hu2RaNQNRi7izoJyZaX","Post Malone, 21 Savage","rockstar (feat. 21 Savage)","Republic Records",1,9,25,"19708050"
11,"spotify:track:5CLGzJsGqhCEECcpnFQA8x","Rudimental, Jess Glynne, Macklemore, Dan Caplen","These Days (feat. Jess Glynne, Macklemore & Dan Caplen)","Atlantic Records UK",11,12,7,"19168120"
12,"spotify:track:35ieKju5aLWFN5UgfJ27mL","XXXTENTACION","SAD!","Bad Vibes Forever, LLC",12,-1,1,"18220827"
13,"spotify:track:45Egmo7icyopuzJN0oMEdk","Khalid, Normani","Love Lies","RCA Records Label",13,15,3,"18005810"
14,"spotify:track:2j2fIJGh4PMdXt9ULI5Tlc","Daddy Yankee","Dura","Craft Latino",9,14,7,"17817700"
15,"spotify:track:1rfofaqEpACxVEHIZBJe6W","Camila Cabello, Young Thug","Havana (feat. Young Thug)","Syco Music/Epic",1,13,31,"17679305"
16,"spotify:track:3ITvHA9zhZZdBJsOsAUegF","Bad Bunny","Amorfoda","Rimas Entertainment LLC",10,10,3,"17209365"
17,"spotify:track:5UEnHoDYpsxlfzWLZIc7LD","Eminem, Ed Sheeran","River (feat. Ed Sheeran)","Eminem Catalog PS",2,16,12,"14776173"
18,"spotify:track:7iDa6hUg2VgEL1o1HjmfBn","Bebe Rexha, Florida Georgia Line","Meant to Be (feat. Florida Georgia Line)","Warner Records",18,22,25,"14455651"
19,"spotify:track:2UVbBKQOdFAekPTRsnkzcf","Migos","Stir Fry","Quality Control Music, LLC",16,18,10,"14385682"
20,"spotify:track:1zsG4eaZmkA1dvjDDsAGLK","Luis Fonsi, Demi Lovato","Échame La Culpa","UMLE - Latino",7,19,16,"14313006"
21,"spotify:track:4eWQlBRaTjPPUlzacqEeoQ","Camila Cabello","Never Be the Same","Syco Music/Epic",4,20,13,"14183815"
22,"spotify:track:3Vo4wInECJQuz9BIBMOu8i","Bruno Mars, Cardi B","Finesse - Remix; feat. Cardi B","Atlantic Records",4,17,9,"14036953"
23,"spotify:track:75ZvA4QfFiZvzhj2xkaWAh","Post Malone","I Fall Apart","Universal Records",10,21,24,"13324059"
24,"spotify:track:2ekn2ttSfGqwhhate0LSR0","Dua Lipa","New Rules","Warner Records",2,24,35,"13283155"
25,"spotify:track:2IKZkwHI5zsZf70STuhvOX","The Chainsmokers","Sick Boy","Disruptor Records/Columbia",14,23,7,"12657580"
26,"spotify:track:7EmGUiUaOSGDnUUQUDrOXC","Selena Gomez, Marshmello","Wolves","Selena Gomez PS",3,25,20,"12650514"
27,"spotify:track:0tgVpDi06FyKpA1z0VMD4v","Ed Sheeran","Perfect","Atlantic Records UK",4,26,53,"12581210"
28,"spotify:track:5hM6sP0Gh1jD57drszNueC","Liam Payne, Rita Ora","For You (With Rita Ora)","Capitol Records UK / EMI",27,27,9,"12503997"
29,"spotify:track:51rXHuKN8Loc4sUlKPODgH","Jay Rock, Kendrick Lamar, Future, James Blake","King's Dead (with Kendrick Lamar, Future & James Blake)","Black Panther (TDE/DMG) PS",29,29,8,"12264866"
30,"spotify:track:5k38wzpLb15YgncyWdTZE4","G-Eazy, Halsey","Him & I (with Halsey)","BPG/RVG/RCA Records",7,28,14,"12124294"
31,"spotify:track:39N9RPD9MRb5WmoLzNzPeA","Nicky Jam, J Balvin","X","Sony Music Latin",31,-1,1,"12073809"
32,"spotify:track:6mrKP2jyIQmM0rw6fQryjr","NF","Let You Down","NF Real Music",9,31,22,"11683420"
33,"spotify:track:5AEtlRudpgdT5FtNiuly6Y","Hailee Steinfeld, Alesso, Florida Georgia Line, WATT","Let Me Go (with Alesso, Florida Georgia Line & watt)","Universal Records",16,32,26,"11472582"
34,"spotify:track:6zOhgKfbMiQWToE6K13s2s","Logic, Marshmello","Everyday","Def Jam Recordings",34,-1,1,"11350020"
35,"spotify:track:3towKHKVOXCCcL1fHv6xFO","Hailee Steinfeld, BloodPop®","Capital Letters","Republic/Universal/FSF",34,34,7,"11308602"
36,"spotify:track:4R55IUi2x7S5ek2SpebOiE","Wolfine","Bella","LOMIORECORDS",29,30,11,"11248984"
37,"spotify:track:7qiZfU4dY1lWllzX7mPBI3","Ed Sheeran","Shape of You","Atlantic Records UK",1,33,61,"11209976"
38,"spotify:track:4QfNOZN7vrQCQKK1ZJ3XPb","Julia Michaels","Heaven - From ""Fifty Shades Freed"" Soundtrack","UME - Global Clearing House",38,42,4,"11159967"
39,"spotify:track:33bnxcjePIkcmNjEFTJX0l","Piso 21, Manuel Turizo","Déjala Que Vuelva (feat. Manuel Turizo)","WM Mexico",33,36,18,"10936212"
40,"spotify:track:7sO5G9EABYOXQKNPNiE9NR","Offset, Metro Boomin","Ric Flair Drip (with Metro Boomin)","Slaughter Gang, LLC/Epic/Quality Control Music/Motown/Capitol/Boominati Worldwide/Republic",32,54,19,"10778895"
41,"spotify:track:1LhMopPAallLeaeNutqbgS","Justin Timberlake, Chris Stapleton","Say Something (feat. Chris Stapleton)","RCA Records Label",25,35,6,"10754295"
42,"spotify:track:4lESS6vuruP6a79KWRaQou","Maluma, Nego do Borel","Corazón (feat. Nego do Borel)","Sony Music Latin",17,39,18,"10557798"
43,"spotify:track:3Ga6eKrUFf12ouh9Yw3v2D","Anitta, J Balvin","Downtown","WM Brazil",21,38,16,"10193821"
44,"spotify:track:6Za3190Sbw39BBC77WSS1C","NATTI NATASHA, Ozuna","Criminal","Pina Records",21,41,25,"9732621"
45,"spotify:track:6jA8JUuPCGYjFcgw0AoM5T","Reik, Ozuna, Wisin","Me Niego (feat. Ozuna & Wisin)","Columbia",45,64,3,"9653391"
46,"spotify:track:6QgjcU0zLnzq5OrUoSZ3OK","Portugal. The Man","Feel It Still","Atlantic Records",18,43,34,"9592903"
47,"spotify:track:2xmrfQpmS2iJExTlklLoAL","Clean Bandit, Julia Michaels","I Miss You (feat. Julia Michaels)","Atlantic Records UK",23,37,19,"9485102"
48,"spotify:track:2xGjteMU3E1tkEPVFBO08U","Keala Settle, The Greatest Showman Ensemble","This Is Me","Atlantic Records",30,50,10,"9356402"
49,"spotify:track:7vGuf3Y35N4wmASOKLUVVU","Marshmello, Khalid","Silence","Joytime Collective/RCA Records",8,44,30,"9329269"
50,"spotify:track:26gceVsA1ybT8qsX3aYLEn","Imagine Dragons","Thunder","Kid Ina Korner / Interscope",8,46,45,"9197764"
51,"spotify:track:5hcisvFMidkMJlElTO9Qmw","Bad Bunny, Prince Royce, J Balvin, Mambo Kingz, DJ Luian","Sensualidad","Hear This Music",21,49,18,"8671872"
52,"spotify:track:1mXVgsBdtIVeCLJnSnmtdV","Sam Smith","Too Good At Goodbyes","PLG - Capitol",1,48,26,"8477724"
53,"spotify:track:7GX5flRQZVHRAGd6B4TmDO","Lil Uzi Vert","XO Tour Llif3","Generation Now/Atlantic",10,52,50,"8361619"
54,"spotify:track:3hBBKuWJfxlIlnd9QFoC8k","Maroon 5, SZA","What Lovers Do (feat. SZA)","Interscope Records*",5,47,27,"8356378"
55,"spotify:track:5Y9fnynLlIvqtM710MHzfz","Ozuna","Síguelo Bailando","VP Records Corp/Dimelo Vi",55,59,10,"8303524"
56,"spotify:track:4PANCoXZX3RaT2D6mqSdEU","XXXTENTACION","changes","Bad Vibes Forever, LLC",56,-1,1,"8137908"
57,"spotify:track:2vvdTrdryjsl8DmPIMDWZU","Enrique Iglesias, Bad Bunny","EL BAÑO","RCA Records/Sony Music International/Sony Music Latin",38,58,8,"8133409"
58,"spotify:track:630sXRhIcfwr2e4RdNtjKN","Zac Efron, Zendaya","Rewrite The Stars","Atlantic Records",20,45,10,"8032232"
59,"spotify:track:3a1lNhkSLSkpJE4MSHpDu9","Post Malone, Quavo","Congratulations","Universal Records",20,56,59,"8027960"
60,"spotify:track:1W6wxOOYyJyyok8fqYSZ3m","DJ Khaled, JAY-Z, Future, Beyoncé","Top Off (feat. JAY Z, Future & Beyoncé)","Epic/We The Best",60,-1,1,"7898874"
61,"spotify:track:7KXjTSCq5nL1LoYtL7XAwS","Kendrick Lamar","HUMBLE.","Aftermath",1,60,49,"7557305"
62,"spotify:track:0wbnC9AUenxp613TYaJsGK","Migos","Narcos","Quality Control Music, LLC",24,55,6,"7537506"
63,"spotify:track:5Z3GHaZ6ec9bsiI5BenrbY","Khalid","Young Dumb & Broke","Right Hand Music Group, LLC/RCA Records",12,61,37,"7529422"
64,"spotify:track:6iyp6udVpLuq3MCUulZT4h","Logic","44 More","Def Jam Recordings",40,40,2,"7470840"
65,"spotify:track:2EzRdhuoPyNJDlep7lnNf2","Danny Ocean","Dembow","Atlantic Records",65,70,8,"7435864"
66,"spotify:track:6NWl2m8asvH83xjuXVNsuG","Lil Xan","Betrayed","Columbia",55,65,18,"7100662"
67,"spotify:track:7EI6Iki24tBHAMxtb4xQN2","Rita Ora","Anywhere","Atlantic Records UK",39,69,20,"7097454"
68,"spotify:track:42CeaId2XNlxugDvyqHfDf","Post Malone","Candy Paint","Republic Records",17,67,25,"7060385"
69,"spotify:track:4zWO4gvuFtw6EJZC5FFGlr","MC Fioti, Future, J Balvin, Stefflon Don, Juan Magán","Bum Bum Tam Tam","Universal-Island Records Ltd.",66,76,12,"7057016"
70,"spotify:track:1j4kHkkpqZRBwE0A4CN4Yv","ZAYN, Sia","Dusk Till Dawn (feat. Sia) - Radio Edit","RCA Records Label",4,68,26,"7017358"
71,"spotify:track:6PGoSes0D9eUDeeAafB2As","Kendrick Lamar, Zacari","LOVE. FEAT. ZACARI.","Aftermath",14,62,47,"6927772"
72,"spotify:track:6MNGxu8MprKGkchUchkJsy","J Balvin, Jeon, Anitta","Machika","UMLE - Latino",63,73,7,"6904604"
73,"spotify:track:7Izh7zLJGw1Nscd62Exxj4","Imagine Dragons","Believer","Kid Ina Korner / Interscope",16,74,57,"6904023"
74,"spotify:track:6tvQzeCPwOytDlBYCIOY0n","Jax Jones, Ina Wroldsen","Breathe (feat. Ina Wroldsen)","Polydor Records",74,111,8,"6872019"
75,"spotify:track:4QtiVmuA88tPQiCOHZuQ5b","Sofía Reyes, Jason Derulo, De La Ghetto","1, 2, 3 (feat. Jason Derulo & De La Ghetto)","WEA Latina",75,108,3,"6812185"
76,"spotify:track:6RnkFd8Fqqgk1Uni8RgqCQ","David Guetta, Martin Garrix, Brooks","Like I Do","Parlophone (France)",76,99,2,"6809877"
77,"spotify:track:7m9OqQk4RVRkw9JJdeAw96","XXXTENTACION","Jocelyn Flores","Bad Vibes Forever / EMPIRE",15,98,28,"6767952"
78,"spotify:track:1bhUWB0zJMIKr9yVPrkEuI","Ed Sheeran, Beyoncé","Perfect Duet (Ed Sheeran & Beyoncé)","Atlantic Records UK",3,72,14,"6752166"
79,"spotify:track:1USJRpWDFhxwhCajPXBeel","The Chainsmokers","You Owe Me","Disruptor Records/Columbia",70,80,3,"6643308"
80,"spotify:track:5HwnezK198pJCEj1l2Adjy","Camila Cabello","She Loves Control","Syco Music/Epic",53,79,8,"6557495"
81,"spotify:track:7rwX0O3RlxqqIjQM8evm5E","Ozuna, Mambo Kingz, DJ Luian, Bad Bunny, Wisin, Almighty","Solita","Hear This Music",75,78,6,"6550506"
82,"spotify:track:2z4pcBLQXF2BXKFvd0BuB6","Jason Derulo, French Montana","Tip Toe (feat. French Montana)","Beluga Heights/Warner Records",45,63,17,"6548236"
83,"spotify:track:4LmAnpjlhWTahvRkYR8xJa","ScHoolboy Q, 2 Chainz, Saudi","X (with 2 Chainz & Saudi)","Black Panther (TDE/DMG) PS",28,57,4,"6439080"
84,"spotify:track:2DQ1ITjI0YoLFzuADN1ZBW","G-Eazy, A$AP Rocky, Cardi B","No Limit","BPG/RVG/RCA Records",18,71,23,"6388508"
85,"spotify:track:32DGGj6KlNuBr6WaqRxpxi","Charlie Puth","How Long","Artist Partner",15,77,22,"6386268"
86,"spotify:track:1m69ELEgE6k5ZWsap40ozt","Ozuna","Se Preparó","VP Records Corp/Dimelo Vi",30,81,28,"6385760"
87,"spotify:track:0OlnLZY4cmQzT6ZGttvWBM","Martin Garrix, David Guetta, Jamie Scott, Romy Dya","So Far Away (feat. Jamie Scott & Romy Dya)","Epic Amsterdam",42,66,14,"6338030"
88,"spotify:track:3B54sVLJ402zGa6Xm4YGNe","French Montana, Swae Lee","Unforgettable","Bad Boy Entertainment/Epic Records",3,84,48,"6311753"
89,"spotify:track:2fQrGHiQOvpL9UgPvtYy6G","21 Savage","Bank Account","Slaughter Gang, LLC/Epic Records",22,85,35,"6210505"
90,"spotify:track:5WoaF1B5XIEnWfmb5NZikf","Miguel, Travis Scott","Sky Walker (feat. Travis Scott)","ByStorm Entertainment/RCA Records",69,82,16,"6209222"
91,"spotify:track:2Pvr8rYuh5J8V7QglJhH6W","5 Seconds of Summer","Want You Back","Capitol",51,51,2,"6197297"
92,"spotify:track:3ncgNpxLoBQ65ABk4djDyd","Famous Dex, A$AP Rocky","PICK IT UP (feat. A$AP Rocky)","300 Entertainment",60,91,17,"6114557"
93,"spotify:track:4pYZLpX23Vx8rwDpJCpPTA","Rich The Kid, Kendrick Lamar","New Freezer (feat. Kendrick Lamar)","Rich The Kid / (TDE/ISR PS)",93,101,11,"6093388"
94,"spotify:track:2u7mxWSeoqTXndK5e08jMp","Lil Skies, Landon Cube","Nowadays (feat. Landon Cube)","All We Got Ent.",87,87,9,"6064256"
95,"spotify:track:1wjzFQodRWrPcQ0AnYnvQ9","Lauv","I Like Me Better","Lauv",29,94,40,"5972689"
96,"spotify:track:5tz69p7tJuGPeMGwNTxYuV","Logic, Alessia Cara, Khalid","1-800-273-8255","Def Jam Recordings",5,92,45,"5933106"
97,"spotify:track:5uCax9HTNlzGybIStD3vDh","James Arthur","Say You Won't Let Go","Columbia",7,95,63,"5840231"
98,"spotify:track:6De0lHrwBfPfrhorm9q1Xl","Danny Ocean","Me Rehúso","Atlantic Records",20,83,55,"5824264"
99,"spotify:track:6RUKPb4LETWmmr3iAEQktW","The Chainsmokers, Coldplay","Something Just Like This","Disruptor Records/Columbia",2,97,55,"5795072"
100,"spotify:track:75FDPwaULRdYDn4StFN2rT","Cardi B, 21 Savage","Bartier Cardi (feat. 21 Savage)","KSR/Atlantic",22,75,11,"5709627"
101,"spotify:track:4iLqG9SeJSnt0cSPICSjxv","Charlie Puth","Attention","Artist Partner",5,96,46,"5704576"
102,"spotify:track:0MIcPSq9n2z5H8TAfEstri","Ozuna, J Balvin","Quiero Repetir","VP Records Corp/Dimelo Vi",86,100,10,"5667031"
103,"spotify:track:4wFjTWCunQFKtukqrNijEt","Migos, Nicki Minaj, Cardi B","MotorSport","Quality Control Music, LLC",34,93,19,"5660485"
104,"spotify:track:5jyyPsIGM2yqkZN9R3TmvN","Khalid, Swae Lee","The Ways (with Swae Lee)","Black Panther (TDE/DMG) PS",38,53,4,"5609646"
105,"spotify:track:3m660poUr1chesgkkjQM7P","Demi Lovato","Sorry Not Sorry","Island Records",7,109,35,"5576273"
106,"spotify:track:152lZdxL1OR0ZMW6KquMif","Khalid","Location","Right Hand Music Group, LLC/RCA Records",34,104,57,"5567327"
107,"spotify:track:43ZyHQITOjhciSUUNPVRHc","Lil Pump","Gucci Gang","Warner Records",6,88,26,"5558643"
108,"spotify:track:2rb5MvYT7ZIxbKW5hfcHx8","J Balvin, Willy William","Mi Gente","Scorpio Music (FR)",1,89,36,"5525337"
109,"spotify:track:4dVpf9jZjcORqGTLUaeYj9","A$AP Ferg","Plain Jane","RCA Records Label",37,106,25,"5507867"
110,"spotify:track:2yUbCEiaolfSMluDo9RMmG","Rae Sremmurd, Swae Lee, Slim Jxmmi, Juicy J","Powerglide (feat. Juicy J) - From SR3MM","Mike WiLL Made-It",110,-1,1,"5491839"
111,"spotify:track:1nfyE13arjOuO54HH0zmqj","Manuel Turizo","Esperándote","Sony Music Latin/La Industria",107,121,7,"5451960"
112,"spotify:track:5yFSF6qQA1rcLsQRnBsZgb","Alan Walker, Noah Cyrus, Digital Farm Animals, Juliander","All Falls Down (feat. Juliander)","Kreatell Music",52,102,19,"5433323"
113,"spotify:track:5lZsh9Qf7CbHI9Fcc7Zcsq","YBN Nahmir","Bounce Out With That","2018",113,115,5,"5391391"
114,"spotify:track:6gBFPUFcJLzWGx4lenP6h2","Travis Scott","goosebumps","Cactus Jack / Epic",60,117,62,"5275842"
115,"spotify:track:71bBFbfn2OBK5QwUJSLS44","Axwell /\ Ingrosso, Axwell, Sebastian Ingrosso","More Than You Know","Pophouse Entertainment Group",15,112,41,"5246739"
116,"spotify:track:7JNh1cfm0eXjqFVOzKLyau","Becky G, Bad Bunny","Mayores","Kemosabe Records/RCA Records/Sony Music Latin",33,103,32,"5206037"
117,"spotify:track:3VClLWqNn80Llv0PJOsKgr","Nacho, Yandel, Bad Bunny, Mambo Kingz, DJ Luian","Báilame - Remix","UMLE - Latino",58,119,29,"5158132"
118,"spotify:track:7F3uo3304R2CTvOseU3H7u","Imagine Dragons","Whatever It Takes","Kid Ina Korner / Interscope",51,123,30,"5137134"
119,"spotify:track:0as7lPxkBPctZ7uVmchRNM","Cashmere Cat, Major Lazer, Tory Lanez","Miss You (with Major Lazer & Tory Lanez)","Benny Blanco Major",113,113,7,"5115122"
120,"spotify:track:2OALaHcDdKkjYEpAr0Qzab","Avicii, Rita Ora","Lonely Together","Universal Music AB",19,118,30,"4997074"
121,"spotify:track:1xznGGDReH1oQq0xzbwXa3","Drake, Wizkid, Kyla","One Dance","Cash Money Records/Young Money Ent./Universal Rec.",12,127,63,"4994661"
122,"spotify:track:6n4U3TlzUGhdSFbUUhTvLP","Migos, Drake","Walk It Talk It","Quality Control Music, LLC",30,114,6,"4958848"
123,"spotify:track:2771LMNxwf62FTAdpJMQfM","Cardi B","Bodak Yellow","KSR/Atlantic",21,120,32,"4923571"
124,"spotify:track:7ofxPmTNMj2GP07g1VZa0O","Alex Sensation, Ozuna","Que Va","JP Entertainment (Jorge Pino)",54,126,28,"4915640"
125,"spotify:track:5TysCiZtv1HnSWcTcUFusI","Joey Montana, Sebastian Yatra","Suena El Dembow","UMLE - Latino",66,131,25,"4891914"
126,"spotify:track:0Zbbxnx4SGGHoIow4PpISP","Kygo, Justin Jesso","Stargazing","Kygo",15,116,24,"4890627"
127,"spotify:track:5TmZYdHW6HJ9gt7Aokuql5","Sebastian Yatra, Dalmata","SUTRA","UMLE - Latino",96,129,19,"4872579"
128,"spotify:track:3xWEI23MLJrD0dpDcDUTW6","Juan Magán, Belinda, Manuel Turizo, Snova, B-Case","Déjate Llevar","Universal Music Spain S.L.",97,132,10,"4831881"
129,"spotify:track:7uYgVgRSgqluZclLS7wpp4","Ozuna, Romeo Santos","El Farsante - Remix","VP Records Corp/Dimelo Vi",129,154,5,"4825027"
130,"spotify:track:1Slwb6dOYkBlWal1PGtnNg","Ed Sheeran","Thinking out Loud","Atlantic Records UK",58,135,63,"4821805"
131,"spotify:track:0lJCqIx5BhZtf6QtYI2fbv","Daddy Yankee, Bad Bunny","Vuelve","Craft Latino",71,128,22,"4821431"
132,"spotify:track:1yxgsra98r3qAtxqiGZPiX","Travis Scott","BUTTERFLY EFFECT","Cactus Jack / Epic",40,130,42,"4811635"
133,"spotify:track:5yuShbu70mtHXY0yLzCQLQ","Post Malone","Go Flex","Universal Records",52,125,35,"4780111"
134,"spotify:track:2tPcTFiQF9MbVUyjZ3zDhA","SOB X RBE","Paramedic!","Black Panther (TDE/DMG) PS",62,107,4,"4777786"
135,"spotify:track:1x5sYLZiu9r5E43kMlt9f8","Clean Bandit, Zara Larsson","Symphony (feat. Zara Larsson)","Atlantic Records UK",11,134,51,"4758746"
136,"spotify:track:6fxVffaTuwjgEk5h9QyRjy","Ed Sheeran","Photograph","Atlantic Records UK",41,137,63,"4756222"
137,"spotify:track:7BKLCZ1jbUBVqRi2FVlTVw","The Chainsmokers, Halsey","Closer","Disruptor Records/Columbia",2,140,63,"4741335"
138,"spotify:track:3soOPBuMK8YMdWnV7xpEyf","Sean Paul, David Guetta, Becky G","Mad Love","Universal-Island Records Ltd.",138,-1,1,"4740936"
139,"spotify:track:7AQim7LbvFVZJE3O8TYgf2","XXXTENTACION, Trippie Redd","Fuck Love","Bad Vibes Forever / EMPIRE",41,147,28,"4733401"
140,"spotify:track:5CtI0qwDJkDQGwXD1H1cLb","Luis Fonsi, Daddy Yankee, Justin Bieber","Despacito - Remix","UMLE - Latino",1,138,47,"4693432"
141,"spotify:track:79cuOz3SPQTuFrp8WgftAu","Shawn Mendes","There's Nothing Holdin' Me Back","Island Records",5,139,46,"4671303"
142,"spotify:track:2BNkTvg1kHAAfGvqh56x5a","Lauv","Getting Over You","Lauv",142,152,2,"4669539"
143,"spotify:track:7bRRHQelMfrP86QYQlCsAq","6ix9ine","BILLY","Scumgang/TenThousand Projects",86,86,2,"4650317"
144,"spotify:track:0ERbK7qVqveCaBWIiYCrl3","Romeo Santos, Daddy Yankee, Nicky Jam","Bella y Sensual","Sony Music Latin",106,143,32,"4607517"
145,"spotify:track:0gD6lWJhbXHWNVwQziSVvl","Rich The Kid","Plug Walk","Rich The Kid / (TDE/ISR PS)",145,-1,1,"4586692"
146,"spotify:track:7krbSH3rd8lhIZvuzTV3Bl","James Arthur","Naked","Columbia Local",86,110,15,"4583418"
147,"spotify:track:0KKkJNfGyhkQ5aFogxQAPU","Bruno Mars","That's What I Like","Atlantic Records",6,142,63,"4582722"
148,"spotify:track:6EpRaXYhGOB3fj4V2uDkMJ","Liam Payne, Quavo","Strip That Down (feat. Quavo)","Capitol Records UK / EMI",9,141,42,"4581018"
149,"spotify:track:43ay9lQZ5rfNcOOHhRF2cM","Hugh Jackman, Keala Settle, Zac Efron, Zendaya, The Greatest Showman Ensemble","The Greatest Show","Atlantic Records",73,145,10,"4538715"
150,"spotify:track:0JcNysfWVWaMS7R6vzGB2k","Carlos Vives, Sebastian Yatra","Robarte un Beso","Sony Music Latin",61,133,31,"4519651"
151,"spotify:track:5cXg9IQS34FzLVdHhp7hu7","Kendrick Lamar, Travis Scott","Big Shot (with Travis Scott)","Black Panther (TDE/DMG) PS",51,105,4,"4519425"
152,"spotify:track:1KSqYYJFyfTecXFk9M0prc","Wisin, Ozuna","Escápate Conmigo (feat. Ozuna)","Sony Music Latin",38,144,48,"4499169"
153,"spotify:track:49VSioK272TASR4r9vRTuP","Bad Bunny","Dime Si Te Acuerdas","Rimas Entertainment LLC",153,-1,1,"4494278"
154,"spotify:track:7vu0JkJh0ldukEYbTVcqd0","Julia Michaels","Issues","J/Republic",9,149,60,"4367816"
155,"spotify:track:4DTpngLjoHj5gFxEZFeD3J","Kodak Black, Lil Wayne","Codeine Dreaming (feat. Lil Wayne)","Atlantic Records",50,146,15,"4310256"
156,"spotify:track:3GVkPk8mqxz0itaAriG1L7","XXXTENTACION","Everybody Dies In Their Nightmares","Bad Vibes Forever / EMPIRE",52,-1,20,"4292325"
157,"spotify:track:40oKW22ZNNkEdZLJTScaQI","Kodak Black, XXXTENTACION","Roll in Peace (feat. XXXTENTACION)","Atlantic Records",79,160,29,"4287494"
158,"spotify:track:0qYTZCo5Bwh1nsUFGZP3zn","Maluma","Felices los 4","Sony Music Latin",17,148,46,"4281594"
159,"spotify:track:0afhq8XCExXpqazXczTSve","Ed Sheeran","Galway Girl","Atlantic Records UK",2,155,53,"4264663"
160,"spotify:track:3kxfsdsCpFgN412fpnW85Y","Childish Gambino","Redbone","Glassnote - VMG",35,166,63,"4229438"
161,"spotify:track:1XRgIKC5TPwo7nWGyKqgG0","Gucci Mane, Migos","I Get the Bag (feat. Migos)","Guwop Enterprises/Atlantic",45,153,29,"4187171"
162,"spotify:track:7hvxMYq9JW5W0vFwiu1Zdr","Axwell /\ Ingrosso, Axwell, Sebastian Ingrosso","Dreamer","Pophouse Entertainment Group",137,165,11,"4185884"
163,"spotify:track:0NiXXAI876aGImAd6rTj8w","Jonas Blue, William Singe","Mama","UMOD (Universal Music On Demand)",11,161,44,"4178956"
164,"spotify:track:5mCPDVBb16L4XQwDdbRUpz","Drake","Passionfruit","Cash Money Records/Young Money Ent./Universal Rec.",2,151,50,"4170103"
165,"spotify:track:6eT7xZZlB2mwyzJ2sUKG6w","Post Malone","White Iverson","Universal Records",100,150,55,"4137911"
166,"spotify:track:3DXncPQOG4VBw3QHh3S817","DJ Khaled, Justin Bieber, Quavo, Chance the Rapper, Lil Wayne","I'm the One (feat. Justin Bieber, Quavo, Chance the Rapper & Lil Wayne)","Epic/We The Best",2,167,45,"4132053"
167,"spotify:track:0RoA7ObU6phWpqhlC9zH4Z","Ziv Zaifman, Hugh Jackman, Michelle Williams","A Million Dreams","Atlantic Records",95,162,10,"4121216"
168,"spotify:track:3NdDpSvN911VPGivFlV5d0","ZAYN, Taylor Swift","I Don’t Wanna Live Forever (Fifty Shades Darker)","Taylor Swift",2,158,63,"4109489"
169,"spotify:track:3whrwq4DtvucphBPUogRuJ","Camila Cabello, Daddy Yankee","Havana - Remix","Syco Music/Epic",50,157,16,"4109424"
170,"spotify:track:0Gl5s8IhMmQE5YQwM8Qx1J","Loren Allred","Never Enough","Atlantic Records",92,170,10,"4086466"
171,"spotify:track:7q1ikCoQLytPP5TTzDy7JK","6ix9ine, Fetty Wap, A Boogie Wit da Hoodie","KEKE","Scumgang/TenThousand Projects",112,124,7,"4072957"
172,"spotify:track:6HZILIRieu8S0iqY8kIKhj","Kendrick Lamar","DNA.","Aftermath",3,159,46,"4071573"
173,"spotify:track:5aAx2yezTd8zXrkmtKl66Z","The Weeknd, Daft Punk","Starboy","Universal Republic Records",1,168,63,"4048639"
174,"spotify:track:5qqabIl2vWzo9ApSC317sa","Oasis","Wonderwall - Remastered","Big Brother",152,174,24,"4038768"
175,"spotify:track:3ZhTT6yjZwpPph5MIJ53XY","Lil Skies, Landon Cube","Red Roses (feat. Landon Cube)","All We Got Ent.",175,194,3,"4025067"
176,"spotify:track:7nZmah2llfvLDiUjm0kiyz","Justin Bieber, BloodPop®","Friends (with BloodPop®)","BloodPop/DJ/RMBG/Republic",2,169,29,"4019844"
177,"spotify:track:70lnL3QaSOIIyMa2X9aVRL","Shakira, Nicky Jam","Perro Fiel (feat. Nicky Jam)","Sony Music Latin",46,172,22,"3977450"
178,"spotify:track:0VgkVdmE4gld66l8iyGjgx","Future","Mask Off","Epic/Freebandz/A1",5,173,55,"3975473"
179,"spotify:track:0P6AWOA4LG1XOctzaVu5tt","SZA, Calvin Harris, Funk Wav","The Weekend - Funk Wav Remix","Top Dawg Entertainment/RCA Records",160,171,10,"3966913"
180,"spotify:track:7amMgNDcObIDkIXv4xcvc2","Ramz","Barking","Polydor Records",168,186,7,"3962746"
181,"spotify:track:1OilOIju6R9ia8vilNjChh","Bazzi","Beautiful","iamcosmic",181,-1,1,"3960984"
182,"spotify:track:1OAh8uOEOvTDqkKFsKksCi","DJ Khaled, Rihanna, Bryson Tiller","Wild Thoughts (feat. Rihanna & Bryson Tiller)","Epic/We The Best",2,180,38,"3944261"
183,"spotify:track:5Htb1uFQ1KrkFXlefS8oGj","Demi Lovato","Tell Me You Love Me","Island Records",70,156,15,"3931937"
184,"spotify:track:0Qh38w01QRXK6KHIv0e3hb","P!nk","What About Us","RCA Records Label",18,181,30,"3922766"
185,"spotify:track:0VtxQUpwnkeedz0QhhuOgA","6ix9ine","GUMMO","Scumgang/TenThousand Projects",136,136,10,"3922591"
186,"spotify:track:1Qg9jWGDkKAGZXj5v2OG59","Maroon 5","Wait","Interscope Records*",74,178,18,"3900580"
187,"spotify:track:0I20rLT2MJDhcF96AjbNYo","Zedd, Alessia Cara","Stay","UMGRI Interscope",7,184,54,"3845530"
188,"spotify:track:3eR23VReFzcdmS7TYCrhCe","Kygo, Selena Gomez","It Ain't Me (with Selena Gomez)","Kygo",2,179,55,"3841356"
189,"spotify:track:7w9bgPAmPTtrkt2v16QWvQ","Eminem","Lose Yourself","Eminem Catalog PS",143,176,50,"3828258"
190,"spotify:track:4aWmUDTfIPGksMNLV2rQP2","Luis Fonsi, Daddy Yankee","Despacito","UMLE - Latino",4,183,60,"3806380"
191,"spotify:track:6lOWoTqVnAWXchddtTH31W","Tom Walker","Leave a Light On","Relentless Records",185,200,3,"3803542"
192,"spotify:track:3OnOomd79OjqSYHchCQ6ht","Migos, Post Malone","Notice Me","Quality Control Music, LLC",60,164,6,"3779647"
193,"spotify:track:5bcTCxgc7xVfSaMV3RuVke","Calvin Harris, Pharrell Williams, Katy Perry, Big Sean, Funk Wav","Feels (feat. Pharrell Williams, Katy Perry & Big Sean)","Columbia",5,185,38,"3757332"
194,"spotify:track:3ebXMykcMXOcLeJ9xZ17XH","Martin Garrix, Dua Lipa","Scared to Be Lonely","Epic Amsterdam",5,187,55,"3755712"
195,"spotify:track:5ojXuKXBYq0apcNucYSDXq","CNCO","Mamita","Sony Music Latin",195,-1,1,"3750803"
196,"spotify:track:6kex4EBAj0WHXDKZMEJaaF","Jason Derulo, Nicki Minaj, Ty Dolla $ign","Swalla (feat. Nicki Minaj & Ty Dolla $ign)","Beluga Heights/Warner Records",6,191,54,"3747830"
197,"spotify:track:0CokSRCu5hZgPxcZBaEzVE","Macklemore, Skylar Grey","Glorious (feat. Skylar Grey)","Bendo LLC",14,189,35,"3725286"
198,"spotify:track:7oK9VyNzrYvRFo7nQEYkWN","The Killers","Mr. Brightside","Island Records",148,195,17,"3717326"
199,"spotify:track:7EUfNvyCVxQV3oN5ScA2Lb","Imagine Dragons","Next To Me","Kid Ina Korner / Interscope",122,122,2,"3681739"
200,"spotify:track:6u0EAxf1OJTLS7CvInuNd7","Anitta, ZAAC, Maejor, Tropkillaz, DJ Yuri Martins","Vai malandra (feat. Tropkillaz & DJ Yuri Martins)","WM Brazil",30,177,12,"3676542"
