﻿rank,uri,artist_names,track_name,source,peak_rank,previous_rank,weeks_on_chart,streams
1,"spotify:track:0TK2YIli7K1leLovkQiNik","Shawn Mendes, Camila Cabello","Señorita","Island Records",1,-1,1,"63045599"
2,"spotify:track:3HVWdVOQ0ZA45FuZGSfvns","Ed Sheeran, Justin Bieber","I Don't Care (with Justin Bieber)","Atlantic Records UK",1,1,7,"37834490"
3,"spotify:track:2Fxmhks0bxGSBdJ92vM42m","Billie Eilish","bad guy","Darkroom/Interscope Records",1,2,13,"35768190"
4,"spotify:track:6u7jPi22kF8CTQ3rb9DHE7","Lil Nas X, Billy Ray Cyrus","Old Town Road (feat. Billy Ray Cyrus) - Remix","Columbia",2,3,12,"32722266"
5,"spotify:track:5ry2OE6R2zPQFDO85XkgRb","Drake, Rick Ross","Money In The Grave (Drake ft. Rick Ross)","Republic Records",5,6,2,"25117868"
6,"spotify:track:29fRTIKsJhLUJoldM89GZS","Taylor Swift","You Need To Calm Down","Taylor Swift",4,4,2,"24278392"
7,"spotify:track:6fTt0CH2t0mdeB2N9XFG5r","Lil Nas X","Panini","Columbia",7,-1,1,"24238981"
8,"spotify:track:1Ej96GIBCTvgH7tNX1r3qr","Sech, Darell","Otro Trago","Rich Music/Ingrooves Records",4,5,9,"23617149"
9,"spotify:track:2TH65lNHgvLxCKXM3apjxI","Bad Bunny, Tainy","Callaita","Rimas Entertainment LLC",7,7,4,"22266103"
10,"spotify:track:5PYQUBXc7NYeI1obMKSJK0","Katy Perry","Never Really Over","Capitol Records",10,14,4,"19261920"
11,"spotify:track:6LsAAHotRLMOHfCsSfYCsz","Shawn Mendes","If I Can't Have You","Island Records",4,8,8,"19195647"
12,"spotify:track:5w9c2J52mkdntKOmRLeM2m","Daddy Yankee, Snow","Con Calma","Craft Latino",2,9,22,"18899230"
13,"spotify:track:1c0hsvHLELX6y8qymnpLKL","Lunay, Daddy Yankee, Bad Bunny","Soltera (Remix)","round2media - LaFamilia",8,10,7,"17985888"
14,"spotify:track:7qEHsqek33rTcFNT9PFqLf","Lewis Capaldi","Someone You Loved","Vertigo Berlin",7,13,25,"17259949"
15,"spotify:track:53CJANUxooaqGOtdsBTh7O","Lil Nas X","Old Town Road","Columbia",3,16,16,"16719515"
16,"spotify:track:22vgEDb5hykfaTwLuskFGD","Jonas Brothers","Sucker","Jonas Brothers Recording",2,12,17,"16544568"
17,"spotify:track:3KkXRkHbMCARz0aVfEt68P","Post Malone, Swae Lee","Sunflower - Spider-Man: Into the Spider-Verse","Universal Records",1,17,36,"16443029"
18,"spotify:track:1DFD5Fotzgn6yYXkYsKiGs","MEDUZA, Goodboys","Piece Of Your Heart","Intercord",18,20,11,"15451112"
19,"spotify:track:7Feaw9WAEREY0DUOSXJLOM","Martin Garrix, Macklemore, Fall Out Boy","Summer Days (feat. Macklemore & Patrick Stump of Fall Out Boy)","Epic Amsterdam",19,19,9,"15154394"
20,"spotify:track:7DcvwMAiqKJQD1rrdfxSDx","Young Thug, J. Cole, Travis Scott","The London (feat. J. Cole & Travis Scott)","300 Entertainment/Atl",6,18,5,"14995599"
21,"spotify:track:7FEwp8BavoEVE3AnxJDchc","Chris Brown, Drake","No Guidance (feat. Drake)","Chris Brown Entertainment/RCA Records",11,11,3,"14816185"
22,"spotify:track:2x0RZdkZcD8QRI53XT4GI5","Avicii, Aloe Blacc","SOS (feat. Aloe Blacc)","Pophouse Entertainment Group",4,15,12,"14513004"
23,"spotify:track:543bCW2ruMPmxUBWirQ3MR","Ed Sheeran, Chance the Rapper, PnB Rock","Cross Me (feat. Chance the Rapper & PnB Rock)","Atlantic Records UK",9,24,5,"14429550"
24,"spotify:track:05CwHjIk71RXVU40boRMnR","The Chainsmokers, Bebe Rexha","Call You Mine","Disruptor Records/Columbia",24,27,4,"14382395"
25,"spotify:track:6ocbgoVGwYJhOv1GgI9NsF","Ariana Grande","7 rings","Republic Records",1,21,23,"13540799"
26,"spotify:track:5qmq61DAAOUaW8AUo8xKhh","Lizzo","Truth Hurts","Nice Life/Atlantic",19,29,9,"13247134"
27,"spotify:track:4ak7xjvBeBOcJGWFDX9w5n","Lil Nas X, Cardi B","Rodeo","Columbia",27,-1,1,"13086179"
28,"spotify:track:1VEMUkGFio5uURvN8x1DZJ","Capital Bra, Samra","Tilidin","Urban",28,-1,1,"13026753"
29,"spotify:track:1kBbgxAUc4HQv7cgIayIDH","Lil Tecca","Ransom","Republic Records",29,45,4,"12966653"
30,"spotify:track:1f38Gx6xQz6r4H1jGVNBJo","DJ Snake, J Balvin, Tyga","Loco Contigo (feat. J. Balvin & Tyga)","DJ Snake Music Productions Limited",30,51,2,"12722188"
31,"spotify:track:6TqXcAFInzjp0bODyvrWEq","Khalid, Disclosure","Talk (feat. Disclosure)","Right Hand Music Group, LLC/RCA Records",10,25,20,"12388018"
32,"spotify:track:0vrmHPfoBadXVr2n0m1aqZ","Avicii","Heaven","Pophouse Entertainment Group",13,22,3,"12303237"
33,"spotify:track:2VxeLyX666F8uXCJ0dZF8B","Lady Gaga, Bradley Cooper","Shallow","A Star is Born OST",3,26,39,"12179441"
34,"spotify:track:4R8BJggjosTswLxtkw8V7P","JHAYCO, J Balvin, Bad Bunny","No Me Conoce - Remix","N&E Entertainment LLC",34,36,5,"12154908"
35,"spotify:track:5hVghJ4KaYES3BFUATCYn0","Tyler, The Creator","EARFQUAKE","Columbia",6,23,6,"11879222"
36,"spotify:track:4hPpVbbakQNv8YTHYaOJP4","Marshmello, Kane Brown","One Thing Right","Joytime Collective",36,-1,1,"11781536"
37,"spotify:track:6v0lAdFF4haL8xjBIUjtOw","Nicky Jam, Ozuna","Te Robaré","Sony Music Latin",28,30,14,"11754532"
38,"spotify:track:7KbF6AdprOXEEHlsq11Z6d","Maluma","11 PM","Sony Music Latin",38,39,6,"11753685"
39,"spotify:track:0DiDStADDVh3SvAsoJAFMk","Jonas Brothers","Only Human","Jonas Brothers Recording",31,46,3,"11371773"
40,"spotify:track:0mjAU3yKR1QnXnHtjGJqTM","OneRepublic","Rescue Me","Mosley Music/Interscope Records",32,32,6,"11304535"
41,"spotify:track:6MWtB6iiXyIwun0YzU6DFP","Post Malone","Wow.","Republic Records",2,31,27,"11146591"
42,"spotify:track:2dpaYNEQHiRxtZbfNsse99","Marshmello, Bastille","Happier","Joytime Collective",2,37,45,"10989393"
43,"spotify:track:7g8YaUQABMal0zWe7a2ijz","Dalex, Rafa Pabön, KHEA, Sech, Feid, Cazzu, Lenny Tavárez","Pa Mí (Remix)","Rich Music/Ingrooves Records",17,33,17,"10956123"
44,"spotify:track:2qG5sZ7Si6sdK74qLxedYM","ROSALÍA, J Balvin, El Guincho","Con Altura","Columbia",30,47,13,"10786943"
45,"spotify:track:5jW3rF4URMdK7tO2xjS5EI","Paulo Londra","Tal Vez","WEA Latina",24,35,12,"10777248"
46,"spotify:track:4MsUsFfWseB9M2plGJyuIw","Taylor Swift, Brendon Urie, Panic! At The Disco","ME! (feat. Brendon Urie of Panic! At The Disco)","Taylor Swift",2,28,9,"10714004"
47,"spotify:track:4lzxJ4jCuFDXXGkE1LmpKR","DJ Luian, Mambo Kingz, Anuel AA, Nicky Jam, Darell, Brytiago","Verte Ir","Hear This Music",25,43,13,"10564934"
48,"spotify:track:5iwz1NiezX7WWjnCgY5TH4","Pedro Capó, Farruko","Calma - Remix","Sony Music Latin",5,40,33,"10527609"
49,"spotify:track:1kK6DwzyXJSp58u5HYWwuD","YG, Tyga, Jon Z","Go Loko (feat. Tyga, Jon Z)","Def Jam Recordings",38,38,8,"10454355"
50,"spotify:track:5WHTFyqSii0lmT9R21abT8","Mabel","Don't Call Me Up","Polydor Records",11,41,21,"10253815"
51,"spotify:track:43zdsphuZLzwA9k4DJhU0I","Billie Eilish","when the party's over","Darkroom/Interscope Records",9,42,36,"10244725"
52,"spotify:track:6moU77g9RQyMzHNuKEaQKq","Ali Gatie","It's You","Warner Records",52,80,2,"10091959"
53,"spotify:track:4SSnFejRGlZikf02HLewEF","Billie Eilish","bury a friend","Darkroom/Interscope Records",2,48,22,"9627154"
54,"spotify:track:2gwkD6igEhQbDQegRCcdoB","DaBaby","Suge","South Coast Music Group/Interscope Records",26,34,9,"9597465"
55,"spotify:track:25sgk305KZfyuqVBQIahim","Ava Max","Sweet but Psycho","Atlantic Records",6,49,39,"9543074"
56,"spotify:track:6uFn47ACjqYkc0jADwEdj1","Polo G, Lil Tjay","Pop Out (feat. Lil Tjay)","Columbia",40,44,10,"9310895"
57,"spotify:track:7BuSE9uTIw931wtZYzvZcQ","Sebastian Yatra, Daddy Yankee, NATTI NATASHA, Jonas Brothers","Runaway","UMLE - Latino",57,-1,1,"9284418"
58,"spotify:track:0u2P5u6lvoDfwTYjAADbn4","Billie Eilish, Khalid","lovely (with Khalid)","Darkroom",24,56,62,"9246302"
59,"spotify:track:5p7ujcrUXASCNwRaWNHR1C","Halsey","Without Me","Capitol Records",4,53,38,"9129000"
60,"spotify:track:1LIqNVhaIgxXUt2eVoIQJ3","Maluma","HP","Sony Music Latin",18,52,17,"9124811"
61,"spotify:track:4tNXntkAzQ5A2dfYRYGIIQ","5 Seconds of Summer","Easier","5 Seconds Of Summer/Interscope",23,59,5,"9117555"
62,"spotify:track:6Qs4SXO9dwPj5GKvVOv8Ki","Sam Smith, Normani","Dancing With A Stranger (with Normani)","PLG - Capitol",7,54,24,"9063751"
63,"spotify:track:5KawlOMHjWeUjQtnuRs22c","BTS, Halsey","Boy With Luv (feat. Halsey)","BIGHIT MUSIC",3,58,11,"8707447"
64,"spotify:track:02itaCXOdC54J0ISjqqFAp","R3HAB, A Touch Of Class","All Around The World (La La La)","Intercord",64,88,3,"8476199"
65,"spotify:track:2WyRfGeHo97VC5mP1BBSzr","Miley Cyrus","Mother's Daughter","RCA/Legacy",18,55,4,"8451356"
66,"spotify:track:79JBjIq90BrQ8Ws0pUhlzD","Mabel","Mad Love","Polydor Records",66,77,3,"8408515"
67,"spotify:track:3e9HZxeyfWwjeyPAMmWSSQ","Ariana Grande","thank u, next","Republic Records",1,60,34,"8259969"
68,"spotify:track:37eGbhE1xVFSvcKkqGb6i1","Sean Paul, J Balvin","Contra La Pared","Universal-Island Records Ltd.",60,61,15,"8245819"
69,"spotify:track:7COXchtUOMd6uIT6HvmRaI","Lauv, Troye Sivan","i'm so tired...","Lauv",18,62,22,"8235621"
70,"spotify:track:7anSoGdgtmJTAPZBzcPhO6","Dalex, Nicky Jam, Justin Quiles, Sech, Lenny Tavárez, Feid, Rafa Pabön","Cuaderno","Rich Music/Ingrooves Records",66,66,5,"8152027"
71,"spotify:track:1rqqCSm0Qe4I9rUvWncaom","Panic! At The Disco","High Hopes","DCD2 / Fueled By Ramen",9,64,53,"8004615"
72,"spotify:track:7FGq80cy8juXBCD2nrqdWU","benny blanco, Halsey, Khalid","Eastside (with Halsey & Khalid)","Friends Keep Secrets/Interscope Records",4,65,50,"7997974"
73,"spotify:track:3xaugmCyXrVkrDTXbFkMW3","Joji","Sanctuary","88rising Music",50,50,2,"7799769"
74,"spotify:track:07rmSXN6vNoquX1AsWd9pP","Y2K, bbno$","Lalala","Columbia",74,-1,1,"7748654"
75,"spotify:track:5Uw7Dut2lZfexn3Y09swpf","Mark Ronson, Camila Cabello","Find U Again (feat. Camila Cabello)","Columbia",41,100,4,"7684178"
76,"spotify:track:5icOoE6VgqFKohjWWNp0Ac","Marshmello, CHVRCHES","Here With Me","Joytime Collective",16,67,16,"7647572"
77,"spotify:track:4u7EnebtmKWzUH433cf5Qv","Queen","Bohemian Rhapsody - Remastered 2011","EMI",11,70,43,"7633636"
78,"spotify:track:7fODjB7BrQTGqh0hogW6XD","Sech, Justin Quiles, Maluma, Nicky Jam, Farruko, Dalex, Lenny Tavárez","Que Mas Pues - Remix","Rich Music/Ingrooves Records",70,73,11,"7543549"
79,"spotify:track:7qiZfU4dY1lWllzX7mPBI3","Ed Sheeran","Shape of You","Atlantic Records UK",1,75,129,"7448515"
80,"spotify:track:1ZDmxwg7Lywlx68b7SsJjj","Nicki Minaj","MEGATRON","Young Money/Cash Money Records",80,-1,1,"7441823"
81,"spotify:track:1wJRveJZLSb1rjhnUHQiv6","A Boogie Wit da Hoodie, 6ix9ine","Swervin (feat. 6ix9ine)","Highbridge the Label / Atlantic Records",25,69,26,"7439604"
82,"spotify:track:0e7ipj03S05BNilyu5bRzt","Post Malone, 21 Savage","rockstar (feat. 21 Savage)","Republic Records",1,74,93,"7223398"
83,"spotify:track:3M9Apu4OZfylLTFKvgEtKa","Tiësto, Jonas Blue, Rita Ora","Ritual","Universal Music, a division of Universal International Music BV",78,113,4,"7163044"
84,"spotify:track:2JvzF1RMd7lE3KmFlsyZD8","J. Cole","MIDDLE CHILD","Dreamville, Inc., Under exclusive license to Roc Nation Records",2,63,23,"7157547"
85,"spotify:track:3Fj47GNK2kUF0uaEDgXLaD","Billie Eilish","wish you were gay","Darkroom/Interscope Records",3,72,17,"7097886"
86,"spotify:track:6zeeWid2sgw4lap2jV61PZ","Khalid","Better","Right Hand Music Group, LLC/RCA Records",7,82,41,"7075666"
87,"spotify:track:0uUNN1nSoUx1A4fkDCWDQ7","Ava Max","So Am I","Atlantic Records",41,76,16,"7053708"
88,"spotify:track:2qxmye6gAegTMjLKEBoR3d","Alec Benjamin","Let Me Down Slowly","2018",27,79,29,"6953656"
89,"spotify:track:0pqnGHJpmpxLKifKRmU6WP","Imagine Dragons","Believer","Kid Ina Korner / Interscope",16,89,125,"6920006"
90,"spotify:track:116H0KvKr2Zl4RPuVBruDO","Bad Bunny, Drake","MIA","Rimas Entertainment LLC",1,84,37,"6896633"
91,"spotify:track:4w8niZpiMy6qz1mntFA5uM","DJ Snake, Selena Gomez, Ozuna, Cardi B","Taki Taki (with Selena Gomez, Ozuna & Cardi B)","DJ Snake Music Productions Limited, under exclusive license to Geffen Records",1,87,39,"6857440"
92,"spotify:track:7fa9MBXhVfQ8P8Df9OEbD8","Maroon 5, Cardi B","Girls Like You (feat. Cardi B) - Cardi B Version","Interscope Records*",2,92,56,"6851457"
93,"spotify:track:4kV4N9D1iKVxx1KLvtTpjS","Ariana Grande","break up with your girlfriend, i'm bored","Republic Records",2,81,20,"6834656"
94,"spotify:track:7dt6x5M1jzdTEt8oCbisTK","Post Malone","Better Now","Republic Records",1,83,61,"6826293"
95,"spotify:track:2xLMifQCjDGFmkHkpNLD9h","Travis Scott","SICKO MODE","Cactus Jack / Epic",2,91,47,"6702715"
96,"spotify:track:5W83ErFkO3aKAIS1WMi6u0","Anuel AA, KAROL G","Secreto","Anuel AA & Karol G - Secreto",11,78,23,"6678079"
97,"spotify:track:1tNJrcVe6gwLEiZCtprs1u","Dominic Fike","3 Nights","Columbia",51,71,13,"6666866"
98,"spotify:track:3ee8Jmje8o58CHK66QrVC2","XXXTENTACION","SAD!","Bad Vibes Forever, LLC",1,85,69,"6661094"
99,"spotify:track:285pBltuF7vW8TeWk8hdRR","Juice WRLD","Lucid Dreams","Juice WRLD Mixtape / ISR P&D",3,96,59,"6543137"
100,"spotify:track:2IRZnDFmlqMuOrYOLnZZyc","Meek Mill, Drake","Going Bad (feat. Drake)","MMG/Atlantic",11,90,30,"6506846"
101,"spotify:track:4n7jnSxVLd8QioibtTDBDq","Alan Walker, Sabrina Carpenter, Farruko","On My Way","Kreatell Music",39,94,14,"6505483"
102,"spotify:track:4pUCKHjJ4Ijewc37rRrvHn","BLACKPINK","Kill This Love","YG Entertainment, distributed through Interscope Records",5,95,12,"6499794"
103,"spotify:track:5KbBGUpIZd6gVFUU8tqYiQ","Myke Towers, Farruko","Si Se Da","2019 Casablanca Records & One World Music | Distributed by GLAD Empire",97,97,15,"6457029"
104,"spotify:track:1iWHabUgUuuKLBa0TzTHfk","ZAYN, Zhavia","A Whole New World (End Title) - From ""Aladdin""","Walt Disney Records",47,86,7,"6350237"
105,"spotify:track:7njKgVl3AnLflRad38o7AG","Bazzi","Paradise","iamcosmic",33,102,12,"6347757"
106,"spotify:track:7mWFF4gPADjTQjC97CgFVt","Ozuna, Daddy Yankee, J Balvin, Farruko, Anuel AA","Baila Baila Baila - Remix","VP Records Corp/Dimelo Vi",71,99,9,"6288684"
107,"spotify:track:63cd4JkwGgYJrbOizbfmsp","Mustard, Migos","Pure Water (with Migos)","10 Summers Records/Interscope Records",38,93,23,"6164287"
108,"spotify:track:0tgVpDi06FyKpA1z0VMD4v","Ed Sheeran","Perfect","Atlantic Records UK",4,110,121,"6130561"
109,"spotify:track:2iUXsYOEPhVqEBwsqP70rE","5 Seconds of Summer","Youngblood","Capitol",8,104,63,"6120189"
110,"spotify:track:132ALUzVLmqYB4UsBj5qD6","Paulo Londra","Adan y Eva","WEA Latina",11,98,33,"6086848"
111,"spotify:track:3y3brCCecHC3Db18aIOnny","Kygo, Rita Ora","Carry On (from the Original Motion Picture ""POKÉMON Detective Pikachu"")","Palm Tree Records/RCA Records",36,103,10,"6077196"
112,"spotify:track:0JP9xo3adEtGSdUEISiszL","XXXTENTACION","Moonlight","Bad Vibes Forever, LLC",2,106,67,"6042649"
113,"spotify:track:5b195aHKKd6oTr4f7DoRCo","MERO","Olabilir","Groove Attack TraX",57,57,2,"6034018"
114,"spotify:track:0E9ZjEAyAwOXZ7wJC0PD33","Dynoro, Gigi D'Agostino","In My Mind","Columbia/B1 Recordings",6,117,51,"5981444"
115,"spotify:track:56JyMaElW79S7TDWh1Zw1m","Ashley O","On A Roll","RCA Records Label",115,-1,1,"5959912"
116,"spotify:track:7uH27oIt4a6cIFCA8ZPcyG","Ozuna","Baila Baila Baila","Aura Music Corp.",12,116,24,"5953332"
117,"spotify:track:059bcIhyc2SBwm6sw2AZzd","Piso 21, Micro TDH","Te Vi","WM Mexico",50,111,24,"5888173"
118,"spotify:track:5qrSlOut2rNAWv3ubArkNy","Dean Lewis","Be Alright","Universal Music Australia Pty. Ltd.",12,108,49,"5879955"
119,"spotify:track:5s8LepdwU0THzpd0M7nLsa","Ozuna","Te Soñé de Nuevo","Aura Music Corp.",119,139,3,"5854436"
120,"spotify:track:58q2HKrzhC3ozto2nDdN4z","Cardi B, Bad Bunny, J Balvin","I Like It","Atlantic/KSR",2,134,64,"5736799"
121,"spotify:track:3XiNC94b4Tq1xwv70sQJGN","Lil Uzi Vert","Sanguine Paradise","Generation Now/Atlantic",38,101,11,"5709169"
122,"spotify:track:5T8EDUDqKcs6OSOwEsfqG7","Queen","Don't Stop Me Now - Remastered 2011","EMI",51,128,35,"5679667"
123,"spotify:track:7eBqSVxrzQZtK2mmgRG6lC","YNW Melly","Murder on My Mind","P2018",19,118,19,"5649182"
124,"spotify:track:2P91MQbaiQOfbiz9VqhqKQ","Lauv","I Like Me Better","Lauv",29,125,108,"5641986"
125,"spotify:track:5itOtNx0WxtJmi1TQ3RuRd","Calvin Harris, Rag'n'Bone Man","Giant (with Rag'n'Bone Man)","Columbia",21,123,24,"5625461"
126,"spotify:track:5QiNbIilmMiMBXvaAlf7lN","The Chainsmokers, 5 Seconds of Summer","Who Do You Love","Disruptor Records/Columbia",33,115,20,"5610209"
127,"spotify:track:2BgEsaKNfHUdlh97KmvFyo","Anne-Marie","2002","Atlantic Records UK",27,126,62,"5596913"
128,"spotify:track:7m9OqQk4RVRkw9JJdeAw96","XXXTENTACION","Jocelyn Flores","Bad Vibes Forever / EMPIRE",7,121,96,"5585575"
129,"spotify:track:1zB4vmk8tFRmM9UULNzbLB","Imagine Dragons","Thunder","Kid Ina Korner / Interscope",8,135,113,"5514007"
130,"spotify:track:3XF5xLJHOQQRbWya6hBp7d","Billie Eilish","you should see me in a crown","Darkroom/Interscope Records",15,122,22,"5485313"
131,"spotify:track:5dW1VZPcFqB4n0P08rGDgm","Blanco Brown","The Git Up","Broken Bow Records",131,190,2,"5483953"
132,"spotify:track:6DCZcSspjsKoFjzjrWoCdn","Drake","God's Plan","Cash Money/Drake LP6",1,136,75,"5443568"
133,"spotify:track:7BuHdm4lQqcyG3qTwdkxus","Wisin & Yandel, Romeo Santos","Aullando","Sony Music Latin",109,127,17,"5437085"
134,"spotify:track:2toVe5hfuIi97ytDPDbQFt","Tyga, Offset","Taste (feat. Offset)","Last Kings Music / EMPIRE",6,124,58,"5435646"
135,"spotify:track:12iDo4Kdw9vA2X1lN3UTVu","Bazzi, 21 Savage","Focus (feat. 21 Savage)","iamcosmic",107,107,2,"5430588"
136,"spotify:track:7K7MUBCnzgBAvMVW2RTWNs","Loud Luxury, Brando","Body","Armada Music",19,143,56,"5374587"
137,"spotify:track:0UQwlF2pRkr1lMN6kNNUj3","Mau y Ricky, Camilo","La Boca","Sony Music Latin",137,153,4,"5297915"
138,"spotify:track:2RSHsoi04658QL5xgQVov3","Imagine Dragons","Bad Liar","Kid Ina Korner / Interscope",17,130,33,"5232887"
139,"spotify:track:78QR3Wp35dqAhFEc2qAGjE","Lil Baby, Gunna","Drip Too Hard (Lil Baby & Gunna)","Quality Control Music/Young Stoner Life Records, a 300 Entertainment Label/Motown Records/Capitol Records",13,132,41,"5226965"
140,"spotify:track:5vdp5UmvTsnMEMESIF2Ym7","Queen","Another One Bites The Dust - Remastered 2011","EMI",36,146,35,"5194131"
141,"spotify:track:5uCax9HTNlzGybIStD3vDh","James Arthur","Say You Won't Let Go","Columbia",7,144,130,"5190713"
142,"spotify:track:3O83h4LS797N23DpweeRAa","Jax Jones, Martin Solveig, Madison Beer, Europa","All Day And Night","Polydor Records",98,140,7,"5185999"
143,"spotify:track:3Ol2xnObFdKV9pmRD2t9x8","A Boogie Wit da Hoodie","Look Back at It","Highbridge the Label / Atlantic Records",20,137,27,"5109698"
144,"spotify:track:2MuMD298IpYqKF367wegUd","Logic, Eminem","Homicide (feat. Eminem)","Def Jam Recordings",3,114,8,"5108226"
145,"spotify:track:4PkIDTPGedm0enzdvilLNd","Ellie Goulding","Sixteen","Polydor Records",68,152,11,"5090139"
146,"spotify:track:2nvmHDiEWXRzS6FUDzUhVL","Dardan, Eno","weR mAChT PaRA 2","Hypnotize Entertainment",146,-1,1,"5072979"
147,"spotify:track:5JEx7HbmvHQQswJCsoo9rA","Ellie Goulding, Diplo, Swae Lee","Close To Me (with Diplo) (feat. Swae Lee)","Polydor Records",19,142,35,"5070232"
148,"spotify:track:4ZLzoOkj0MPWrTLvooIuaa","Kina, Snøw","Get You The Moon (feat. Snøw)","Columbia",95,138,9,"5050723"
149,"spotify:track:2rbDhOo9Fh61Bbu23T2qCk","Lady Gaga","Always Remember Us This Way","A Star is Born OST",35,145,36,"4996857"
150,"spotify:track:44ZJ4hLD5onikKsVLQaILr","Stormzy","Vossi Bop","#Merky Records",58,161,9,"4988534"
151,"spotify:track:6pK5edDoyrn4mWwRSVc2a5","Ozuna","Amor Genuino","Aura Music Corp.",85,120,3,"4981407"
152,"spotify:track:56f5qnyAlZdlz8wrUDA50h","Mau y Ricky, Manuel Turizo, Camilo","Desconocidos","Sony Music Latin",34,154,33,"4971070"
153,"spotify:track:6fxVffaTuwjgEk5h9QyRjy","Ed Sheeran","Photograph","Atlantic Records UK",41,156,121,"4950556"
154,"spotify:track:79esEXlqqmq0GPz0xQSZTV","Shawn Mendes","Lost In Japan","Island Records",23,179,35,"4943042"
155,"spotify:track:09IStsImFySgyp0pIQdqAc","Zedd, Maren Morris, Grey","The Middle","UMGRI Interscope",6,163,74,"4919546"
156,"spotify:track:1rfofaqEpACxVEHIZBJe6W","Camila Cabello, Young Thug","Havana (feat. Young Thug)","Syco Music/Epic",1,175,99,"4910871"
157,"spotify:track:3OTSBoYKO7HzGVj8Bu2OH9","Zara Larsson","All the Time","Epic/Record Company TEN",157,-1,1,"4904256"
158,"spotify:track:40T5GIqQ1CegGm2PTEl8Bu","Billie Eilish","idontwannabeyouanymore","Darkroom",67,168,36,"4899627"
159,"spotify:track:1LiN0Z98FkR1t0m8KmLcAH","Anuel AA, Haze","Amanece","House of Haze",45,157,28,"4898460"
160,"spotify:track:7rvyVWja33WG9R97oeJAjx","Calboy","Envy Me","Polo Grounds Music/RCA Records",92,149,17,"4858841"
161,"spotify:track:7ef4DlsgrMEH11cDZd32M6","Calvin Harris, Dua Lipa","One Kiss (with Dua Lipa)","Sony Music UK",2,165,64,"4855287"
162,"spotify:track:6bWBLZLBRQEJ5KsLicouNB","mgk, YUNGBLUD, Travis Barker","I Think I'm OKAY (with YUNGBLUD & Travis Barker)","Bad Boy/Interscope Records",162,-1,1,"4837164"
163,"spotify:track:2QpxC2yag7Ec7Ut1dovXKb","Summer Cem, Capital Bra","Diamonds (feat. Capital Bra)","Banger Musik/WM Germany",131,131,2,"4832628"
164,"spotify:track:0qc4QlcCxVTGyShurEv1UU","Sam Feldt, RANI","Post Malone (feat. RANI)","Spinnin' Records",164,-1,1,"4816807"
165,"spotify:track:6Hj9jySrnFppAI0sEMCZpJ","Juice WRLD","Robbery","Grade A Productions/Interscope Records",18,150,19,"4811865"
166,"spotify:track:59ywHNwwchG4nZJMLyxSzd","Offset, Cardi B","Clout (feat. Cardi B)","Quality Control Music/Motown Records",121,148,9,"4792355"
167,"spotify:track:70sKIAQgaVN2zWEEyOpyMZ","BTS, Juice WRLD","All Night (BTS World Original Soundtrack) (Pt. 3)","BIGHIT MUSIC",167,-1,1,"4788723"
168,"spotify:track:340UVheS8z3ncW9TTUhAbc","Halsey","Nightmare","Capitol Records",18,112,6,"4779295"
169,"spotify:track:7BKLCZ1jbUBVqRi2FVlTVw","The Chainsmokers, Halsey","Closer","Disruptor Records/Columbia",2,173,130,"4776444"
170,"spotify:track:4NSW0Km5ZG60L8FthUebPJ","Jonas Blue, Theresa Rex","What I Like About You (feat. Theresa Rex)","Positiva",96,172,10,"4753830"
171,"spotify:track:5N5k9nd479b1xpDZ4usjrg","Calvin Harris, Sam Smith, Jessie Reyez","Promises (with Sam Smith)","Columbia",5,174,45,"4749894"
172,"spotify:track:2uIX8YMNjGMD7441kqyyNU","Billie Eilish","ocean eyes","Darkroom",108,164,39,"4748680"
173,"spotify:track:6CcJMwBtXByIz4zQLzFkKc","Billie Eilish","i love you","Darkroom/Interscope Records",21,158,13,"4697549"
174,"spotify:track:4c1WgUnHXq2LEncGHKgj1I","BTS, Charli xcx","Dream Glow (BTS World Original Soundtrack) (Pt. 1)","BIGHIT MUSIC",52,119,3,"4684580"
175,"spotify:track:3swc6WTsr7rl9DqQKQA55C","Post Malone, Ty Dolla $ign","Psycho (feat. Ty Dolla $ign)","Republic Records",2,169,70,"4674360"
176,"spotify:track:1mXVgsBdtIVeCLJnSnmtdV","Sam Smith","Too Good At Goodbyes","PLG - Capitol",1,170,93,"4640425"
177,"spotify:track:0FZ4Dmg8jJJAPJnvBIzD9z","Kodak Black, Offset, Travis Scott","ZEZE (feat. Travis Scott & Offset)","Atlantic Records",3,160,37,"4634917"
178,"spotify:track:7AFASza1mXqntmGtbxXprO","XXXTENTACION","changes","Bad Vibes Forever, LLC",9,167,65,"4630908"
179,"spotify:track:36TO60sxDduIsO3xH8IcUh","Joyner Lucas, Logic","Isis","Twenty Nine Music Group (Joyner Lucas)",44,141,5,"4613814"
180,"spotify:track:6RUKPb4LETWmmr3iAEQktW","The Chainsmokers, Coldplay","Something Just Like This","Disruptor Records/Columbia",2,187,105,"4606754"
181,"spotify:track:5qqabIl2vWzo9ApSC317sa","Oasis","Wonderwall - Remastered","Big Brother",152,183,77,"4595807"
182,"spotify:track:2wZjsbwmWfNVslgV5afl1L","Lil Baby, Future","Out The Mud","Quality Control/Motown Records",182,-1,1,"4562521"
183,"spotify:track:0XPsOSYzDJZJArevQNm2AR","Naomi Scott","Speechless (Full)","Walt Disney Records",166,166,3,"4530199"
184,"spotify:track:2G7V7zsVDxg1yRsu7Ew9RJ","Drake","In My Feelings","Cash Money/Drake LP6",1,178,51,"4525212"
185,"spotify:track:2374M0fQpWi3dLnB54qaLX","TOTO","Africa","Columbia",137,196,53,"4506580"
186,"spotify:track:6aoGtdWXBkYQ2O2wnyIz2x","Kygo, Chelsea Cutler","Not Ok","Kygo",65,159,5,"4502276"
187,"spotify:track:2fuCquhmrzHpu5xcA1ci9x","Queen, David Bowie","Under Pressure - Remastered 2011","EMI",55,176,33,"4500068"
188,"spotify:track:5J64qSSq0VZuh0CiI9o9Nq","Mambo Kingz, DJ Luian, Anuel AA, KAROL G, Arcángel","Tú No Amas","Hear This Music",188,-1,1,"4492902"
189,"spotify:track:0k664IuFwVP557Gnx7RhIl","Lizzo","Juice","Nice Life/Atlantic",155,-1,6,"4475792"
190,"spotify:track:3QGsuHI8jO1Rx4JWLUh9jd","Shawn Mendes","Treat You Better","Island Records",26,-1,50,"4466732"
191,"spotify:track:6WkJ2OK163XXS2oARUC9JM","Aaron Smith, Krono, Luvli","Dancin (feat. Luvli) - Krono Remix","Sony Music Entertainment",101,182,17,"4464011"
192,"spotify:track:3Tc57t9l2O8FwQZtQOvPXK","Billie Eilish","my strange addiction","Darkroom/Interscope Records",16,151,13,"4446572"
193,"spotify:track:3f5lA8nnc4YYF1qf78WpHw","Anuel AA, Romeo Santos","Ella Quiere Beber - Remix","Real Hasta La Muerte, LLC",33,185,34,"4446331"
194,"spotify:track:5kfNriitmkNE8mUbZ7gbq8","Khalid","Saturday Nights","Right Hand Music Group, LLC/RCA Records",19,181,34,"4440742"
195,"spotify:track:2xJCMIJfcNYDc5iR0sAm2O","Dua Lipa","New Rules","Warner Records",2,186,103,"4435045"
196,"spotify:track:76cy1WJvNGJTj78UqeA5zr","Dua Lipa","IDGAF","Warner Records",4,189,78,"4421926"
197,"spotify:track:3S0OXQeoh0w6AY8WQVckRW","Jason Mraz","I'm Yours","Atlantic Records/ATG",124,199,48,"4391072"
198,"spotify:track:4dAMdQ6g4kGmnc1MDHsg77","NLE Choppa","Shotta Flow","Warner Records",191,-1,2,"4379692"
199,"spotify:track:2vrpcQNg6itmgVZWsNjWe0","Sebastian Yatra, Reik","Un Año","UMLE - Latino",52,200,22,"4374627"
200,"spotify:track:1Slwb6dOYkBlWal1PGtnNg","Ed Sheeran","Thinking out Loud","Atlantic Records UK",58,-1,120,"4358891"
