﻿rank,uri,artist_names,track_name,source,peak_rank,previous_rank,weeks_on_chart,streams
1,"spotify:track:7qiZfU4dY1lWllzX7mPBI3","Ed Sheeran","Shape of You","Atlantic Records UK",1,-1,1,"51095759"
2,"spotify:track:6PCUP3dWmTjcTtXY02oFdT","Ed Sheeran","Castle on the Hill","Atlantic Records UK",2,-1,1,"35168298"
3,"spotify:track:5aAx2yezTd8zXrkmtKl66Z","The Weeknd, Daft Punk","Starboy","Universal Republic Records",1,1,3,"24261229"
4,"spotify:track:5knuzwU65gJK7IF5yJsuaW","Clean Bandit, Anne-Marie, Sean Paul","Rockabye (feat. Sean Paul & Anne-Marie)","Atlantic Records UK",3,3,3,"21671209"
5,"spotify:track:3NdDpSvN911VPGivFlV5d0","ZAYN, Taylor Swift","I Don’t Wanna Live Forever (Fifty Shades Darker)","Taylor Swift",5,5,3,"21513043"
6,"spotify:track:7BKLCZ1jbUBVqRi2FVlTVw","The Chainsmokers, Halsey","Closer","Disruptor Records/Columbia",2,2,3,"20618002"
7,"spotify:track:5uCax9HTNlzGybIStD3vDh","James Arthur","Say You Won't Let Go","Columbia",7,8,3,"18269129"
8,"spotify:track:5MFzQMkrl1FOOng9tq6R9r","Maroon 5, Kendrick Lamar","Don't Wanna Know (feat. Kendrick Lamar)","Interscope Records*",5,6,3,"17879498"
9,"spotify:track:5GXAXm5YOmYT0kL5jHvYBt","The Weeknd, Daft Punk","I Feel It Coming","Universal Republic Records",9,10,3,"17465511"
10,"spotify:track:343YBumqHu19cGoGARUTsd","Drake","Fake Love","Cash Money Records/Young Money Ent./Universal Rec.",7,7,3,"17377668"
11,"spotify:track:4pdPtRcBmOSQDlJ3Fk945m","DJ Snake, Justin Bieber","Let Me Love You","DJ Snake Def Jam",4,4,3,"16695321"
12,"spotify:track:6b8Be6ljOzmkOmFslEb23P","Bruno Mars","24K Magic","Atlantic Records",9,9,3,"15722670"
13,"spotify:track:4Km5HrUvYTaSUfiSGPJeQR","Migos, Lil Uzi Vert","Bad and Boujee (feat. Lil Uzi Vert)","Quality Control Music",13,17,3,"15176991"
14,"spotify:track:78rIJddV4X0HkNAInEcYde","Starley, Ryan Riback","Call on Me - Ryan Riback Remix","Central Station Records",14,15,3,"14908553"
15,"spotify:track:6mICuAdrwEjh6Y6lroV2Kg","Shakira, Maluma","Chantaje (feat. Maluma)","Sony Music Latin",13,13,3,"14531664"
16,"spotify:track:6fujklziTHa8uoM5OQSfIo","Rae Sremmurd, Gucci Mane","Black Beatles","Mike WiLL Made-It",6,11,3,"14494204"
17,"spotify:track:3EmmCZoqpWOTY1g2GBwJoR","Steve Aoki, Louis Tomlinson","Just Hold On","Ultra Records, LLC",17,19,3,"13776006"
18,"spotify:track:1PSBzsahR2AKwLJgx8ehBj","mgk, Camila Cabello","Bad Things (with Camila Cabello)","Bad Boy / Interscope",18,21,3,"13257430"
19,"spotify:track:1xznGGDReH1oQq0xzbwXa3","Drake, Wizkid, Kyla","One Dance","Cash Money Records/Young Money Ent./Universal Rec.",12,12,3,"12766155"
20,"spotify:track:04DwTuZ2VBdJCCC5TROn7L","Martin Garrix, Bebe Rexha","In the Name of Love","Epic Amsterdam",16,16,3,"12737156"
21,"spotify:track:6DNtNfH8hXkqOX1sjqmI7p","Major Lazer, Justin Bieber, MØ","Cold Water (feat. Justin Bieber & MØ)","Third Pardee Records",14,14,3,"12641038"
22,"spotify:track:4pLwZjInHj3SimIyN9SnOz","Ariana Grande, Nicki Minaj","Side To Side","Universal Records",18,18,3,"12593728"
23,"spotify:track:4TZy1wLyHec06pwgFYDh1a","Shawn Mendes","Mercy","Island Records",22,22,3,"11536805"
24,"spotify:track:2rizacJSyD9S1IQUxUxnsK","The Chainsmokers, Phoebe Ryan","All We Know","Disruptor Records/Columbia",24,24,3,"11067857"
25,"spotify:track:1qOLh0tI7trd1zdDKxYZTe","Hailee Steinfeld, Grey, Zedd","Starving","UME - Global Clearing House",20,20,3,"10571831"
26,"spotify:track:1vvNmPOiUuyCbgWmtc6yfm","Calvin Harris","My Way","Columbia",23,23,3,"10215538"
27,"spotify:track:4b4KcovePX8Ke2cLIQTLM0","The Vamps, Matoma","All Night","EMI",27,30,3,"9932453"
28,"spotify:track:6i0V12jOa3mr6uu4WYhUBr","Twenty One Pilots","Heathens","Atlantic Records",27,27,3,"9890873"
29,"spotify:track:4Q4jmPHwu0wrJvqrld0FQ6","Zara Larsson","I Would Like","Epic/Record Company TEN",29,38,3,"9700643"
30,"spotify:track:0prNGof3XqfTvNDxHonvdK","Alessia Cara","Scars To Your Beautiful","EP Entertainment, LLC / Def Jam",29,29,3,"9682195"
31,"spotify:track:1cG0umU5TKStygKsPFZ9pY","Robin Schulz, David Guetta, Cheat Codes","Shed a Light","Tonspiel",31,39,3,"9631026"
32,"spotify:track:08WPvDEsHvTFuB9w8tC2OS","Sage The Gemini","Now and Later","Global Gemini",32,32,3,"9520712"
33,"spotify:track:1a5Yu5L18qNxVhXx38njON","Alok, Zeeba, Bruno Martini","Hear Me Now","Spinnin' Records",33,42,3,"9431454"
34,"spotify:track:6nxQdXa1uAL0rY72wPZu89","John Legend","Love Me Now","Columbia",33,33,3,"9359099"
35,"spotify:track:4Hf7WnR761jpxPr5D46Bcd","Shawn Mendes","Treat You Better","Island Records",26,26,3,"9342334"
36,"spotify:track:5hYTyyh2odQKphUbMqc5gN","Alessia Cara, Disney","How Far I'll Go - From ""Vaiana""","Walt Disney Records",36,46,3,"9304477"
37,"spotify:track:1D3ODoXHBLpdxolZRHWV1j","Jonas Blue, RAYE","By Your Side","Positiva",34,34,3,"9197229"
38,"spotify:track:0QsvXIfqM0zZoerQfsI9lm","The Chainsmokers, Daya","Don't Let Me Down","Disruptor Records/Columbia",25,25,3,"8953677"
39,"spotify:track:3AEZUABDXNtecAOSC1qTfo","CNCO","Reggaetón Lento (Bailemos)","Sony Music Latin",32,35,3,"8806925"
40,"spotify:track:0JiVRyTJcJnmlwCZ854K4p","Alan Walker","Alone","Kreatell Music",36,36,3,"8602986"
41,"spotify:track:6fxVffaTuwjgEk5h9QyRjy","Ed Sheeran","Photograph","Atlantic Records UK",41,103,3,"8100952"
42,"spotify:track:5hTpBe8h35rJ67eAWHQsJx","Aminé","Caroline","Universal Records",42,47,3,"8084266"
43,"spotify:track:7aV2mflaASUmGhCErm7kBO","Nevada, Mark Morrison, Fetty Wap","The Mack","Capitol",37,37,3,"7948183"
44,"spotify:track:6JV2JOEocMgcZxYSZelKcc","Justin Timberlake","CAN'T STOP THE FEELING! (from DreamWorks Animation's ""TROLLS"")","Villa 40/RCA Records",28,28,3,"7906264"
45,"spotify:track:68EMU2RD1ECNeOeJ5qAXCV","Charlie Puth, Selena Gomez","We Don't Talk Anymore (feat. Selena Gomez)","Artist Partner",39,41,3,"7844059"
46,"spotify:track:0SGkqnVQo9KPytSri1H6cF","Big Sean","Bounce Back","Getting Out Our Dreams Inc. (G.O.O.D.) Music / IDJ",46,56,3,"7476451"
47,"spotify:track:27SdWb2rFzO6GWiYDBTD9j","Sia","Cheap Thrills","Monkey Puzzle Records/RCA Records",31,31,3,"7464457"
48,"spotify:track:7yyRTcZmCiyzzJlNzGC9Ol","DRAM, Lil Yachty","Broccoli (feat. Lil Yachty)","W.A.V.E. Recordings/EMPIRE/Atlantic",44,44,3,"7430168"
49,"spotify:track:7xHWNBFm6ObGEQPaUxHuKO","Sia, Kendrick Lamar","The Greatest (feat. Kendrick Lamar)","Monkey Puzzle Records/RCA Records",49,54,2,"7347941"
50,"spotify:track:6rQSrBHf7HlZjtcMZ4S4bO","J Balvin, Pharrell Williams, BIA, Sky Rompiendo","Safari","UMLE - Latino",43,43,3,"7310856"
51,"spotify:track:6HUnnBwYZqcED1eQztxMBN","Martin Jensen","Solo Dance","Intercord",51,58,3,"6897117"
52,"spotify:track:17Fd6Yb7mSbinKG8LoWfFl","Mike Posner, Seeb","I Took A Pill In Ibiza - Seeb Remix","Monster Mountain, LLC / Island",40,40,3,"6865796"
53,"spotify:track:58zsLZPvfflaiIbNWoA22O","Rag'n'Bone Man","Human","Best Laid Plans/Columbia",53,61,3,"6431796"
54,"spotify:track:7DM4BPaS7uofFul3ywMe46","Ricky Martin, Maluma","Vente Pa' Ca (feat. Maluma)","Sony Music Latin",49,49,3,"6305524"
55,"spotify:track:3QwBODjSEzelZyVjxPOHdq","Zion & Lennox, J Balvin","Otra Vez (feat. J Balvin)","WEA Latina",50,50,3,"6250623"
56,"spotify:track:1CnPYaKxTVb4LWOtiGOm0m","Jon Bellion","All Time Low","Capitol Records (CAP)",56,91,3,"6148944"
57,"spotify:track:4F7A0DXBrmUAkp32uenhZt","The Weeknd","Party Monster","Universal Republic Records",43,51,3,"6140368"
58,"spotify:track:1Slwb6dOYkBlWal1PGtnNg","Ed Sheeran","Thinking out Loud","Atlantic Records UK",58,120,3,"6084730"
59,"spotify:track:3AsAuGTaDQzavZZThyYlop","NEIKED, Dyo","Sexual","Polydor Records",52,52,3,"6044631"
60,"spotify:track:0azC730Exh71aQlOt9Zj3y","Calvin Harris, Rihanna","This Is What You Came For","Columbia",45,45,3,"6037377"
61,"spotify:track:2BrzlUj1u1CtvaJDGIKpsP","Noah Cyrus, Labrinth","Make Me (Cry)","Records Label, LLC",61,68,3,"6033323"
62,"spotify:track:4vb4mFvYsr2h6enhjJsq9Y","Adele","Water Under the Bridge","XL Recordings",62,69,3,"6016291"
63,"spotify:track:6I6NX6tjGsxFAsIfGzY9lJ","J. Cole","Deja Vu","J. Cole P&D",47,57,3,"5869142"
64,"spotify:track:5bZtRlMBU76vHuDOb1GM5u","Jonas Blue, JP Cooper","Perfect Strangers","UMOD (Universal Music On Demand)",53,53,3,"5606008"
65,"spotify:track:0hNduWmlWmEmuwEFcYvRu1","Petit Biscuit","Sunset Lover","Petit Biscuit",65,85,3,"5556266"
66,"spotify:track:2HzfRSfCogBSsgW2CckVA2","Luke Christopher","Lot to Learn","ByStorm Entertainment/RCA Records",66,74,3,"5527944"
67,"spotify:track:2Z8WuEywRWYTKe1NybPQEW","Twenty One Pilots","Ride","Fueled By Ramen",54,55,3,"5506837"
68,"spotify:track:11KJSRSgaDxqydKYiD2Jew","Drake, Rihanna","Too Good","Cash Money Records/Young Money Ent./Universal Rec.",60,60,3,"5428919"
69,"spotify:track:4tCtwWceOPWzenK2HAIJSb","Fifth Harmony, Ty Dolla $ign","Work from Home (feat. Ty Dolla $ign)","Syco Music/Epic",48,48,3,"5359687"
70,"spotify:track:7vRriwrloYVaoAe3a9wJHe","gnash, Olivia O'Brien","i hate u, i love u (feat. olivia o'brien)",":):",67,67,3,"5304801"
71,"spotify:track:3CRDbSIZ4r5MsZ0YwxuEkn","Twenty One Pilots","Stressed Out","Fueled By Ramen",63,63,3,"5223082"
72,"spotify:track:0B8B8cVRFIG1yznoQe7c9s","The Chainsmokers, XYLØ","Setting Fires","Disruptor Records/Columbia",72,77,3,"5172937"
73,"spotify:track:7gHs73wELdeycvS48JfIos","Alan Walker","Faded","Kreatell Music",64,64,3,"5136331"
74,"spotify:track:5OOkp4U9P9oL23maHFHL1h","Desiigner","Panda","Getting Out Our Dreams Inc. (G.O.O.D.) Music / IDJ",66,66,3,"5069185"
75,"spotify:track:5uDASfU19gDxSjW8cnCaBp","Rob $tone, J. Davi$, J Spooks","Chill Bill (feat. J. Davi$ & Spooks)","RCA Records Label",75,87,3,"5028786"
76,"spotify:track:2wDjpPW3HZdA9quPPmZAMu","Cashmere Cat, Selena Gomez, Tory Lanez","Trust Nobody (feat. Selena Gomez & Tory Lanez)","Benny Blanco Major",76,83,3,"4985470"
77,"spotify:track:3hB5DgAiMAQ4DzYbsMq1IT","Justin Bieber","Love Yourself","RBMG/Def Jam",62,62,3,"4943382"
78,"spotify:track:1FUViuNSldssMIawrOXF2i","Bebe Rexha","I Got You","Warner Records",78,106,3,"4915945"
79,"spotify:track:0Zx8khUcEfCFK2AEoIhC92","Snakehips, MØ","Don't Leave","Hoffman West/Columbia",79,-1,1,"4886452"
80,"spotify:track:4dASQiO1Eoo3RJvt74FtXB","Lil Wayne, Wiz Khalifa, Imagine Dragons, X Ambassadors, Logic, Ty Dolla $ign","Sucker for Pain (with Wiz Khalifa, Imagine Dragons, Logic & Ty Dolla $ign feat. X Ambassadors)","Atlantic Records",75,75,3,"4884241"
81,"spotify:track:6fwdbPMwP1zVStm8FybmkO","21 Savage, Metro Boomin, Future","X (feat. Future)","Slaughter Gang, LLC",81,86,3,"4865654"
82,"spotify:track:0kN8xEmgMW9mh7UmDYHlJP","Bruno Mars","Versace on the Floor","Atlantic Records",82,95,3,"4862997"
83,"spotify:track:14WWzenpaEgQZlqPq2nk4v","Rihanna, Drake","Work","Roc Nation / Rihanna",59,59,3,"4828938"
84,"spotify:track:69bp2EbF7Q2rqc5N3ylezZ","Justin Bieber","Sorry","RBMG/Def Jam",65,65,3,"4799410"
85,"spotify:track:2EEeOnHehOozLq4aS0n6SL","KYLE, Lil Yachty","iSpy (feat. Lil Yachty)","independently popular.",85,130,3,"4786547"
86,"spotify:track:2CPqh63wRVscbceKcPxwvv","Mike Perry, shy martin","The Ocean (feat. Shy Martin)","DF Records",73,73,3,"4713991"
87,"spotify:track:1OAiWI2oPmglaOiv9fdioU","Coldplay, Seeb","Hymn for the Weekend - Seeb Remix","Parlophone UK",72,72,3,"4647831"
88,"spotify:track:0YHUITU3w6ws1v8ehT264g","Little Mix","Shout Out to My Ex","Syco Music",81,81,3,"4623980"
89,"spotify:track:6F609ICg9Spjrw1epsAnpa","Drake","Controlla","Cash Money Records/Young Money Ent./Universal Rec.",78,78,3,"4622678"
90,"spotify:track:40UroIGvsMPLPBYwH8rMNA","Vice, Jasmine Thompson, Skizzy Mars","Steady 1234 (feat. Jasmine Thompson & Skizzy Mars)","Atlantic Records",90,100,3,"4604801"
91,"spotify:track:4ckuS4Nj4FZ7i3Def3Br8W","Drake, 21 Savage","Sneakin’","Cash Money Records/Young Money Ent./Universal Rec.",91,96,3,"4601050"
92,"spotify:track:5J1c3M4EldCfNxXwrwt8mT","Sebastian Yatra","Traicionera","UMLE - Latino",84,84,3,"4598074"
93,"spotify:track:4gmmRb6bZJffOOiww1JGTO","21 Savage, Metro Boomin","No Heart","Slaughter Gang, LLC",93,110,3,"4506961"
94,"spotify:track:3kxfsdsCpFgN412fpnW85Y","Childish Gambino","Redbone","Glassnote - VMG",94,118,3,"4501981"
95,"spotify:track:04CttTezSnv71USiiG9mIo","Hearts & Colors, Andrelli","Lighthouse - Andrelli Remix","Firefly Entertainment",95,109,3,"4497666"
96,"spotify:track:0sXvAOmXgjR2QUqLK1MltU","Carlos Vives, Shakira","La Bicicleta","Sony Music Latin",80,80,3,"4403987"
97,"spotify:track:4h90qkbnW1Qq6pBhoPvwko","The Weeknd, Kendrick Lamar","Sidewalks","Universal Republic Records",97,101,3,"4399980"
98,"spotify:track:3E2Zh20GDCR9B1EYjfXWyv","AJR","Weak","Black Butter",98,119,3,"4386477"
99,"spotify:track:1Tt4sE4pXi57mTD1GCzsqm","Rihanna","Needed Me","Roc Nation / Rihanna",88,88,3,"4385829"
100,"spotify:track:2XMTqoHHSH0lvuXrvIEdco","FRENSHIP, Emily Warren","Capsize","Columbia",92,92,3,"4360456"
101,"spotify:track:0L7loeTIg6akW84aEQZpCT","Major Lazer, Nyla, Fuse ODG","Light It Up (feat. Nyla & Fuse ODG) [Remix]","Third Pardee Records",76,76,3,"4328234"
102,"spotify:track:1VdZ0vKfR5jneCmWIUAMxK","Ed Sheeran","The A Team","Atlantic Records UK",102,-1,1,"4292924"
103,"spotify:track:4nMlau89VAjmV7agkl7OY3","Andy Grammer","Fresh Eyes","S-Curve Records",103,108,3,"4236925"
104,"spotify:track:4mU5iXHeLgbR94siF7p1sY","The Weeknd","Six Feet Under","Universal Republic Records",104,111,3,"4166563"
105,"spotify:track:7129iqBafaphfc3WPCGC0L","Lukas Graham","7 Years","Universal Music A/S",89,89,3,"4165348"
106,"spotify:track:2aFiaMXmWsM3Vj72F9ksBl","DNCE","Cake By The Ocean","Joseph Jonas/Republic Records",70,70,3,"4121856"
107,"spotify:track:5nA67Y0XX9JipZwYxX7Gl7","Niall Horan","This Town","Capitol Records (US1A)",107,117,3,"4041840"
108,"spotify:track:20ZAJdsKB5IGbGj4ilRt2o","Ozuna","Dile Que Tu Me Quieres","VP Records Corp/Dimelo Vi",108,112,3,"4008557"
109,"spotify:track:1lItf5ZXJc1by9SbPeljFd","Zay Hilfigerrr, Zayion McCall","Juju on That Beat (TZ Anthem)","Tha Lights Global, INC/Atlantic Recording Corp",80,90,3,"4003507"
110,"spotify:track:6stYbAJgTszHAHZMPxWWCY","IAmChino, Pitbull, Yandel, El Chacal","Ay Mi Dios","Mr. 305 Records",110,114,3,"3982937"
111,"spotify:track:7yHEDfrJNd0zWOfXwydNH0","Ariana Grande","Into You","Universal Records",82,82,3,"3960147"
112,"spotify:track:1Bqxj0aH5KewYHKUg1IdrF","G-Eazy, Marc E. Bassy","Some Kind Of Drug (feat. Marc E. Bassy)","BPG/RVG/RCA Records",112,135,3,"3906093"
113,"spotify:track:4OZEu0Vwq0RB2LAq14v99n","DJ Snake, Bipolar Sunshine","Middle","DJ Snake Def Jam",102,102,3,"3900909"
114,"spotify:track:0EPxmvsG1BY5td4aTOkWBF","MC G15","Deu Onda","GR6 Music",79,79,3,"3879621"
115,"spotify:track:02WacdrRpm4zlP8H7X6bnQ","Calum Scott","Dancing On My Own","Capitol Records (US1A)",115,121,3,"3875013"
116,"spotify:track:3cFsmM51N5zMAuu1nNY4Tw","Sean Paul, Dua Lipa","No Lie","Universal-Island Records Ltd.",116,142,2,"3872248"
117,"spotify:track:4BHzQ9C00ceJxfG16AlNWb","Adele","Send My Love (To Your New Lover)","XL Recordings",93,93,3,"3848138"
118,"spotify:track:58IL315gMSTD37DOZPJ2hf","Daddy Yankee","Shaky Shaky","Craft Latino",98,98,3,"3835277"
119,"spotify:track:2aksifNn5ph8igDOkPBA02","Rihanna","Love On The Brain","Roc Nation / Rihanna",119,132,3,"3831251"
120,"spotify:track:2ANLarE8yHVsLWW21nj79M","Lil Uzi Vert","You Was Right","Generation Now/Atlantic",120,141,3,"3820845"
121,"spotify:track:2Ae5awwKvQpTBKQHr1TYCg","Nause, Pretty Sister","Dynamite (feat. Pretty Sister)","WM Sweden",121,123,3,"3812898"
122,"spotify:track:0tICYNayWWhH9GPeFrfjfD","Kungs, Cookin' On 3 Burners","This Girl (Kungs Vs. Cookin' On 3 Burners)","Universal Music Division Island Def Jam",97,97,3,"3807071"
123,"spotify:track:4qqArAiTPueDxIp7cf87h7","MØ","Final Song","Chess Club/RCA Victor",105,105,3,"3729201"
124,"spotify:track:2MHCiOohBZEQuLgDTPvSzF","Galantis, Hook N Sling","Love on Me","Big Beat Records",115,115,3,"3719262"
125,"spotify:track:6OZh916QF8XNunWaP97WEZ","Jonas Blue, Dakota","Fast Car","Positiva",94,94,3,"3711721"
126,"spotify:track:0v9Wz8o0BT8DU38R4ddjeH","Chance the Rapper, Lil Wayne, 2 Chainz","No Problem (feat. Lil Wayne & 2 Chainz)","Chance the Rapper",126,126,3,"3683617"
127,"spotify:track:5Ua3GXyHwiSfpNTMjq6m2z","Little Mix","Touch","Syco Music",127,159,2,"3635049"
128,"spotify:track:6bLopGnirdrilrpdVB6Um1","Sia","The Greatest","Monkey Puzzle Records/RCA Records",15,71,3,"3634407"
129,"spotify:track:4WjH9Bzt3kx7z8kl0awxh4","Major Lazer, MØ, DJ Snake","Lean On (feat. MØ & DJ Snake)","Third Pardee Records",113,113,3,"3629879"
130,"spotify:track:20dP2DaMHIAmwWAbp7peSr","Young Thug, Travis Scott, Quavo","pick up the phone (feat. Quavo)","Cactus Jack / Epic",130,134,3,"3624025"
131,"spotify:track:5hEM0JchdVzQ5PwvSfITeX","Piso 21, Maluma","Me Llamas (feat. Maluma) - Remix","WM Mexico",131,143,3,"3593428"
132,"spotify:track:6mapJIPnQ23RTAevUoE0DL","Rae Sremmurd","Swang","Mike WiLL Made-It",132,153,3,"3579757"
133,"spotify:track:6YZdkObH88npeKrrkb8Ggf","Enrique Iglesias, Wisin","DUELE EL CORAZON (feat. Wisin)","RCA Records/Sony Music International/Sony Music Latin",99,99,3,"3559357"
134,"spotify:track:40YcuQysJ0KlGQTeGUosTC","G-Eazy, Bebe Rexha","Me, Myself & I","BPG/RVG/RCA Records",107,107,3,"3552258"
135,"spotify:track:3B7udSGy2PfgoCniMSb523","Ed Sheeran","I See Fire","Atlantic Records UK",135,-1,1,"3539885"
136,"spotify:track:0FuTx2s3YH1ppmtiM6l0zI","JP Cooper","September Song","Universal-Island Records Ltd.",136,169,2,"3534190"
137,"spotify:track:7zTx8ePYAmPFQuxP3xlXZn","San Holo","Light","Columbia",137,144,3,"3524343"
138,"spotify:track:042x9bsUBWW2fJgJ6fUh61","DVBBS, CMC$, Gia Koka","Not Going Home (feat. Gia Koka)","Ultra Records, LLC",138,174,2,"3483355"
139,"spotify:track:3dQDid3IUNhZy1OehIfYfE","Wisin","Vacaciones","Sony Music Latin",139,140,3,"3457996"
140,"spotify:track:6cAKeFFYW2aClZSUyvqAEW","Isaiah Firebrace","It's Gotta Be You","Sony Music Entertainment",140,-1,1,"3427331"
141,"spotify:track:4sPmO7WMQUAf45kwMOtONw","Adele","Hello","XL Recordings",127,127,3,"3426126"
142,"spotify:track:7JYsArznYOjX2jsrT3UEnL","Young M.A","OOOUUU","M.A Music / 3D",116,116,3,"3406762"
143,"spotify:track:0utlOiJy2weVl9WTkcEWHy","J. Cole","Neighbors","J. Cole P&D",120,138,3,"3405071"
144,"spotify:track:5DA77EqppDmCTWGovd4oTP","Cheat Codes, Kris Kross Amsterdam","Sex - Radio Edit","Spinnin' Records",104,104,3,"3352567"
145,"spotify:track:7of1slAJIWrXxP8ikAHxje","James Hersey","Miss You","Glassnote - VMG",145,149,3,"3310603"
146,"spotify:track:6O6M7pJLABmfBRoGZMu76Y","The Chainsmokers, ROZES","Roses","Disruptor Records/Columbia",129,129,3,"3260383"
147,"spotify:track:1WP1r7fuvRqZRnUaTi2I1Q","Shawn Mendes","Stitches","Island Records",137,137,3,"3260382"
148,"spotify:track:1rIKgCH4H52lrvDcz50hS8","Zara Larsson","Lush Life","Epic/Record Company TEN",124,124,3,"3247014"
149,"spotify:track:0KKkJNfGyhkQ5aFogxQAPU","Bruno Mars","That's What I Like","Atlantic Records",149,152,3,"3207382"
150,"spotify:track:13HVjjWUZFaWilh2QUJKsP","James Bay","Let It Go","Universal Records",150,163,2,"3203317"
151,"spotify:track:5mey7CLLuFToM2P68Qu1gF","Chino & Nacho, Daddy Yankee","Andas En Mi Cabeza","UMLE - Machete",139,139,3,"3200658"
152,"spotify:track:37F0uwRSrdzkBiuj0D5UHI","The Weeknd","Reminder","Universal Republic Records",132,146,3,"3193717"
153,"spotify:track:6DUdDIRgLqCGq1DwkNWQTN","Maluma","Borro Cassette","Sony Music Latin",133,133,3,"3162391"
154,"spotify:track:26hcyzSE154xMZCbFdtInA","KREAM, Clara Mae","Taped Up Heart (feat. Clara Mae)","Big Beat Records",154,156,3,"3161640"
155,"spotify:track:0ADG9OgdVTL7fgREP75BrZ","Zara Larsson","Ain't My Fault","Epic/Record Company TEN",125,125,3,"3154692"
156,"spotify:track:6gTJaPuj8DT8RjuDJyBgzP","Ed Sheeran","Don't","Atlantic Records UK",156,-1,1,"3141244"
157,"spotify:track:0PDUDa38GO8lMxLCRc4lL1","ZAYN","PILLOWTALK","RCA Records Label",122,122,3,"3130223"
158,"spotify:track:5Z01UMMf7V1o0MzF86s6WJ","Eminem","Lose Yourself","Eminem Catalog PS",158,171,2,"3116649"
159,"spotify:track:1sTUEdVO85YU8Ymk2jeAls","MiC LOWRY","Oh Lord","Polydor Records",159,165,2,"3106807"
160,"spotify:track:6vSwxzO2Qf4BinHSXRwZJe","Ed Sheeran","Tenerife Sea","Atlantic Records UK",160,-1,1,"3079378"
161,"spotify:track:3pzjHKrQSvXGHQ98dx18HI","Justin Bieber","What Do You Mean?","RBMG/Def Jam",136,136,3,"3075414"
162,"spotify:track:6t2ubAB4iSYOuIpRAOGd4t","Flo Rida, 99 Percent","Cake - Challenge Version","Atlantic Records",162,-1,1,"3048562"
163,"spotify:track:0lmdsH1MIoLsMymnNpd6HU","Cheat Codes, Dante Klein","Let Me Hold You (Turn Me On)","Spinnin' Records",148,148,3,"3031152"
164,"spotify:track:25khomWgBVamSdKw7hzm3l","The Weeknd","The Hills","Universal Republic Records",157,157,3,"3013049"
165,"spotify:track:2FBUoWkIuQXwayw2RNo5l6","Drake","Hotline Bling","Cash Money Records/Young Money Ent./Universal Rec.",147,147,3,"2981876"
166,"spotify:track:27GmP9AWRs744SzKcpJsTZ","Drake, Future","Jumpman","Cash Money Records Inc.",150,150,3,"2976649"
167,"spotify:track:2LBqCSwhJGcFQeTHMVGwy3","The Weeknd","Die For You","Universal Republic Records",167,170,3,"2968344"
168,"spotify:track:0SuG9kyzGRpDqrCWtgD6Lq","Ed Sheeran","Give Me Love","Atlantic Records UK",168,-1,1,"2968164"
169,"spotify:track:7Kq16WtEJzdRSNQgdXsn7Y","Mura Masa, A$AP Rocky","Love$ick (feat. A$AP Rocky)","Polydor Records",169,180,2,"2962375"
170,"spotify:track:50PWlIBU7PlGGwzgN8TiFJ","Lady Gaga","Million Reasons","Interscope",170,177,2,"2961828"
171,"spotify:track:0JoHqmlqE0W0i9prt6kcHR","Maluma, Trap Capos, Noriel, Bryant Myers, Juhn","Cuatro Babys (feat. Trap Capos, Noriel, Bryant Myers & Juhn)","Sony Music Latin",161,161,3,"2959778"
172,"spotify:track:12REd1n8PeiHHWOh066tpr","Flume, kai","Never Be Like You","Transgressive",128,128,2,"2953606"
173,"spotify:track:36YCdzT57us0LhDmCYtrNE","The Weeknd","Rockin’","Universal Republic Records",145,154,3,"2951222"
174,"spotify:track:7EiZI6JVHllARrX9PUvAdX","Future, The Weeknd","Low Life (feat. The Weeknd)","Epic/Freebandz/A1",166,166,3,"2928819"
175,"spotify:track:78sr3ogs4UzITcCNbXM9cM","Future, Drake","Used to This (feat. Drake)","Epic/Freebandz/A1",175,179,3,"2910340"
176,"spotify:track:62vpWI1CHwFy7tMIcSStl8","J. Cole","No Role Modelz","Roc Nation Records LLC",176,176,3,"2904370"
177,"spotify:track:6AGON2BGdPmPMJGiiNuuwl","J. Cole","Immortal","J. Cole P&D",131,151,3,"2883576"
178,"spotify:track:0Fv5N0cHBsl4bzCbollCAS","Big Sean","Moves","Getting Out Our Dreams Inc. (G.O.O.D.) Music / IDJ",178,-1,1,"2854638"
179,"spotify:track:0gb1J5UrTpzaU1s3nupgCd","Galantis","No Money","Big Beat Records",131,131,3,"2854485"
180,"spotify:track:0L87MffumRNWrY2SNUFcvs","Milky Chance","Cocoon","Muggelig Records GmbH",180,188,2,"2852691"
181,"spotify:track:5dKyZWlgjWw1oJgLa4GCZD","Tove Lo","Cool Girl","Universal Music AB",162,162,2,"2833624"
182,"spotify:track:2s76aKBWKShlwPC4xTtEEE","State of Sound","Wake Up Where You Are","Columbia",145,145,3,"2828454"
183,"spotify:track:4QdovcM8j50QPlyR7tH4xe","Marc E. Bassy, G-Eazy","You & Me","Republic Records/Gee Roberson",173,173,3,"2810138"
184,"spotify:track:3cNjgVBKTJ1SvKhunrCdVy","Joel Adams","Please Don't Go","Will Walker Records, LLC",167,167,2,"2807292"
185,"spotify:track:1AkTW13ysu0AJrwuM6UY0I","Charly Black, Daddy Yankee","Gyal You a Party Animal - Remix","Allezgo Productions",164,164,3,"2806279"
186,"spotify:track:6gBFPUFcJLzWGx4lenP6h2","Travis Scott","goosebumps","Cactus Jack / Epic",186,192,2,"2778146"
187,"spotify:track:05Z7jet4VDNVgNQWcYHnrk","Chris Brown, USHER, Gucci Mane","Party (feat. Usher & Gucci Mane)","RCA Records Label",187,-1,1,"2752112"
188,"spotify:track:6WhzFzROw3aq3rPWjgYlxr","Kiiara","Gold","Atlantic Records",158,158,2,"2745460"
189,"spotify:track:6yr8GiTHWvFfi4o6Q5ebdT","Eminem, Nate Dogg","Till I Collapse","Eminem Catalog PS",189,-1,1,"2726518"
190,"spotify:track:2jyjhRf6DVbMPU5zxagN2h","Passenger","Let Her Go","Embassy of Music",190,199,2,"2722027"
191,"spotify:track:2q6tgiA9tpb6DMguABwCWE","John Legend","All of Me","G.O.O.D. Music/Columbia",191,197,2,"2694516"
192,"spotify:track:00lNx0OcTJrS3MKHcB80HY","Jax Jones, RAYE","You Don't Know Me (feat. RAYE)","Polydor Records",192,-1,1,"2672408"
193,"spotify:track:6RsWqX8zABZLhZydXxEFOm","The Weeknd","Can't Feel My Face","Universal Republic Records",168,168,2,"2669983"
194,"spotify:track:4sQMalN597HdggTu196aL0","Flume, Tove Lo","Say It","Transgressive",175,175,2,"2649639"
195,"spotify:track:4PdJSsESm34djLfBde9Pr2","David Guetta, Cedric Gervais, Chris Willis","Would I Lie to You - Radio Edit","Parlophone (France)",160,160,2,"2647002"
196,"spotify:track:3RiPr603aXAoi4GHyXx0uy","Coldplay","Hymn for the Weekend","Parlophone UK",172,172,3,"2642353"
197,"spotify:track:1lxswgIpzV6HhENRvkflES","Farruko, Ky-Mani Marley","Chillax (feat. Ky-Mani Marley)","Sony Music Latin",184,184,2,"2634631"
198,"spotify:track:6eT7xZZlB2mwyzJ2sUKG6w","Post Malone","White Iverson","Universal Records",195,195,2,"2628592"
199,"spotify:track:6i759FCuKx713ZnYjtpQGU","The Weeknd","True Colors","Universal Republic Records",187,187,2,"2625784"
200,"spotify:track:3DX4Y0egvc0slLcLl31h2p","The Weeknd","Secrets","Universal Republic Records",178,178,3,"2619942"
