﻿rank,uri,artist_names,track_name,source,peak_rank,previous_rank,weeks_on_chart,streams
1,"spotify:track:2rPE9A1vEgShuZxxzR2tZH","Ariana Grande","thank u, next","Republic Records",1,1,6,"41560176"
2,"spotify:track:4w8niZpiMy6qz1mntFA5uM","DJ Snake, Selena Gomez, Ozuna, Cardi B","Taki Taki (with Selena Gomez, Ozuna & Cardi B)","DJ Snake Music Productions Limited, under exclusive license to Geffen Records",1,2,11,"26364363"
3,"spotify:track:0bYg9bo50gSsH3LtXe2SQn","Mariah Carey","All I Want for Christmas Is You","Columbia",2,3,13,"23468009"
4,"spotify:track:5p7ujcrUXASCNwRaWNHR1C","Halsey","Without Me","Capitol Records",4,4,10,"22785473"
5,"spotify:track:116H0KvKr2Zl4RPuVBruDO","Bad Bunny, Drake","MIA","Rimas Entertainment LLC",1,5,9,"20773677"
6,"spotify:track:1A6OTy97kk0mMdm78rHsm8","Post Malone, Swae Lee","Sunflower - Spider-Man: Into the Spider-Verse","Republic Records",5,9,8,"19115236"
7,"spotify:track:2FRnf9qhLbvw8fu4IBXx78","Wham!","Last Christmas","Epic",5,19,11,"18720379"
8,"spotify:track:2xLMifQCjDGFmkHkpNLD9h","Travis Scott","SICKO MODE","Cactus Jack / Epic",2,8,19,"18582202"
9,"spotify:track:2dpaYNEQHiRxtZbfNsse99","Marshmello, Bastille","Happier","Joytime Collective",2,6,17,"18547923"
10,"spotify:track:7pdF27mSDuPWhppnHAmWHa","XXXTENTACION","whoa (mind in awe)","Bad Vibes Forever / EMPIRE",10,-1,1,"18505893"
11,"spotify:track:7l3E7lcozEodtVsSTCkcaA","Kodak Black, Offset, Travis Scott","ZEZE (feat. Travis Scott & Offset)","Atlantic Records",3,7,9,"17453109"
12,"spotify:track:22An65gG31JLf9n18qjdhZ","XXXTENTACION","BAD!","Bad Vibes Forever / EMPIRE",6,42,5,"17421001"
13,"spotify:track:2IRZnDFmlqMuOrYOLnZZyc","Meek Mill, Drake","Going Bad (feat. Drake)","MMG/Atlantic",11,11,2,"16466449"
14,"spotify:track:6FyRXC8tJUh863JCkyWqtk","Paulo Londra","Adan y Eva","WEA Latina",14,15,5,"16228878"
15,"spotify:track:25sgk305KZfyuqVBQIahim","Ava Max","Sweet but Psycho","Atlantic Records",13,13,11,"16019484"
16,"spotify:track:2VxeLyX666F8uXCJ0dZF8B","Lady Gaga, Bradley Cooper","Shallow","A Star is Born OST",5,14,11,"15266986"
17,"spotify:track:0lizgQ7Qw35od7CYaoMBZb","Ariana Grande","Santa Tell Me","Universal Records",17,17,10,"14934312"
18,"spotify:track:2LskIZrCeLxRvCiGP8gxlh","XXXTENTACION, Lil Pump, Swae Lee, Maluma","Arms Around You (feat. Maluma & Swae Lee)","Warner Records",3,16,7,"14462429"
19,"spotify:track:1xzBco0xcoJEDXktl7Jxrr","Sheck Wes","Mo Bamba","Cactus Jack Records/ G.O.O.D. Music/ Interscope Records",11,18,17,"14286417"
20,"spotify:track:0lLdorYw7lVrJydTINhWdI","Michael Bublé","It's Beginning to Look a Lot like Christmas","Reprise",19,27,10,"14210646"
21,"spotify:track:7tFiyTwD0nx5a1eklYtX2J","Queen","Bohemian Rhapsody - Remastered 2011","EMI",11,21,15,"13792675"
22,"spotify:track:78QR3Wp35dqAhFEc2qAGjE","Lil Baby, Gunna","Drip Too Hard (Lil Baby & Gunna)","Quality Control Music/Young Stoner Life Records, a 300 Entertainment Label/Motown Records/Capitol Records",13,24,13,"13698240"
23,"spotify:track:3ee8Jmje8o58CHK66QrVC2","XXXTENTACION","SAD!","Bad Vibes Forever, LLC",1,33,41,"13513937"
24,"spotify:track:285pBltuF7vW8TeWk8hdRR","Juice WRLD","Lucid Dreams","Juice WRLD Mixtape / ISR P&D",3,30,31,"13279323"
25,"spotify:track:7vQbuQcyTflfCIOu3Uzzya","Bobby Helms","Jingle Bell Rock","Geffen",25,31,9,"13163696"
26,"spotify:track:7uqcLJFlSYjVPLUz1vPxkY","XXXTENTACION","Guardian angel","Bad Vibes Forever / EMPIRE",26,-1,1,"13124599"
27,"spotify:track:14JzyD6FlBD5z0wV5P07YI","Billie Eilish","when the party's over","Darkroom/Interscope Records",12,20,8,"13062300"
28,"spotify:track:27rdGxbavYJeBphck5MZAF","Mark Ronson, Miley Cyrus","Nothing Breaks Like a Heart (feat. Miley Cyrus)","Columbia",22,22,2,"13006094"
29,"spotify:track:7fa9MBXhVfQ8P8Df9OEbD8","Maroon 5, Cardi B","Girls Like You (feat. Cardi B) - Cardi B Version","Interscope Records*",2,29,28,"12940902"
30,"spotify:track:7FGq80cy8juXBCD2nrqdWU","benny blanco, Halsey, Khalid","Eastside (with Halsey & Khalid)","Friends Keep Secrets/Interscope Records",4,28,22,"12931143"
31,"spotify:track:2EjXfH91m7f8HiJN1yQg97","Brenda Lee","Rockin' Around The Christmas Tree","MCA Nashville",25,35,10,"12622908"
32,"spotify:track:6zeeWid2sgw4lap2jV61PZ","Khalid","Better","Right Hand Music Group, LLC/RCA Records",7,23,13,"12555368"
33,"spotify:track:7dt6x5M1jzdTEt8oCbisTK","Post Malone","Better Now","Republic Records",1,37,33,"12142921"
34,"spotify:track:6Gy7rXB6Ku5vIWC7WGWsl3","6ix9ine, Tory Lanez","KIKA (feat. Tory Lanez)","ScumGang Records / TenThousand Projects, LLC",12,12,3,"12020118"
35,"spotify:track:0JP9xo3adEtGSdUEISiszL","XXXTENTACION","Moonlight","Bad Vibes Forever, LLC",2,39,39,"11821044"
36,"spotify:track:5hslUAKq9I9CG2bAulFkHN","Andy Williams","It's the Most Wonderful Time of the Year","Columbia/Legacy",29,46,9,"11762348"
37,"spotify:track:0247StOpd3AkeBQzANX4Zf","Band Aid","Do They Know It's Christmas? - 1984 Version","EMI",18,45,9,"11630141"
38,"spotify:track:0E9ZjEAyAwOXZ7wJC0PD33","Dynoro, Gigi D'Agostino","In My Mind","Columbia/B1 Recordings",6,32,23,"11613976"
39,"spotify:track:4axYWgXASdsCBHuwInAubT","XXXTENTACION","I don't let go","Bad Vibes Forever / EMPIRE",39,-1,1,"11353192"
40,"spotify:track:1rqqCSm0Qe4I9rUvWncaom","Panic! At The Disco","High Hopes","DCD2 / Fueled By Ramen",40,60,25,"11299005"
41,"spotify:track:7xapw9Oy21WpfEcib2ErSA","Justin Bieber","Mistletoe","RBMG/Def Jam",41,44,9,"11067196"
42,"spotify:track:4m5Cd9kAbIxg6t9sMrQWtk","6ix9ine, Lil Baby","TIC TOC (feat. Lil Baby)","ScumGang Records / TenThousand Projects, LLC",10,10,3,"11021118"
43,"spotify:track:3EPXxR3ImUwfayaurPi3cm","Dean Lewis","Be Alright","Universal Music Australia Pty. Ltd.",12,34,21,"10991789"
44,"spotify:track:5iwz1NiezX7WWjnCgY5TH4","Pedro Capó, Farruko","Calma - Remix","Sony Music Latin",44,54,5,"10777303"
45,"spotify:track:4KkUjFkcQvGvWekl8RATDn","6ix9ine, Anuel AA","BEBE (feat. Anuel AA)","ScumGang Records / TenThousand Projects, LLC",17,25,15,"10733322"
46,"spotify:track:2G1tXoGBaEMJ7FKGnkf6ud","Gucci Mane, Bruno Mars, Kodak Black","Wake Up in the Sky","Guwop Enterprises/Atlantic",26,53,13,"10583212"
47,"spotify:track:6DCZcSspjsKoFjzjrWoCdn","Drake","God's Plan","Cash Money/Drake LP6",1,84,47,"10033937"
48,"spotify:track:5N5k9nd479b1xpDZ4usjrg","Calvin Harris, Sam Smith, Jessie Reyez","Promises (with Sam Smith)","Columbia",5,38,17,"9911110"
49,"spotify:track:1NJcg626wLln4pGHpiV7mf","Billie Eilish, Khalid","lovely (with Khalid)","Darkroom",24,50,34,"9792960"
50,"spotify:track:7m9OqQk4RVRkw9JJdeAw96","XXXTENTACION","Jocelyn Flores","Bad Vibes Forever / EMPIRE",7,72,68,"9761567"
51,"spotify:track:48zFZh27QU5qsrBjn4C2FA","Ozuna, Manuel Turizo","Vaina Loca","VP Records Corp/Dimelo Vi",18,51,24,"9647124"
52,"spotify:track:57nOpVSc3j9o03Cr928ZM4","XXXTENTACION","what are you so afraid of","Bad Vibes Forever / EMPIRE",52,-1,1,"9549711"
53,"spotify:track:3zJw3rugfpVrmBeDDnUYzy","John Lennon, Yoko Ono","Happy Xmas (War Is Over) - Remastered 2010","EMI Catalogue",28,74,8,"9527255"
54,"spotify:track:2G7V7zsVDxg1yRsu7Ew9RJ","Drake","In My Feelings","Cash Money/Drake LP6",1,65,24,"9508811"
55,"spotify:track:2iUXsYOEPhVqEBwsqP70rE","5 Seconds of Summer","Youngblood","Capitol",8,62,35,"9480209"
56,"spotify:track:5lar0mCUejpILVkAz50s2J","XXXTENTACION","Train food","Bad Vibes Forever / EMPIRE",56,-1,1,"9451120"
57,"spotify:track:5Fla3zyOCcIRqrDoKLU0DP","Rita Ora","Let You Love Me","Atlantic Records UK",29,41,12,"9447955"
58,"spotify:track:58q2HKrzhC3ozto2nDdN4z","Cardi B, Bad Bunny, J Balvin","I Like It","Atlantic/KSR",2,69,36,"9438830"
59,"spotify:track:0T6RSXxFhW8dRTWHI604ld","XXXTENTACION, Kanye West, Travis Barker","One Minute (feat. Kanye West & Travis Barker)","Bad Vibes Forever / EMPIRE",59,-1,1,"9418581"
60,"spotify:track:2cYnZNzFRFK0H7vSNxPsUq","Anuel AA, Romeo Santos","Ella Quiere Beber - Remix","Real Hasta La Muerte, LLC",50,56,6,"9410384"
61,"spotify:track:0e7ipj03S05BNilyu5bRzt","Post Malone, 21 Savage","rockstar (feat. 21 Savage)","Republic Records",1,67,65,"9395108"
62,"spotify:track:5IaHrVsrferBYDm0bDyABy","Tyga, Offset","Taste (feat. Offset)","Last Kings Music / EMPIRE",6,63,30,"9272437"
63,"spotify:track:5JEx7HbmvHQQswJCsoo9rA","Ellie Goulding, Diplo, Swae Lee","Close To Me (with Diplo) (feat. Swae Lee)","Polydor Records",36,36,7,"9272187"
64,"spotify:track:7inXu0Eaeg02VsM8kHNvzM","Frank Sinatra, B. Swanson Quartet","Let It Snow! Let It Snow! Let It Snow! (with The B. Swanson Quartet)","Columbia/Legacy",47,64,9,"9190810"
65,"spotify:track:2RSHsoi04658QL5xgQVov3","Imagine Dragons","Bad Liar","Kid Ina Korner / Interscope",17,49,5,"9139800"
66,"spotify:track:4QIyEq7TcTdAcxjI2AFlAK","6ix9ine, Nicki Minaj, Murda Beatz","FEFE (feat. Nicki Minaj & Murda Beatz)","ScumGang Records / TenThousand Projects, LLC",2,43,21,"9095572"
67,"spotify:track:7Lbxvt42JsNSKVCaN63qhD","Paul McCartney","Wonderful Christmastime - Edited Version / Remastered 2011","Paul McCartney Catalog",56,70,8,"9045111"
68,"spotify:track:4jvjzW7Hm0yK4LvvE0Paz9","Lil Peep, XXXTENTACION","Falling Down - Bonus Track","Columbia",2,57,13,"8901766"
69,"spotify:track:14mHfNsSHN0FbLftyjrV9g","Flipp Dinero","Leave Me Alone","Cinematic/Epic/We The Best",68,83,14,"8753066"
70,"spotify:track:4KpKyRFwN0gcwj58Uqjv7q","XXXTENTACION","STARING AT THE SKY","Bad Vibes Forever / EMPIRE",70,-1,1,"8669712"
71,"spotify:track:2FY7b99s15jUprqC0M5NCT","Imagine Dragons","Natural","Kid Ina Korner / Interscope",19,58,21,"8603747"
72,"spotify:track:5tAa8Uaqr4VvA3693mbIhU","Zara Larsson","Ruin My Life","Epic/Record Company TEN",28,47,8,"8574507"
73,"spotify:track:13hvHEstJ4sNbzdroPrPI3","Dua Lipa, BLACKPINK","Kiss and Make Up","Warner Records",16,55,8,"8385386"
74,"spotify:track:2qT1uLXPVPzGgFOx4jtEuo","Ariana Grande","no tears left to cry","Republic Records",2,77,34,"8370666"
75,"spotify:track:2XXMDz7SPZ4mSFN1PXfHUy","Becky G, Paulo Londra","Cuando Te Besé","Sony Music Latin",45,66,19,"8216639"
76,"spotify:track:5itzep0nGnq7hxCfFNsTIR","XXXTENTACION","difference (interlude)","Bad Vibes Forever / EMPIRE",76,-1,1,"8156430"
77,"spotify:track:4so0Wek9Ig1p6CRCHuINwW","Bing Crosby, Ken Darby Singers, John Scott Trotter & His Orchestra","White Christmas - 1947 Version","Geffen",38,94,8,"8091319"
78,"spotify:track:5vdp5UmvTsnMEMESIF2Ym7","Queen","Another One Bites The Dust - Remastered 2011","EMI",36,61,7,"8081614"
79,"spotify:track:3Z3QhZAZpqwZa1phsbQ3JZ","Chris Rea","Driving Home for Christmas","Rhino",32,101,6,"8048696"
80,"spotify:track:0TlLq3lA83rQOYtrqBqSct","Drake","Nonstop","Cash Money/Drake LP6",1,89,24,"7937543"
81,"spotify:track:7wC5eZcFS1Q1BsQ35DU6H4","Billie Eilish","come out and play","Darkroom",20,40,4,"7850382"
82,"spotify:track:6tjituizSxwSmBB5vtgHZE","Michael Bublé","Holly Jolly Christmas","Reprise",75,86,8,"7770713"
83,"spotify:track:3swc6WTsr7rl9DqQKQA55C","Post Malone, Ty Dolla $ign","Psycho (feat. Ty Dolla $ign)","Republic Records",2,119,42,"7763023"
84,"spotify:track:6MJUCumnQsQEKbCy28tbCP","Daddy Yankee, Anuel AA","Adictiva","Craft Latino",81,81,5,"7717084"
85,"spotify:track:222B3aljXx6fFwKmFjuBED","Little Mix, Nicki Minaj","Woman Like Me (feat. Nicki Minaj)","Syco Music",22,52,9,"7709410"
86,"spotify:track:4OafepJy2teCjYJbvFE60J","Ariana Grande","breathin","Republic Records",2,68,17,"7659137"
87,"spotify:track:3id2EVGKc3eFAMn9nFnB0r","Lukas Graham","Love Someone","Universal Music A/S",53,76,14,"7648615"
88,"spotify:track:14sOS5L36385FJ3OL8hew4","Kygo, Sandro Cavazza","Happy Now","Kygo",37,59,7,"7644570"
89,"spotify:track:7AFASza1mXqntmGtbxXprO","XXXTENTACION","changes","Bad Vibes Forever, LLC",9,106,41,"7609551"
90,"spotify:track:3V8UKqhEK5zBkBb6d6ub8i","Nio Garcia, Casper Magico, Bad Bunny, Darell, Ozuna, Nicky Jam","Te Boté - Remix","Flow La Movie, Inc.",8,92,35,"7603297"
91,"spotify:track:1oJ8EDr2pv94IvSd6ZmDgo","6ix9ine, Kanye West, Nicki Minaj","MAMA (feat. Nicki Minaj & Kanye West)","ScumGang Records / TenThousand Projects, LLC",26,26,3,"7598150"
92,"spotify:track:7ef4DlsgrMEH11cDZd32M6","Calvin Harris, Dua Lipa","One Kiss (with Dua Lipa)","Sony Music UK",2,115,36,"7565110"
93,"spotify:track:7dNwJbsT0sg1le5kVugGJb","Becky G, Prince Royce, DJ Luian, Mambo Kingz, Anuel AA","Bubalu","Hear This Music",71,82,5,"7538803"
94,"spotify:track:5OCJzvD7sykQEKHH7qAC3C","Ariana Grande","God is a woman","Republic Records",2,85,22,"7491543"
95,"spotify:track:4S8d14HvHb70ImctNgVzQQ","Kanye West, Lil Pump","I Love It (& Lil Pump)","Getting Out Our Dreams, Inc./Def Jam Recordings",1,78,14,"7490942"
96,"spotify:track:3ao3OVxHlb3C08vAaApUlm","Luis Fonsi, Ozuna","Imposible","UMLE - Latino",64,75,8,"7486445"
97,"spotify:track:7qiZfU4dY1lWllzX7mPBI3","Ed Sheeran","Shape of You","Atlantic Records UK",1,96,101,"7457765"
98,"spotify:track:1Qi2wh8fFgDV7tl4Sj3f2K","Sam Smith","Have Yourself A Merry Little Christmas","PLG - Capitol",68,80,8,"7414188"
99,"spotify:track:76cy1WJvNGJTj78UqeA5zr","Dua Lipa","IDGAF","Warner Records",4,122,50,"7336571"
100,"spotify:track:0pqnGHJpmpxLKifKRmU6WP","Imagine Dragons","Believer","Kid Ina Korner / Interscope",16,100,97,"7320974"
101,"spotify:track:5kfNriitmkNE8mUbZ7gbq8","Khalid","Saturday Nights","Right Hand Music Group, LLC/RCA Records",66,90,6,"7264804"
102,"spotify:track:7taXf5odg9xCAZERYfyOkS","José Feliciano","Feliz Navidad","RCA Records Label",46,121,7,"7233202"
103,"spotify:track:5T8EDUDqKcs6OSOwEsfqG7","Queen","Don't Stop Me Now - Remastered 2011","EMI",51,79,7,"7196857"
104,"spotify:track:5wujBwqG7INdStqGd4tRMX","Juice WRLD","Armed And Dangerous","Juice WRLD Mixtape / ISR P&D",34,73,5,"7179036"
105,"spotify:track:65Q2mv3UlVi9eO70OpsmSe","Burl Ives","A Holly Jolly Christmas","Geffen",81,114,7,"7141416"
106,"spotify:track:4PS1e8f2LvuTFgUs1Cn3ON","Nat King Cole","The Christmas Song (Merry Christmas To You)","CAPITOL CATALOG MKT (C92)",63,129,7,"7137245"
107,"spotify:track:2BgEsaKNfHUdlh97KmvFyo","Anne-Marie","2002","Atlantic Records UK",27,104,34,"7015934"
108,"spotify:track:4VUwkH455At9kENOfzTqmF","Bazzi, Camila Cabello","Beautiful (feat. Camila Cabello)","iamcosmic",30,95,19,"6970568"
109,"spotify:track:7AQim7LbvFVZJE3O8TYgf2","XXXTENTACION, Trippie Redd","Fuck Love","Bad Vibes Forever / EMPIRE",19,126,65,"6943868"
110,"spotify:track:3NuK5xMlSlB6K2Qp16zf3h","Clean Bandit, Demi Lovato","Solo (feat. Demi Lovato)","Atlantic Records UK",8,107,30,"6890893"
111,"spotify:track:2wVDWtLKXunswWecARNILj","JENNIE","SOLO","YG Entertainment, distributed through Interscope Records",66,91,5,"6768389"
112,"spotify:track:0tgVpDi06FyKpA1z0VMD4v","Ed Sheeran","Perfect","Atlantic Records UK",4,124,93,"6758519"
113,"spotify:track:7K7MUBCnzgBAvMVW2RTWNs","Loud Luxury, Brando","Body","Armada Music",19,113,28,"6752296"
114,"spotify:track:3KLygy1YWhmrQx0GRs7IOx","Jonas Blue, Jack & Jack","Rise","Positiva",12,109,28,"6671462"
115,"spotify:track:0s5DNDV6LAKn2u2Ufa3VjQ","Mau y Ricky, Manuel Turizo, Camilo","Desconocidos","Sony Music Latin",107,111,5,"6663642"
116,"spotify:track:1rfofaqEpACxVEHIZBJe6W","Camila Cabello, Young Thug","Havana (feat. Young Thug)","Syco Music/Epic",1,137,71,"6636517"
117,"spotify:track:2D3z17LBMJ2HEHeBFFjTLi","J Balvin","Reggaeton","UMLE - Latino",108,108,3,"6594316"
118,"spotify:track:3VTNVsTTu05dmTsVFrmGpK","The Pogues, Kirsty MacColl","Fairytale of New York (feat. Kirsty MacColl)","WM UK",60,149,7,"6557895"
119,"spotify:track:0LQ1J0BCzA2qnAgp9MkkNE","6ix9ine, Anuel AA","MALA (feat. Anuel AA)","ScumGang Records / TenThousand Projects, LLC",71,71,2,"6540806"
120,"spotify:track:40T5GIqQ1CegGm2PTEl8Bu","Billie Eilish","idontwannabeyouanymore","Darkroom",83,105,8,"6532992"
121,"spotify:track:3nAp4IvdMPPWEH9uuXFFV5","Kelly Clarkson","Underneath the Tree","RCA Records Label",93,93,3,"6525250"
122,"spotify:track:6cFZ4PLC19taNlpl9pbGMf","Queen","Somebody To Love - Remastered 2011","EMI",50,88,6,"6509054"
123,"spotify:track:6mQLN3zRtAp6ovjusyYKrV","James Arthur, Anne-Marie","Rewrite The Stars (with James Arthur & Anne-Marie)","Atlantic Records",97,97,3,"6488560"
124,"spotify:track:09IStsImFySgyp0pIQdqAc","Zedd, Maren Morris, Grey","The Middle","UMGRI Interscope",6,155,46,"6479576"
125,"spotify:track:4rERoP56GEEjKmshbphPBK","The Ronettes","Sleigh Ride","Legacy Recordings",125,159,4,"6464418"
126,"spotify:track:08bNPGLD8AhKpnnERrAc6G","Marshmello, Anne-Marie","FRIENDS","Joytime Collective",4,152,44,"6372501"
127,"spotify:track:51NFxnQvaosfDDutk0tams","Billie Eilish","bellyache","Darkroom",70,102,4,"6361585"
128,"spotify:track:2fuCquhmrzHpu5xcA1ci9x","Queen, David Bowie","Under Pressure - Remastered 2011","EMI",55,98,6,"6341232"
129,"spotify:track:2zDj4WjbNDmrRL6Z4YjjCA","Reik, Maluma","Amigos Con Derechos","Columbia",69,103,15,"6338503"
130,"spotify:track:75ZvA4QfFiZvzhj2xkaWAh","Post Malone","I Fall Apart","Universal Records",10,145,64,"6319113"
131,"spotify:track:04MLEeAMuV9IlHEsD8vF6A","French Montana, Drake","No Stylist (feat. Drake)","Epic",27,117,12,"6316693"
132,"spotify:track:2uFaJJtFpPDc5Pa95XzTvg","Dean Martin","Let It Snow! Let It Snow! Let It Snow!","Capitol Records",132,138,2,"6296195"
133,"spotify:track:2xJCMIJfcNYDc5iR0sAm2O","Dua Lipa","New Rules","Warner Records",2,140,75,"6283885"
134,"spotify:track:6q8Lb50EtqNeeJXXe8mMAH","KAROL G, Anuel AA","Culpables","UMLE - Latino",89,112,13,"6251726"
135,"spotify:track:4ofwffwvvnbSkrMSCKQDaC","George Ezra","Shotgun","Columbia",35,130,25,"6245335"
136,"spotify:track:1zB4vmk8tFRmM9UULNzbLB","Imagine Dragons","Thunder","Kid Ina Korner / Interscope",8,139,85,"6119853"
137,"spotify:track:4hQ6UGyWQIGJmHSo0J88JW","Selena Gomez","Back To You - From 13 Reasons Why – Season 2 Soundtrack","UMGRI Interscope",4,150,31,"6090153"
138,"spotify:track:3CA9pLiwRIGtUBiMjbZmRw","Drake","Nice For What","Cash Money/Drake LP6",1,190,36,"6007745"
139,"spotify:track:2GGMabyHXnJmjY6CXhhB2e","Cardi B","Money","Atlantic/KSR",46,110,7,"5941148"
140,"spotify:track:7uQmJ1jgNzBpATSoWKSPFu","Sebastian Yatra, Mau y Ricky","Ya No Tiene Novio","UMLE - Latino",68,125,15,"5928097"
141,"spotify:track:62o8KoI44JfN7aYxgTnPvh","Maluma","Mala Mía","Sony Music Latin",56,128,18,"5906027"
142,"spotify:track:5Ber68jZ7ytegr2UISEdb7","Michael Bublé","Santa Claus Is Coming to Town","Reprise",142,168,4,"5820294"
143,"spotify:track:60SdxE8apGAxMiRrpbmLY0","Eminem, Joyner Lucas","Lucky You (feat. Joyner Lucas)","Eminem Catalog PS",1,141,15,"5789232"
144,"spotify:track:3GVkPk8mqxz0itaAriG1L7","XXXTENTACION","Everybody Dies In Their Nightmares","Bad Vibes Forever / EMPIRE",24,171,52,"5783212"
145,"spotify:track:2ISl1zekPsc26sUQpVt8UB","Shakin' Stevens","Merry Christmas Everyone","Sony Music CG",77,178,7,"5716900"
146,"spotify:track:0YammaEkYSeo9vQYZ1OwS6","David Guetta, Bebe Rexha, J Balvin","Say My Name","Parlophone (France)",68,127,13,"5708388"
147,"spotify:track:6o79O9qBP3OAkWOXajAQIS","6ix9ine, A Boogie Wit da Hoodie","WAKA (feat. A Boogie Wit da Hoodie)","ScumGang Records / TenThousand Projects, LLC",48,48,3,"5672280"
148,"spotify:track:2P91MQbaiQOfbiz9VqhqKQ","Lauv","I Like Me Better","Lauv",29,161,80,"5655843"
149,"spotify:track:7GX5flRQZVHRAGd6B4TmDO","Lil Uzi Vert","XO Tour Llif3","Generation Now/Atlantic",10,170,90,"5559710"
150,"spotify:track:1mXVgsBdtIVeCLJnSnmtdV","Sam Smith","Too Good At Goodbyes","PLG - Capitol",1,163,66,"5534362"
151,"spotify:track:5N4erncE7kuUccm7zEmwzk","Silk City, Dua Lipa, Mark Ronson, Diplo","Electricity","Columbia",14,131,14,"5533829"
152,"spotify:track:6pVW5LRWgeLaHudxauOTJU","Daryl Hall & John Oates","Jingle Bell Rock - Daryl's Version","Legacy Recordings",145,-1,2,"5531151"
153,"spotify:track:2pXpURmn6zC5ZYDMms6fwa","Perry Como, The Fontane Sisters, Mitchell Ayres & His Orchestra","It's Beginning to Look a Lot Like Christmas (with Mitchell Ayres & His Orchestra)","RCA Records Label",114,-1,4,"5528992"
154,"spotify:track:3QiAAp20rPC3dcAtKtMaqQ","Elvis Presley","Blue Christmas","RCA Victor",71,180,7,"5494979"
155,"spotify:track:0AluA5RNsa4Cx6XRhf2hWZ","Metro Boomin, 21 Savage","10 Freaky Girls (with 21 Savage)","Republic Records",40,118,6,"5469184"
156,"spotify:track:5qFeMRz4TvetPmzjre9Dq7","J Balvin, Zion & Lennox","No Es Justo","UMLE - Latino",30,153,25,"5466040"
157,"spotify:track:4fzyvSu73BhGvi96p2zwjL","Coldplay","Christmas Lights","Parlophone UK",86,187,6,"5462595"
158,"spotify:track:2c7GlMNmF7pbohjykutmLP","Sia, Diplo, Labrinth, LSD","Thunderclouds (feat. Sia, Diplo, and Labrinth)","Records/Columbia",34,142,18,"5458481"
159,"spotify:track:2uIX8YMNjGMD7441kqyyNU","Billie Eilish","ocean eyes","Darkroom",108,144,12,"5430564"
160,"spotify:track:4qKcDkK6siZ7Jp1Jb4m0aL","BlocBoy JB, Drake","Look Alive (feat. Drake)","Bloc Nation",6,189,44,"5428631"
161,"spotify:track:2rbDhOo9Fh61Bbu23T2qCk","Lady Gaga","Always Remember Us This Way","A Star is Born OST",35,135,9,"5424759"
162,"spotify:track:5274I4mUMnYczyeXkGDWZN","Future, Juice WRLD","Fine China","Epic/Freebandz/Grade A/Interscope",21,148,8,"5418612"
163,"spotify:track:5uCax9HTNlzGybIStD3vDh","James Arthur","Say You Won't Let Go","Columbia",7,160,103,"5383654"
164,"spotify:track:5Q2P43CJra0uRAogjHyJDK","Brett Eldredge, Meghan Trainor","Baby, It's Cold Outside (feat. Meghan Trainor)","Atlantic Nashville",156,156,2,"5374795"
165,"spotify:track:1KVczjazCcCCgM3gXXUl47","benny blanco, Juice WRLD, Brendon Urie","Roses (with Juice WRLD feat. Brendon Urie)","Friends Keep Secrets/Interscope Records",165,-1,1,"5361726"
166,"spotify:track:6LKYeyLt4G4SlZ6OJwFhVS","The Chainsmokers, Kelsea Ballerini","This Feeling","Disruptor Records/Columbia",23,147,12,"5349553"
167,"spotify:track:4pbJqGIASGPr0ZpGpnWkDn","Queen","We Will Rock You - Remastered 2011","EMI",73,133,6,"5335754"
168,"spotify:track:6vN77lE9LK6HP2DewaN6HZ","Lil Baby, Drake","Yes Indeed","Quality Control Music, LLC",12,172,31,"5321304"
169,"spotify:track:59PYgzOiOjGDzjDT5N5oOX","Brytiago, Daddy Yankee, Ozuna, Anuel AA, Darell","Asesina - Remix","Business Music",124,143,6,"5271749"
170,"spotify:track:45Egmo7icyopuzJN0oMEdk","Khalid, Normani","Love Lies","RCA Records Label",11,-1,42,"5249887"
171,"spotify:track:4e4fqjx0Izh4svvTef1z7e","Bebe Rexha, Florida Georgia Line","Meant to Be (feat. Florida Georgia Line)","Warner Records",18,194,65,"5247057"
172,"spotify:track:2ijef6ni2amuunRoKTlgww","Becky G, NATTI NATASHA","Sin Pijama","Sony Music Latin",22,177,33,"5243306"
173,"spotify:track:04ZTP5KsCypmtCmQg5tH9R","Bebe Rexha","I'm a Mess","Warner Records",52,182,25,"5231429"
174,"spotify:track:4kWO6O1BUXcZmaxitpVUwp","Tiësto, Dzeko, Preme, Post Malone","Jackie Chan","Universal Music, a division of Universal International Music BV",11,175,30,"5207974"
175,"spotify:track:7uzmGiiJyRfuViKKK3lVmR","Bazzi","Mine","iamcosmic",3,-1,43,"5190903"
176,"spotify:track:7ycWLEP1GsNjVvcjawXz3z","A$AP Rocky, Skepta","Praise The Lord (Da Shine) (feat. Skepta)","A$AP Worldwide/Polo Grounds Music/RCA Records",25,179,29,"5164508"
177,"spotify:track:75zwAkyhjTb6CVX9gMJSU4","Britney Spears","My Only Wish (This Year)","Jive",126,157,5,"5160178"
178,"spotify:track:5aXgz1oKK8Q9z9xvTmSnrO","Trippie Redd","Topanga","TenThousand Projects, LLC",47,134,7,"5109514"
179,"spotify:track:6YJdPrH3i2POzu7hdHIRrb","Ariana Grande, Liz Gillies","Santa Baby","Universal Records",158,158,2,"5073522"
180,"spotify:track:3GCdLUSnKSMJhs4Tj6CV3s","Kendrick Lamar, SZA","All The Stars (with SZA) - From ""Black Panther: The Album""","Black Panther (TDE/DMG) PS",2,-1,39,"4990155"
181,"spotify:track:6wWaVoUOzLQJHd3bWAUpdZ","Lil Baby, Gunna, Drake","Never Recover (Lil Baby & Gunna, Drake)","Quality Control Music/Young Stoner Life Records, a 300 Entertainment Label/Motown Records/Capitol Records",27,169,10,"4982190"
182,"spotify:track:3PIDciSFdrQxSQSihim3hN","Mariah Carey","Christmas (Baby Please Come Home)","Columbia",182,-1,1,"4963297"
183,"spotify:track:3a1lNhkSLSkpJE4MSHpDu9","Post Malone, Quavo","Congratulations","Universal Records",20,185,99,"4951397"
184,"spotify:track:11P4sSu6BH2lAbWk1sL6cK","Elton John","Step Into Christmas - Remastered 1995","EMI",94,-1,3,"4941267"
185,"spotify:track:7BKLCZ1jbUBVqRi2FVlTVw","The Chainsmokers, Halsey","Closer","Disruptor Records/Columbia",2,176,103,"4926130"
186,"spotify:track:5CLGzJsGqhCEECcpnFQA8x","Rudimental, Jess Glynne, Macklemore, Dan Caplen","These Days (feat. Jess Glynne, Macklemore & Dan Caplen)","Atlantic Records UK",9,-1,45,"4853256"
187,"spotify:track:6eYxmK9fdL4hwLnXG2zY3s","XXXTENTACION","Look At Me!","Bad Vibes Forever / EMPIRE",39,196,69,"4837330"
188,"spotify:track:1h9P5WJwyvK8OB7O2YiXgp","Ozuna, Romeo Santos","Ibiza","VP Records Corp/Dimelo Vi",98,164,13,"4822150"
189,"spotify:track:6JQvHMSaR8flFsN53ypOfP","Lil Mosey","Noticed","Mogul Vision/Interscope Records",41,181,15,"4819462"
190,"spotify:track:74lnM5V6ecvoTPV0fvptx9","Ski Mask The Slump God, Juice WRLD","Nuketown (feat. Juice WRLD)","Republic Records",87,87,2,"4800558"
191,"spotify:track:7KXjTSCq5nL1LoYtL7XAwS","Kendrick Lamar","HUMBLE.","Aftermath",1,-1,87,"4795780"
192,"spotify:track:7GqWnsKhMtEW0nzki5o0d8","Queen","Killer Queen - Remastered 2011","EMI",88,154,6,"4790157"
193,"spotify:track:2QZ7WLBE8h2y1Y5Fb8RYbH","Shawn Mendes","In My Blood","Island Records",7,-1,37,"4774753"
194,"spotify:track:1DcxnVNFAyVl2sDQ646pXS","KEVIN ROLDAN","PPP","UMLE - Latino",121,173,9,"4759530"
195,"spotify:track:4VXIryQMWpIdGgYR4TrjT1","Juice WRLD","All Girls Are The Same","Juice WRLD Mixtape / ISR P&D",48,186,31,"4758388"
196,"spotify:track:2SBr3MK1sdMs8IxdRcN6qz","Kylie Minogue","Santa Baby","Parlophone UK",154,-1,2,"4752624"
197,"spotify:track:7sO5G9EABYOXQKNPNiE9NR","Offset, Metro Boomin","Ric Flair Drip (with Metro Boomin)","Slaughter Gang, LLC/Epic/Quality Control Music/Motown/Capitol/Boominati Worldwide/Republic",32,-1,57,"4748134"
198,"spotify:track:7lAK3oHbfEnvUQWosrMMpR","Travis Scott","YOSEMITE","Cactus Jack / Epic",24,-1,15,"4712095"
199,"spotify:track:1gm616Plq4ScqNi7TVkZ5N","The Weeknd","Call Out My Name","Universal Republic Records",1,-1,31,"4695390"
200,"spotify:track:4UKCKdYiLN6IMA5ZESUTL7","XXXTENTACION","the remedy for a broken heart (why am I so in love)","Bad Vibes Forever, LLC",27,-1,29,"4657207"
