﻿rank,uri,artist_names,track_name,source,peak_rank,previous_rank,weeks_on_chart,streams
1,"spotify:track:6ocbgoVGwYJhOv1GgI9NsF","Ariana Grande","7 rings","Republic Records",1,1,5,"49400206"
2,"spotify:track:4kV4N9D1iKVxx1KLvtTpjS","Ariana Grande","break up with your girlfriend, i'm bored","Republic Records",2,2,2,"40862694"
3,"spotify:track:6MWtB6iiXyIwun0YzU6DFP","Post Malone","Wow.","Republic Records",2,6,9,"27196304"
4,"spotify:track:3e9HZxeyfWwjeyPAMmWSSQ","Ariana Grande","thank u, next","Republic Records",1,3,16,"25106844"
5,"spotify:track:4NzMOnvSJVNKF7nw5NkXIP","Billie Eilish","bury a friend","Darkroom/Interscope Records",2,4,4,"25056912"
6,"spotify:track:3KkXRkHbMCARz0aVfEt68P","Post Malone, Swae Lee","Sunflower - Spider-Man: Into the Spider-Verse","Universal Records",1,10,18,"24294660"
7,"spotify:track:2dpaYNEQHiRxtZbfNsse99","Marshmello, Bastille","Happier","Joytime Collective",2,12,27,"22140325"
8,"spotify:track:5w9c2J52mkdntKOmRLeM2m","Daddy Yankee, Snow","Con Calma","Craft Latino",8,23,4,"21830623"
9,"spotify:track:6Qs4SXO9dwPj5GKvVOv8Ki","Sam Smith, Normani","Dancing With A Stranger (with Normani)","PLG - Capitol",7,16,6,"21438767"
10,"spotify:track:5p7ujcrUXASCNwRaWNHR1C","Halsey","Without Me","Capitol Records",4,13,20,"21016047"
11,"spotify:track:5iwz1NiezX7WWjnCgY5TH4","Pedro Capó, Farruko","Calma - Remix","Sony Music Latin",5,18,15,"20592050"
12,"spotify:track:25sgk305KZfyuqVBQIahim","Ava Max","Sweet but Psycho","Atlantic Records",6,17,21,"20240624"
13,"spotify:track:5W83ErFkO3aKAIS1WMi6u0","Anuel AA, KAROL G","Secreto","Anuel AA & Karol G - Secreto",13,22,5,"20003882"
14,"spotify:track:2VxeLyX666F8uXCJ0dZF8B","Lady Gaga, Bradley Cooper","Shallow","A Star is Born OST",5,20,21,"19405715"
15,"spotify:track:2JvzF1RMd7lE3KmFlsyZD8","J. Cole","MIDDLE CHILD","Dreamville, Inc., Under exclusive license to Roc Nation Records",2,19,5,"19159705"
16,"spotify:track:4w8niZpiMy6qz1mntFA5uM","DJ Snake, Selena Gomez, Ozuna, Cardi B","Taki Taki (with Selena Gomez, Ozuna & Cardi B)","DJ Snake Music Productions Limited, under exclusive license to Geffen Records",1,26,21,"17099115"
17,"spotify:track:116H0KvKr2Zl4RPuVBruDO","Bad Bunny, Drake","MIA","Rimas Entertainment LLC",1,27,19,"17038581"
18,"spotify:track:0rTV5WefWd1J3OwIheTzxM","Khalid, Disclosure","Talk","Right Hand Music Group, LLC/RCA Records",18,25,2,"16682739"
19,"spotify:track:2IRZnDFmlqMuOrYOLnZZyc","Meek Mill, Drake","Going Bad (feat. Drake)","MMG/Atlantic",11,28,12,"16586538"
20,"spotify:track:0PG9fbaaHFHfre2gUVo7AN","Cardi B, Bruno Mars","Please Me","Atlantic/KSR",20,-1,1,"16331768"
21,"spotify:track:7COXchtUOMd6uIT6HvmRaI","Lauv, Troye Sivan","i'm so tired...","Lauv",21,35,4,"15286293"
22,"spotify:track:7uH27oIt4a6cIFCA8ZPcyG","Ozuna","Baila Baila Baila","Aura Music Corp.",22,33,6,"15226178"
23,"spotify:track:1rqqCSm0Qe4I9rUvWncaom","Panic! At The Disco","High Hopes","DCD2 / Fueled By Ramen",9,31,35,"15136007"
24,"spotify:track:7EQpvVujgytLVY8vKiDHAg","Ariana Grande","bad idea","Republic Records",9,9,2,"14954633"
25,"spotify:track:44ShclXTOOnYtt5CnCDeGV","Juice WRLD","Robbery","Grade A Productions/Interscope Records",25,-1,1,"14908582"
26,"spotify:track:6FyRXC8tJUh863JCkyWqtk","Paulo Londra","Adan y Eva","WEA Latina",11,32,15,"14903362"
27,"spotify:track:2t8yVaLvJ0RenpXUIAC52d","21 Savage","a lot","Slaughter Gang, LLC/Epic Records",21,29,9,"14873495"
28,"spotify:track:4SPu0Ql902hTVXkBoNIYtq","Ariana Grande","NASA","Republic Records",7,7,2,"14782040"
29,"spotify:track:1TEL6MlSSVLSdhOSddidlJ","Ariana Grande","needy","Republic Records",5,5,2,"14609600"
30,"spotify:track:3oh6SCCeLuXhFpEyepla6G","Blueface","Thotiana","Fifth Amendment Entertainment/eOne Music",30,37,4,"14588485"
31,"spotify:track:2xLMifQCjDGFmkHkpNLD9h","Travis Scott","SICKO MODE","Cactus Jack / Epic",2,30,29,"14100303"
32,"spotify:track:2hloaUoRonYssMuqLCBLTX","Ariana Grande","bloodline","Republic Records",8,8,2,"13823005"
33,"spotify:track:5itOtNx0WxtJmi1TQ3RuRd","Calvin Harris, Rag'n'Bone Man","Giant (with Rag'n'Bone Man)","Columbia",21,38,6,"12968160"
34,"spotify:track:11cDEev79fPKi6uJCjUhu8","The Chainsmokers, 5 Seconds of Summer","Who Do You Love","Disruptor Records/Columbia",34,36,2,"12561361"
35,"spotify:track:39LmTF9RgyakzSYX8txrow","Ariana Grande","imagine","Republic Records",8,15,10,"12454848"
36,"spotify:track:3Ol2xnObFdKV9pmRD2t9x8","A Boogie Wit da Hoodie","Look Back at It","Highbridge the Label / Atlantic Records",20,34,9,"12451642"
37,"spotify:track:7FGq80cy8juXBCD2nrqdWU","benny blanco, Halsey, Khalid","Eastside (with Halsey & Khalid)","Friends Keep Secrets/Interscope Records",4,40,32,"12104561"
38,"spotify:track:7eBqSVxrzQZtK2mmgRG6lC","YNW Melly","Murder on My Mind","P2018",38,-1,1,"11991556"
39,"spotify:track:3wFLWP0FcIqHK1wb1CPthQ","Ariana Grande","fake smile","Republic Records",11,11,2,"11697369"
40,"spotify:track:0s5DNDV6LAKn2u2Ufa3VjQ","Mau y Ricky, Manuel Turizo, Camilo","Desconocidos","Sony Music Latin",34,43,15,"11668004"
41,"spotify:track:0FZ4Dmg8jJJAPJnvBIzD9z","Kodak Black, Offset, Travis Scott","ZEZE (feat. Travis Scott & Offset)","Atlantic Records",3,41,19,"11605078"
42,"spotify:track:7tFiyTwD0nx5a1eklYtX2J","Queen","Bohemian Rhapsody - Remastered 2011","EMI",11,48,25,"11544358"
43,"spotify:track:7dt6x5M1jzdTEt8oCbisTK","Post Malone","Better Now","Republic Records",1,45,43,"11186536"
44,"spotify:track:7fa9MBXhVfQ8P8Df9OEbD8","Maroon 5, Cardi B","Girls Like You (feat. Cardi B) - Cardi B Version","Interscope Records*",2,46,38,"10867730"
45,"spotify:track:27rdGxbavYJeBphck5MZAF","Mark Ronson, Miley Cyrus","Nothing Breaks Like a Heart (feat. Miley Cyrus)","Columbia",22,42,12,"10821760"
46,"spotify:track:78QR3Wp35dqAhFEc2qAGjE","Lil Baby, Gunna","Drip Too Hard (Lil Baby & Gunna)","Quality Control Music/Young Stoner Life Records, a 300 Entertainment Label/Motown Records/Capitol Records",13,47,23,"10778593"
47,"spotify:track:63cd4JkwGgYJrbOizbfmsp","Mustard, Migos","Pure Water (with Migos)","10 Summers Records/Interscope Records",47,81,5,"10686554"
48,"spotify:track:2XWjPtKdi5sucFYtVav07d","Zedd, Katy Perry","365","Interscope Records",48,-1,1,"10682349"
49,"spotify:track:14JzyD6FlBD5z0wV5P07YI","Billie Eilish","when the party's over","Darkroom/Interscope Records",12,39,18,"10571535"
50,"spotify:track:3EPXxR3ImUwfayaurPi3cm","Dean Lewis","Be Alright","Universal Music Australia Pty. Ltd.",12,50,31,"10441972"
51,"spotify:track:4lD7gHKF1e8Y9stQuVezZB","Ariana Grande","ghostin","Republic Records",14,14,2,"10344187"
52,"spotify:track:2cYnZNzFRFK0H7vSNxPsUq","Anuel AA, Romeo Santos","Ella Quiere Beber - Remix","Real Hasta La Muerte, LLC",33,55,16,"10287074"
53,"spotify:track:2qxmye6gAegTMjLKEBoR3d","Alec Benjamin","Let Me Down Slowly","2018",51,51,11,"10258188"
54,"spotify:track:5WHTFyqSii0lmT9R21abT8","Mabel","Don't Call Me Up","Polydor Records",54,63,3,"10227673"
55,"spotify:track:3ee8Jmje8o58CHK66QrVC2","XXXTENTACION","SAD!","Bad Vibes Forever, LLC",1,53,51,"10148199"
56,"spotify:track:1xzBco0xcoJEDXktl7Jxrr","Sheck Wes","Mo Bamba","Cactus Jack Records/ G.O.O.D. Music/ Interscope Records",11,49,27,"9900890"
57,"spotify:track:1LiN0Z98FkR1t0m8KmLcAH","Anuel AA, Haze","Amanece","House of Haze",45,52,10,"9680564"
58,"spotify:track:285pBltuF7vW8TeWk8hdRR","Juice WRLD","Lucid Dreams","Juice WRLD Mixtape / ISR P&D",3,60,41,"9611775"
59,"spotify:track:5JEx7HbmvHQQswJCsoo9rA","Ellie Goulding, Diplo, Swae Lee","Close To Me (with Diplo) (feat. Swae Lee)","Polydor Records",19,54,17,"9477443"
60,"spotify:track:1NJcg626wLln4pGHpiV7mf","Billie Eilish, Khalid","lovely (with Khalid)","Darkroom",24,57,44,"9390395"
61,"spotify:track:6zeeWid2sgw4lap2jV61PZ","Khalid","Better","Right Hand Music Group, LLC/RCA Records",7,58,23,"9387705"
62,"spotify:track:059bcIhyc2SBwm6sw2AZzd","Piso 21, Micro TDH","Te Vi","WM Mexico",54,59,6,"9281974"
63,"spotify:track:3Kuu5vASpXK8oRsxOvau6P","Kygo, Valerie Broussard","Think About You","Kygo",63,-1,1,"9275965"
64,"spotify:track:0e7ipj03S05BNilyu5bRzt","Post Malone, 21 Savage","rockstar (feat. 21 Savage)","Republic Records",1,62,75,"9162382"
65,"spotify:track:4mGdjNMo0RonTlOEb7cYg4","YUNGBLUD, Halsey, Travis Barker","11 Minutes (with Halsey feat. Travis Barker)","Locomotion Recordings/Geffen Records",65,-1,1,"9139939"
66,"spotify:track:7e4KQkp5ZR1gXCAalRjX6B","Kehlani, Ty Dolla $ign","Nights Like This (feat. Ty Dolla $ign)","TSNMI / Atlantic",37,56,6,"8946528"
67,"spotify:track:4T652DlATVHe0jdLKaN3Bw","Ariana Grande","in my head","Republic Records",21,21,2,"8885295"
68,"spotify:track:5BDP2tky8oMQJPS33frKVp","Sebastian Yatra, Reik","Un Año","UMLE - Latino",67,67,4,"8789448"
69,"spotify:track:1wJRveJZLSb1rjhnUHQiv6","A Boogie Wit da Hoodie, 6ix9ine","Swervin (feat. 6ix9ine)","Highbridge the Label / Atlantic Records",69,77,8,"8742469"
70,"spotify:track:2G1tXoGBaEMJ7FKGnkf6ud","Gucci Mane, Bruno Mars, Kodak Black","Wake Up in the Sky","Guwop Enterprises/Atlantic",26,61,23,"8664216"
71,"spotify:track:0JP9xo3adEtGSdUEISiszL","XXXTENTACION","Moonlight","Bad Vibes Forever, LLC",2,68,49,"8661051"
72,"spotify:track:5kfNriitmkNE8mUbZ7gbq8","Khalid","Saturday Nights","Right Hand Music Group, LLC/RCA Records",19,44,16,"8620038"
73,"spotify:track:2MJdgSby3DtSS7bUJx2cly","Offset","Red Room","Quality Control Music/Motown Records/Capitol Records",73,-1,1,"8545701"
74,"spotify:track:6MJUCumnQsQEKbCy28tbCP","Daddy Yankee, Anuel AA","Adictiva","Craft Latino",37,69,15,"8491556"
75,"spotify:track:2TIlqbIneP0ZY1O0EzYLlc","Lewis Capaldi","Someone You Loved","Vertigo Berlin",63,72,7,"8433612"
76,"spotify:track:0E9ZjEAyAwOXZ7wJC0PD33","Dynoro, Gigi D'Agostino","In My Mind","Columbia/B1 Recordings",6,70,33,"8422825"
77,"spotify:track:2iUXsYOEPhVqEBwsqP70rE","5 Seconds of Summer","Youngblood","Capitol",8,71,45,"8225661"
78,"spotify:track:5N5k9nd479b1xpDZ4usjrg","Calvin Harris, Sam Smith, Jessie Reyez","Promises (with Sam Smith)","Columbia",5,76,27,"8124379"
79,"spotify:track:58q2HKrzhC3ozto2nDdN4z","Cardi B, Bad Bunny, J Balvin","I Like It","Atlantic/KSR",2,79,46,"8105641"
80,"spotify:track:27356GVuMPFWiJSZCragoM","Ariana Grande","make up","Republic Records",24,24,2,"8069884"
81,"spotify:track:2qT1uLXPVPzGgFOx4jtEuo","Ariana Grande","no tears left to cry","Republic Records",2,64,44,"7793973"
82,"spotify:track:14mHfNsSHN0FbLftyjrV9g","Flipp Dinero","Leave Me Alone","Cinematic/Epic/We The Best",34,75,24,"7771908"
83,"spotify:track:5600nq7TiBraBX2jobyJ3l","Dua Lipa","Swan Song - From the Motion Picture ""Alita: Battle Angel""","Warner Records",31,73,4,"7693694"
84,"spotify:track:2GGMabyHXnJmjY6CXhhB2e","Cardi B","Money","Atlantic/KSR",46,88,17,"7691929"
85,"spotify:track:2BgEsaKNfHUdlh97KmvFyo","Anne-Marie","2002","Atlantic Records UK",27,86,44,"7607409"
86,"spotify:track:5IaHrVsrferBYDm0bDyABy","Tyga, Offset","Taste (feat. Offset)","Last Kings Music / EMPIRE",6,78,40,"7582888"
87,"spotify:track:3id2EVGKc3eFAMn9nFnB0r","Lukas Graham","Love Someone","Universal Music A/S",53,84,24,"7401302"
88,"spotify:track:5vdp5UmvTsnMEMESIF2Ym7","Queen","Another One Bites The Dust - Remastered 2011","EMI",36,99,17,"7382862"
89,"spotify:track:0YammaEkYSeo9vQYZ1OwS6","David Guetta, Bebe Rexha, J Balvin","Say My Name","Parlophone (France)",68,90,22,"7381208"
90,"spotify:track:278kSqsZIiYp8p3QjYAqa8","Bad Bunny","NI BIEN NI MAL","Rimas Entertainment LLC",56,83,8,"7373468"
91,"spotify:track:5T8EDUDqKcs6OSOwEsfqG7","Queen","Don't Stop Me Now - Remastered 2011","EMI",51,108,17,"7294098"
92,"spotify:track:2dxky69jKzbtUfA3Hl8Nuo","Mahmood","Soldi","Universal Music Italia srL.",65,65,2,"7293600"
93,"spotify:track:7qiZfU4dY1lWllzX7mPBI3","Ed Sheeran","Shape of You","Atlantic Records UK",1,96,111,"7288741"
94,"spotify:track:2LskIZrCeLxRvCiGP8gxlh","XXXTENTACION, Lil Pump, Swae Lee, Maluma","Arms Around You (feat. Maluma & Swae Lee)","Warner Records",3,80,17,"7286079"
95,"spotify:track:4cuGZb0iFyHtwaSKdKrJkF","Luis Fonsi, Ozuna","Imposible","UMLE - Latino",59,89,18,"7248068"
96,"spotify:track:2D3z17LBMJ2HEHeBFFjTLi","J Balvin","Reggaeton","UMLE - Latino",74,93,13,"7187796"
97,"spotify:track:6DCZcSspjsKoFjzjrWoCdn","Drake","God's Plan","Cash Money/Drake LP6",1,85,57,"7150564"
98,"spotify:track:7m9OqQk4RVRkw9JJdeAw96","XXXTENTACION","Jocelyn Flores","Bad Vibes Forever / EMPIRE",7,92,78,"7038981"
99,"spotify:track:0tgVpDi06FyKpA1z0VMD4v","Ed Sheeran","Perfect","Atlantic Records UK",4,94,103,"6958583"
100,"spotify:track:2RSHsoi04658QL5xgQVov3","Imagine Dragons","Bad Liar","Kid Ina Korner / Interscope",17,97,15,"6826065"
101,"spotify:track:4VUwkH455At9kENOfzTqmF","Bazzi, Camila Cabello","Beautiful (feat. Camila Cabello)","iamcosmic",30,95,29,"6791134"
102,"spotify:track:40T5GIqQ1CegGm2PTEl8Bu","Billie Eilish","idontwannabeyouanymore","Darkroom",67,91,18,"6782568"
103,"spotify:track:7dNwJbsT0sg1le5kVugGJb","Becky G, Prince Royce, DJ Luian, Mambo Kingz, Anuel AA","Bubalu","Hear This Music",71,101,15,"6772860"
104,"spotify:track:5wujBwqG7INdStqGd4tRMX","Juice WRLD","Armed And Dangerous","Juice WRLD Mixtape / ISR P&D",34,109,15,"6762617"
105,"spotify:track:7ef4DlsgrMEH11cDZd32M6","Calvin Harris, Dua Lipa","One Kiss (with Dua Lipa)","Sony Music UK",2,113,46,"6726742"
106,"spotify:track:7K7MUBCnzgBAvMVW2RTWNs","Loud Luxury, Brando","Body","Armada Music",19,105,38,"6703757"
107,"spotify:track:79esEXlqqmq0GPz0xQSZTV","Shawn Mendes","Lost In Japan","Island Records",23,107,17,"6625233"
108,"spotify:track:2FY7b99s15jUprqC0M5NCT","Imagine Dragons","Natural","Kid Ina Korner / Interscope",19,102,31,"6593620"
109,"spotify:track:3swc6WTsr7rl9DqQKQA55C","Post Malone, Ty Dolla $ign","Psycho (feat. Ty Dolla $ign)","Republic Records",2,111,52,"6593205"
110,"spotify:track:0pqnGHJpmpxLKifKRmU6WP","Imagine Dragons","Believer","Kid Ina Korner / Interscope",16,106,107,"6569273"
111,"spotify:track:4uP3pUP18ennmz0tb3GphR","Bad Bunny","Solo de Mi","Rimas Entertainment LLC",38,112,10,"6535032"
112,"spotify:track:5Fla3zyOCcIRqrDoKLU0DP","Rita Ora","Let You Love Me","Atlantic Records UK",29,100,22,"6526401"
113,"spotify:track:0jAfdqv18goRTUxm3ilRjb","A Boogie Wit da Hoodie, Tyga, Offset","Startender (feat. Offset and Tyga)","Highbridge the Label / Atlantic Records",57,103,9,"6445690"
114,"spotify:track:2rbDhOo9Fh61Bbu23T2qCk","Lady Gaga","Always Remember Us This Way","A Star is Born OST",35,116,18,"6443238"
115,"spotify:track:79OEIr4J4FHV0O3KrhaXRb","Rich The Kid","Splashin","Interscope Records",91,115,9,"6383302"
116,"spotify:track:4OBZT9EnhYIV17t4pGw7ig","Daniel Caesar, H.E.R.","Best Part (feat. H.E.R.)","MBK Entertainment/RCA Records",110,110,8,"6360896"
117,"spotify:track:1rCcsYnmqbMYdkG7kS9GC5","Robin Schulz, Erika Sirola","Speechless (feat. Erika Sirola)","WM Germany",117,119,4,"6359336"
118,"spotify:track:2P91MQbaiQOfbiz9VqhqKQ","Lauv","I Like Me Better","Lauv",29,118,90,"6337402"
119,"spotify:track:76cy1WJvNGJTj78UqeA5zr","Dua Lipa","IDGAF","Warner Records",4,120,60,"6276469"
120,"spotify:track:2QrXzOqLCVDRZHkToA0tSR","Dennis Lloyd","Never Go Back","Arista Records",120,-1,1,"6215791"
121,"spotify:track:5tAa8Uaqr4VvA3693mbIhU","Zara Larsson","Ruin My Life","Epic/Record Company TEN",28,104,18,"6193272"
122,"spotify:track:1mT47pKLXUwPYGwB91GcNz","KAROL G, Maluma","Créeme","UMLE - Latino",114,125,11,"6150277"
123,"spotify:track:2G7V7zsVDxg1yRsu7Ew9RJ","Drake","In My Feelings","Cash Money/Drake LP6",1,122,34,"6126045"
124,"spotify:track:2fuCquhmrzHpu5xcA1ci9x","Queen, David Bowie","Under Pressure - Remastered 2011","EMI",55,141,16,"6092137"
125,"spotify:track:08bNPGLD8AhKpnnERrAc6G","Marshmello, Anne-Marie","FRIENDS","Joytime Collective",4,117,54,"6071894"
126,"spotify:track:0TlLq3lA83rQOYtrqBqSct","Drake","Nonstop","Cash Money/Drake LP6",1,121,34,"6025966"
127,"spotify:track:7wFybC8jBH3zE139OpCtpG","Gesaffelstein, The Weeknd","Lost in the Fire (feat. The Weeknd)","Columbia",12,87,6,"5998927"
128,"spotify:track:4BD9yUEFI07WaDJ381DDMq","KC Rebell, Summer Cem, Capital Bra","DNA","Rebell Army",128,-1,1,"5987137"
129,"spotify:track:51NFxnQvaosfDDutk0tams","Billie Eilish","bellyache","Darkroom",70,123,13,"5894223"
130,"spotify:track:1mXVgsBdtIVeCLJnSnmtdV","Sam Smith","Too Good At Goodbyes","PLG - Capitol",1,128,75,"5892602"
131,"spotify:track:04MLEeAMuV9IlHEsD8vF6A","French Montana, Drake","No Stylist (feat. Drake)","Epic",27,127,22,"5853024"
132,"spotify:track:4KkUjFkcQvGvWekl8RATDn","6ix9ine, Anuel AA","BEBE (feat. Anuel AA)","ScumGang Records / TenThousand Projects, LLC",17,135,25,"5803953"
133,"spotify:track:25F6MWrnFBCXVnpN4n76EK","Logic","Keanu Reeves","Def Jam Recordings",46,82,5,"5784983"
134,"spotify:track:4NBTZtAt1F13VvlSKe6KTl","The Chainsmokers, Kelsea Ballerini","This Feeling","Disruptor Records/Columbia",23,132,22,"5778269"
135,"spotify:track:3NuK5xMlSlB6K2Qp16zf3h","Clean Bandit, Demi Lovato","Solo (feat. Demi Lovato)","Atlantic Records UK",8,147,40,"5717464"
136,"spotify:track:5uCax9HTNlzGybIStD3vDh","James Arthur","Say You Won't Let Go","Columbia",7,133,112,"5705275"
137,"spotify:track:13hvHEstJ4sNbzdroPrPI3","Dua Lipa, BLACKPINK","Kiss and Make Up","Warner Records",16,130,18,"5701686"
138,"spotify:track:4AgK0CwpwcekXVdAoYB2VO","Eno, MERO","Ferrari","Alles Oder Nix Records",66,66,2,"5691907"
139,"spotify:track:1pfgsjmxVZhoZpeDx6POKv","Galantis, OneRepublic","Bones (feat. OneRepublic)","Big Beat Records",124,124,3,"5690422"
140,"spotify:track:1rfofaqEpACxVEHIZBJe6W","Camila Cabello, Young Thug","Havana (feat. Young Thug)","Syco Music/Epic",1,138,81,"5672678"
141,"spotify:track:0i0wnv9UoFdZ5MfuFGQzMy","Bebe Rexha","Last Hurrah","Warner Records",141,-1,1,"5655084"
142,"spotify:track:48zFZh27QU5qsrBjn4C2FA","Ozuna, Manuel Turizo","Vaina Loca","VP Records Corp/Dimelo Vi",18,136,34,"5653767"
143,"spotify:track:1fewSx2d5KIZ04wsooEBOz","Metro Boomin, Gunna","Space Cadet (feat. Gunna)","Republic Records",63,129,12,"5588727"
144,"spotify:track:7AFASza1mXqntmGtbxXprO","XXXTENTACION","changes","Bad Vibes Forever, LLC",9,134,51,"5586060"
145,"spotify:track:1zB4vmk8tFRmM9UULNzbLB","Imagine Dragons","Thunder","Kid Ina Korner / Interscope",8,142,95,"5578282"
146,"spotify:track:75ZvA4QfFiZvzhj2xkaWAh","Post Malone","I Fall Apart","Universal Records",10,151,74,"5536443"
147,"spotify:track:2xJCMIJfcNYDc5iR0sAm2O","Dua Lipa","New Rules","Warner Records",2,139,85,"5530298"
148,"spotify:track:09IStsImFySgyp0pIQdqAc","Zedd, Maren Morris, Grey","The Middle","UMGRI Interscope",6,146,56,"5486476"
149,"spotify:track:4BiiOzZCrXEzHRLYcYFiD5","The Chainsmokers, Winona Oak","Hope","Disruptor Records/Columbia",32,74,8,"5484294"
150,"spotify:track:4rDbp1vnvEhieiccprPMdI","Queen","Somebody To Love - Remastered 2011","EMI",50,155,16,"5412056"
151,"spotify:track:2uIX8YMNjGMD7441kqyyNU","Billie Eilish","ocean eyes","Darkroom",108,145,21,"5410719"
152,"spotify:track:5N4erncE7kuUccm7zEmwzk","Silk City, Dua Lipa, Mark Ronson, Diplo","Electricity","Columbia",14,152,24,"5347507"
153,"spotify:track:14sOS5L36385FJ3OL8hew4","Kygo, Sandro Cavazza","Happy Now","Kygo",37,150,17,"5344598"
154,"spotify:track:0LQ1J0BCzA2qnAgp9MkkNE","6ix9ine, Anuel AA","MALA (feat. Anuel AA)","ScumGang Records / TenThousand Projects, LLC",71,143,12,"5320691"
155,"spotify:track:4ofwffwvvnbSkrMSCKQDaC","George Ezra","Shotgun","Columbia",35,159,35,"5292546"
156,"spotify:track:6Gy7rXB6Ku5vIWC7WGWsl3","6ix9ine, Tory Lanez","KIKA (feat. Tory Lanez)","ScumGang Records / TenThousand Projects, LLC",12,149,13,"5226836"
157,"spotify:track:7FjZU7XFs7P9jHI9Z0yRhK","NOTD, Felix Jaehn, Captain Cuts, Georgia Ku","So Close","Universal Music AB",136,140,5,"5207190"
158,"spotify:track:4Tvw0lweq9l2JPQKFbpbBQ","David Guetta, Brooks, Loote","Better When You're Gone","Parlophone (France)",158,185,2,"5204362"
159,"spotify:track:2ktoFujjJtantyMoVdBJlX","ChocQuibTown, Zion & Lennox, Farruko, Manuel Turizo","Pa Olvidarte (feat. Manuel Turizo) - Remix","Sony Music Latin",159,-1,1,"5166691"
160,"spotify:track:6JQvHMSaR8flFsN53ypOfP","Lil Mosey","Noticed","Mogul Vision/Interscope Records",41,161,24,"5157854"
161,"spotify:track:675w3ACw5xZR3ODhUJlEVN","Manuel Turizo","Sola","Sony Music Latin/La Industria",161,169,6,"5154242"
162,"spotify:track:59PYgzOiOjGDzjDT5N5oOX","Brytiago, Daddy Yankee, Ozuna, Anuel AA, Darell","Asesina - Remix","Business Music",124,164,15,"5098796"
163,"spotify:track:3KLygy1YWhmrQx0GRs7IOx","Jonas Blue, Jack & Jack","Rise","Positiva",12,167,38,"5092905"
164,"spotify:track:5NPzbTzFxIQPaheZuPhn4f","Paulo Londra","Forever Alone","WEA Latina",164,-1,1,"5090736"
165,"spotify:track:3V8UKqhEK5zBkBb6d6ub8i","Nio Garcia, Casper Magico, Bad Bunny, Darell, Ozuna, Nicky Jam","Te Boté - Remix","Flow La Movie, Inc.",8,162,45,"5083906"
166,"spotify:track:3a1lNhkSLSkpJE4MSHpDu9","Post Malone, Quavo","Congratulations","Universal Records",20,168,108,"5067933"
167,"spotify:track:4pbJqGIASGPr0ZpGpnWkDn","Queen","We Will Rock You - Remastered 2011","EMI",73,188,15,"5065737"
168,"spotify:track:7AQim7LbvFVZJE3O8TYgf2","XXXTENTACION, Trippie Redd","Fuck Love","Bad Vibes Forever / EMPIRE",19,157,75,"5056406"
169,"spotify:track:4jvjzW7Hm0yK4LvvE0Paz9","Lil Peep, XXXTENTACION","Falling Down - Bonus Track","Columbia",2,154,23,"5044961"
170,"spotify:track:4OafepJy2teCjYJbvFE60J","Ariana Grande","breathin","Republic Records",2,98,27,"5039775"
171,"spotify:track:2QZ7WLBE8h2y1Y5Fb8RYbH","Shawn Mendes","In My Blood","Island Records",7,166,45,"4992850"
172,"spotify:track:7lAK3oHbfEnvUQWosrMMpR","Travis Scott","YOSEMITE","Cactus Jack / Epic",24,179,25,"4936419"
173,"spotify:track:1Slwb6dOYkBlWal1PGtnNg","Ed Sheeran","Thinking out Loud","Atlantic Records UK",58,174,109,"4921902"
174,"spotify:track:4qKcDkK6siZ7Jp1Jb4m0aL","BlocBoy JB, Drake","Look Alive (feat. Drake)","Bloc Nation",6,158,54,"4920592"
175,"spotify:track:6qP73DRFGojLuIk1siIhNE","The Rudeboyz, Jowell & Randy, Manuel Turizo","Dile la Verdad","Rimas Entertainment LLC",175,189,3,"4914256"
176,"spotify:track:12mGwph2YzDIlChtq3EdXP","Marshmello","Alone","Monstercat",115,137,3,"4874010"
177,"spotify:track:5OCJzvD7sykQEKHH7qAC3C","Ariana Grande","God is a woman","Republic Records",2,114,32,"4846033"
178,"spotify:track:7uQmJ1jgNzBpATSoWKSPFu","Sebastian Yatra, Mau y Ricky","Ya No Tiene Novio","UMLE - Latino",68,160,25,"4842600"
179,"spotify:track:2RttW7RAu5nOAfq6YFvApB","Ed Sheeran","Happier","Atlantic Records UK",10,172,89,"4835589"
180,"spotify:track:4EAV2cKiqKP5UPZmY6dejk","Logic, Marshmello","Everyday","Def Jam Recordings",16,153,19,"4828395"
181,"spotify:track:7vGuf3Y35N4wmASOKLUVVU","Marshmello, Khalid","Silence","Joytime Collective/RCA Records",8,156,70,"4816154"
182,"spotify:track:6mQLN3zRtAp6ovjusyYKrV","James Arthur, Anne-Marie","Rewrite The Stars (with James Arthur & Anne-Marie)","Atlantic Records",77,148,13,"4814494"
183,"spotify:track:6fxVffaTuwjgEk5h9QyRjy","Ed Sheeran","Photograph","Atlantic Records UK",41,181,103,"4805585"
184,"spotify:track:4S8d14HvHb70ImctNgVzQQ","Kanye West, Lil Pump","I Love It (& Lil Pump)","Getting Out Our Dreams, Inc./Def Jam Recordings",1,170,24,"4804855"
185,"spotify:track:6q8Lb50EtqNeeJXXe8mMAH","KAROL G, Anuel AA","Culpables","UMLE - Latino",89,180,23,"4800615"
186,"spotify:track:7BKLCZ1jbUBVqRi2FVlTVw","The Chainsmokers, Halsey","Closer","Disruptor Records/Columbia",2,186,112,"4783272"
187,"spotify:track:7GX5flRQZVHRAGd6B4TmDO","Lil Uzi Vert","XO Tour Llif3","Generation Now/Atlantic",10,187,100,"4755353"
188,"spotify:track:4e4fqjx0Izh4svvTef1z7e","Bebe Rexha, Florida Georgia Line","Meant to Be (feat. Florida Georgia Line)","Warner Records",18,178,74,"4724330"
189,"spotify:track:7uiBocndm12aKbsdnQ3Scx","Chris Brown","Undecided","Chris Brown Entertainment/RCA Records",83,131,7,"4662722"
190,"spotify:track:04ZTP5KsCypmtCmQg5tH9R","Bebe Rexha","I'm a Mess","Warner Records",52,175,35,"4617424"
191,"spotify:track:2XXMDz7SPZ4mSFN1PXfHUy","Becky G, Paulo Londra","Cuando Te Besé","Sony Music Latin",45,190,29,"4603495"
192,"spotify:track:1Spmq0UazGU6ovMIlGldZX","Avril Lavigne, Nicki Minaj","Dumb Blonde (feat. Nicki Minaj)","BMG Rights Management (US) LLC",192,-1,1,"4601464"
193,"spotify:track:7pdF27mSDuPWhppnHAmWHa","XXXTENTACION","whoa (mind in awe)","Bad Vibes Forever / EMPIRE",10,171,11,"4600707"
194,"spotify:track:5qqabIl2vWzo9ApSC317sa","Oasis","Wonderwall - Remastered","Big Brother",152,193,66,"4572529"
195,"spotify:track:7KXjTSCq5nL1LoYtL7XAwS","Kendrick Lamar","HUMBLE.","Aftermath",1,-1,94,"4572287"
196,"spotify:track:2374M0fQpWi3dLnB54qaLX","TOTO","Africa","Columbia",137,-1,42,"4545560"
197,"spotify:track:6gBFPUFcJLzWGx4lenP6h2","Travis Scott","goosebumps","Cactus Jack / Epic",60,194,106,"4531800"
198,"spotify:track:6vWEAOUSxohKxhp0K1BsxL","YNW Melly, Kanye West","Mixed Personalities (feat. Kanye West)","P2019",198,-1,1,"4529201"
199,"spotify:track:3S0OXQeoh0w6AY8WQVckRW","Jason Mraz","I'm Yours","Atlantic Records/ATG",124,-1,39,"4515652"
200,"spotify:track:7ycWLEP1GsNjVvcjawXz3z","A$AP Rocky, Skepta","Praise The Lord (Da Shine) (feat. Skepta)","A$AP Worldwide/Polo Grounds Music/RCA Records",25,196,38,"4509819"
