﻿rank,uri,artist_names,track_name,source,peak_rank,previous_rank,weeks_on_chart,streams
1,"spotify:track:2G7V7zsVDxg1yRsu7Ew9RJ","Drake","In My Feelings","Cash Money/Drake LP6",1,1,8,"39419339"
2,"spotify:track:4OafepJy2teCjYJbvFE60J","Ariana Grande","breathin","Republic Records",2,-1,1,"25997814"
3,"spotify:track:5OCJzvD7sykQEKHH7qAC3C","Ariana Grande","God is a woman","Republic Records",2,17,6,"25887832"
4,"spotify:track:7fa9MBXhVfQ8P8Df9OEbD8","Maroon 5, Cardi B","Girls Like You (feat. Cardi B) - Cardi B Version","Interscope Records*",3,4,12,"24377889"
5,"spotify:track:5WvAo7DNuPRmk4APhdPzi8","DJ Khaled, Justin Bieber, Quavo, Chance the Rapper","No Brainer","Epic/We The Best",2,2,4,"23916118"
6,"spotify:track:2E124GmJRnBJuXbTb4cPUB","6ix9ine, Nicki Minaj, Murda Beatz","FEFE (feat. Nicki Minaj & Murda Beatz)","ScumGang Records / TenThousand Projects, LLC",2,3,5,"23687839"
7,"spotify:track:0s3nnoMeVWz3989MkNQiRf","Juice WRLD","Lucid Dreams","Juice WRLD Mixtape / ISR P&D",3,6,15,"22801625"
8,"spotify:track:2xLMifQCjDGFmkHkpNLD9h","Travis Scott","SICKO MODE","Cactus Jack / Epic",2,5,3,"22533467"
9,"spotify:track:0d2iYfpKoM0QCKvcLCkBao","benny blanco, Halsey, Khalid","Eastside (with Halsey & Khalid)","Benny Blanco Solo Album PS",7,7,6,"21850086"
10,"spotify:track:0E9ZjEAyAwOXZ7wJC0PD33","Dynoro, Gigi D'Agostino","In My Mind","Columbia/B1 Recordings",9,9,7,"20789314"
11,"spotify:track:58q2HKrzhC3ozto2nDdN4z","Cardi B, Bad Bunny, J Balvin","I Like It","Atlantic/KSR",2,8,20,"20485609"
12,"spotify:track:5IaHrVsrferBYDm0bDyABy","Tyga, Offset","Taste (feat. Offset)","Last Kings Music / EMPIRE",6,10,14,"19348552"
13,"spotify:track:3ee8Jmje8o58CHK66QrVC2","XXXTENTACION","SAD!","Bad Vibes Forever, LLC",1,11,25,"18249720"
14,"spotify:track:6kPJZM97LwdG9QIsT7khp6","Clean Bandit, Demi Lovato","Solo (feat. Demi Lovato)","Atlantic Records UK",8,12,14,"18241435"
15,"spotify:track:3u1S1OmAUhx5DRlLrXqyp3","Jonas Blue, Jack & Jack","Rise","Positiva",12,14,12,"17374568"
16,"spotify:track:2qT1uLXPVPzGgFOx4jtEuo","Ariana Grande","no tears left to cry","Republic Records",2,41,18,"17185766"
17,"spotify:track:5N5k9nd479b1xpDZ4usjrg","Calvin Harris, Sam Smith, Jessie Reyez","Promises (with Sam Smith)","Columbia",17,-1,1,"17121509"
18,"spotify:track:4kWO6O1BUXcZmaxitpVUwp","Tiësto, Dzeko, Preme, Post Malone","Jackie Chan","Universal Music, a division of Universal International Music BV",11,16,14,"17113663"
19,"spotify:track:7dt6x5M1jzdTEt8oCbisTK","Post Malone","Better Now","Republic Records",1,13,17,"16862750"
20,"spotify:track:2iUXsYOEPhVqEBwsqP70rE","5 Seconds of Summer","Youngblood","Capitol",8,19,19,"16322527"
21,"spotify:track:7K7MUBCnzgBAvMVW2RTWNs","Loud Luxury, Brando","Body","Armada Music",21,21,12,"15498989"
22,"spotify:track:7ef4DlsgrMEH11cDZd32M6","Calvin Harris, Dua Lipa","One Kiss (with Dua Lipa)","Sony Music UK",2,18,20,"15435109"
23,"spotify:track:3V8UKqhEK5zBkBb6d6ub8i","Nio Garcia, Casper Magico, Bad Bunny, Darell, Ozuna, Nicky Jam","Te Boté - Remix","Flow La Movie, Inc.",8,20,19,"15099764"
24,"spotify:track:7wBJfHzpfI3032CSD7CE2m","Travis Scott","STARGAZING","Cactus Jack / Epic",3,15,3,"14230243"
25,"spotify:track:0JP9xo3adEtGSdUEISiszL","XXXTENTACION","Moonlight","Bad Vibes Forever, LLC",2,22,23,"13552871"
26,"spotify:track:0TlLq3lA83rQOYtrqBqSct","Drake","Nonstop","Cash Money/Drake LP6",1,23,8,"13357611"
27,"spotify:track:1s2B5cndbqK8rPJEIcKJRQ","Ozuna, Manuel Turizo","Vaina Loca","VP Records Corp/Dimelo Vi",25,25,8,"13285679"
28,"spotify:track:0WdR2AyLW1Drd3OUdwezM0","Ariana Grande","everytime","Republic Records",28,-1,1,"13262251"
29,"spotify:track:70khXICDeTTxgYtw3EysKH","Ariana Grande","sweetener","Republic Records",29,-1,1,"12485242"
30,"spotify:track:2ijef6ni2amuunRoKTlgww","Becky G, NATTI NATASHA","Sin Pijama","Sony Music Latin",22,24,17,"12440039"
31,"spotify:track:6DCZcSspjsKoFjzjrWoCdn","Drake","God's Plan","Cash Money/Drake LP6",1,26,31,"12341295"
32,"spotify:track:2dpaYNEQHiRxtZbfNsse99","Marshmello, Bastille","Happier","Joytime Collective",32,-1,1,"11967789"
33,"spotify:track:4keoy2fqgwGnbWlm3ZVZFa","Zedd, Elley Duhé","Happy Now","UMGRI Interscope",27,27,5,"11952703"
34,"spotify:track:4VUwkH455At9kENOfzTqmF","Bazzi, Camila Cabello","Beautiful (feat. Camila Cabello)","iamcosmic",31,31,3,"11398240"
35,"spotify:track:5qFeMRz4TvetPmzjre9Dq7","J Balvin, Zion & Lennox","No Es Justo","UMLE - Latino",30,30,9,"11286541"
36,"spotify:track:2BgEsaKNfHUdlh97KmvFyo","Anne-Marie","2002","Atlantic Records UK",27,28,18,"11132094"
37,"spotify:track:3EPXxR3ImUwfayaurPi3cm","Dean Lewis","Be Alright","Universal Music Australia Pty. Ltd.",37,46,5,"10849179"
38,"spotify:track:63SevszngYpZOwf63o61K4","Dennis Lloyd","Nevermind","WM Italy",18,32,23,"10566662"
39,"spotify:track:0e7ipj03S05BNilyu5bRzt","Post Malone, 21 Savage","rockstar (feat. 21 Savage)","Republic Records",1,37,49,"10538947"
40,"spotify:track:7m9OqQk4RVRkw9JJdeAw96","XXXTENTACION","Jocelyn Flores","Bad Vibes Forever / EMPIRE",7,36,52,"10219545"
41,"spotify:track:4ofwffwvvnbSkrMSCKQDaC","George Ezra","Shotgun","Columbia",41,43,9,"10083323"
42,"spotify:track:3swc6WTsr7rl9DqQKQA55C","Post Malone, Ty Dolla $ign","Psycho (feat. Ty Dolla $ign)","Republic Records",2,38,26,"10081399"
43,"spotify:track:0kHyKhJMukHEPfeh8s7rdM","Kygo, Imagine Dragons","Born To Be Yours","Kygo",25,29,10,"9917779"
44,"spotify:track:7DrluKkTviBwCc8AV3VGmf","Shakira, Maluma","Clandestino","Sony Music Latin",39,39,11,"9894495"
45,"spotify:track:1xWH8zYtDeS9mW1JJG23VZ","Ariana Grande","R.E.M","Republic Records",45,-1,1,"9833151"
46,"spotify:track:3CA9pLiwRIGtUBiMjbZmRw","Drake","Nice For What","Cash Money/Drake LP6",1,34,20,"9764325"
47,"spotify:track:7AFASza1mXqntmGtbxXprO","XXXTENTACION","changes","Bad Vibes Forever, LLC",9,40,25,"9757064"
48,"spotify:track:7ycWLEP1GsNjVvcjawXz3z","A$AP Rocky, Skepta","Praise The Lord (Da Shine) (feat. Skepta)","A$AP Worldwide/Polo Grounds Music/RCA Records",25,45,13,"9653271"
49,"spotify:track:4hQ6UGyWQIGJmHSo0J88JW","Selena Gomez","Back To You - From 13 Reasons Why – Season 2 Soundtrack","UMGRI Interscope",4,35,15,"9552982"
50,"spotify:track:3nc420PXjTdBV5TN0gCFkS","Martin Garrix, Khalid","Ocean (feat. Khalid)","Epic Amsterdam",15,33,10,"9116582"
51,"spotify:track:14kYOiFVPb7E7NfFbqhdln","Ariana Grande","goodnight n go","Republic Records",51,-1,1,"8917678"
52,"spotify:track:0XOnMqLQDO89iAg7dWWwnG","Ariana Grande","pete davidson","Republic Records",52,-1,1,"8723515"
53,"spotify:track:0v2LUO8oTHnkjQ8MmKuXyk","Ariana Grande","raindrops (an angel cried)","Republic Records",53,-1,1,"8517134"
54,"spotify:track:04ZTP5KsCypmtCmQg5tH9R","Bebe Rexha","I'm a Mess","Warner Records",52,52,9,"8415994"
55,"spotify:track:7qiZfU4dY1lWllzX7mPBI3","Ed Sheeran","Shape of You","Atlantic Records UK",1,49,85,"8365631"
56,"spotify:track:6G8kHiVZ1jW7vHMPVRNZU0","Drake, Michael Jackson","Don’t Matter To Me (with Michael Jackson)","Cash Money/Drake LP6",2,44,8,"8168059"
57,"spotify:track:1rqqCSm0Qe4I9rUvWncaom","Panic! At The Disco","High Hopes","DCD2 / Fueled By Ramen",57,59,9,"8153858"
58,"spotify:track:6vN77lE9LK6HP2DewaN6HZ","Lil Baby, Drake","Yes Indeed","Quality Control Music, LLC",12,55,15,"8087128"
59,"spotify:track:55GiOwtxNajXVbpjjIzMnD","Tyga","SWISH","Last Kings Music / EMPIRE",51,51,4,"7846721"
60,"spotify:track:5YeHLHDdQ4nKHk81XFWhCU","Ariana Grande","successful","Republic Records",60,-1,1,"7806439"
61,"spotify:track:2lYTJK94hb0fd1LQtb6Dhk","David Guetta, Anne-Marie","Don't Leave Me Alone (feat. Anne-Marie)","Parlophone (France)",54,54,4,"7679914"
62,"spotify:track:7AQim7LbvFVZJE3O8TYgf2","XXXTENTACION, Trippie Redd","Fuck Love","Bad Vibes Forever / EMPIRE",19,61,49,"7668435"
63,"spotify:track:4zIO3ilp5HvTeK3HJHxhMP","Imagine Dragons","Natural","Kid Ina Korner / Interscope",56,66,5,"7660987"
64,"spotify:track:6JjPBQfI2Y8nIjnm65X6Pw","Nicky Jam, J Balvin, Maluma, Ozuna","X (feat. Maluma & Ozuna) - Remix","Sony Music Latin",37,47,8,"7648654"
65,"spotify:track:0sdbFOyfgAhAhWq8DpzkaW","Ariana Grande, Nicki Minaj","the light is coming (feat. Nicki Minaj)","Republic Records",65,-1,2,"7608335"
66,"spotify:track:09IStsImFySgyp0pIQdqAc","Zedd, Maren Morris, Grey","The Middle","UMGRI Interscope",6,53,30,"7538065"
67,"spotify:track:76cy1WJvNGJTj78UqeA5zr","Dua Lipa","IDGAF","Warner Records",4,64,34,"7522966"
68,"spotify:track:3NbTQ8ZbHU6MSEVUFAVCJ9","Ariana Grande","better off","Republic Records",68,-1,1,"7427563"
69,"spotify:track:6jA8JUuPCGYjFcgw0AoM5T","Reik, Ozuna, Wisin","Me Niego (feat. Ozuna & Wisin)","Columbia",22,60,27,"7355028"
70,"spotify:track:4mLkiFppf8Xvem6BSY34qw","Ariana Grande, Pharrell Williams","blazed (feat. Pharrell Williams)","Republic Records",70,-1,1,"7323300"
71,"spotify:track:1rfofaqEpACxVEHIZBJe6W","Camila Cabello, Young Thug","Havana (feat. Young Thug)","Syco Music/Epic",1,65,55,"7322861"
72,"spotify:track:39N9RPD9MRb5WmoLzNzPeA","Nicky Jam, J Balvin","X","Sony Music Latin",4,50,25,"7321825"
73,"spotify:track:08bNPGLD8AhKpnnERrAc6G","Marshmello, Anne-Marie","FRIENDS","Joytime Collective",4,57,28,"7316450"
74,"spotify:track:0u2P5u6lvoDfwTYjAADbn4","Billie Eilish, Khalid","lovely (with Khalid)","Darkroom",24,62,18,"7047872"
75,"spotify:track:2XXMDz7SPZ4mSFN1PXfHUy","Becky G, Paulo Londra","Cuando Te Besé","Sony Music Latin",63,63,3,"7045490"
76,"spotify:track:1snWlbcbgQpJfknoI30DWG","Alan Walker, Au/Ra, Tomine Harket","Darkside","Kreatell Music",70,70,4,"7040496"
77,"spotify:track:7u6DMPznGbpziuEgCE0JGQ","Ariana Grande","get well soon","Republic Records",77,-1,1,"7012183"
78,"spotify:track:6rbhaJsE4uLzpPf8WYSHDK","Brytiago, Darell","Asesina","Business Music",76,76,8,"6994125"
79,"spotify:track:4mHgYpuGHu99Mw69E83CP2","Trippie Redd","Taking A Walk","TenThousand Projects, LLC",42,42,2,"6971976"
80,"spotify:track:4qKcDkK6siZ7Jp1Jb4m0aL","BlocBoy JB, Drake","Look Alive (feat. Drake)","Bloc Nation",6,68,28,"6901079"
81,"spotify:track:0pqnGHJpmpxLKifKRmU6WP","Imagine Dragons","Believer","Kid Ina Korner / Interscope",16,75,81,"6897053"
82,"spotify:track:5a8RPWgKSmcGBGcffmIrUi","Sia, Diplo, Labrinth, LSD","Thunderclouds (feat. Sia, Diplo, and Labrinth)","Records/Columbia",73,73,2,"6889225"
83,"spotify:track:0VKkyBKCXyR99navhVRqcP","Zion & Lennox","La player (Bandolera)","WEA Latina",56,69,23,"6761889"
84,"spotify:track:4QtiVmuA88tPQiCOHZuQ5b","Sofía Reyes, Jason Derulo, De La Ghetto","1, 2, 3 (feat. Jason Derulo & De La Ghetto)","WEA Latina",31,72,27,"6687863"
85,"spotify:track:3DGar7krWlmrXRFHBcQF6z","Kris Kross Amsterdam, The Boy Next Door, Conor Maynard","Whenever (feat. Conor Maynard)","Spinnin' Records",85,96,4,"6648335"
86,"spotify:track:00EPIEnX1JFjff8sC6bccd","Thalia, NATTI NATASHA","No Me Acuerdo","Sony Music Latin",86,87,5,"6642291"
87,"spotify:track:0XySogm94T51XF5F2jumXm","Juice WRLD","All Girls Are The Same","Juice WRLD Mixtape / ISR P&D",48,81,15,"6619196"
88,"spotify:track:3obgSF06ki98lYNLNq5vCB","Juice WRLD, Lil Uzi Vert","Wasted (feat. Lil Uzi Vert)","Juice WRLD Mixtape / ISR P&D",80,92,6,"6601901"
89,"spotify:track:2ekn2ttSfGqwhhate0LSR0","Dua Lipa","New Rules","Warner Records",2,78,59,"6574127"
90,"spotify:track:29tc0GbW0pTSBZSCZF3NWk","Juice WRLD","Lean Wit Me","Juice WRLD Mixtape / ISR P&D",90,116,3,"6495115"
91,"spotify:track:4b7mLZQWsy0rLnrMtPA9fQ","Ariana Grande, Missy Elliott","borderline (feat. Missy Elliott)","Republic Records",91,-1,1,"6455372"
92,"spotify:track:5CLGzJsGqhCEECcpnFQA8x","Rudimental, Jess Glynne, Macklemore, Dan Caplen","These Days (feat. Jess Glynne, Macklemore & Dan Caplen)","Atlantic Records UK",9,79,31,"6379928"
93,"spotify:track:1zB4vmk8tFRmM9UULNzbLB","Imagine Dragons","Thunder","Kid Ina Korner / Interscope",8,82,69,"6339784"
94,"spotify:track:0tgVpDi06FyKpA1z0VMD4v","Ed Sheeran","Perfect","Atlantic Records UK",4,83,77,"6290225"
95,"spotify:track:7lAK3oHbfEnvUQWosrMMpR","Travis Scott","YOSEMITE","Cactus Jack / Epic",24,58,3,"6171684"
96,"spotify:track:33IOhptvC2Qoy2UhjiHXLV","David Guetta, Sia","Flames","Parlophone (France)",20,74,22,"6107898"
97,"spotify:track:2alIsNw1mqEShbWyO1HXZZ","Sebastian Yatra, Luis Figueroa, Lary Over","Por Perro","UMLE - Latino",84,88,16,"6081307"
98,"spotify:track:6752EZMgXswvRBH3N2PilO","Ozuna","Unica","VP Records Corp/Dimelo Vi",63,85,13,"6058577"
99,"spotify:track:62o8KoI44JfN7aYxgTnPvh","Maluma","Mala Mía","Sony Music Latin",80,80,2,"6037443"
100,"spotify:track:0ZNrc4kNeQYD9koZ3KvCsy","YG, 2 Chainz, Big Sean, Nicki Minaj","BIG BANK (feat. 2 Chainz, Big Sean, Nicki Minaj)","Def Jam Recordings",81,89,8,"6022830"
101,"spotify:track:3GVkPk8mqxz0itaAriG1L7","XXXTENTACION","Everybody Dies In Their Nightmares","Bad Vibes Forever / EMPIRE",24,94,36,"6009976"
102,"spotify:track:75ZvA4QfFiZvzhj2xkaWAh","Post Malone","I Fall Apart","Universal Records",10,100,48,"5964426"
103,"spotify:track:45Egmo7icyopuzJN0oMEdk","Khalid, Normani","Love Lies","RCA Records Label",11,86,27,"5948824"
104,"spotify:track:7glCSQqV5o6NU88Cn4zPZn","Bad Bunny","Estamos Bien","Rimas Entertainment LLC",88,93,8,"5837851"
105,"spotify:track:6eYxmK9fdL4hwLnXG2zY3s","XXXTENTACION","Look At Me!","Bad Vibes Forever / EMPIRE",39,104,53,"5741514"
106,"spotify:track:6U2NuJILEOEpW2tVCuqKHb","Daddy Yankee, NATTI NATASHA, Becky G, Bad Bunny","Dura - Remix","Craft Latino",52,95,17,"5686645"
107,"spotify:track:4ut5G4rgB1ClpMTMfjoIuy","Martin Garrix, Bonn","High On Life (feat. Bonn)","Epic Amsterdam",101,101,3,"5681321"
108,"spotify:track:38QmUDpkoYlNbMKvpvAsrE","KAROL G, J Balvin, Nicky Jam","Mi Cama - Remix","UMLE - Latino",76,110,4,"5667330"
109,"spotify:track:4e4fqjx0Izh4svvTef1z7e","Bebe Rexha, Florida Georgia Line","Meant to Be (feat. Florida Georgia Line)","Warner Records",18,105,49,"5663716"
110,"spotify:track:7GX5flRQZVHRAGd6B4TmDO","Lil Uzi Vert","XO Tour Llif3","Generation Now/Atlantic",10,112,74,"5609785"
111,"spotify:track:6xcJyGpfZbuuiequtnlKt4","Travis Scott","BUTTERFLY EFFECT","Cactus Jack / Epic",38,77,55,"5603390"
112,"spotify:track:3L4GsGLgxpHieVQH86H8bv","Nicki Minaj, Ariana Grande","Bed (feat. Ariana Grande)","Young Money/Cash Money Records",22,56,10,"5600651"
113,"spotify:track:0r9d60ZYPAlFHq8qnUtkXN","Cosculluela, Bad Bunny","Madura","Rottweilas, Inc.",70,103,19,"5541124"
114,"spotify:track:6Poyf51k7W3NKnsGwAI90B","Nicki Minaj","Barbie Dreams","Young Money/Cash Money Records",48,48,2,"5537165"
115,"spotify:track:7uzmGiiJyRfuViKKK3lVmR","Bazzi","Mine","iamcosmic",3,108,31,"5498595"
116,"spotify:track:2P91MQbaiQOfbiz9VqhqKQ","Lauv","I Like Me Better","Lauv",29,174,64,"5472521"
117,"spotify:track:5yNEdBlZMxpcVtGKz5NFk5","The Chainsmokers, Emily Warren","Side Effects","Disruptor Records/Columbia",91,91,4,"5391452"
118,"spotify:track:6Hgh47WXVKtXN5zGOu0hjI","Khalid, 6LACK, Ty Dolla $ign","OTW","Right Hand Music Group, LLC/RCA Records",24,115,18,"5336035"
119,"spotify:track:3qN5qMTKyEEmiTZD38BNTT","Drake","I'm Upset","Cash Money/Drake LP6",7,98,13,"5305706"
120,"spotify:track:20MuVazoNMv6xjKPnRFOxG","Travis Scott","WAKE UP","Cactus Jack / Epic",22,67,3,"5276094"
121,"spotify:track:19MBk3PbNFE36wqIqkMq9H","Alvaro Soler","La Cintura","Airforce1",42,97,15,"5271191"
122,"spotify:track:2QZ7WLBE8h2y1Y5Fb8RYbH","Shawn Mendes","In My Blood","Island Records",7,117,22,"5193682"
123,"spotify:track:6XBjCetHKdO5L9cwMDVffw","Anuel AA, Zion","Hipócrita","2018 Real Hasta La Muerte, Inc.",123,132,4,"5147722"
124,"spotify:track:4R5xvs5X0phd0EYWyGigju","Anitta","Medicina","WM Brazil",95,123,5,"5124972"
125,"spotify:track:4178A5NkEjcsGc64jpBO6d","Luis Fonsi, Stefflon Don","Calypso","UMLE - Latino",97,109,7,"5104238"
126,"spotify:track:1mXVgsBdtIVeCLJnSnmtdV","Sam Smith","Too Good At Goodbyes","PLG - Capitol",1,120,50,"5097502"
127,"spotify:track:2RttW7RAu5nOAfq6YFvApB","Ed Sheeran","Happier","Atlantic Records UK",10,118,67,"5078476"
128,"spotify:track:7KZ5MMVgBVox9ycroB2UrI","Travis Scott","CAROUSEL","Cactus Jack / Epic",19,71,3,"5054971"
129,"spotify:track:4UKCKdYiLN6IMA5ZESUTL7","XXXTENTACION","the remedy for a broken heart (why am I so in love)","Bad Vibes Forever, LLC",27,122,15,"5051290"
130,"spotify:track:4QVS8YCpK71R4FsxSMCjhP","Gryffin, Elley Duhé","Tie Me Down (with Elley Duhé)","Darkroom",130,161,2,"4997010"
131,"spotify:track:3T4UodGkfZObJ43RtA5KFU","OneRepublic","Connection","Mosley / Interscope",91,121,7,"4954834"
132,"spotify:track:3S0OXQeoh0w6AY8WQVckRW","Jason Mraz","I'm Yours","Atlantic Records/ATG",126,126,21,"4950091"
133,"spotify:track:6IaieqiCVvsNvEt6Y7yOFa","Post Malone, Nicki Minaj","Ball For Me (feat. Nicki Minaj)","Republic Records",15,127,17,"4888172"
134,"spotify:track:7BKLCZ1jbUBVqRi2FVlTVw","The Chainsmokers, Halsey","Closer","Disruptor Records/Columbia",2,128,87,"4817547"
135,"spotify:track:7rC5Pl8rQSX4myONQHYPBK","Drake","Mob Ties","Cash Money/Drake LP6",11,125,8,"4796967"
136,"spotify:track:3a1lNhkSLSkpJE4MSHpDu9","Post Malone, Quavo","Congratulations","Universal Records",20,138,83,"4753566"
137,"spotify:track:7nD2JPaxIKUdxd2UWgnaGL","Alex Rose, Rauw Alejandro, Lenny Tavárez, Cazzu, Lyanno","Toda - Remix","WK Records LLC",137,193,5,"4745131"
138,"spotify:track:6xTU6B6nFwKKTSZ9ySXS80","Kygo, Miguel","Remind Me to Forget","Kygo",29,131,23,"4694872"
139,"spotify:track:0SaYeGhSXN0dDWstyNTQ56","Wolfine, Maluma","Bella - Remix","LOMIORECORDS",81,124,16,"4670825"
140,"spotify:track:5uCax9HTNlzGybIStD3vDh","James Arthur","Say You Won't Let Go","Columbia",7,135,87,"4659233"
141,"spotify:track:1xYpVRspgaLxdJLOTQkTjg","Travis Scott","STOP TRYING TO BE GOD","Cactus Jack / Epic",27,84,3,"4648500"
142,"spotify:track:1gm616Plq4ScqNi7TVkZ5N","The Weeknd","Call Out My Name","Universal Republic Records",1,133,21,"4639975"
143,"spotify:track:5d35jcJj7WjDQBOHCHPY6t","Capital Bra, Juju","Melodien (feat. Juju)","Sony Music/BMA",71,113,3,"4619726"
144,"spotify:track:6vsV4D8BM6PioRr1UOx0n2","Billie Eilish","you should see me in a crown","Darkroom/Interscope Records",63,99,5,"4595628"
145,"spotify:track:7KXjTSCq5nL1LoYtL7XAwS","Kendrick Lamar","HUMBLE.","Aftermath",1,139,73,"4594295"
146,"spotify:track:2RVrdr062uLFxXwIxwdXPH","Piso 21, Paulo Londra","Te Amo","WM Mexico",76,134,22,"4576300"
147,"spotify:track:2374M0fQpWi3dLnB54qaLX","TOTO","Africa","Columbia",137,137,23,"4566414"
148,"spotify:track:27a1mYSG5tYg7dmEjWBcmL","Travis Scott","CAN'T SAY","Cactus Jack / Epic",35,90,3,"4558263"
149,"spotify:track:5Y9fnynLlIvqtM710MHzfz","Ozuna","Síguelo Bailando","VP Records Corp/Dimelo Vi",43,136,34,"4556419"
150,"spotify:track:1ZAyjvIk9YiD76yYy0TEG6","Rich The Kid","Plug Walk","Rich The Kid / (TDE/ISR PS)",19,141,25,"4514467"
151,"spotify:track:2ZRo7axmMPeSVUvDbGkJah","XXXTENTACION","Hope","Bad Vibes Forever, LLC",42,159,12,"4509233"
152,"spotify:track:54l9GJGQ1UCFKe2tzt1Vxt","Cheat Codes, Little Mix","Only You (with Little Mix)","Syco Music",77,102,7,"4505367"
153,"spotify:track:3QybPutx0Tjk472bBKjNWn","Sheck Wes","Mo Bamba","Cactus Jack Records/ G.O.O.D. Music/ Interscope Records",153,-1,1,"4505135"
154,"spotify:track:33zcmmElV1YbRZe57biUjg","Lele Pons","Celoso","10:22 PM / UMLE",154,-1,1,"4488610"
155,"spotify:track:0kCBorRrKZkSztd9m0QI3r","Young Thug, Young Stoner Life, Gunna, Lil Baby","Chanel (Go Get It) [feat. Gunna & Lil Baby]","300 Entertainment/Atl",155,-1,1,"4474120"
156,"spotify:track:7sO5G9EABYOXQKNPNiE9NR","Offset, Metro Boomin","Ric Flair Drip (with Metro Boomin)","Slaughter Gang, LLC/Epic/Quality Control Music/Motown/Capitol/Boominati Worldwide/Republic",32,162,43,"4461050"
157,"spotify:track:6n4U3TlzUGhdSFbUUhTvLP","Migos, Drake","Walk It Talk It","Quality Control Music, LLC",22,152,30,"4453991"
158,"spotify:track:33tNYw9oMtSkGe27NpgS64","Quavo","WORKIN ME","Quality Control Music/Motown Records/Capitol Records",114,114,2,"4445809"
159,"spotify:track:3GCdLUSnKSMJhs4Tj6CV3s","Kendrick Lamar, SZA","All The Stars (with SZA) - From ""Black Panther: The Album""","Black Panther (TDE/DMG) PS",2,146,33,"4416517"
160,"spotify:track:6RUKPb4LETWmmr3iAEQktW","The Chainsmokers, Coldplay","Something Just Like This","Disruptor Records/Columbia",2,153,79,"4389168"
161,"spotify:track:4h8VwCb1MTGoLKueQ1WgbD","Avicii","Wake Me Up","Pophouse Entertainment Group",13,149,18,"4388609"
162,"spotify:track:6gBFPUFcJLzWGx4lenP6h2","Travis Scott","goosebumps","Cactus Jack / Epic",60,148,86,"4351214"
163,"spotify:track:641R77CBy4bOLGRcA9sgHy","Bonez MC, RAF Camora","500 PS","187 Strassenbande & Vertigo/Capitol",111,144,3,"4338046"
164,"spotify:track:1zi7xx7UVEFkmKfv06H8x0","Drake, Wizkid, Kyla","One Dance","Cash Money Records/Young Money Ent./Universal Rec.",12,163,87,"4310701"
165,"spotify:track:10Igtw8bSDyyFs7KIsKngZ","Lil Dicky, Chris Brown","Freaky Friday (feat. Chris Brown)","Commission/BMG",7,142,23,"4287445"
166,"spotify:track:32lItqlMi4LBhb4k0BaSaC","Post Malone","Candy Paint","Republic Records",17,168,49,"4277957"
167,"spotify:track:6wvlEKW2qxucJSBXYpMV2P","The 1975","TOOTIMETOOTIMETOOTIME","Polydor Records",167,-1,1,"4262643"
168,"spotify:track:2r77vqSZkOktTSgmAOoHsV","Paulo Londra","Chica Paranormal","WEA Latina",168,192,3,"4258604"
169,"spotify:track:5bITfqKGaPakO1l99hOMsI","Justin Quiles, Zion & Lennox","No Quiero Amarte (feat. Zion & Lennox)","WEA Latina",153,170,7,"4257592"
170,"spotify:track:3rPAD722s5FFNnwjC91t7Z","Anuel AA","Quiere Beber","2018 Real Hasta La Muerte, Inc.",170,-1,1,"4244495"
171,"spotify:track:6QgjcU0zLnzq5OrUoSZ3OK","Portugal. The Man","Feel It Still","Atlantic Records",18,169,58,"4230139"
172,"spotify:track:0E6PsO3ymCfUh7pJQjBgkj","The Carters","APESHIT","Parkwood Entertainment/Roc Nation",37,147,9,"4180219"
173,"spotify:track:6KuqAtoeVzxAYOaMveLNpH","Daddy Yankee","Dura","Craft Latino",9,158,31,"4174636"
174,"spotify:track:0b9oOr2ZgvyQu88wzixux9","Childish Gambino","This Is America","Wolf+Rothstein/RCA Records",1,155,16,"4168148"
175,"spotify:track:6OaVWaGfhXn70ZJfdVcabn","Travis Scott","NO BYSTANDERS","Cactus Jack / Epic",28,107,3,"4152919"
176,"spotify:track:0GxQ1A5L9xnMOytbP6eKBG","Maroon 5, SZA","What Lovers Do (feat. SZA)","Interscope Records*",5,183,51,"4140081"
177,"spotify:track:5qqabIl2vWzo9ApSC317sa","Oasis","Wonderwall - Remastered","Big Brother",152,175,45,"4127650"
178,"spotify:track:7IBSffWIu7P2MC7kMwy2FM","Wiz Khalifa, Swae Lee","Hopeless Romantic (feat. Swae Lee)","Taylor Gang/Atlantic",87,191,6,"4124494"
179,"spotify:track:4F1yvJfQ7gJkrcgFJQDjOr","KYLE, Kehlani","Playinwitme (feat. Kehlani)","independently popular.",28,151,20,"4113125"
180,"spotify:track:4SZepBIPDRwPaHIjAKwRDb","Travis Scott","R.I.P. SCREW","Cactus Jack / Epic",25,106,3,"4094022"
181,"spotify:track:1bhUWB0zJMIKr9yVPrkEuI","Ed Sheeran, Beyoncé","Perfect Duet (Ed Sheeran & Beyoncé)","Atlantic Records UK",3,181,38,"4085187"
182,"spotify:track:0tp6mwUt99QnfY95T30Lqj","Armin van Buuren","Blah Blah Blah","Armada Music Albums",182,-1,1,"4076518"
183,"spotify:track:0ibOcbkp2XG46Do8jcy0bL","Smokepurpp, Lil Pump","Nephew (feat. Lil Pump)","Alamo",183,-1,1,"4062276"
184,"spotify:track:1Slwb6dOYkBlWal1PGtnNg","Ed Sheeran","Thinking out Loud","Atlantic Records UK",58,184,87,"4058768"
185,"spotify:track:7s25THrKz86DM225dOYwnr","Aretha Franklin","Respect","Rhino Atlantic",185,-1,1,"4027932"
186,"spotify:track:2CWnuF7ht55Ajyeg4WPvWu","BLACKPINK","DDU-DU DDU-DU","2018 YG Entertainment, distributed through Interscope Records",47,165,10,"4019311"
187,"spotify:track:0tBbt8CrmxbjRP0pueQkyU","Selena Gomez, Marshmello","Wolves","Selena Gomez PS",3,187,44,"4011127"
188,"spotify:track:7vGuf3Y35N4wmASOKLUVVU","Marshmello, Khalid","Silence","Joytime Collective/RCA Records",8,186,54,"4008044"
189,"spotify:track:1oc3jna2ablnfIKLYbKujl","Olly Alexander (Years & Years)","If You're Over Me","Polydor Records",66,154,12,"3967824"
190,"spotify:track:0Y4hwUppbGc8aIBmiTz30A","Liam Payne, J Balvin","Familiar","Capitol Records UK / EMI",57,160,18,"3967694"
191,"spotify:track:2hl6q70unbviGo3g1R7uFx","Luis Fonsi, Demi Lovato","Échame La Culpa","Echame La Culpa PS",7,178,40,"3943883"
192,"spotify:track:2XVilv6s9GETnw9PG4T9Mz","Maluma","El Préstamo","Sony Music Latin",52,150,24,"3933289"
193,"spotify:track:31M5m42C3EGlbydf9XB5to","Leslie Grace, Noriel","Duro y Suave","Sony Music Latin",129,166,15,"3932961"
194,"spotify:track:2eNSyVH3sNPiAj9WpRYK73","RIN","Dior 2001","GOLD LEAGUE/DIVISION Katalog",194,-1,1,"3905724"
195,"spotify:track:5Z3GHaZ6ec9bsiI5BenrbY","Khalid","Young Dumb & Broke","Right Hand Music Group, LLC/RCA Records",12,190,61,"3905571"
196,"spotify:track:4eWQlBRaTjPPUlzacqEeoQ","Camila Cabello","Never Be the Same","Syco Music/Epic",4,198,37,"3901352"
197,"spotify:track:6Qn5zhYkTa37e91HC1D7lb","Imagine Dragons","Whatever It Takes","Kid Ina Korner / Interscope",51,195,54,"3873939"
198,"spotify:track:3B54sVLJ402zGa6Xm4YGNe","French Montana, Swae Lee","Unforgettable","Bad Boy Entertainment/Epic Records",3,188,72,"3870972"
199,"spotify:track:6fxVffaTuwjgEk5h9QyRjy","Ed Sheeran","Photograph","Atlantic Records UK",41,194,80,"3836821"
200,"spotify:track:3uhBIQ7tv8j1FME8cFGEfG","John Legend","All of Me","G.O.O.D. Music/Columbia",147,197,17,"3810398"
