﻿rank,uri,artist_names,track_name,source,peak_rank,previous_rank,weeks_on_chart,streams
1,"spotify:track:3ee8Jmje8o58CHK66QrVC2","XXXTENTACION","SAD!","Bad Vibes Forever, LLC",1,1,17,"38010231"
2,"spotify:track:0JP9xo3adEtGSdUEISiszL","XXXTENTACION","Moonlight","Bad Vibes Forever, LLC",2,10,15,"27497557"
3,"spotify:track:0X8DcetL926BYiPJYstJTc","Juice WRLD","Lucid Dreams","Juice WRLD Mixtape / ISR P&D",3,5,7,"27389019"
4,"spotify:track:7fa9MBXhVfQ8P8Df9OEbD8","Maroon 5, Cardi B","Girls Like You (feat. Cardi B) - Cardi B Version","Interscope Records*",4,4,4,"26921586"
5,"spotify:track:7dt6x5M1jzdTEt8oCbisTK","Post Malone","Better Now","Republic Records",1,2,9,"26683626"
6,"spotify:track:58q2HKrzhC3ozto2nDdN4z","Cardi B, Bad Bunny, J Balvin","I Like It","Atlantic/KSR",3,6,12,"26222393"
7,"spotify:track:7ef4DlsgrMEH11cDZd32M6","Calvin Harris, Dua Lipa","One Kiss (with Dua Lipa)","Sony Music UK",2,3,12,"26073037"
8,"spotify:track:7m9OqQk4RVRkw9JJdeAw96","XXXTENTACION","Jocelyn Flores","Bad Vibes Forever / EMPIRE",7,7,44,"25442646"
9,"spotify:track:7AFASza1mXqntmGtbxXprO","XXXTENTACION","changes","Bad Vibes Forever, LLC",9,13,17,"23766098"
10,"spotify:track:6kPJZM97LwdG9QIsT7khp6","Clean Bandit, Demi Lovato","Solo (feat. Demi Lovato)","Atlantic Records UK",10,12,6,"22756444"
11,"spotify:track:514rhnksEwHUh6LxXsQ4Y9","Selena Gomez","Back To You","UMGRI Interscope",4,9,7,"21351658"
12,"spotify:track:5SxkdsY1ufZzoq9iXceLw9","Ariana Grande","no tears left to cry","Republic Records",2,11,10,"20593510"
13,"spotify:track:2iUXsYOEPhVqEBwsqP70rE","5 Seconds of Summer","Youngblood","Capitol",8,8,11,"20287241"
14,"spotify:track:5IaHrVsrferBYDm0bDyABy","Tyga, Offset","Taste (feat. Offset)","Last Kings Music / EMPIRE",14,18,6,"19390834"
15,"spotify:track:4kWO6O1BUXcZmaxitpVUwp","Tiësto, Dzeko, Preme, Post Malone","Jackie Chan","Universal Music, a division of Universal International Music BV",15,22,6,"18061453"
16,"spotify:track:3V8UKqhEK5zBkBb6d6ub8i","Nio Garcia, Casper Magico, Bad Bunny, Darell, Ozuna, Nicky Jam","Te Boté - Remix","Flow La Movie, Inc.",8,15,11,"17843808"
17,"spotify:track:1cTZMwcBJT0Ka3UJPXOeeN","Drake","Nice For What","Cash Money/Drake LP6",1,14,12,"16906465"
18,"spotify:track:39N9RPD9MRb5WmoLzNzPeA","Nicky Jam, J Balvin","X","Sony Music Latin",4,16,17,"16772422"
19,"spotify:track:7AQim7LbvFVZJE3O8TYgf2","XXXTENTACION, Trippie Redd","Fuck Love","Bad Vibes Forever / EMPIRE",19,19,41,"16680157"
20,"spotify:track:3nc420PXjTdBV5TN0gCFkS","Martin Garrix, Khalid","Ocean (feat. Khalid)","Epic Amsterdam",20,23,2,"16665782"
21,"spotify:track:6T8cJz5lAqGer9GUHGyelE","Drake","God's Plan","Cash Money/Drake LP6",1,17,23,"15882528"
22,"spotify:track:1ZEm9cJC05rawV2tptNfTS","Nicki Minaj, Ariana Grande","Bed (feat. Ariana Grande)","Young Money/Cash Money Records",22,29,2,"14917808"
23,"spotify:track:3swc6WTsr7rl9DqQKQA55C","Post Malone, Ty Dolla $ign","Psycho (feat. Ty Dolla $ign)","Republic Records",2,21,18,"14580636"
24,"spotify:track:3GVkPk8mqxz0itaAriG1L7","XXXTENTACION","Everybody Dies In Their Nightmares","Bad Vibes Forever / EMPIRE",24,25,28,"14237794"
25,"spotify:track:2ijef6ni2amuunRoKTlgww","Becky G, NATTI NATASHA","Sin Pijama","Sony Music Latin",25,36,9,"13861687"
26,"spotify:track:0kHyKhJMukHEPfeh8s7rdM","Kygo, Imagine Dragons","Born To Be Yours","Kygo",26,38,2,"13643404"
27,"spotify:track:4UKCKdYiLN6IMA5ZESUTL7","XXXTENTACION","the remedy for a broken heart (why am I so in love)","Bad Vibes Forever, LLC",27,32,7,"13521112"
28,"spotify:track:33IOhptvC2Qoy2UhjiHXLV","David Guetta, Sia","Flames","Parlophone (France)",20,28,14,"13460477"
29,"spotify:track:63SevszngYpZOwf63o61K4","Dennis Lloyd","Nevermind","WM Italy",18,31,15,"12983555"
30,"spotify:track:08bNPGLD8AhKpnnERrAc6G","Marshmello, Anne-Marie","FRIENDS","Joytime Collective",4,27,20,"12806099"
31,"spotify:track:3qnoOm4fwZPBS116f5hpgF","Kanye West","All Mine","Getting Out Our Dreams, Inc./Def Jam Recordings",3,20,4,"12802610"
32,"spotify:track:0e7ipj03S05BNilyu5bRzt","Post Malone, 21 Savage","rockstar (feat. 21 Savage)","Republic Records",1,33,41,"12526502"
33,"spotify:track:0u2P5u6lvoDfwTYjAADbn4","Billie Eilish, Khalid","lovely (with Khalid)","Darkroom",24,24,10,"12388935"
34,"spotify:track:54oMZ3blwWwuPN4wEoG5mk","Drake","I'm Upset","Cash Money/Drake LP6",26,26,5,"12337572"
35,"spotify:track:6SFStUDQZNaGPKWOx9ZiJB","Anne-Marie","2002","Atlantic Records UK",27,34,10,"12291560"
36,"spotify:track:3u1S1OmAUhx5DRlLrXqyp3","Jonas Blue, Jack & Jack","Rise","Positiva",36,64,4,"11879561"
37,"spotify:track:6vN77lE9LK6HP2DewaN6HZ","Lil Baby, Drake","Yes Indeed","Quality Control Music, LLC",12,30,7,"11647357"
38,"spotify:track:7ycWLEP1GsNjVvcjawXz3z","A$AP Rocky, Skepta","Praise The Lord (Da Shine) (feat. Skepta)","A$AP Worldwide/Polo Grounds Music/RCA Records",25,35,5,"11187748"
39,"spotify:track:6eYxmK9fdL4hwLnXG2zY3s","XXXTENTACION","Look At Me!","Bad Vibes Forever / EMPIRE",39,60,45,"11076255"
40,"spotify:track:2ARqIya5NAuvFVHSN3bL0m","Zedd, Maren Morris, Grey","The Middle","UMGRI Interscope",6,37,22,"10984795"
41,"spotify:track:4qKcDkK6siZ7Jp1Jb4m0aL","BlocBoy JB, Drake","Look Alive (feat. Drake)","Bloc Nation",6,39,20,"10964691"
42,"spotify:track:2ZRo7axmMPeSVUvDbGkJah","XXXTENTACION","Hope","Bad Vibes Forever, LLC",42,51,4,"10147938"
43,"spotify:track:6jA8JUuPCGYjFcgw0AoM5T","Reik, Ozuna, Wisin","Me Niego (feat. Ozuna & Wisin)","Columbia",22,42,19,"10106561"
44,"spotify:track:76cy1WJvNGJTj78UqeA5zr","Dua Lipa","IDGAF","Warner Records",4,43,26,"9937829"
45,"spotify:track:1Nj2oBISdFDSF8eDuXcALz","OneRepublic, Logic","Start Again (feat. Logic)","UMGRI Interscope",45,65,6,"9837974"
46,"spotify:track:5CLGzJsGqhCEECcpnFQA8x","Rudimental, Jess Glynne, Macklemore, Dan Caplen","These Days (feat. Jess Glynne, Macklemore & Dan Caplen)","Atlantic Records UK",9,44,23,"9804042"
47,"spotify:track:0b9oOr2ZgvyQu88wzixux9","Childish Gambino","This Is America","Wolf+Rothstein/RCA Records",1,40,8,"9765037"
48,"spotify:track:3H2JThgdBxezwj1wwafQS8","Juice WRLD","All Girls Are The Same","Juice WRLD Mixtape / ISR P&D",48,57,7,"9232007"
49,"spotify:track:6Hgh47WXVKtXN5zGOu0hjI","Khalid, 6LACK, Ty Dolla $ign","OTW","Right Hand Music Group, LLC/RCA Records",24,48,10,"9227395"
50,"spotify:track:01TnVDiet1DFTsyWKUKovl","XXXTENTACION","NUMB","Bad Vibes Forever, LLC",48,52,5,"9137156"
51,"spotify:track:1rfofaqEpACxVEHIZBJe6W","Camila Cabello, Young Thug","Havana (feat. Young Thug)","Syco Music/Epic",1,50,47,"8710499"
52,"spotify:track:45Egmo7icyopuzJN0oMEdk","Khalid, Normani","Love Lies","RCA Records Label",11,41,19,"8671351"
53,"spotify:track:19MBk3PbNFE36wqIqkMq9H","Alvaro Soler","La Cintura","Airforce1",53,63,7,"8654596"
54,"spotify:track:4QtiVmuA88tPQiCOHZuQ5b","Sofía Reyes, Jason Derulo, De La Ghetto","1, 2, 3 (feat. Jason Derulo & De La Ghetto)","WEA Latina",31,53,19,"8603892"
55,"spotify:track:6U2NuJILEOEpW2tVCuqKHb","Daddy Yankee, NATTI NATASHA, Becky G, Bad Bunny","Dura - Remix","Craft Latino",52,56,9,"8416746"
56,"spotify:track:7qiZfU4dY1lWllzX7mPBI3","Ed Sheeran","Shape of You","Atlantic Records UK",1,58,77,"8399286"
57,"spotify:track:21YnmkSDhUkmkkni22Svc4","Shawn Mendes","In My Blood","Island Records",7,45,14,"8221110"
58,"spotify:track:0VKkyBKCXyR99navhVRqcP","Zion & Lennox","La player (Bandolera)","WEA Latina",58,61,15,"8172778"
59,"spotify:track:4e4fqjx0Izh4svvTef1z7e","Bebe Rexha, Florida Georgia Line","Meant to Be (feat. Florida Georgia Line)","Warner Records",18,54,41,"8056421"
60,"spotify:track:7uzmGiiJyRfuViKKK3lVmR","Bazzi","Mine","iamcosmic",3,62,23,"7913286"
61,"spotify:track:0E6PsO3ymCfUh7pJQjBgkj","The Carters","APESHIT","Parkwood Entertainment/Roc Nation",61,-1,1,"7820787"
62,"spotify:track:4F1yvJfQ7gJkrcgFJQDjOr","KYLE, Kehlani","Playinwitme (feat. Kehlani)","independently popular.",28,46,12,"7713847"
63,"spotify:track:7sFYVcKSb24qg0dAkqLEFj","KAROL G","Mi Cama","UMLE - Latino",63,80,4,"7556476"
64,"spotify:track:2ekn2ttSfGqwhhate0LSR0","Dua Lipa","New Rules","Warner Records",2,68,51,"7487010"
65,"spotify:track:10Igtw8bSDyyFs7KIsKngZ","Lil Dicky, Chris Brown","Freaky Friday (feat. Chris Brown)","Commission/BMG",7,55,15,"7486203"
66,"spotify:track:43V1z6QToNNWNldV4FEG6r","Loud Luxury, Brando","Body","Armada Music",66,99,4,"7213998"
67,"spotify:track:3pWcj8hxj3fsb9TDAcMpEl","The Chainsmokers, Drew Love","Somebody","Disruptor Records/Columbia",58,70,10,"7209731"
68,"spotify:track:5Y9fnynLlIvqtM710MHzfz","Ozuna","Síguelo Bailando","VP Records Corp/Dimelo Vi",43,78,26,"7191476"
69,"spotify:track:1gm616Plq4ScqNi7TVkZ5N","The Weeknd","Call Out My Name","Universal Republic Records",1,59,13,"7179199"
70,"spotify:track:0r9d60ZYPAlFHq8qnUtkXN","Cosculluela, Bad Bunny","Madura","Rottweilas, Inc.",70,77,11,"7173972"
71,"spotify:track:3bH4HzoZZFq8UpZmI2AMgV","John Mayer","New Light","Columbia",63,76,6,"7167540"
72,"spotify:track:6n4U3TlzUGhdSFbUUhTvLP","Migos, Drake","Walk It Talk It","Quality Control Music, LLC",22,73,22,"6983333"
73,"spotify:track:6IaieqiCVvsNvEt6Y7yOFa","Post Malone, Nicki Minaj","Ball For Me (feat. Nicki Minaj)","Republic Records",15,72,9,"6932868"
74,"spotify:track:3GCdLUSnKSMJhs4Tj6CV3s","Kendrick Lamar, SZA","All The Stars (with SZA) - From ""Black Panther: The Album""","Black Panther (TDE/DMG) PS",2,81,25,"6915145"
75,"spotify:track:7b8YOVV5quZcSKEijDgyWB","BLACKPINK","DDU-DU DDU-DU","2018 YG Entertainment, distributed through Interscope Records",47,47,2,"6866858"
76,"spotify:track:7Izh7zLJGw1Nscd62Exxj4","Imagine Dragons","Believer","Kid Ina Korner / Interscope",16,86,73,"6724043"
77,"spotify:track:0tgVpDi06FyKpA1z0VMD4v","Ed Sheeran","Perfect","Atlantic Records UK",4,83,69,"6721630"
78,"spotify:track:6mAz8D1TmlTuef90dbNIiZ","Rich The Kid","Plug Walk","Rich The Kid / (TDE/ISR PS)",19,69,17,"6686742"
79,"spotify:track:4DnHUy01jEA4b5ydC3HgsT","Nicky Jam, Will Smith, Era Istrefi","Live It Up - Official Song 2018 FIFA World Cup Russia","Sony Music Latin",79,89,4,"6638928"
80,"spotify:track:5iZ4hcpCgFVijq5OOjBTKZ","Ariana Grande, Nicki Minaj","the light is coming (feat. Nicki Minaj)","Republic Records",80,-1,1,"6619956"
81,"spotify:track:1YNQscOx6OqBQjxgJVhEeW","Rita Ora, Bebe Rexha, Charli xcx, Cardi B","Girls (feat. Cardi B, Bebe Rexha & Charli XCX)","Atlantic Records UK",52,88,7,"6563140"
82,"spotify:track:7boPPE857KEqCIHNwFkDop","Sia, Diplo, Labrinth, LSD","Audio (feat. Sia, Diplo, and Labrinth)","Records/Columbia",76,90,7,"6553281"
83,"spotify:track:083Qf6hn6sFL6xiOHlZUyn","Jess Glynne","I'll Be There","Atlantic Records UK",66,82,8,"6539529"
84,"spotify:track:7sO5G9EABYOXQKNPNiE9NR","Offset, Metro Boomin","Ric Flair Drip (with Metro Boomin)","Slaughter Gang, LLC/Epic/Quality Control Music/Motown/Capitol/Boominati Worldwide/Republic",32,85,35,"6473479"
85,"spotify:track:1rqqCSm0Qe4I9rUvWncaom","Panic! At The Disco","High Hopes","DCD2 / Fueled By Ramen",85,-1,1,"6424192"
86,"spotify:track:2alIsNw1mqEShbWyO1HXZZ","Sebastian Yatra, Luis Figueroa, Lary Over","Por Perro","UMLE - Latino",86,93,8,"6410884"
87,"spotify:track:75ZvA4QfFiZvzhj2xkaWAh","Post Malone","I Fall Apart","Universal Records",10,87,40,"6348742"
88,"spotify:track:6752EZMgXswvRBH3N2PilO","Ozuna","Unica","VP Records Corp/Dimelo Vi",88,101,5,"6297021"
89,"spotify:track:26gceVsA1ybT8qsX3aYLEn","Imagine Dragons","Thunder","Kid Ina Korner / Interscope",8,96,61,"6277573"
90,"spotify:track:6xTU6B6nFwKKTSZ9ySXS80","Kygo, Miguel","Remind Me to Forget","Kygo",29,66,15,"6253879"
91,"spotify:track:0Y4hwUppbGc8aIBmiTz30A","Liam Payne, J Balvin","Familiar","Capitol Records UK / EMI",57,92,10,"6234530"
92,"spotify:track:5TXDeTFVRVY7Cvt0Dw4vWW","XXXTENTACION","Revenge","Bad Vibes Forever / EMPIRE",63,84,8,"6233934"
93,"spotify:track:2XVilv6s9GETnw9PG4T9Mz","Maluma","El Préstamo","Sony Music Latin",52,91,16,"6232325"
94,"spotify:track:7GX5flRQZVHRAGd6B4TmDO","Lil Uzi Vert","XO Tour Llif3","Generation Now/Atlantic",10,97,66,"6187197"
95,"spotify:track:0STK94RxUulYqWzwFlyAb5","Demi Lovato","Sober","Island Records",95,-1,1,"6171255"
96,"spotify:track:3aW0ds4A4tSQDIp75FqWTo","BTS","FAKE LOVE","BIGHIT MUSIC",14,74,6,"6090886"
97,"spotify:track:5qFeMRz4TvetPmzjre9Dq7","J Balvin, Zion & Lennox","No Es Justo","UMLE - Latino",97,-1,1,"6058055"
98,"spotify:track:0SaYeGhSXN0dDWstyNTQ56","Wolfine, Maluma","Bella - Remix","LOMIORECORDS",81,107,8,"6040187"
99,"spotify:track:5PTG6rrL6EPFD9E2QMI2pl","Famous Dex","JAPAN","300 Entertainment",34,111,14,"5748418"
100,"spotify:track:2RttW7RAu5nOAfq6YFvApB","Ed Sheeran","Happier","Atlantic Records UK",10,105,59,"5745072"
101,"spotify:track:1NbGcdgwRHZ5rbPIT9hdR3","Troye Sivan, Ariana Grande","Dance To This (feat. Ariana Grande)","EMI Recorded Music Australia Pty Ltd",75,75,2,"5628993"
102,"spotify:track:2r4JRwcbIeuAzWjH4YXlLs","Kanye West","Yikes","Getting Out Our Dreams, Inc./Def Jam Recordings",5,67,4,"5622322"
103,"spotify:track:5S1IUPueD0xE0vj4zU3nSf","2 Chainz, Drake, Quavo","Bigger Than You (feat. Drake & Quavo)","Def Jam Recordings",71,71,2,"5587537"
104,"spotify:track:2j2fIJGh4PMdXt9ULI5Tlc","Daddy Yankee","Dura","Craft Latino",9,103,23,"5559527"
105,"spotify:track:40oKW22ZNNkEdZLJTScaQI","Kodak Black, XXXTENTACION","Roll in Peace (feat. XXXTENTACION)","Atlantic Records",79,100,35,"5538591"
106,"spotify:track:1mXVgsBdtIVeCLJnSnmtdV","Sam Smith","Too Good At Goodbyes","PLG - Capitol",1,115,42,"5538425"
107,"spotify:track:3JJYIoJ5FyY9E0DGjr7SXF","Lauv","Enemies","Lauv",107,-1,1,"5489468"
108,"spotify:track:1zsG4eaZmkA1dvjDDsAGLK","Luis Fonsi, Demi Lovato","Échame La Culpa","UMLE - Latino",7,102,32,"5473648"
109,"spotify:track:04ZTP5KsCypmtCmQg5tH9R","Bebe Rexha","I'm a Mess","Warner Records",109,-1,1,"5462817"
110,"spotify:track:1BuZAIO8WZpavWVbbq3Lci","Rae Sremmurd, Swae Lee, Slim Jxmmi, Juicy J","Powerglide (feat. Juicy J) - From SR3MM","Mike WiLL Made-It",50,106,17,"5462017"
111,"spotify:track:32lItqlMi4LBhb4k0BaSaC","Post Malone","Candy Paint","Republic Records",17,104,41,"5461921"
112,"spotify:track:5SwEgzUFDHwpWHKrbnP32Z","Shawn Mendes, Khalid","Youth (feat. Khalid)","Island Records",21,79,8,"5456495"
113,"spotify:track:2RVrdr062uLFxXwIxwdXPH","Piso 21, Paulo Londra","Te Amo","WM Mexico",76,113,14,"5421230"
114,"spotify:track:4RVbK6cV0VqWdpCDcx3hiT","KIDS SEE GHOSTS","Reborn","Getting Out Our Dreams, Inc./Def Jam Recordings",21,49,3,"5416262"
115,"spotify:track:2yZax79pOrYuyIFVW2cZY2","XXXTENTACION","Carry On","Bad Vibes Forever / EMPIRE",92,98,5,"5392142"
116,"spotify:track:6VrBWh90BiwWmwKtvwWFcq","J Balvin","Ambiente","UMLE - Latino",109,117,5,"5293871"
117,"spotify:track:3soOPBuMK8YMdWnV7xpEyf","Sean Paul, David Guetta, Becky G","Mad Love","Universal-Island Records Ltd.",38,116,17,"5284072"
118,"spotify:track:2EzRdhuoPyNJDlep7lnNf2","Danny Ocean","Dembow","Atlantic Records",65,124,24,"5149968"
119,"spotify:track:447yWcDPg1ddgcHBLGpJC0","Louis The Child, Wafia","Better Not (with Wafia)","Louis The Child / Interscope",119,144,3,"5144772"
120,"spotify:track:5QskYLFPX9y7pLU0VEMNbr","Shawn Mendes, Julia Michaels","Like To Be You (feat. Julia Michaels)","Island Records",86,-1,2,"5140120"
121,"spotify:track:6RnkFd8Fqqgk1Uni8RgqCQ","David Guetta, Martin Garrix, Brooks","Like I Do","Parlophone (France)",24,95,18,"5109559"
122,"spotify:track:0At2qAoaVjIwWNAqrscXli","Ella Mai","Boo'd Up","10 Summers / Interscope PS",122,184,2,"5072076"
123,"spotify:track:01k24g94i1JvkFLQmVEdCd","Olly Alexander (Years & Years)","If You're Over Me","Polydor Records",123,196,4,"5063249"
124,"spotify:track:7DrluKkTviBwCc8AV3VGmf","Shakira, Maluma","Clandestino","Sony Music Latin",93,121,3,"5061713"
125,"spotify:track:1j6xOGusnyXq3l6IryKF3G","Piso 21, Manuel Turizo","Déjala Que Vuelva (feat. Manuel Turizo)","WM Mexico",33,118,34,"5052043"
126,"spotify:track:7KXjTSCq5nL1LoYtL7XAwS","Kendrick Lamar","HUMBLE.","Aftermath",1,120,65,"5042469"
127,"spotify:track:44KKhCyI0BGS6LvVyDqJtH","Lil Pump","Esskeetit","Warner Records",51,128,11,"5030878"
128,"spotify:track:3fpVWegR6YOS1Yk5HSMYIq","Post Malone","Paranoid","Republic Records",4,109,9,"5014186"
129,"spotify:track:3a1lNhkSLSkpJE4MSHpDu9","Post Malone, Quavo","Congratulations","Universal Records",20,122,75,"5006052"
130,"spotify:track:7hDVYcQq6MxkdJGweuCtl9","Billie Eilish","ocean eyes","Darkroom",130,174,2,"4980946"
131,"spotify:track:6g1NlCpW7fgqDnWbCCDrHl","Avicii","Wake Me Up","Pophouse Entertainment Group",13,123,10,"4960315"
132,"spotify:track:1lsBTdE6MGsKeZCD6llNu7","Charlie Puth, Kehlani","Done for Me (feat. Kehlani)","Artist Partner",75,132,11,"4938594"
133,"spotify:track:76vMKwFtdDDCLcM6zXybjB","Panic! At The Disco","Say Amen (Saturday Night)","DCD2 / Fueled By Ramen",109,-1,3,"4890253"
134,"spotify:track:4P92FrvmYQSAfOpp4cpFEi","Florida Georgia Line","Simple","BMLG Records",134,142,2,"4885969"
135,"spotify:track:7EmGUiUaOSGDnUUQUDrOXC","Selena Gomez, Marshmello","Wolves","Selena Gomez PS",3,125,36,"4836244"
136,"spotify:track:6QgjcU0zLnzq5OrUoSZ3OK","Portugal. The Man","Feel It Still","Atlantic Records",18,131,50,"4790324"
137,"spotify:track:6kp0inxIexxSiDJfWqq0ZL","6ix9ine, DJ SpinKing","TATI (feat. DJ Spinking)","ScumGang Records / TenThousand Projects, LLC",82,140,5,"4708939"
138,"spotify:track:5VuxWXbt7XENQCtE9TzpTv","Post Malone, Swae Lee","Spoil My Night (feat. Swae Lee)","Republic Records",9,114,9,"4694335"
139,"spotify:track:7BKLCZ1jbUBVqRi2FVlTVw","The Chainsmokers, Halsey","Closer","Disruptor Records/Columbia",2,147,79,"4669763"
140,"spotify:track:1bhUWB0zJMIKr9yVPrkEuI","Ed Sheeran, Beyoncé","Perfect Duet (Ed Sheeran & Beyoncé)","Atlantic Records UK",3,141,30,"4667796"
141,"spotify:track:5uCax9HTNlzGybIStD3vDh","James Arthur","Say You Won't Let Go","Columbia",7,136,79,"4656295"
142,"spotify:track:4eWQlBRaTjPPUlzacqEeoQ","Camila Cabello","Never Be the Same","Syco Music/Epic",4,126,29,"4652328"
143,"spotify:track:1xznGGDReH1oQq0xzbwXa3","Drake, Wizkid, Kyla","One Dance","Cash Money Records/Young Money Ent./Universal Rec.",12,149,79,"4608943"
144,"spotify:track:7vGuf3Y35N4wmASOKLUVVU","Marshmello, Khalid","Silence","Joytime Collective/RCA Records",8,133,46,"4587921"
145,"spotify:track:22oEJW6r2rMb9z4IntfyEa","Panic! At The Disco","Hey Look Ma, I Made It","DCD2 / Fueled By Ramen",145,-1,1,"4551516"
146,"spotify:track:2P91MQbaiQOfbiz9VqhqKQ","Lauv","I Like Me Better","Lauv",29,150,56,"4501624"
147,"spotify:track:3B54sVLJ402zGa6Xm4YGNe","French Montana, Swae Lee","Unforgettable","Bad Boy Entertainment/Epic Records",3,157,64,"4491523"
148,"spotify:track:4H7WNRErSbONkM06blBoGc","Post Malone","Stay","Republic Records",11,127,9,"4477837"
149,"spotify:track:3S0OXQeoh0w6AY8WQVckRW","Jason Mraz","I'm Yours","Atlantic Records/ATG",149,159,13,"4465250"
150,"spotify:track:5Z3GHaZ6ec9bsiI5BenrbY","Khalid","Young Dumb & Broke","Right Hand Music Group, LLC/RCA Records",12,152,53,"4417482"
151,"spotify:track:6Za3190Sbw39BBC77WSS1C","NATTI NATASHA, Ozuna","Criminal","Pina Records",21,143,41,"4414073"
152,"spotify:track:31M5m42C3EGlbydf9XB5to","Leslie Grace, Noriel","Duro y Suave","Sony Music Latin",152,163,7,"4406233"
153,"spotify:track:6RUKPb4LETWmmr3iAEQktW","The Chainsmokers, Coldplay","Something Just Like This","Disruptor Records/Columbia",2,155,71,"4378850"
154,"spotify:track:6WbADFqMvR8N5u0BvtsWQE","Avicii, Sandro Cavazza","Without You","Universal Music AB",20,134,38,"4368631"
155,"spotify:track:003eoIwxETJujVWmNFMoZy","Alessia Cara","Growing Pains","Def Jam Recordings",112,112,2,"4358091"
156,"spotify:track:2OvV4NjEBRE9v8Oo7QeUCq","Julia Michaels, Trippie Redd","Jump (with Trippie Redd)","J/Republic",146,146,3,"4341399"
157,"spotify:track:3Vo4wInECJQuz9BIBMOu8i","Bruno Mars, Cardi B","Finesse - Remix; feat. Cardi B","Atlantic Records",4,151,25,"4336950"
158,"spotify:track:4ofwffwvvnbSkrMSCKQDaC","George Ezra","Shotgun","Columbia",158,-1,1,"4329970"
159,"spotify:track:2VdT56BGpdqNHUgOe1j5vc","Post Malone","Rich & Sad","Republic Records",10,129,9,"4327300"
160,"spotify:track:6gBFPUFcJLzWGx4lenP6h2","Travis Scott","goosebumps","Cactus Jack / Epic",60,162,78,"4326891"
161,"spotify:track:6nO3tr47nr2P7f3hXb8JIo","NAV, Travis Scott","Champion (feat. Travis Scott)","Republic Records",130,130,6,"4326461"
162,"spotify:track:3m660poUr1chesgkkjQM7P","Demi Lovato","Sorry Not Sorry","Island Records",7,171,50,"4320389"
163,"spotify:track:0wdV94AXGRphrbkDWLNzVC","Panic! At The Disco","Roaring 20s","DCD2 / Fueled By Ramen",163,-1,1,"4306040"
164,"spotify:track:2H3wWrnO758y0fPH7Ilerg","XXXTENTACION","Depression & Obsession","Bad Vibes Forever / EMPIRE",75,119,5,"4283646"
165,"spotify:track:0CZ8lquoTX2Dkg7Ak2inwA","King Princess","1950","Zelig Records, LLC./Columbia Records",61,110,15,"4271675"
166,"spotify:track:5de9Ho64dovuQI8Uhn5gPD","XXXTENTACION","I Don't Wanna Do This Anymore","Bad Vibes Forever / EMPIRE",165,165,2,"4262087"
167,"spotify:track:0GxQ1A5L9xnMOytbP6eKBG","Maroon 5, SZA","What Lovers Do (feat. SZA)","Interscope Records*",5,145,43,"4217512"
168,"spotify:track:2Ab1wPTEqulaCGoBak1gUo","Matheus & Kauan, Anitta","Ao Vivo E A Cores","Universal Music Ltda.",160,169,4,"4212014"
169,"spotify:track:2374M0fQpWi3dLnB54qaLX","TOTO","Africa","Columbia",145,154,15,"4207911"
170,"spotify:track:18W92Zm1KjLCbUIszOhpkD","NOTD, Bea Miller","I Wanna Know (feat. Bea Miller)","Universal Music AB",74,180,12,"4174245"
171,"spotify:track:2fQrGHiQOvpL9UgPvtYy6G","21 Savage","Bank Account","Slaughter Gang, LLC/Epic Records",22,176,51,"4173667"
172,"spotify:track:6PFoEnjp0PAe5siGswjH9i","Panic! At The Disco","Dancing's Not a Crime","DCD2 / Fueled By Ramen",172,-1,1,"4166609"
173,"spotify:track:4vaxvNDaLSoD36iZX515ug","Lil Xan","Betrayed","Columbia",55,-1,29,"4153398"
174,"spotify:track:6mrKP2jyIQmM0rw6fQryjr","NF","Let You Down","NF Real Music",9,170,38,"4146799"
175,"spotify:track:7COfe3P7KgfwDwIRB8LIDw","J Balvin, Willy William","Mi Gente","Scorpio Music (FR)",1,172,52,"4132954"
176,"spotify:track:7F3uo3304R2CTvOseU3H7u","Imagine Dragons","Whatever It Takes","Kid Ina Korner / Interscope",51,167,46,"4102294"
177,"spotify:track:7CneiDesUKFJO3Ix01dnfr","Taylor Swift","Delicate","Taylor Swift",26,166,18,"4086047"
178,"spotify:track:2CvOqDpQIMw69cCzWqr5yr","Beyoncé","Halo","Music World Music/Columbia",149,183,7,"4079356"
179,"spotify:track:5tz69p7tJuGPeMGwNTxYuV","Logic, Alessia Cara, Khalid","1-800-273-8255","Def Jam Recordings",5,175,61,"4075979"
180,"spotify:track:7Fg342AJtNsIDdwCfX0paC","ZAYN","Let Me","RCA Records Label",28,139,11,"4075820"
181,"spotify:track:71bBFbfn2OBK5QwUJSLS44","Axwell /\ Ingrosso, Axwell, Sebastian Ingrosso","More Than You Know","Pophouse Entertainment Group",15,156,57,"4074532"
182,"spotify:track:7rwX0O3RlxqqIjQM8evm5E","Ozuna, Mambo Kingz, DJ Luian, Bad Bunny, Wisin, Almighty","Solita","Hear This Music",75,181,22,"4073701"
183,"spotify:track:5cepAtqnEQ6yVG6088zMMu","Maluma, Nego do Borel","Corazón (feat. Nego do Borel)","Sony Music Latin",17,161,34,"4073663"
184,"spotify:track:2uaiyLKnYvazyfR0Ky3Kbk","Alec Benjamin","Let Me Down Slowly","2018",184,-1,1,"4071714"
185,"spotify:track:2BJSMvOGABRxokHKB0OI8i","Playboi Carti, Lil Uzi Vert","Shoota (feat. Lil Uzi Vert)","AWGE Label",86,148,7,"4039124"
186,"spotify:track:1Knctxx9vGZxpZfF66BIEa","Juice WRLD","Legends","Juice WRLD / Interscope PS",186,-1,1,"4017628"
187,"spotify:track:51rXHuKN8Loc4sUlKPODgH","Jay Rock, Kendrick Lamar, Future, James Blake","King's Dead (with Kendrick Lamar, Future & James Blake)","Black Panther (TDE/DMG) PS",29,164,24,"4016316"
188,"spotify:track:5CtI0qwDJkDQGwXD1H1cLb","Luis Fonsi, Daddy Yankee, Justin Bieber","Despacito - Remix","UMLE - Latino",1,185,63,"4014333"
189,"spotify:track:3TnhQSRwT3AVMdXw5JPq0x","Paulo Londra, Lenny Tavárez","Nena Maldición (feat. Lenny Tavárez)","WEA Latina",170,189,8,"3985408"
190,"spotify:track:6lOWoTqVnAWXchddtTH31W","Tom Walker","Leave a Light On","Relentless Records",169,179,12,"3972497"
191,"spotify:track:0dSIrRkA4PadGll16TgbnV","Famous Dex, A$AP Rocky","PICK IT UP (feat. A$AP Rocky)","300 Entertainment",60,192,33,"3957946"
192,"spotify:track:2xGjteMU3E1tkEPVFBO08U","Keala Settle, The Greatest Showman Ensemble","This Is Me","Atlantic Records",30,182,26,"3939638"
193,"spotify:track:1Slwb6dOYkBlWal1PGtnNg","Ed Sheeran","Thinking out Loud","Atlantic Records UK",58,191,79,"3936088"
194,"spotify:track:152lZdxL1OR0ZMW6KquMif","Khalid","Location","Right Hand Music Group, LLC/RCA Records",34,199,73,"3935635"
195,"spotify:track:3Ga6eKrUFf12ouh9Yw3v2D","Anitta, J Balvin","Downtown","WM Brazil",21,186,32,"3925166"
196,"spotify:track:7yotKA30dwTKNEGomV9ZsI","J. Cole","KOD","J. Cole P&D",6,177,10,"3907437"
197,"spotify:track:0Dq49j3dELbttQVUJbtn0c","Shawn Mendes","Nervous","Island Records",30,94,5,"3900620"
198,"spotify:track:6aH3QgooXRmx8k8jzrSm3V","PNL","A l'ammoniaque","QLF Records",198,-1,1,"3885608"
199,"spotify:track:5qqabIl2vWzo9ApSC317sa","Oasis","Wonderwall - Remastered","Big Brother",152,193,37,"3869753"
200,"spotify:track:0KKkJNfGyhkQ5aFogxQAPU","Bruno Mars","That's What I Like","Atlantic Records",6,-1,74,"3868864"
