﻿rank,uri,artist_names,track_name,source,peak_rank,previous_rank,weeks_on_chart,streams
1,"spotify:track:4w8niZpiMy6qz1mntFA5uM","DJ Snake, Selena Gomez, Ozuna, Cardi B","Taki Taki (with Selena Gomez, Ozuna & Cardi B)","DJ Snake Music Productions Limited, under exclusive license to Geffen Records",1,1,2,"33141182"
2,"spotify:track:2dpaYNEQHiRxtZbfNsse99","Marshmello, Bastille","Happier","Joytime Collective",2,3,8,"28685390"
3,"spotify:track:4S8d14HvHb70ImctNgVzQQ","Kanye West, Lil Pump","I Love It (& Lil Pump)","Getting Out Our Dreams, Inc./Def Jam Recordings",1,2,5,"25451940"
4,"spotify:track:0Dn40gxVCMo5TkgS8Ik18Q","Lil Peep, XXXTENTACION","Falling Down - Bonus Track","Columbia",2,5,4,"22273259"
5,"spotify:track:5N5k9nd479b1xpDZ4usjrg","Calvin Harris, Sam Smith, Jessie Reyez","Promises (with Sam Smith)","Columbia",5,8,8,"21148561"
6,"spotify:track:0d2iYfpKoM0QCKvcLCkBao","benny blanco, Halsey, Khalid","Eastside (with Halsey & Khalid)","Benny Blanco Solo Album PS",4,7,13,"20416386"
7,"spotify:track:0E9ZjEAyAwOXZ7wJC0PD33","Dynoro, Gigi D'Agostino","In My Mind","Columbia/B1 Recordings",6,9,14,"19951926"
8,"spotify:track:2xLMifQCjDGFmkHkpNLD9h","Travis Scott","SICKO MODE","Cactus Jack / Epic",2,11,10,"17845373"
9,"spotify:track:0s3nnoMeVWz3989MkNQiRf","Juice WRLD","Lucid Dreams","Juice WRLD Mixtape / ISR P&D",3,12,22,"17341127"
10,"spotify:track:2G7V7zsVDxg1yRsu7Ew9RJ","Drake","In My Feelings","Cash Money/Drake LP6",1,10,15,"17256422"
11,"spotify:track:5p7ujcrUXASCNwRaWNHR1C","Halsey","Without Me","Capitol Records",11,-1,1,"17190271"
12,"spotify:track:4T3fNx3CgwDRRYgmFCbD4J","Khalid","Better","Right Hand Music Group, LLC/RCA Records",12,15,4,"16456948"
13,"spotify:track:78QR3Wp35dqAhFEc2qAGjE","Lil Baby, Gunna","Drip Too Hard (Lil Baby & Gunna)","Quality Control Music/Young Stoner Life Records, a 300 Entertainment Label/Motown Records/Capitol Records",13,49,4,"16365307"
14,"spotify:track:3EPXxR3ImUwfayaurPi3cm","Dean Lewis","Be Alright","Universal Music Australia Pty. Ltd.",12,16,12,"16073694"
15,"spotify:track:7fa9MBXhVfQ8P8Df9OEbD8","Maroon 5, Cardi B","Girls Like You (feat. Cardi B) - Cardi B Version","Interscope Records*",2,17,19,"15715513"
16,"spotify:track:0JP9xo3adEtGSdUEISiszL","XXXTENTACION","Moonlight","Bad Vibes Forever, LLC",2,25,30,"15501045"
17,"spotify:track:3ee8Jmje8o58CHK66QrVC2","XXXTENTACION","SAD!","Bad Vibes Forever, LLC",1,20,32,"15414626"
18,"spotify:track:1jQvUmf16VE9WQCPuK2e8K","6ix9ine, Bobby Shmurda","STOOPID (feat. Bobby Shmurda)","ScumGang Records / TenThousand Projects, LLC",18,-1,1,"15135119"
19,"spotify:track:2VxeLyX666F8uXCJ0dZF8B","Lady Gaga, Bradley Cooper","Shallow","A Star is Born OST",19,69,2,"14316114"
20,"spotify:track:48zFZh27QU5qsrBjn4C2FA","Ozuna, Manuel Turizo","Vaina Loca","VP Records Corp/Dimelo Vi",18,24,15,"14263630"
21,"spotify:track:7ATATJztoWLcqDAcVVof0C","6ix9ine, Anuel AA","BEBE (feat. Anuel AA)","ScumGang Records / TenThousand Projects, LLC",17,22,6,"14255537"
22,"spotify:track:5N4erncE7kuUccm7zEmwzk","Silk City, Dua Lipa, Mark Ronson, Diplo","Electricity","Columbia",14,18,5,"13685467"
23,"spotify:track:0dbTQYW3Ad1FTzIA9t90E8","Lil Wayne, Kendrick Lamar","Mona Lisa (feat. Kendrick Lamar)","Young Money Records, Inc.",4,4,2,"13591637"
24,"spotify:track:2E124GmJRnBJuXbTb4cPUB","6ix9ine, Nicki Minaj, Murda Beatz","FEFE (feat. Nicki Minaj & Murda Beatz)","ScumGang Records / TenThousand Projects, LLC",2,21,12,"13422768"
25,"spotify:track:15kQGEy89K8deJcZVFEn0N","The Chainsmokers, Kelsea Ballerini","This Feeling","Disruptor Records/Columbia",25,38,3,"13175756"
26,"spotify:track:1xzBco0xcoJEDXktl7Jxrr","Sheck Wes","Mo Bamba","Cactus Jack Records/ G.O.O.D. Music/ Interscope Records",26,36,8,"13157981"
27,"spotify:track:6wWaVoUOzLQJHd3bWAUpdZ","Lil Baby, Gunna, Drake","Never Recover (Lil Baby & Gunna, Drake)","Quality Control Music/Young Stoner Life Records, a 300 Entertainment Label/Motown Records/Capitol Records",27,-1,1,"12999466"
28,"spotify:track:58q2HKrzhC3ozto2nDdN4z","Cardi B, Bad Bunny, J Balvin","I Like It","Atlantic/KSR",2,27,27,"12838090"
29,"spotify:track:7dt6x5M1jzdTEt8oCbisTK","Post Malone","Better Now","Republic Records",1,31,24,"12811161"
30,"spotify:track:60SdxE8apGAxMiRrpbmLY0","Eminem, Joyner Lucas","Lucky You (feat. Joyner Lucas)","Eminem Catalog PS",1,14,6,"12762179"
31,"spotify:track:4zIO3ilp5HvTeK3HJHxhMP","Imagine Dragons","Natural","Kid Ina Korner / Interscope",20,28,12,"12716970"
32,"spotify:track:5IaHrVsrferBYDm0bDyABy","Tyga, Offset","Taste (feat. Offset)","Last Kings Music / EMPIRE",6,30,21,"12680668"
33,"spotify:track:2iUXsYOEPhVqEBwsqP70rE","5 Seconds of Summer","Youngblood","Capitol",8,35,26,"11148237"
34,"spotify:track:3V8UKqhEK5zBkBb6d6ub8i","Nio Garcia, Casper Magico, Bad Bunny, Darell, Ozuna, Nicky Jam","Te Boté - Remix","Flow La Movie, Inc.",8,39,26,"10955568"
35,"spotify:track:4VUwkH455At9kENOfzTqmF","Bazzi, Camila Cabello","Beautiful (feat. Camila Cabello)","iamcosmic",30,37,10,"10935590"
36,"spotify:track:0TlLq3lA83rQOYtrqBqSct","Drake","Nonstop","Cash Money/Drake LP6",1,42,15,"10573918"
37,"spotify:track:6kPJZM97LwdG9QIsT7khp6","Clean Bandit, Demi Lovato","Solo (feat. Demi Lovato)","Atlantic Records UK",8,40,21,"10516428"
38,"spotify:track:3u1S1OmAUhx5DRlLrXqyp3","Jonas Blue, Jack & Jack","Rise","Positiva",12,41,19,"10487801"
39,"spotify:track:7m9OqQk4RVRkw9JJdeAw96","XXXTENTACION","Jocelyn Flores","Bad Vibes Forever / EMPIRE",7,46,59,"10282558"
40,"spotify:track:5a8RPWgKSmcGBGcffmIrUi","Sia, Diplo, Labrinth, LSD","Thunderclouds (feat. Sia, Diplo, and Labrinth)","Records/Columbia",34,45,9,"10270742"
41,"spotify:track:7d6XJZjnm7iWcKwYL9z5kC","Lil Mosey","Noticed","Mogul Vision/Interscope Records",41,51,6,"10196053"
42,"spotify:track:4ofwffwvvnbSkrMSCKQDaC","George Ezra","Shotgun","Columbia",35,48,16,"10107916"
43,"spotify:track:5OCJzvD7sykQEKHH7qAC3C","Ariana Grande","God is a woman","Republic Records",2,44,13,"10018966"
44,"spotify:track:4OafepJy2teCjYJbvFE60J","Ariana Grande","breathin","Republic Records",2,33,8,"9903753"
45,"spotify:track:2XXMDz7SPZ4mSFN1PXfHUy","Becky G, Paulo Londra","Cuando Te Besé","Sony Music Latin",45,55,10,"9886882"
46,"spotify:track:6xtcFXSo8H9BZN637BMVKS","Rita Ora","Let You Love Me","Atlantic Records UK",46,84,3,"9727372"
47,"spotify:track:5WvAo7DNuPRmk4APhdPzi8","DJ Khaled, Justin Bieber, Quavo, Chance the Rapper","No Brainer","Epic/We The Best",2,32,11,"9678529"
48,"spotify:track:0QIjsbm2fh1cJ45XO9eGqq","Gucci Mane, Bruno Mars, Kodak Black","Wake Up in the Sky","Guwop Enterprises/Atlantic",26,43,4,"9666408"
49,"spotify:track:3rPAD722s5FFNnwjC91t7Z","Anuel AA","Quiere Beber","2018 Real Hasta La Muerte, Inc.",49,60,8,"9612225"
50,"spotify:track:7K7MUBCnzgBAvMVW2RTWNs","Loud Luxury, Brando","Body","Armada Music",19,50,19,"9527921"
51,"spotify:track:2SL6oP2YAEQbqsrkOzRGO4","Eminem","Venom - Music From The Motion Picture","Eminem Catalog PS",34,171,6,"9519101"
52,"spotify:track:1jo3TwNGCXfNdB5uba3ZVv","Eminem","Killshot","Eminem Catalog PS",23,34,3,"9467121"
53,"spotify:track:5qFeMRz4TvetPmzjre9Dq7","J Balvin, Zion & Lennox","No Es Justo","UMLE - Latino",30,53,16,"9401700"
54,"spotify:track:0e7ipj03S05BNilyu5bRzt","Post Malone, 21 Savage","rockstar (feat. 21 Savage)","Republic Records",1,57,56,"9350441"
55,"spotify:track:7ef4DlsgrMEH11cDZd32M6","Calvin Harris, Dua Lipa","One Kiss (with Dua Lipa)","Sony Music UK",2,52,27,"9255496"
56,"spotify:track:1rqqCSm0Qe4I9rUvWncaom","Panic! At The Disco","High Hopes","DCD2 / Fueled By Ramen",49,65,16,"9015600"
57,"spotify:track:5BQrp63SHCVf4bzCzJePne","Lil Wayne, XXXTENTACION","Don't Cry (feat. XXXTENTACION)","Young Money Records, Inc.",6,6,2,"9006401"
58,"spotify:track:04MLEeAMuV9IlHEsD8vF6A","French Montana, Drake","No Stylist (feat. Drake)","Epic",36,64,3,"8997206"
59,"spotify:track:6DCZcSspjsKoFjzjrWoCdn","Drake","God's Plan","Cash Money/Drake LP6",1,58,38,"8892307"
60,"spotify:track:7AFASza1mXqntmGtbxXprO","XXXTENTACION","changes","Bad Vibes Forever, LLC",9,63,32,"8888621"
61,"spotify:track:5Xn4IyTtW6FUGIUyWjbUHG","Jason Derulo, David Guetta, Nicki Minaj, Willy William","Goodbye (feat. Nicki Minaj & Willy William)","Beluga Heights/Warner Records",45,61,7,"8687849"
62,"spotify:track:4kWO6O1BUXcZmaxitpVUwp","Tiësto, Dzeko, Preme, Post Malone","Jackie Chan","Universal Music, a division of Universal International Music BV",11,54,21,"8605939"
63,"spotify:track:01vv2AjxgP4uUyb8waYO5Y","Twenty One Pilots","Morph","Fueled By Ramen",63,-1,1,"8522626"
64,"spotify:track:25sgk305KZfyuqVBQIahim","Ava Max","Sweet but Psycho","Atlantic Records",64,115,2,"8408673"
65,"spotify:track:2qT1uLXPVPzGgFOx4jtEuo","Ariana Grande","no tears left to cry","Republic Records",2,59,25,"8261579"
66,"spotify:track:2ijef6ni2amuunRoKTlgww","Becky G, NATTI NATASHA","Sin Pijama","Sony Music Latin",22,67,24,"8193068"
67,"spotify:track:62o8KoI44JfN7aYxgTnPvh","Maluma","Mala Mía","Sony Music Latin",56,70,9,"8122656"
68,"spotify:track:2JqnpexlO9dmvjUMCaLCLJ","Lukas Graham","Love Someone","Universal Music A/S",68,75,5,"8100676"
69,"spotify:track:2BgEsaKNfHUdlh97KmvFyo","Anne-Marie","2002","Atlantic Records UK",27,72,25,"7653450"
70,"spotify:track:7qiZfU4dY1lWllzX7mPBI3","Ed Sheeran","Shape of You","Atlantic Records UK",1,74,92,"7638622"
71,"spotify:track:0Fpen1PTuEnCmOJtUU9Iud","Lil Uzi Vert","New Patek","Generation Now/Atlantic",25,56,4,"7628899"
72,"spotify:track:3wScL5W8H40zzCKN0atfBk","Lil Wayne, Swizz Beatz","Uproar","Young Money Records, Inc.",19,19,2,"7567001"
73,"spotify:track:3swc6WTsr7rl9DqQKQA55C","Post Malone, Ty Dolla $ign","Psycho (feat. Ty Dolla $ign)","Republic Records",2,77,33,"7546675"
74,"spotify:track:2zDj4WjbNDmrRL6Z4YjjCA","Reik, Maluma","Amigos Con Derechos","Columbia",74,78,6,"7511067"
75,"spotify:track:7AQim7LbvFVZJE3O8TYgf2","XXXTENTACION, Trippie Redd","Fuck Love","Bad Vibes Forever / EMPIRE",19,76,56,"7465494"
76,"spotify:track:5HeKOKc4phmLn8e4I7EkzD","Twenty One Pilots","My Blood","Fueled By Ramen",76,-1,2,"7367812"
77,"spotify:track:7uQmJ1jgNzBpATSoWKSPFu","Sebastian Yatra, Mau y Ricky","Ya No Tiene Novio","UMLE - Latino",77,94,6,"7304970"
78,"spotify:track:23OXdR7YuUBVWh5hSnYJau","Twenty One Pilots","Chlorine","Fueled By Ramen",78,-1,1,"7289861"
79,"spotify:track:7ycWLEP1GsNjVvcjawXz3z","A$AP Rocky, Skepta","Praise The Lord (Da Shine) (feat. Skepta)","A$AP Worldwide/Polo Grounds Music/RCA Records",25,73,20,"7286796"
80,"spotify:track:0pqnGHJpmpxLKifKRmU6WP","Imagine Dragons","Believer","Kid Ina Korner / Interscope",16,82,88,"7100688"
81,"spotify:track:0tgVpDi06FyKpA1z0VMD4v","Ed Sheeran","Perfect","Atlantic Records UK",4,80,84,"6953190"
82,"spotify:track:0CBQ0m3mufWH75LTYB3s6h","Lil Wayne, Travis Scott","Let It Fly (feat. Travis Scott)","Young Money Records, Inc.",13,13,2,"6874193"
83,"spotify:track:4keoy2fqgwGnbWlm3ZVZFa","Zedd, Elley Duhé","Happy Now","UMGRI Interscope",27,81,12,"6872331"
84,"spotify:track:6vN77lE9LK6HP2DewaN6HZ","Lil Baby, Drake","Yes Indeed","Quality Control Music, LLC",12,88,22,"6815765"
85,"spotify:track:6jreFSOTUAViWjKyzOC4Kg","Alesso","REMEDY","10:22 pm",53,71,6,"6774313"
86,"spotify:track:0u2P5u6lvoDfwTYjAADbn4","Billie Eilish, Khalid","lovely (with Khalid)","Darkroom",24,87,25,"6726679"
87,"spotify:track:6rbhaJsE4uLzpPf8WYSHDK","Brytiago, Darell","Asesina","Business Music",73,93,15,"6698998"
88,"spotify:track:1rfofaqEpACxVEHIZBJe6W","Camila Cabello, Young Thug","Havana (feat. Young Thug)","Syco Music/Epic",1,92,62,"6697166"
89,"spotify:track:76cy1WJvNGJTj78UqeA5zr","Dua Lipa","IDGAF","Warner Records",4,95,41,"6609561"
90,"spotify:track:08bNPGLD8AhKpnnERrAc6G","Marshmello, Anne-Marie","FRIENDS","Joytime Collective",4,97,35,"6606638"
91,"spotify:track:6q8Lb50EtqNeeJXXe8mMAH","KAROL G, Anuel AA","Culpables","UMLE - Latino",91,103,4,"6585115"
92,"spotify:track:4hQ6UGyWQIGJmHSo0J88JW","Selena Gomez","Back To You - From 13 Reasons Why – Season 2 Soundtrack","UMGRI Interscope",4,85,22,"6576159"
93,"spotify:track:7DrluKkTviBwCc8AV3VGmf","Shakira, Maluma","Clandestino","Sony Music Latin",39,86,18,"6526683"
94,"spotify:track:2hnxrRNzF74mdDzpQZQukQ","Lauv, Julia Michaels","There's No Way (feat. Julia Michaels)","Lauv",94,141,2,"6436870"
95,"spotify:track:09IStsImFySgyp0pIQdqAc","Zedd, Maren Morris, Grey","The Middle","UMGRI Interscope",6,102,37,"6386347"
96,"spotify:track:3nc420PXjTdBV5TN0gCFkS","Martin Garrix, Khalid","Ocean (feat. Khalid)","Epic Amsterdam",15,96,17,"6380044"
97,"spotify:track:1zB4vmk8tFRmM9UULNzbLB","Imagine Dragons","Thunder","Kid Ina Korner / Interscope",8,108,76,"6298593"
98,"spotify:track:2ekn2ttSfGqwhhate0LSR0","Dua Lipa","New Rules","Warner Records",2,110,66,"6292300"
99,"spotify:track:63SevszngYpZOwf63o61K4","Dennis Lloyd","Nevermind","WM Italy",18,101,30,"6136626"
100,"spotify:track:00EPIEnX1JFjff8sC6bccd","Thalia, NATTI NATASHA","No Me Acuerdo","Sony Music Latin",66,107,12,"6084812"
101,"spotify:track:2P91MQbaiQOfbiz9VqhqKQ","Lauv","I Like Me Better","Lauv",29,111,71,"6061489"
102,"spotify:track:7wBJfHzpfI3032CSD7CE2m","Travis Scott","STARGAZING","Cactus Jack / Epic",3,83,10,"6052635"
103,"spotify:track:7nD2JPaxIKUdxd2UWgnaGL","Alex Rose, Rauw Alejandro, Lenny Tavárez, Cazzu, Lyanno","Toda - Remix","WK Records LLC",103,119,12,"6027173"
104,"spotify:track:4ut5G4rgB1ClpMTMfjoIuy","Martin Garrix, Bonn","High On Life (feat. Bonn)","Epic Amsterdam",93,114,10,"5976445"
105,"spotify:track:3CA9pLiwRIGtUBiMjbZmRw","Drake","Nice For What","Cash Money/Drake LP6",1,109,27,"5964519"
106,"spotify:track:14mHfNsSHN0FbLftyjrV9g","Flipp Dinero","Leave Me Alone","Cinematic/Epic/We The Best",106,120,5,"5954722"
107,"spotify:track:3JX0dOCIAiaR8MP3ryXWuM","Lil Wayne, Sosamann","What About Me (feat. Sosamann)","Young Money Records, Inc.",26,26,2,"5947583"
108,"spotify:track:3GVkPk8mqxz0itaAriG1L7","XXXTENTACION","Everybody Dies In Their Nightmares","Bad Vibes Forever / EMPIRE",24,116,43,"5938197"
109,"spotify:track:4M3FO0ji6Lc8vwD1sgf1nc","Kygo, Imagine Dragons","Born To Be Yours","Kygo",25,112,17,"5851692"
110,"spotify:track:1E1uGhNdBe6Dddbgs2KqtZ","Twenty One Pilots","Jumpsuit","Fueled By Ramen",59,-1,3,"5834825"
111,"spotify:track:45Egmo7icyopuzJN0oMEdk","Khalid, Normani","Love Lies","RCA Records Label",11,117,34,"5833211"
112,"spotify:track:2zy9TMoZlYGuCNY4TLqG24","David Guetta, Anne-Marie","Don't Leave Me Alone (feat. Anne-Marie)","Parlophone (France)",42,99,11,"5812820"
113,"spotify:track:7noud145AHZGg74vpWOsCa","Ella Mai","Trip","10 Summers / Interscope PS",113,124,5,"5809899"
114,"spotify:track:0XySogm94T51XF5F2jumXm","Juice WRLD","All Girls Are The Same","Juice WRLD Mixtape / ISR P&D",48,122,22,"5786041"
115,"spotify:track:0YammaEkYSeo9vQYZ1OwS6","David Guetta, Bebe Rexha, J Balvin","Say My Name","Parlophone (France)",68,100,4,"5777718"
116,"spotify:track:0UyljEbX9dqI1K0sqdv6B6","Joji","SLOW DANCING IN THE DARK","88rising Music",75,106,4,"5774305"
117,"spotify:track:75ZvA4QfFiZvzhj2xkaWAh","Post Malone","I Fall Apart","Universal Records",10,130,55,"5748547"
118,"spotify:track:04ZTP5KsCypmtCmQg5tH9R","Bebe Rexha","I'm a Mess","Warner Records",52,113,16,"5744619"
119,"spotify:track:2jt2WxXMCD4zjACthkJQVE","Eminem","The Ringer","Eminem Catalog PS",3,91,6,"5703205"
120,"spotify:track:29tc0GbW0pTSBZSCZF3NWk","Juice WRLD","Lean Wit Me","Juice WRLD Mixtape / ISR P&D",84,123,10,"5691507"
121,"spotify:track:1gnwGVoG7V08vMX3hyr90x","Anderson .Paak, Kendrick Lamar","Tints (feat. Kendrick Lamar)","Aftermath",121,-1,1,"5600121"
122,"spotify:track:3DGar7krWlmrXRFHBcQF6z","Kris Kross Amsterdam, The Boy Next Door, Conor Maynard","Whenever (feat. Conor Maynard)","Spinnin' Records",47,90,11,"5593734"
123,"spotify:track:6eYxmK9fdL4hwLnXG2zY3s","XXXTENTACION","Look At Me!","Bad Vibes Forever / EMPIRE",39,129,60,"5553987"
124,"spotify:track:7GX5flRQZVHRAGd6B4TmDO","Lil Uzi Vert","XO Tour Llif3","Generation Now/Atlantic",10,133,81,"5468793"
125,"spotify:track:0ZNrc4kNeQYD9koZ3KvCsy","YG, 2 Chainz, Big Sean, Nicki Minaj","BIG BANK (feat. 2 Chainz, Big Sean, Nicki Minaj)","Def Jam Recordings",81,131,15,"5461388"
126,"spotify:track:5SehvGGC53A7SZKCLXQcyt","Twenty One Pilots","Nico and the Niners","Fueled By Ramen",79,-1,3,"5457153"
127,"spotify:track:4qKcDkK6siZ7Jp1Jb4m0aL","BlocBoy JB, Drake","Look Alive (feat. Drake)","Bloc Nation",6,125,35,"5432935"
128,"spotify:track:0Y7di9ZCmB6Elad5WISaPc","Lil Wayne","Dedicate","Young Money Records, Inc.",23,23,2,"5422402"
129,"spotify:track:5G6Gt9RtNaeIE418pd4yre","Twenty One Pilots","Smithereens","Fueled By Ramen",129,-1,1,"5413737"
130,"spotify:track:1mXVgsBdtIVeCLJnSnmtdV","Sam Smith","Too Good At Goodbyes","PLG - Capitol",1,135,57,"5405838"
131,"spotify:track:4e4fqjx0Izh4svvTef1z7e","Bebe Rexha, Florida Georgia Line","Meant to Be (feat. Florida Georgia Line)","Warner Records",18,132,56,"5378994"
132,"spotify:track:0sXvjZV7p4uvyPN4uQo3FH","Twenty One Pilots","Neon Gravestones","Fueled By Ramen",132,-1,1,"5334061"
133,"spotify:track:1snWlbcbgQpJfknoI30DWG","Alan Walker, Au/Ra, Tomine Harket","Darkside","Kreatell Music",67,134,11,"5241437"
134,"spotify:track:6XBjCetHKdO5L9cwMDVffw","Anuel AA, Zion","Hipócrita","2018 Real Hasta La Muerte, Inc.",112,140,11,"5202053"
135,"spotify:track:0VKkyBKCXyR99navhVRqcP","Zion & Lennox","La player (Bandolera)","WEA Latina",56,136,30,"5198264"
136,"spotify:track:5uCax9HTNlzGybIStD3vDh","James Arthur","Say You Won't Let Go","Columbia",7,146,94,"5176708"
137,"spotify:track:6JjPBQfI2Y8nIjnm65X6Pw","Nicky Jam, J Balvin, Maluma, Ozuna","X (feat. Maluma & Ozuna) - Remix","Sony Music Latin",37,149,15,"5151280"
138,"spotify:track:5qHirGR7M9tdm6C17DlzSY","Aminé","REEL IT IN","Republic Records",138,152,4,"5149284"
139,"spotify:track:6PoKfDY78ih5OveWirggRX","Lil Baby, Gunna, Lil Durk, NAV","Off White VLONE (Lil Baby & Gunna feat. Lil Durk & NAV)","Quality Control Music/Young Stoner Life Records, a 300 Entertainment Label/Motown Records/Capitol Records",139,-1,1,"5041350"
140,"spotify:track:7lAK3oHbfEnvUQWosrMMpR","Travis Scott","YOSEMITE","Cactus Jack / Epic",24,137,10,"5027933"
141,"spotify:track:58QhkbaAkLFnn7JwAnAato","Eminem","Fall","Eminem Catalog PS",14,121,6,"4995356"
142,"spotify:track:6X6SdJzxyw7GzxwP2fr9WV","Jess Glynne","All I Am","Atlantic Records UK",142,160,5,"4986455"
143,"spotify:track:5CLGzJsGqhCEECcpnFQA8x","Rudimental, Jess Glynne, Macklemore, Dan Caplen","These Days (feat. Jess Glynne, Macklemore & Dan Caplen)","Atlantic Records UK",9,145,38,"4974156"
144,"spotify:track:0CBFOvHlyqy30Q5tbyNHfQ","Dua Lipa","Want To","Warner Records",134,144,4,"4969443"
145,"spotify:track:7I3skNaQdvZSS7zXY2VHId","Twenty One Pilots","The Hype","Fueled By Ramen",145,-1,1,"4969195"
146,"spotify:track:2RttW7RAu5nOAfq6YFvApB","Ed Sheeran","Happier","Atlantic Records UK",10,150,74,"4940119"
147,"spotify:track:7BKLCZ1jbUBVqRi2FVlTVw","The Chainsmokers, Halsey","Closer","Disruptor Records/Columbia",2,161,94,"4932055"
148,"spotify:track:6jA8JUuPCGYjFcgw0AoM5T","Reik, Ozuna, Wisin","Me Niego (feat. Ozuna & Wisin)","Columbia",22,142,34,"4890497"
149,"spotify:track:5nzhL67GpF9szXWg5y509A","Lil Baby","Close Friends (Lil Baby & Gunna)","Quality Control Music/Young Stoner Life Records, a 300 Entertainment Label/Motown Records/Capitol Records",149,-1,1,"4883003"
150,"spotify:track:4UOXo3xWnxYdTf3sFyRaUG","Bonez MC, RAF Camora","500 PS","187 Strassenbande & Vertigo/Capitol",111,-1,5,"4858130"
151,"spotify:track:0GxQ1A5L9xnMOytbP6eKBG","Maroon 5, SZA","What Lovers Do (feat. SZA)","Interscope Records*",5,169,58,"4856888"
152,"spotify:track:5cGpjfgAvidLy6znwkCxkP","Lil Wayne","Can't Be Broken","Young Money Records, Inc.",29,29,2,"4855428"
153,"spotify:track:7q8cy4uoA2itYATsKeXhcq","Lil Pump, Lil Uzi Vert","Multi Millionaire (feat. Lil Uzi Vert)","Warner Records",153,-1,1,"4845475"
154,"spotify:track:4UKCKdYiLN6IMA5ZESUTL7","XXXTENTACION","the remedy for a broken heart (why am I so in love)","Bad Vibes Forever, LLC",27,159,22,"4824798"
155,"spotify:track:33zcmmElV1YbRZe57biUjg","Lele Pons","Celoso","10:22 PM / UMLE",139,168,8,"4813788"
156,"spotify:track:3a1lNhkSLSkpJE4MSHpDu9","Post Malone, Quavo","Congratulations","Universal Records",20,173,90,"4810062"
157,"spotify:track:2QZ7WLBE8h2y1Y5Fb8RYbH","Shawn Mendes","In My Blood","Island Records",7,155,29,"4784404"
158,"spotify:track:2uBhGx3m5iJrtsql8Qk00j","Twenty One Pilots","Levitate","Fueled By Ramen",158,-1,1,"4783834"
159,"spotify:track:3obgSF06ki98lYNLNq5vCB","Juice WRLD, Lil Uzi Vert","Wasted (feat. Lil Uzi Vert)","Juice WRLD Mixtape / ISR P&D",80,157,13,"4769504"
160,"spotify:track:3S0OXQeoh0w6AY8WQVckRW","Jason Mraz","I'm Yours","Atlantic Records/ATG",124,179,28,"4762335"
161,"spotify:track:66BjcDhhwWCcQIBxHMpKXh","David Guetta, Sia","Flames","Parlophone (France)",20,153,29,"4749770"
162,"spotify:track:575NJxNUVDqwJGdzBrlLbv","Shawn Mendes, Zedd","Lost In Japan - Remix","Island Records",23,126,10,"4711939"
163,"spotify:track:0OgGn1ofaj55l2PcihQQGV","Bryce Vine","Drew Barrymore","Sire",115,151,7,"4692113"
164,"spotify:track:7uzmGiiJyRfuViKKK3lVmR","Bazzi","Mine","iamcosmic",3,165,38,"4654803"
165,"spotify:track:55GiOwtxNajXVbpjjIzMnD","Tyga","SWISH","Last Kings Music / EMPIRE",51,154,11,"4626144"
166,"spotify:track:4J4zx8xGJpuGndrVc06KaT","Alan Walker, Sophia Somajo","Diamond Heart","Kreatell Music",166,176,2,"4613020"
167,"spotify:track:7KXjTSCq5nL1LoYtL7XAwS","Kendrick Lamar","HUMBLE.","Aftermath",1,175,80,"4603768"
168,"spotify:track:4Bj3usjRTckEJARO0dLbDf","Bonez MC, RAF Camora, Gzuz","Kokain","187 Strassenbande & Vertigo/Capitol",91,-1,3,"4587551"
169,"spotify:track:2ZRo7axmMPeSVUvDbGkJah","XXXTENTACION","Hope","Bad Vibes Forever, LLC",42,178,19,"4574917"
170,"spotify:track:15fZrZhdK0g1BS9sDeW6sD","Loud Luxury, anders","Love No More","Armada Music",170,-1,1,"4545552"
171,"spotify:track:5INKIG4QNuD4xq7qZcfPzp","Twenty One Pilots","Bandito","Fueled By Ramen",171,-1,1,"4527698"
172,"spotify:track:6gFtgkh8ShkrJn52Cbdhxy","Twenty One Pilots","Cut My Lip","Fueled By Ramen",172,-1,1,"4513910"
173,"spotify:track:6Hgh47WXVKtXN5zGOu0hjI","Khalid, 6LACK, Ty Dolla $ign","OTW","Right Hand Music Group, LLC/RCA Records",24,172,25,"4503006"
174,"spotify:track:1N7YeVU0ZwAFbOhwM61ef6","Avril Lavigne","Head Above Water","BMG Rights Management (US) LLC",174,-1,2,"4501216"
175,"spotify:track:5Z3GHaZ6ec9bsiI5BenrbY","Khalid","Young Dumb & Broke","Right Hand Music Group, LLC/RCA Records",12,182,66,"4499099"
176,"spotify:track:1Jl21sidRpEdlVBvYbssLx","Young Thug, Jaden","Sin (feat. Jaden Smith)","300 Entertainment/Atl",138,138,2,"4475129"
177,"spotify:track:1Slwb6dOYkBlWal1PGtnNg","Ed Sheeran","Thinking out Loud","Atlantic Records UK",58,188,94,"4446672"
178,"spotify:track:7daBwTiPNOVgoMUG4SICgh","Twenty One Pilots","Pet Cheetah","Fueled By Ramen",178,-1,1,"4437434"
179,"spotify:track:7vGuf3Y35N4wmASOKLUVVU","Marshmello, Khalid","Silence","Joytime Collective/RCA Records",8,185,61,"4436506"
180,"spotify:track:1h9P5WJwyvK8OB7O2YiXgp","Ozuna, Romeo Santos","Ibiza","VP Records Corp/Dimelo Vi",133,-1,4,"4431167"
181,"spotify:track:2374M0fQpWi3dLnB54qaLX","TOTO","Africa","Columbia",137,180,30,"4430561"
182,"spotify:track:33b2wX9d0kxqxhi7lcsC1A","Ozuna","Unica","VP Records Corp/Dimelo Vi",63,164,20,"4418207"
183,"spotify:track:4QtiVmuA88tPQiCOHZuQ5b","Sofía Reyes, Jason Derulo, De La Ghetto","1, 2, 3 (feat. Jason Derulo & De La Ghetto)","WEA Latina",31,174,34,"4410853"
184,"spotify:track:6RUKPb4LETWmmr3iAEQktW","The Chainsmokers, Coldplay","Something Just Like This","Disruptor Records/Columbia",2,189,86,"4394612"
185,"spotify:track:17UUYZ290omPaJY4wKeyHh","Ozuna","Me Dijeron","VP Records Corp/Dimelo Vi",111,166,7,"4353694"
186,"spotify:track:2SRVj6ceeIffVEm9NFyRHI","Bonez MC, RAF Camora","Nummer unterdrückt","187 Strassenbande & Vertigo/Capitol",186,-1,1,"4342180"
187,"spotify:track:5qqabIl2vWzo9ApSC317sa","Oasis","Wonderwall - Remastered","Big Brother",152,193,52,"4340772"
188,"spotify:track:1gm616Plq4ScqNi7TVkZ5N","The Weeknd","Call Out My Name","Universal Republic Records",1,183,28,"4337687"
189,"spotify:track:39N9RPD9MRb5WmoLzNzPeA","Nicky Jam, J Balvin","X","Sony Music Latin",4,167,32,"4314817"
190,"spotify:track:6fxVffaTuwjgEk5h9QyRjy","Ed Sheeran","Photograph","Atlantic Records UK",41,191,87,"4285776"
191,"spotify:track:5bJ1DrEM4hNCafcDd1oxHx","Mac Miller","Self Care","Warner Records",43,156,6,"4278386"
192,"spotify:track:7roKDmJDOzkpfGpUQJ5EnL","Lil Baby, Gunna","Business Is Business (Lil Baby & Gunna)","Quality Control Music/Young Stoner Life Records, a 300 Entertainment Label/Motown Records/Capitol Records",192,-1,1,"4250843"
193,"spotify:track:0tp6mwUt99QnfY95T30Lqj","Armin van Buuren","Blah Blah Blah","Armada Music Albums",112,148,8,"4249533"
194,"spotify:track:05mAIVLkIWc2d1UBYZBCp8","Charli xcx, Troye Sivan","1999","Atlantic Records UK",194,-1,1,"4240854"
195,"spotify:track:6G8kHiVZ1jW7vHMPVRNZU0","Drake, Michael Jackson","Don’t Matter To Me (with Michael Jackson)","Cash Money/Drake LP6",2,184,15,"4239034"
196,"spotify:track:7sO5G9EABYOXQKNPNiE9NR","Offset, Metro Boomin","Ric Flair Drip (with Metro Boomin)","Slaughter Gang, LLC/Epic/Quality Control Music/Motown/Capitol/Boominati Worldwide/Republic",32,194,50,"4238302"
197,"spotify:track:7glCSQqV5o6NU88Cn4zPZn","Bad Bunny","Estamos Bien","Rimas Entertainment LLC",88,186,15,"4229667"
198,"spotify:track:28FGV3ORH14MYORd7s5dlU","Eminem, Royce Da 5'9""","Not Alike (feat. Royce Da 5'9)","Eminem Catalog PS",12,158,6,"4222045"
199,"spotify:track:0r9d60ZYPAlFHq8qnUtkXN","Cosculluela, Bad Bunny","Madura","Rottweilas, Inc.",70,187,26,"4184193"
200,"spotify:track:4zRZAmBQP8vhNPf9i9opXt","Why Don't We","8 Letters","Atlantic Records",119,163,6,"4183046"
