﻿rank,uri,artist_names,track_name,source,peak_rank,previous_rank,weeks_on_chart,streams
1,"spotify:track:2rPE9A1vEgShuZxxzR2tZH","Ariana Grande","thank u, next","Republic Records",1,1,4,"39493862"
2,"spotify:track:4w8niZpiMy6qz1mntFA5uM","DJ Snake, Selena Gomez, Ozuna, Cardi B","Taki Taki (with Selena Gomez, Ozuna & Cardi B)","DJ Snake Music Productions Limited, under exclusive license to Geffen Records",1,2,9,"30680881"
3,"spotify:track:116H0KvKr2Zl4RPuVBruDO","Bad Bunny, Drake","MIA","Rimas Entertainment LLC",1,3,7,"23446886"
4,"spotify:track:5p7ujcrUXASCNwRaWNHR1C","Halsey","Without Me","Capitol Records",4,4,8,"21113720"
5,"spotify:track:2dpaYNEQHiRxtZbfNsse99","Marshmello, Bastille","Happier","Joytime Collective",2,5,15,"20759276"
6,"spotify:track:2xLMifQCjDGFmkHkpNLD9h","Travis Scott","SICKO MODE","Cactus Jack / Epic",2,7,17,"19766083"
7,"spotify:track:7l3E7lcozEodtVsSTCkcaA","Kodak Black, Offset, Travis Scott","ZEZE (feat. Travis Scott & Offset)","Atlantic Records",3,9,7,"19710760"
8,"spotify:track:1A6OTy97kk0mMdm78rHsm8","Post Malone, Swae Lee","Sunflower - Spider-Man: Into the Spider-Verse","Republic Records",5,6,6,"19262725"
9,"spotify:track:2LskIZrCeLxRvCiGP8gxlh","XXXTENTACION, Lil Pump, Swae Lee, Maluma","Arms Around You (feat. Maluma & Swae Lee)","Warner Records",3,8,5,"18458056"
10,"spotify:track:2VxeLyX666F8uXCJ0dZF8B","Lady Gaga, Bradley Cooper","Shallow","A Star is Born OST",5,10,9,"18150015"
11,"spotify:track:1xzBco0xcoJEDXktl7Jxrr","Sheck Wes","Mo Bamba","Cactus Jack Records/ G.O.O.D. Music/ Interscope Records",11,13,15,"17284192"
12,"spotify:track:7tFiyTwD0nx5a1eklYtX2J","Queen","Bohemian Rhapsody - Remastered 2011","EMI",11,11,13,"16825520"
13,"spotify:track:14JzyD6FlBD5z0wV5P07YI","Billie Eilish","when the party's over","Darkroom/Interscope Records",12,14,6,"16632772"
14,"spotify:track:25sgk305KZfyuqVBQIahim","Ava Max","Sweet but Psycho","Atlantic Records",14,15,9,"16395112"
15,"spotify:track:6FyRXC8tJUh863JCkyWqtk","Paulo Londra","Adan y Eva","WEA Latina",15,19,3,"15727413"
16,"spotify:track:0bYg9bo50gSsH3LtXe2SQn","Mariah Carey","All I Want for Christmas Is You","Columbia",2,50,11,"14533064"
17,"spotify:track:6zeeWid2sgw4lap2jV61PZ","Khalid","Better","Right Hand Music Group, LLC/RCA Records",7,16,11,"14476323"
18,"spotify:track:4CH66Rxcjcj3VBHwmIBj4T","XXXTENTACION","BAD!","Bad Vibes Forever / EMPIRE",6,12,3,"13659075"
19,"spotify:track:78QR3Wp35dqAhFEc2qAGjE","Lil Baby, Gunna","Drip Too Hard (Lil Baby & Gunna)","Quality Control Music/Young Stoner Life Records, a 300 Entertainment Label/Motown Records/Capitol Records",13,17,11,"13566508"
20,"spotify:track:7wC5eZcFS1Q1BsQ35DU6H4","Billie Eilish","come out and play","Darkroom",20,181,2,"13264422"
21,"spotify:track:0d2iYfpKoM0QCKvcLCkBao","benny blanco, Halsey, Khalid","Eastside (with Halsey & Khalid)","Benny Blanco Solo Album PS",4,20,20,"13218451"
22,"spotify:track:7fa9MBXhVfQ8P8Df9OEbD8","Maroon 5, Cardi B","Girls Like You (feat. Cardi B) - Cardi B Version","Interscope Records*",2,21,26,"13131354"
23,"spotify:track:0s3nnoMeVWz3989MkNQiRf","Juice WRLD","Lucid Dreams","Juice WRLD Mixtape / ISR P&D",3,18,29,"13063458"
24,"spotify:track:7ATATJztoWLcqDAcVVof0C","6ix9ine, Anuel AA","BEBE (feat. Anuel AA)","ScumGang Records / TenThousand Projects, LLC",17,41,13,"12810074"
25,"spotify:track:0E9ZjEAyAwOXZ7wJC0PD33","Dynoro, Gigi D'Agostino","In My Mind","Columbia/B1 Recordings",6,23,21,"12605051"
26,"spotify:track:3EPXxR3ImUwfayaurPi3cm","Dean Lewis","Be Alright","Universal Music Australia Pty. Ltd.",12,24,19,"12242918"
27,"spotify:track:3ee8Jmje8o58CHK66QrVC2","XXXTENTACION","SAD!","Bad Vibes Forever, LLC",1,26,39,"12059540"
28,"spotify:track:5N5k9nd479b1xpDZ4usjrg","Calvin Harris, Sam Smith, Jessie Reyez","Promises (with Sam Smith)","Columbia",5,27,15,"11912932"
29,"spotify:track:5Fla3zyOCcIRqrDoKLU0DP","Rita Ora","Let You Love Me","Atlantic Records UK",29,31,10,"11752247"
30,"spotify:track:7dt6x5M1jzdTEt8oCbisTK","Post Malone","Better Now","Republic Records",1,32,31,"11517781"
31,"spotify:track:5tAa8Uaqr4VvA3693mbIhU","Zara Larsson","Ruin My Life","Epic/Record Company TEN",28,28,6,"11409153"
32,"spotify:track:222B3aljXx6fFwKmFjuBED","Little Mix, Nicki Minaj","Woman Like Me (feat. Nicki Minaj)","Syco Music",22,22,7,"11351241"
33,"spotify:track:13hvHEstJ4sNbzdroPrPI3","Dua Lipa, BLACKPINK","Kiss and Make Up","Warner Records",16,30,6,"11277552"
34,"spotify:track:0JP9xo3adEtGSdUEISiszL","XXXTENTACION","Moonlight","Bad Vibes Forever, LLC",2,33,37,"11124702"
35,"spotify:track:4jvjzW7Hm0yK4LvvE0Paz9","Lil Peep, XXXTENTACION","Falling Down - Bonus Track","Columbia",2,25,11,"11095993"
36,"spotify:track:2RSHsoi04658QL5xgQVov3","Imagine Dragons","Bad Liar","Kid Ina Korner / Interscope",17,29,3,"11069347"
37,"spotify:track:48zFZh27QU5qsrBjn4C2FA","Ozuna, Manuel Turizo","Vaina Loca","VP Records Corp/Dimelo Vi",18,35,22,"10790753"
38,"spotify:track:0u2P5u6lvoDfwTYjAADbn4","Billie Eilish, Khalid","lovely (with Khalid)","Darkroom",24,39,32,"10722326"
39,"spotify:track:14sOS5L36385FJ3OL8hew4","Kygo, Sandro Cavazza","Happy Now","Kygo",37,37,5,"10573182"
40,"spotify:track:5JEx7HbmvHQQswJCsoo9rA","Ellie Goulding, Diplo, Swae Lee","Close To Me (with Diplo) (feat. Swae Lee)","Polydor Records",40,45,5,"10536061"
41,"spotify:track:2FY7b99s15jUprqC0M5NCT","Imagine Dragons","Natural","Kid Ina Korner / Interscope",19,34,19,"10278452"
42,"spotify:track:5vdp5UmvTsnMEMESIF2Ym7","Queen","Another One Bites The Dust - Remastered 2011","EMI",36,36,5,"10226442"
43,"spotify:track:0QIjsbm2fh1cJ45XO9eGqq","Gucci Mane, Bruno Mars, Kodak Black","Wake Up in the Sky","Guwop Enterprises/Atlantic",26,38,11,"10133601"
44,"spotify:track:2E124GmJRnBJuXbTb4cPUB","6ix9ine, Nicki Minaj, Murda Beatz","FEFE (feat. Nicki Minaj & Murda Beatz)","ScumGang Records / TenThousand Projects, LLC",2,61,19,"9848362"
45,"spotify:track:1rqqCSm0Qe4I9rUvWncaom","Panic! At The Disco","High Hopes","DCD2 / Fueled By Ramen",41,44,23,"9762502"
46,"spotify:track:2iUXsYOEPhVqEBwsqP70rE","5 Seconds of Summer","Youngblood","Capitol",8,43,33,"9509006"
47,"spotify:track:5IaHrVsrferBYDm0bDyABy","Tyga, Offset","Taste (feat. Offset)","Last Kings Music / EMPIRE",6,46,28,"9499353"
48,"spotify:track:2G7V7zsVDxg1yRsu7Ew9RJ","Drake","In My Feelings","Cash Money/Drake LP6",1,42,22,"9240000"
49,"spotify:track:2FRnf9qhLbvw8fu4IBXx78","Wham!","Last Christmas","Epic",5,121,9,"9198949"
50,"spotify:track:2cYnZNzFRFK0H7vSNxPsUq","Anuel AA, Romeo Santos","Ella Quiere Beber - Remix","Real Hasta La Muerte, LLC",50,56,4,"9160237"
51,"spotify:track:0lizgQ7Qw35od7CYaoMBZb","Ariana Grande","Santa Tell Me","Universal Records",24,151,8,"9078130"
52,"spotify:track:2XXMDz7SPZ4mSFN1PXfHUy","Becky G, Paulo Londra","Cuando Te Besé","Sony Music Latin",45,48,17,"8963660"
53,"spotify:track:6SAKXCj5jyF6IgPCPbZ5ra","Juice WRLD","Armed And Dangerous","Juice WRLD Mixtape / ISR P&D",34,47,3,"8959217"
54,"spotify:track:4S8d14HvHb70ImctNgVzQQ","Kanye West, Lil Pump","I Love It (& Lil Pump)","Getting Out Our Dreams, Inc./Def Jam Recordings",1,40,12,"8873931"
55,"spotify:track:5iwz1NiezX7WWjnCgY5TH4","Pedro Capó, Farruko","Calma - Remix","Sony Music Latin",55,97,3,"8480592"
56,"spotify:track:0e7ipj03S05BNilyu5bRzt","Post Malone, 21 Savage","rockstar (feat. 21 Savage)","Republic Records",1,53,63,"8427933"
57,"spotify:track:3id2EVGKc3eFAMn9nFnB0r","Lukas Graham","Love Someone","Universal Music A/S",53,58,12,"8411756"
58,"spotify:track:5T8EDUDqKcs6OSOwEsfqG7","Queen","Don't Stop Me Now - Remastered 2011","EMI",51,51,5,"8400994"
59,"spotify:track:4OafepJy2teCjYJbvFE60J","Ariana Grande","breathin","Republic Records",2,49,15,"8305138"
60,"spotify:track:6cFZ4PLC19taNlpl9pbGMf","Queen","Somebody To Love - Remastered 2011","EMI",50,52,4,"8240335"
61,"spotify:track:58q2HKrzhC3ozto2nDdN4z","Cardi B, Bad Bunny, J Balvin","I Like It","Atlantic/KSR",2,55,34,"8220089"
62,"spotify:track:6Gy7rXB6Ku5vIWC7WGWsl3","6ix9ine, Tory Lanez","KIKA (feat. Tory Lanez)","ScumGang Records / TenThousand Projects, LLC",62,-1,1,"8134136"
63,"spotify:track:7m9OqQk4RVRkw9JJdeAw96","XXXTENTACION","Jocelyn Flores","Bad Vibes Forever / EMPIRE",7,54,66,"8069276"
64,"spotify:track:3ao3OVxHlb3C08vAaApUlm","Luis Fonsi, Ozuna","Imposible","UMLE - Latino",64,64,6,"8037735"
65,"spotify:track:2fuCquhmrzHpu5xcA1ci9x","Queen, David Bowie","Under Pressure - Remastered 2011","EMI",55,59,4,"7771014"
66,"spotify:track:2wVDWtLKXunswWecARNILj","JENNIE","SOLO","YG Entertainment, distributed through Interscope Records",66,72,3,"7699543"
67,"spotify:track:3V8UKqhEK5zBkBb6d6ub8i","Nio Garcia, Casper Magico, Bad Bunny, Darell, Ozuna, Nicky Jam","Te Boté - Remix","Flow La Movie, Inc.",8,63,33,"7610101"
68,"spotify:track:14mHfNsSHN0FbLftyjrV9g","Flipp Dinero","Leave Me Alone","Cinematic/Epic/We The Best",68,70,12,"7589050"
69,"spotify:track:0TlLq3lA83rQOYtrqBqSct","Drake","Nonstop","Cash Money/Drake LP6",1,60,22,"7587995"
70,"spotify:track:51NFxnQvaosfDDutk0tams","Billie Eilish","bellyache","Darkroom",70,145,2,"7463975"
71,"spotify:track:7dNwJbsT0sg1le5kVugGJb","Becky G, Prince Royce, DJ Luian, Mambo Kingz, Anuel AA","Bubalu","Hear This Music",71,82,3,"7432301"
72,"spotify:track:1XBc4r6ltXjkFJBrsttwIF","Brenda Lee","Rockin' Around The Christmas Tree","MCA Nashville",25,182,8,"7409688"
73,"spotify:track:1oJ8EDr2pv94IvSd6ZmDgo","6ix9ine, Kanye West, Nicki Minaj","MAMA (feat. Nicki Minaj & Kanye West)","ScumGang Records / TenThousand Projects, LLC",73,-1,1,"7360279"
74,"spotify:track:04MLEeAMuV9IlHEsD8vF6A","French Montana, Drake","No Stylist (feat. Drake)","Epic",27,65,10,"7306080"
75,"spotify:track:2qT1uLXPVPzGgFOx4jtEuo","Ariana Grande","no tears left to cry","Republic Records",2,66,32,"7274140"
76,"spotify:track:4VUwkH455At9kENOfzTqmF","Bazzi, Camila Cabello","Beautiful (feat. Camila Cabello)","iamcosmic",30,71,17,"7269259"
77,"spotify:track:7vQbuQcyTflfCIOu3Uzzya","Bobby Helms","Jingle Bell Rock","Geffen",42,-1,7,"7220464"
78,"spotify:track:4m5Cd9kAbIxg6t9sMrQWtk","6ix9ine, Lil Baby","TIC TOC (feat. Lil Baby)","ScumGang Records / TenThousand Projects, LLC",78,-1,1,"7176105"
79,"spotify:track:2zDj4WjbNDmrRL6Z4YjjCA","Reik, Maluma","Amigos Con Derechos","Columbia",69,76,13,"7174656"
80,"spotify:track:6DCZcSspjsKoFjzjrWoCdn","Drake","God's Plan","Cash Money/Drake LP6",1,77,45,"7166253"
81,"spotify:track:7qiZfU4dY1lWllzX7mPBI3","Ed Sheeran","Shape of You","Atlantic Records UK",1,79,99,"7140126"
82,"spotify:track:3KLygy1YWhmrQx0GRs7IOx","Jonas Blue, Jack & Jack","Rise","Positiva",12,74,26,"7119142"
83,"spotify:track:41zXlQxzTi6cGAjpOXyLYH","Billie Eilish","idontwannabeyouanymore","Darkroom",83,99,6,"7091105"
84,"spotify:track:5aXgz1oKK8Q9z9xvTmSnrO","Trippie Redd","Topanga","TenThousand Projects, LLC",47,62,5,"7055114"
85,"spotify:track:2GGMabyHXnJmjY6CXhhB2e","Cardi B","Money","Atlantic/KSR",46,69,5,"7026569"
86,"spotify:track:0AluA5RNsa4Cx6XRhf2hWZ","Metro Boomin, 21 Savage","10 Freaky Girls (with 21 Savage)","Republic Records",40,67,4,"7001760"
87,"spotify:track:6MJUCumnQsQEKbCy28tbCP","Daddy Yankee, Anuel AA","Adictiva","Craft Latino",87,113,3,"6996196"
88,"spotify:track:0pqnGHJpmpxLKifKRmU6WP","Imagine Dragons","Believer","Kid Ina Korner / Interscope",16,85,95,"6979718"
89,"spotify:track:2BgEsaKNfHUdlh97KmvFyo","Anne-Marie","2002","Atlantic Records UK",27,80,32,"6965223"
90,"spotify:track:0lLdorYw7lVrJydTINhWdI","Michael Bublé","It's Beginning to Look a Lot like Christmas","Reprise",19,197,8,"6955231"
91,"spotify:track:5OCJzvD7sykQEKHH7qAC3C","Ariana Grande","God is a woman","Republic Records",2,73,20,"6929501"
92,"spotify:track:5sdb5pMhcK44SSLsj1moUh","benny blanco, Calvin Harris","I Found You (with Calvin Harris)","Benny Blanco Solo Album PS",87,87,4,"6915101"
93,"spotify:track:2rbDhOo9Fh61Bbu23T2qCk","Lady Gaga","Always Remember Us This Way","A Star is Born OST",35,57,7,"6868075"
94,"spotify:track:7K7MUBCnzgBAvMVW2RTWNs","Loud Luxury, Brando","Body","Armada Music",19,78,26,"6854942"
95,"spotify:track:5N4erncE7kuUccm7zEmwzk","Silk City, Dua Lipa, Mark Ronson, Diplo","Electricity","Columbia",14,83,12,"6794242"
96,"spotify:track:1IPRghUN3LFPNbCTsfBJx9","MERO","Baller los","Groove Attack TraX",96,-1,1,"6741201"
97,"spotify:track:7AFASza1mXqntmGtbxXprO","XXXTENTACION","changes","Bad Vibes Forever, LLC",9,84,39,"6736675"
98,"spotify:track:7uQmJ1jgNzBpATSoWKSPFu","Sebastian Yatra, Mau y Ricky","Ya No Tiene Novio","UMLE - Latino",68,94,13,"6714287"
99,"spotify:track:6LKYeyLt4G4SlZ6OJwFhVS","The Chainsmokers, Kelsea Ballerini","This Feeling","Disruptor Records/Columbia",23,68,10,"6661406"
100,"spotify:track:6q8Lb50EtqNeeJXXe8mMAH","KAROL G, Anuel AA","Culpables","UMLE - Latino",89,92,11,"6656233"
101,"spotify:track:4pbJqGIASGPr0ZpGpnWkDn","Queen","We Will Rock You - Remastered 2011","EMI",73,81,4,"6598482"
102,"spotify:track:7ef4DlsgrMEH11cDZd32M6","Calvin Harris, Dua Lipa","One Kiss (with Dua Lipa)","Sony Music UK",2,91,34,"6510288"
103,"spotify:track:6kPJZM97LwdG9QIsT7khp6","Clean Bandit, Demi Lovato","Solo (feat. Demi Lovato)","Atlantic Records UK",8,89,28,"6489831"
104,"spotify:track:5hslUAKq9I9CG2bAulFkHN","Andy Williams","It's the Most Wonderful Time of the Year","Columbia/Legacy",29,-1,7,"6465085"
105,"spotify:track:4ofwffwvvnbSkrMSCKQDaC","George Ezra","Shotgun","Columbia",35,90,23,"6441848"
106,"spotify:track:62o8KoI44JfN7aYxgTnPvh","Maluma","Mala Mía","Sony Music Latin",56,93,16,"6407039"
107,"spotify:track:0s5DNDV6LAKn2u2Ufa3VjQ","Mau y Ricky, Manuel Turizo, Camilo","Desconocidos","Sony Music Latin",107,122,3,"6361867"
108,"spotify:track:7AQim7LbvFVZJE3O8TYgf2","XXXTENTACION, Trippie Redd","Fuck Love","Bad Vibes Forever / EMPIRE",19,96,63,"6316837"
109,"spotify:track:2D3z17LBMJ2HEHeBFFjTLi","J Balvin","Reggaeton","UMLE - Latino",109,-1,1,"6298626"
110,"spotify:track:7GqWnsKhMtEW0nzki5o0d8","Queen","Killer Queen - Remastered 2011","EMI",88,88,4,"6295651"
111,"spotify:track:3swc6WTsr7rl9DqQKQA55C","Post Malone, Ty Dolla $ign","Psycho (feat. Ty Dolla $ign)","Republic Records",2,100,40,"6265732"
112,"spotify:track:0tgVpDi06FyKpA1z0VMD4v","Ed Sheeran","Perfect","Atlantic Records UK",4,103,91,"6255970"
113,"spotify:track:1jQvUmf16VE9WQCPuK2e8K","6ix9ine, Bobby Shmurda","STOOPID (feat. Bobby Shmurda)","ScumGang Records / TenThousand Projects, LLC",18,-1,7,"6219835"
114,"spotify:track:76cy1WJvNGJTj78UqeA5zr","Dua Lipa","IDGAF","Warner Records",4,102,48,"6186330"
115,"spotify:track:5qFeMRz4TvetPmzjre9Dq7","J Balvin, Zion & Lennox","No Es Justo","UMLE - Latino",30,98,23,"6185346"
116,"spotify:track:6o79O9qBP3OAkWOXajAQIS","6ix9ine, A Boogie Wit da Hoodie","WAKA (feat. A Boogie Wit da Hoodie)","ScumGang Records / TenThousand Projects, LLC",116,-1,1,"6120420"
117,"spotify:track:2uIX8YMNjGMD7441kqyyNU","Billie Eilish","ocean eyes","Darkroom",108,117,10,"6051881"
118,"spotify:track:5274I4mUMnYczyeXkGDWZN","Future, Juice WRLD","Fine China","Epic/Freebandz/Grade A/Interscope",21,95,6,"6050169"
119,"spotify:track:60SdxE8apGAxMiRrpbmLY0","Eminem, Joyner Lucas","Lucky You (feat. Joyner Lucas)","Eminem Catalog PS",1,104,13,"5976799"
120,"spotify:track:2J0X46UkpfLlWbuCXFgDLr","Steve Aoki, BTS","Waste It On Me (feat. BTS)","Ultra Records, LLC",52,101,5,"5970729"
121,"spotify:track:2c7GlMNmF7pbohjykutmLP","Sia, Diplo, Labrinth, LSD","Thunderclouds (feat. Sia, Diplo, and Labrinth)","Records/Columbia",34,107,16,"5933595"
122,"spotify:track:0247StOpd3AkeBQzANX4Zf","Band Aid","Do They Know It's Christmas? - 1984 Version","EMI",18,-1,7,"5909362"
123,"spotify:track:0YammaEkYSeo9vQYZ1OwS6","David Guetta, Bebe Rexha, J Balvin","Say My Name","Parlophone (France)",68,128,11,"5890273"
124,"spotify:track:1h9P5WJwyvK8OB7O2YiXgp","Ozuna, Romeo Santos","Ibiza","VP Records Corp/Dimelo Vi",98,110,11,"5872025"
125,"spotify:track:6mQLN3zRtAp6ovjusyYKrV","James Arthur, Anne-Marie","Rewrite The Stars (with James Arthur & Anne-Marie)","Atlantic Records",125,-1,1,"5806219"
126,"spotify:track:7xapw9Oy21WpfEcib2ErSA","Justin Bieber","Mistletoe","RBMG/Def Jam",55,-1,7,"5781787"
127,"spotify:track:1zB4vmk8tFRmM9UULNzbLB","Imagine Dragons","Thunder","Kid Ina Korner / Interscope",8,112,83,"5746689"
128,"spotify:track:2xJCMIJfcNYDc5iR0sAm2O","Dua Lipa","New Rules","Warner Records",2,111,73,"5725979"
129,"spotify:track:1rfofaqEpACxVEHIZBJe6W","Camila Cabello, Young Thug","Havana (feat. Young Thug)","Syco Music/Epic",1,109,69,"5708903"
130,"spotify:track:75ZvA4QfFiZvzhj2xkaWAh","Post Malone","I Fall Apart","Universal Records",10,108,62,"5686078"
131,"spotify:track:0N8MGHEDAq29ip7RrlrTeN","The Chainsmokers","Beach House","Disruptor Records/Columbia",75,75,2,"5630627"
132,"spotify:track:6wWaVoUOzLQJHd3bWAUpdZ","Lil Baby, Gunna, Drake","Never Recover (Lil Baby & Gunna, Drake)","Quality Control Music/Young Stoner Life Records, a 300 Entertainment Label/Motown Records/Capitol Records",27,105,8,"5620723"
133,"spotify:track:08bNPGLD8AhKpnnERrAc6G","Marshmello, Anne-Marie","FRIENDS","Joytime Collective",4,119,42,"5524276"
134,"spotify:track:4hQ6UGyWQIGJmHSo0J88JW","Selena Gomez","Back To You - From 13 Reasons Why – Season 2 Soundtrack","UMGRI Interscope",4,120,29,"5484374"
135,"spotify:track:09IStsImFySgyp0pIQdqAc","Zedd, Maren Morris, Grey","The Middle","UMGRI Interscope",6,116,44,"5424472"
136,"spotify:track:5uCax9HTNlzGybIStD3vDh","James Arthur","Say You Won't Let Go","Columbia",7,131,101,"5345670"
137,"spotify:track:6tjituizSxwSmBB5vtgHZE","Michael Bublé","Holly Jolly Christmas","Reprise",75,-1,6,"5320549"
138,"spotify:track:1mXVgsBdtIVeCLJnSnmtdV","Sam Smith","Too Good At Goodbyes","PLG - Capitol",1,136,64,"5290982"
139,"spotify:track:59PYgzOiOjGDzjDT5N5oOX","Brytiago, Daddy Yankee, Ozuna, Anuel AA, Darell","Asesina - Remix","Business Music",124,124,4,"5256360"
140,"spotify:track:7nD2JPaxIKUdxd2UWgnaGL","Alex Rose, Rauw Alejandro, Lenny Tavárez, Cazzu, Lyanno","Toda - Remix","WK Records LLC",103,138,19,"5215801"
141,"spotify:track:2P91MQbaiQOfbiz9VqhqKQ","Lauv","I Like Me Better","Lauv",29,130,78,"5213045"
142,"spotify:track:4kWO6O1BUXcZmaxitpVUwp","Tiësto, Dzeko, Preme, Post Malone","Jackie Chan","Universal Music, a division of Universal International Music BV",11,126,28,"5183484"
143,"spotify:track:2ijef6ni2amuunRoKTlgww","Becky G, NATTI NATASHA","Sin Pijama","Sony Music Latin",22,114,31,"5124565"
144,"spotify:track:3GVkPk8mqxz0itaAriG1L7","XXXTENTACION","Everybody Dies In Their Nightmares","Bad Vibes Forever / EMPIRE",24,134,50,"5083889"
145,"spotify:track:2Grb4G6t9VIqo6moKUloom","Metro Boomin, 21 Savage","Don't Come Out The House (with 21 Savage)","Republic Records",54,118,4,"5027607"
146,"spotify:track:6JQvHMSaR8flFsN53ypOfP","Lil Mosey","Noticed","Mogul Vision/Interscope Records",41,123,13,"5020029"
147,"spotify:track:4AhSkRYioEIfGvCV19peYN","Khalid, Empress Of","Suncity (feat. Empress Of)","Right Hand Music Group, LLC/RCA Records",26,86,6,"5012203"
148,"spotify:track:1DcxnVNFAyVl2sDQ646pXS","KEVIN ROLDAN","PPP","UMLE - Latino",121,146,7,"5010164"
149,"spotify:track:2CTN6UuO2dNEVZXR0DJVk2","Rita Ora","Only Want You","Atlantic Records UK",149,-1,1,"4997446"
150,"spotify:track:7GX5flRQZVHRAGd6B4TmDO","Lil Uzi Vert","XO Tour Llif3","Generation Now/Atlantic",10,141,88,"4995027"
151,"spotify:track:3rPAD722s5FFNnwjC91t7Z","Anuel AA","Quiere Beber","2018 Real Hasta La Muerte, Inc.",45,125,15,"4983312"
152,"spotify:track:6vN77lE9LK6HP2DewaN6HZ","Lil Baby, Drake","Yes Indeed","Quality Control Music, LLC",12,132,29,"4978100"
153,"spotify:track:7inXu0Eaeg02VsM8kHNvzM","Frank Sinatra, B. Swanson Quartet","Let It Snow! Let It Snow! Let It Snow! (with The B. Swanson Quartet)","Columbia/Legacy",47,-1,7,"4962739"
154,"spotify:track:7ycWLEP1GsNjVvcjawXz3z","A$AP Rocky, Skepta","Praise The Lord (Da Shine) (feat. Skepta)","A$AP Worldwide/Polo Grounds Music/RCA Records",25,140,27,"4952132"
155,"spotify:track:7BKLCZ1jbUBVqRi2FVlTVw","The Chainsmokers, Halsey","Closer","Disruptor Records/Columbia",2,142,101,"4949207"
156,"spotify:track:0XySogm94T51XF5F2jumXm","Juice WRLD","All Girls Are The Same","Juice WRLD Mixtape / ISR P&D",48,139,29,"4947938"
157,"spotify:track:5kfNriitmkNE8mUbZ7gbq8","Khalid","Saturday Nights","Right Hand Music Group, LLC/RCA Records",66,-1,4,"4880826"
158,"spotify:track:2hnxrRNzF74mdDzpQZQukQ","Lauv, Julia Michaels","There's No Way (feat. Julia Michaels)","Lauv",78,137,9,"4855255"
159,"spotify:track:1fewSx2d5KIZ04wsooEBOz","Metro Boomin, Gunna","Space Cadet (feat. Gunna)","Republic Records",63,129,4,"4838320"
160,"spotify:track:04ZTP5KsCypmtCmQg5tH9R","Bebe Rexha","I'm a Mess","Warner Records",52,150,23,"4837758"
161,"spotify:track:3a1lNhkSLSkpJE4MSHpDu9","Post Malone, Quavo","Congratulations","Universal Records",20,152,97,"4753331"
162,"spotify:track:7Lbxvt42JsNSKVCaN63qhD","Paul McCartney","Wonderful Christmastime - Edited Version / Remastered 2011","Paul McCartney Catalog",56,-1,6,"4718529"
163,"spotify:track:75lcPkAkUsKWHGBlGM476R","Trippie Redd, Juice WRLD","1400 / 999 Freestyle (feat. Juice WRLD)","TenThousand Projects, LLC",79,135,3,"4712626"
164,"spotify:track:5Xn4IyTtW6FUGIUyWjbUHG","Jason Derulo, David Guetta, Nicki Minaj, Willy William","Goodbye (feat. Nicki Minaj & Willy William)","Beluga Heights/Warner Records",45,148,14,"4678582"
165,"spotify:track:29tc0GbW0pTSBZSCZF3NWk","Juice WRLD","Lean Wit Me","Juice WRLD Mixtape / ISR P&D",84,156,17,"4648536"
166,"spotify:track:4keoy2fqgwGnbWlm3ZVZFa","Zedd, Elley Duhé","Happy Now","UMGRI Interscope",27,143,19,"4646950"
167,"spotify:track:6fxVffaTuwjgEk5h9QyRjy","Ed Sheeran","Photograph","Atlantic Records UK",41,162,94,"4611530"
168,"spotify:track:5sbooPcNgIE22DwO0VNGUJ","K/DA, Madison Beer, i-dle, Jaira Burns, League of Legends","POP/STARS","Riot Games",65,106,4,"4602703"
169,"spotify:track:1Slwb6dOYkBlWal1PGtnNg","Ed Sheeran","Thinking out Loud","Atlantic Records UK",58,163,101,"4578514"
170,"spotify:track:6vsV4D8BM6PioRr1UOx0n2","Billie Eilish","you should see me in a crown","Darkroom/Interscope Records",63,167,9,"4578481"
171,"spotify:track:1uru26I2JKd2mQZt0MDCUe","James Arthur","Empty Space","Columbia Local",144,144,3,"4578121"
172,"spotify:track:4so0Wek9Ig1p6CRCHuINwW","Bing Crosby, Ken Darby Singers, John Scott Trotter & His Orchestra","White Christmas - 1947 Version","Geffen",38,-1,6,"4558901"
173,"spotify:track:2aPTvyE09vUCRwVvj0I8WK","A$AP Rocky","Sundress","A$AP Worldwide/Polo Grounds Music/RCA Records",173,-1,1,"4527255"
174,"spotify:track:7wBJfHzpfI3032CSD7CE2m","Travis Scott","STARGAZING","Cactus Jack / Epic",3,160,17,"4521748"
175,"spotify:track:4e4fqjx0Izh4svvTef1z7e","Bebe Rexha, Florida Georgia Line","Meant to Be (feat. Florida Georgia Line)","Warner Records",18,153,63,"4518584"
176,"spotify:track:6eYxmK9fdL4hwLnXG2zY3s","XXXTENTACION","Look At Me!","Bad Vibes Forever / EMPIRE",39,157,67,"4516108"
177,"spotify:track:4qKcDkK6siZ7Jp1Jb4m0aL","BlocBoy JB, Drake","Look Alive (feat. Drake)","Bloc Nation",6,158,42,"4514075"
178,"spotify:track:2SL6oP2YAEQbqsrkOzRGO4","Eminem","Venom - Music From The Motion Picture","Eminem Catalog PS",34,149,13,"4511822"
179,"spotify:track:45Egmo7icyopuzJN0oMEdk","Khalid, Normani","Love Lies","RCA Records Label",11,154,41,"4486276"
180,"spotify:track:6kp0inxIexxSiDJfWqq0ZL","6ix9ine, DJ SpinKing","TATI (feat. DJ Spinking)","ScumGang Records / TenThousand Projects, LLC",82,-1,10,"4448708"
181,"spotify:track:2wRkBumdItthjYP9XknImg","Marc Anthony, Will Smith, Bad Bunny","Está Rico","Sony Music Latin",150,166,7,"4443584"
182,"spotify:track:3CA9pLiwRIGtUBiMjbZmRw","Drake","Nice For What","Cash Money/Drake LP6",1,159,34,"4440559"
183,"spotify:track:4M3FO0ji6Lc8vwD1sgf1nc","Kygo, Imagine Dragons","Born To Be Yours","Kygo",25,164,24,"4436206"
184,"spotify:track:3zJw3rugfpVrmBeDDnUYzy","John Lennon, Yoko Ono","Happy Xmas (War Is Over) - Remastered 2010","EMI Catalogue",28,-1,6,"4396864"
185,"spotify:track:1Qi2wh8fFgDV7tl4Sj3f2K","Sam Smith","Have Yourself A Merry Little Christmas","PLG - Capitol",68,-1,6,"4391023"
186,"spotify:track:6gBFPUFcJLzWGx4lenP6h2","Travis Scott","goosebumps","Cactus Jack / Epic",60,169,98,"4385520"
187,"spotify:track:2RttW7RAu5nOAfq6YFvApB","Ed Sheeran","Happier","Atlantic Records UK",10,173,81,"4352204"
188,"spotify:track:6XBjCetHKdO5L9cwMDVffw","Anuel AA, Zion","Hipócrita","2018 Real Hasta La Muerte, Inc.",112,171,18,"4350500"
189,"spotify:track:7KXjTSCq5nL1LoYtL7XAwS","Kendrick Lamar","HUMBLE.","Aftermath",1,176,86,"4332870"
190,"spotify:track:5qqabIl2vWzo9ApSC317sa","Oasis","Wonderwall - Remastered","Big Brother",152,175,59,"4308775"
191,"spotify:track:1lCRw5FEZ1gPDNPzy1K4zW","Queen","We Are The Champions - Remastered 2011","EMI",168,168,3,"4299059"
192,"spotify:track:05mAIVLkIWc2d1UBYZBCp8","Charli xcx, Troye Sivan","1999","Atlantic Records UK",97,127,7,"4269429"
193,"spotify:track:5WvAo7DNuPRmk4APhdPzi8","DJ Khaled, Justin Bieber, Quavo, Chance the Rapper","No Brainer","Epic/We The Best",2,161,18,"4234120"
194,"spotify:track:7sO5G9EABYOXQKNPNiE9NR","Offset, Metro Boomin","Ric Flair Drip (with Metro Boomin)","Slaughter Gang, LLC/Epic/Quality Control Music/Motown/Capitol/Boominati Worldwide/Republic",32,185,56,"4217093"
195,"spotify:track:5qHirGR7M9tdm6C17DlzSY","Aminé","REEL IT IN","Republic Records",115,115,11,"4206948"
196,"spotify:track:2QZ7WLBE8h2y1Y5Fb8RYbH","Shawn Mendes","In My Blood","Island Records",7,177,36,"4205945"
197,"spotify:track:6RUKPb4LETWmmr3iAEQktW","The Chainsmokers, Coldplay","Something Just Like This","Disruptor Records/Columbia",2,183,92,"4166739"
198,"spotify:track:3nc420PXjTdBV5TN0gCFkS","Martin Garrix, Khalid","Ocean (feat. Khalid)","Epic Amsterdam",15,174,24,"4162585"
199,"spotify:track:4YJUTdZ0Pgl0ZeNyHYXeLd","Queen","Love Of My Life - Remastered 2011","EMI",199,-1,1,"4157704"
200,"spotify:track:0EwS8XJQspgrj1zSUXhFkl","6ix9ine, Kanye West","KANGA (feat. Kanye West)","ScumGang Records / TenThousand Projects, LLC",200,-1,1,"4134634"
